timestamp,open,high,low,close,volume
2026-07-12 18:10:00,7600.0,7602.25,7599.5,7600.75,0.0
2026-07-12 18:11:00,7600.5,7600.5,7597.75,7599.25,714.0
2026-07-12 18:12:00,7599.25,7599.25,7593.75,7595.25,970.0
2026-07-12 18:13:00,7595.0,7596.75,7594.0,7596.75,432.0
2026-07-12 18:14:00,7597.0,7597.5,7593.0,7593.25,548.0
2026-07-12 18:15:00,7593.5,7598.0,7593.25,7595.5,731.0
2026-07-12 18:16:00,7595.25,7595.5,7593.0,7595.25,315.0
2026-07-12 18:17:00,7595.5,7595.5,7592.75,7594.25,328.0
2026-07-12 18:18:00,7594.5,7595.5,7591.75,7593.25,634.0
2026-07-12 18:19:00,7592.75,7594.75,7592.75,7593.25,160.0
2026-07-12 18:20:00,7593.0,7596.0,7592.5,7595.5,262.0
2026-07-12 18:21:00,7595.75,7595.75,7594.5,7595.5,94.0
2026-07-12 18:22:00,7595.75,7596.75,7595.25,7596.25,154.0
2026-07-12 18:23:00,7596.0,7596.5,7594.5,7596.25,175.0
2026-07-12 18:24:00,7596.25,7596.25,7593.5,7595.25,469.0
2026-07-12 18:25:00,7595.25,7595.5,7593.75,7594.75,137.0
2026-07-12 18:26:00,7594.75,7595.75,7594.5,7595.0,81.0
2026-07-12 18:27:00,7594.75,7595.5,7594.75,7595.25,95.0
2026-07-12 18:28:00,7595.25,7595.75,7594.75,7595.5,104.0
2026-07-12 18:29:00,7595.5,7596.5,7595.5,7596.25,107.0
2026-07-12 18:30:00,7596.25,7599.0,7596.25,7599.0,404.0
2026-07-12 18:31:00,7598.75,7599.0,7598.0,7598.25,104.0
2026-07-12 18:32:00,7598.25,7599.5,7597.75,7599.0,149.0
2026-07-12 18:33:00,7598.5,7599.25,7598.25,7598.5,112.0
2026-07-12 18:34:00,7598.5,7598.75,7598.0,7598.5,85.0
2026-07-12 18:35:00,7598.5,7599.0,7598.25,7599.0,66.0
2026-07-12 18:36:00,7598.75,7599.75,7597.75,7598.25,125.0
2026-07-12 18:37:00,7598.25,7598.25,7595.75,7596.0,182.0
2026-07-12 18:38:00,7595.75,7597.0,7595.75,7597.0,67.0
2026-07-12 18:39:00,7597.25,7599.5,7596.5,7599.25,129.0
2026-07-12 18:40:00,7599.0,7599.25,7597.5,7598.25,95.0
2026-07-12 18:41:00,7598.5,7598.5,7598.0,7598.25,21.0
2026-07-12 18:42:00,7598.25,7599.25,7598.25,7598.75,32.0
2026-07-12 18:43:00,7599.25,7599.75,7598.75,7599.75,111.0
2026-07-12 18:44:00,7599.5,7600.5,7599.5,7599.5,250.0
2026-07-12 18:45:00,7599.5,7600.0,7599.0,7599.5,89.0
2026-07-12 18:46:00,7599.25,7599.25,7598.25,7599.0,52.0
2026-07-12 18:47:00,7599.0,7599.75,7599.0,7599.25,62.0
2026-07-12 18:48:00,7599.5,7599.5,7596.75,7597.25,114.0
2026-07-12 18:49:00,7597.5,7598.0,7597.5,7597.75,52.0
2026-07-12 18:50:00,7597.5,7599.0,7597.5,7598.75,69.0
2026-07-12 18:51:00,7598.75,7599.0,7598.5,7599.0,34.0
2026-07-12 18:52:00,7599.0,7601.0,7599.0,7600.25,167.0
2026-07-12 18:53:00,7600.0,7600.25,7599.75,7600.0,29.0
2026-07-12 18:54:00,7600.0,7600.75,7600.0,7600.0,64.0
2026-07-12 18:55:00,7599.75,7601.5,7599.75,7601.0,111.0
2026-07-12 18:56:00,7601.0,7601.5,7600.5,7601.0,89.0
2026-07-12 18:57:00,7601.25,7601.75,7601.0,7601.5,62.0
2026-07-12 18:58:00,7601.5,7602.0,7601.0,7601.25,76.0
2026-07-12 18:59:00,7601.25,7601.25,7600.75,7600.75,27.0
2026-07-12 19:00:00,7600.75,7601.0,7598.5,7598.75,192.0
2026-07-12 19:01:00,7598.75,7599.75,7598.5,7598.75,110.0
2026-07-12 19:02:00,7598.75,7599.75,7598.75,7599.75,51.0
2026-07-12 19:03:00,7599.5,7599.75,7599.25,7599.25,20.0
2026-07-12 19:04:00,7599.0,7599.25,7598.75,7599.25,33.0
2026-07-12 19:05:00,7599.25,7600.0,7599.25,7599.25,27.0
2026-07-12 19:06:00,7599.25,7601.0,7599.25,7600.0,70.0
2026-07-12 19:07:00,7600.0,7600.0,7599.25,7599.75,48.0
2026-07-12 19:08:00,7600.0,7600.25,7598.75,7599.25,45.0
2026-07-12 19:09:00,7599.0,7599.25,7598.5,7599.25,23.0
2026-07-12 19:10:00,7599.0,7599.5,7599.0,7599.0,44.0
2026-07-12 19:11:00,7599.25,7599.25,7599.0,7599.0,26.0
2026-07-12 19:12:00,7599.0,7599.25,7598.75,7599.25,20.0
2026-07-12 19:13:00,7599.0,7599.5,7599.0,7599.25,15.0
2026-07-12 19:14:00,7599.25,7599.25,7598.0,7598.75,107.0
2026-07-12 19:15:00,7598.75,7599.0,7596.75,7597.25,183.0
2026-07-12 19:16:00,7597.25,7598.75,7597.25,7598.25,102.0
2026-07-12 19:17:00,7598.25,7598.75,7598.0,7598.0,58.0
2026-07-12 19:18:00,7598.0,7598.25,7598.0,7598.25,35.0
2026-07-12 19:19:00,7598.25,7598.75,7597.75,7598.75,54.0
2026-07-12 19:20:00,7598.75,7599.0,7597.5,7598.0,83.0
2026-07-12 19:21:00,7597.75,7598.25,7597.25,7597.5,49.0
2026-07-12 19:22:00,7597.75,7598.0,7596.5,7596.5,67.0
2026-07-12 19:23:00,7596.5,7597.0,7596.25,7597.0,60.0
2026-07-12 19:24:00,7597.25,7597.25,7597.25,7597.25,13.0
2026-07-12 19:25:00,7597.25,7597.5,7597.0,7597.25,35.0
2026-07-12 19:26:00,7597.25,7597.25,7596.25,7597.0,95.0
2026-07-12 19:27:00,7597.0,7597.5,7597.0,7597.5,29.0
2026-07-12 19:28:00,7597.5,7598.25,7597.25,7598.25,42.0
2026-07-12 19:29:00,7598.0,7598.25,7597.75,7598.0,40.0
2026-07-12 19:30:00,7597.75,7598.25,7597.0,7598.0,73.0
2026-07-12 19:31:00,7598.25,7598.5,7597.0,7597.5,97.0
2026-07-12 19:32:00,7597.75,7597.75,7597.25,7597.5,28.0
2026-07-12 19:33:00,7597.25,7597.5,7596.75,7597.25,60.0
2026-07-12 19:34:00,7597.0,7597.75,7596.75,7597.5,20.0
2026-07-12 19:35:00,7597.25,7597.75,7596.75,7597.0,28.0
2026-07-12 19:36:00,7596.75,7597.0,7595.75,7596.75,137.0
2026-07-12 19:37:00,7596.75,7597.25,7596.75,7597.0,44.0
2026-07-12 19:38:00,7597.25,7597.25,7597.0,7597.0,29.0
2026-07-12 19:39:00,7597.5,7598.25,7597.5,7597.75,109.0
2026-07-12 19:40:00,7598.0,7598.5,7598.0,7598.0,91.0
2026-07-12 19:41:00,7598.25,7598.25,7597.75,7597.75,38.0
2026-07-12 19:42:00,7597.75,7598.25,7597.75,7598.0,26.0
2026-07-12 19:43:00,7598.0,7598.0,7596.75,7597.25,91.0
2026-07-12 19:44:00,7597.5,7597.75,7597.0,7597.25,70.0
2026-07-12 19:45:00,7597.25,7597.5,7596.25,7596.5,165.0
2026-07-12 19:46:00,7596.25,7596.5,7593.75,7594.75,437.0
2026-07-12 19:47:00,7594.25,7595.0,7593.0,7594.75,217.0
2026-07-12 19:48:00,7594.75,7594.75,7593.75,7594.25,81.0
2026-07-12 19:49:00,7594.5,7594.75,7594.25,7594.5,58.0
2026-07-12 19:50:00,7594.5,7597.0,7594.25,7596.5,179.0
2026-07-12 19:51:00,7596.75,7599.0,7596.25,7599.0,169.0
2026-07-12 19:52:00,7598.75,7599.5,7597.0,7597.5,267.0
2026-07-12 19:53:00,7597.25,7597.5,7596.25,7596.75,57.0
2026-07-12 19:54:00,7596.5,7597.0,7596.25,7596.75,54.0
2026-07-12 19:55:00,7597.0,7597.0,7595.5,7596.5,78.0
2026-07-12 19:56:00,7596.75,7597.75,7596.75,7597.75,60.0
2026-07-12 19:57:00,7598.0,7599.5,7598.0,7599.0,74.0
2026-07-12 19:58:00,7598.75,7599.25,7598.25,7598.25,39.0
2026-07-12 19:59:00,7598.25,7599.5,7597.75,7599.0,77.0
2026-07-12 20:00:00,7599.25,7601.5,7596.25,7597.25,603.0
2026-07-12 20:01:00,7597.25,7601.25,7597.25,7600.0,270.0
2026-07-12 20:02:00,7600.25,7604.75,7600.25,7604.5,853.0
2026-07-12 20:03:00,7604.5,7605.75,7602.25,7605.0,684.0
2026-07-12 20:04:00,7605.0,7608.0,7604.75,7605.75,424.0
2026-07-12 20:05:00,7605.5,7608.0,7604.25,7607.25,441.0
2026-07-12 20:06:00,7607.0,7609.5,7606.0,7609.25,522.0
2026-07-12 20:07:00,7609.0,7610.75,7607.5,7607.5,480.0
2026-07-12 20:08:00,7607.5,7608.75,7606.75,7607.5,193.0
2026-07-12 20:09:00,7607.75,7610.0,7607.75,7609.25,202.0
2026-07-12 20:10:00,7609.5,7615.25,7609.5,7613.5,854.0
2026-07-12 20:11:00,7613.25,7614.5,7613.0,7613.0,507.0
2026-07-12 20:12:00,7613.25,7614.0,7612.0,7612.25,402.0
2026-07-12 20:13:00,7612.25,7613.0,7611.0,7612.5,200.0
2026-07-12 20:14:00,7612.25,7613.0,7611.5,7613.0,111.0
2026-07-12 20:15:00,7612.75,7614.5,7610.75,7612.0,351.0
2026-07-12 20:16:00,7612.0,7612.25,7609.75,7610.75,294.0
2026-07-12 20:17:00,7610.5,7610.75,7607.5,7608.25,369.0
2026-07-12 20:18:00,7608.25,7609.75,7607.25,7607.75,300.0
2026-07-12 20:19:00,7608.0,7609.25,7607.0,7609.0,292.0
2026-07-12 20:20:00,7609.25,7611.75,7608.25,7611.25,255.0
2026-07-12 20:21:00,7611.75,7611.75,7609.25,7610.5,174.0
2026-07-12 20:22:00,7610.75,7611.0,7609.25,7610.75,129.0
2026-07-12 20:23:00,7610.75,7612.5,7610.25,7611.25,181.0
2026-07-12 20:24:00,7611.25,7611.5,7610.25,7611.0,161.0
2026-07-12 20:25:00,7610.5,7611.5,7610.0,7611.5,92.0
2026-07-12 20:26:00,7611.25,7611.5,7610.75,7611.0,77.0
2026-07-12 20:27:00,7611.0,7611.0,7609.5,7610.0,182.0
2026-07-12 20:28:00,7609.75,7610.0,7608.5,7608.75,239.0
2026-07-12 20:29:00,7608.75,7609.0,7607.5,7607.75,169.0
2026-07-12 20:30:00,7608.0,7608.25,7607.0,7607.5,163.0
2026-07-12 20:31:00,7607.5,7607.75,7605.0,7606.5,495.0
2026-07-12 20:32:00,7606.25,7606.75,7605.5,7606.0,171.0
2026-07-12 20:33:00,7606.0,7606.0,7603.75,7604.5,395.0
2026-07-12 20:34:00,7604.75,7605.0,7602.0,7602.25,384.0
2026-07-12 20:35:00,7602.25,7604.25,7602.25,7603.5,248.0
2026-07-12 20:36:00,7603.5,7604.0,7602.5,7602.5,245.0
2026-07-12 20:37:00,7602.5,7602.75,7601.0,7602.0,444.0
2026-07-12 20:38:00,7602.0,7602.5,7601.25,7602.25,288.0
2026-07-12 20:39:00,7602.0,7602.25,7600.5,7602.0,366.0
2026-07-12 20:40:00,7601.75,7603.0,7600.75,7601.0,408.0
2026-07-12 20:41:00,7601.0,7601.25,7596.5,7598.75,730.0
2026-07-12 20:42:00,7598.75,7600.75,7598.75,7600.25,551.0
2026-07-12 20:43:00,7600.25,7602.0,7599.75,7600.25,344.0
2026-07-12 20:44:00,7599.75,7600.75,7599.25,7600.75,180.0
2026-07-12 20:45:00,7600.75,7602.75,7600.0,7602.5,231.0
2026-07-12 20:46:00,7602.5,7602.75,7601.25,7602.0,159.0
2026-07-12 20:47:00,7602.0,7602.0,7600.25,7601.25,155.0
2026-07-12 20:48:00,7601.0,7603.0,7601.0,7603.0,134.0
2026-07-12 20:49:00,7603.0,7603.0,7598.75,7598.75,391.0
2026-07-12 20:50:00,7599.0,7599.25,7597.5,7599.0,410.0
2026-07-12 20:51:00,7599.0,7599.5,7597.5,7597.5,201.0
2026-07-12 20:52:00,7597.5,7598.25,7592.75,7593.75,1086.0
2026-07-12 20:53:00,7593.75,7596.5,7593.0,7596.0,537.0
2026-07-12 20:54:00,7595.75,7596.75,7595.25,7596.0,197.0
2026-07-12 20:55:00,7595.75,7596.5,7595.0,7596.5,208.0
2026-07-12 20:56:00,7596.75,7598.0,7595.75,7596.5,289.0
2026-07-12 20:57:00,7596.0,7596.25,7595.25,7596.0,203.0
2026-07-12 20:58:00,7596.25,7597.25,7595.75,7596.5,173.0
2026-07-12 20:59:00,7596.5,7597.5,7595.25,7597.0,218.0
2026-07-12 21:00:00,7597.0,7597.25,7593.25,7594.25,602.0
2026-07-12 21:01:00,7594.5,7596.5,7594.25,7594.75,293.0
2026-07-12 21:02:00,7595.0,7597.5,7594.75,7597.25,216.0
2026-07-12 21:03:00,7597.25,7598.0,7596.75,7597.0,196.0
2026-07-12 21:04:00,7596.75,7596.75,7592.5,7593.75,430.0
2026-07-12 21:05:00,7594.0,7595.0,7592.75,7594.25,199.0
2026-07-12 21:06:00,7594.25,7594.25,7592.75,7593.75,97.0
2026-07-12 21:07:00,7594.0,7594.75,7593.25,7594.5,135.0
2026-07-12 21:08:00,7594.5,7594.75,7592.5,7593.5,154.0
2026-07-12 21:09:00,7593.5,7594.75,7591.25,7591.25,317.0
2026-07-12 21:10:00,7591.25,7593.0,7590.5,7592.5,482.0
2026-07-12 21:11:00,7592.75,7594.25,7592.25,7593.0,257.0
2026-07-12 21:12:00,7592.75,7594.5,7592.0,7594.5,178.0
2026-07-12 21:13:00,7594.75,7595.0,7593.25,7594.0,171.0
2026-07-12 21:14:00,7594.25,7594.5,7593.25,7593.75,69.0
2026-07-12 21:15:00,7593.75,7599.0,7593.75,7598.5,527.0
2026-07-12 21:16:00,7598.25,7599.25,7597.0,7597.0,258.0
2026-07-12 21:17:00,7597.0,7597.25,7595.5,7596.25,166.0
2026-07-12 21:18:00,7596.5,7597.0,7595.25,7595.75,121.0
2026-07-12 21:19:00,7596.0,7597.25,7595.75,7596.75,78.0
2026-07-12 21:20:00,7596.75,7597.5,7596.0,7597.0,130.0
2026-07-12 21:21:00,7596.5,7597.0,7595.5,7596.0,129.0
2026-07-12 21:22:00,7595.75,7596.5,7595.25,7595.75,119.0
2026-07-12 21:23:00,7595.75,7595.75,7594.75,7594.75,101.0
2026-07-12 21:24:00,7594.75,7594.75,7592.5,7593.5,281.0
2026-07-12 21:25:00,7593.75,7594.25,7591.75,7593.5,416.0
2026-07-12 21:26:00,7593.5,7593.75,7592.5,7593.0,196.0
2026-07-12 21:27:00,7593.0,7594.25,7593.0,7593.75,118.0
2026-07-12 21:28:00,7593.75,7593.75,7592.75,7593.0,119.0
2026-07-12 21:29:00,7593.25,7595.0,7593.25,7594.75,215.0
2026-07-12 21:30:00,7594.5,7594.75,7592.75,7593.75,141.0
2026-07-12 21:31:00,7593.75,7595.25,7593.75,7594.5,219.0
2026-07-12 21:32:00,7594.25,7596.25,7593.0,7595.25,191.0
2026-07-12 21:33:00,7595.5,7596.0,7593.5,7593.75,191.0
2026-07-12 21:34:00,7593.75,7594.5,7593.25,7594.0,116.0
2026-07-12 21:35:00,7594.0,7595.0,7593.0,7594.75,152.0
2026-07-12 21:36:00,7595.0,7597.25,7594.5,7597.0,166.0
2026-07-12 21:37:00,7596.75,7597.5,7596.5,7597.0,177.0
2026-07-12 21:38:00,7597.0,7598.5,7597.0,7598.0,175.0
2026-07-12 21:39:00,7597.75,7599.0,7597.5,7598.5,177.0
2026-07-12 21:40:00,7598.5,7599.0,7596.5,7597.75,171.0
2026-07-12 21:41:00,7597.75,7598.25,7597.0,7597.75,94.0
2026-07-12 21:42:00,7597.75,7598.0,7595.25,7595.5,114.0
2026-07-12 21:43:00,7595.5,7596.75,7594.5,7594.75,109.0
2026-07-12 21:44:00,7594.5,7595.0,7593.25,7594.5,124.0
2026-07-12 21:45:00,7594.75,7594.75,7593.75,7594.5,84.0
2026-07-12 21:46:00,7594.25,7594.25,7592.5,7593.0,173.0
2026-07-12 21:47:00,7593.0,7594.0,7593.0,7593.5,109.0
2026-07-12 21:48:00,7593.25,7594.0,7591.75,7592.25,307.0
2026-07-12 21:49:00,7592.25,7594.25,7592.0,7592.0,171.0
2026-07-12 21:50:00,7591.75,7593.0,7591.25,7593.0,278.0
2026-07-12 21:51:00,7593.0,7593.0,7590.5,7591.0,340.0
2026-07-12 21:52:00,7591.0,7591.5,7590.5,7590.75,296.0
2026-07-12 21:53:00,7590.75,7591.0,7589.0,7590.75,506.0
2026-07-12 21:54:00,7590.5,7591.75,7590.0,7591.0,203.0
2026-07-12 21:55:00,7590.75,7591.5,7589.0,7589.25,167.0
2026-07-12 21:56:00,7589.0,7591.75,7588.75,7591.75,295.0
2026-07-12 21:57:00,7592.0,7592.5,7590.0,7590.5,269.0
2026-07-12 21:58:00,7590.75,7591.25,7590.25,7591.0,138.0
2026-07-12 21:59:00,7591.0,7593.0,7590.75,7592.25,173.0
2026-07-12 22:00:00,7592.25,7593.5,7588.5,7590.0,521.0
2026-07-12 22:01:00,7590.0,7590.5,7589.25,7589.75,101.0
2026-07-12 22:02:00,7589.75,7590.5,7587.5,7590.5,298.0
2026-07-12 22:03:00,7590.5,7591.25,7589.75,7590.0,143.0
2026-07-12 22:04:00,7590.0,7590.5,7588.75,7589.25,168.0
2026-07-12 22:05:00,7589.25,7591.75,7589.0,7590.25,178.0
2026-07-12 22:06:00,7590.0,7590.5,7589.25,7589.5,107.0
2026-07-12 22:07:00,7589.5,7590.25,7588.75,7589.75,192.0
2026-07-12 22:08:00,7589.5,7589.75,7588.5,7589.25,168.0
2026-07-12 22:09:00,7589.25,7590.75,7589.25,7589.75,171.0
2026-07-12 22:10:00,7590.0,7591.0,7589.5,7590.5,158.0
2026-07-12 22:11:00,7590.5,7590.75,7589.0,7589.0,242.0
2026-07-12 22:12:00,7589.0,7590.0,7588.75,7589.75,88.0
2026-07-12 22:13:00,7589.75,7590.5,7589.25,7590.0,149.0
2026-07-12 22:14:00,7590.0,7590.5,7589.0,7589.5,75.0
2026-07-12 22:15:00,7589.5,7590.75,7589.5,7590.75,75.0
2026-07-12 22:16:00,7590.75,7591.25,7589.5,7590.0,146.0
2026-07-12 22:17:00,7590.0,7590.5,7589.0,7589.0,106.0
2026-07-12 22:18:00,7589.0,7589.5,7588.5,7589.25,132.0
2026-07-12 22:19:00,7589.25,7591.5,7589.0,7591.0,147.0
2026-07-12 22:20:00,7591.25,7592.25,7590.75,7592.0,118.0
2026-07-12 22:21:00,7591.75,7593.25,7591.25,7593.0,229.0
2026-07-12 22:22:00,7593.25,7594.25,7592.75,7593.0,196.0
2026-07-12 22:23:00,7593.25,7593.75,7591.75,7592.5,103.0
2026-07-12 22:24:00,7592.25,7593.25,7592.0,7592.75,84.0
2026-07-12 22:25:00,7593.0,7594.25,7593.0,7593.5,120.0
2026-07-12 22:26:00,7593.25,7593.5,7592.5,7593.25,99.0
2026-07-12 22:27:00,7593.5,7593.75,7593.0,7593.0,65.0
2026-07-12 22:28:00,7593.0,7593.25,7592.25,7592.75,93.0
2026-07-12 22:29:00,7592.75,7594.0,7592.5,7592.75,164.0
2026-07-12 22:30:00,7592.75,7593.0,7591.5,7591.75,178.0
2026-07-12 22:31:00,7591.75,7592.5,7590.25,7590.5,129.0
2026-07-12 22:32:00,7590.25,7590.75,7589.25,7590.5,157.0
2026-07-12 22:33:00,7590.25,7591.25,7590.25,7591.25,83.0
2026-07-12 22:34:00,7591.0,7591.75,7590.5,7591.25,98.0
2026-07-12 22:35:00,7591.25,7592.0,7590.5,7590.75,104.0
2026-07-12 22:36:00,7590.75,7590.75,7589.5,7590.25,66.0
2026-07-12 22:37:00,7590.0,7590.25,7589.25,7589.5,38.0
2026-07-12 22:38:00,7589.5,7590.5,7589.25,7590.25,88.0
2026-07-12 22:39:00,7590.5,7591.0,7589.75,7590.0,56.0
2026-07-12 22:40:00,7590.0,7590.25,7589.25,7589.25,86.0
2026-07-12 22:41:00,7589.5,7590.0,7588.75,7589.5,106.0
2026-07-12 22:42:00,7589.5,7590.0,7588.5,7589.25,84.0
2026-07-12 22:43:00,7589.5,7590.0,7589.25,7589.25,74.0
2026-07-12 22:44:00,7589.25,7590.25,7589.0,7590.0,73.0
2026-07-12 22:45:00,7590.0,7590.25,7589.25,7589.75,98.0
2026-07-12 22:46:00,7589.75,7590.25,7589.0,7589.0,51.0
2026-07-12 22:47:00,7588.75,7589.25,7588.5,7588.75,47.0
2026-07-12 22:48:00,7589.0,7589.75,7588.75,7589.75,79.0
2026-07-12 22:49:00,7589.5,7590.25,7589.25,7590.0,83.0
2026-07-12 22:50:00,7590.0,7590.75,7590.0,7590.75,76.0
2026-07-12 22:51:00,7590.5,7590.5,7589.0,7589.25,125.0
2026-07-12 22:52:00,7589.0,7589.0,7588.0,7589.0,116.0
2026-07-12 22:53:00,7589.25,7589.75,7589.0,7589.5,83.0
2026-07-12 22:54:00,7589.5,7589.75,7588.25,7588.25,130.0
2026-07-12 22:55:00,7588.25,7589.0,7588.25,7588.5,102.0
2026-07-12 22:56:00,7588.5,7588.5,7587.75,7588.25,60.0
2026-07-12 22:57:00,7588.0,7588.0,7586.75,7587.5,202.0
2026-07-12 22:58:00,7587.5,7587.5,7586.75,7587.5,106.0
2026-07-12 22:59:00,7587.5,7587.5,7585.75,7586.25,244.0
2026-07-12 23:00:00,7586.25,7586.5,7585.75,7586.0,206.0
2026-07-12 23:01:00,7586.0,7586.25,7584.75,7585.75,451.0
2026-07-12 23:02:00,7585.75,7586.25,7585.0,7585.25,198.0
2026-07-12 23:03:00,7585.25,7585.5,7584.75,7585.0,206.0
2026-07-12 23:04:00,7585.0,7585.0,7584.25,7584.5,196.0
2026-07-12 23:05:00,7584.5,7585.0,7584.0,7584.75,184.0
2026-07-12 23:06:00,7584.75,7585.5,7584.5,7584.75,159.0
2026-07-12 23:07:00,7584.75,7584.75,7584.0,7584.75,153.0
2026-07-12 23:08:00,7584.75,7585.0,7584.0,7584.25,161.0
2026-07-12 23:09:00,7584.0,7584.25,7583.25,7584.25,227.0
2026-07-12 23:10:00,7584.0,7584.5,7583.5,7583.75,130.0
2026-07-12 23:11:00,7583.75,7584.5,7583.75,7584.5,107.0
2026-07-12 23:12:00,7584.5,7584.5,7583.5,7583.5,123.0
2026-07-12 23:13:00,7583.5,7584.25,7583.5,7584.25,150.0
2026-07-12 23:14:00,7584.5,7584.75,7584.25,7584.5,139.0
2026-07-12 23:15:00,7584.75,7584.75,7583.75,7584.0,155.0
2026-07-12 23:16:00,7583.75,7584.5,7583.5,7583.5,93.0
2026-07-12 23:17:00,7583.5,7584.0,7583.5,7583.75,91.0
2026-07-12 23:18:00,7583.75,7584.5,7583.25,7583.75,177.0
2026-07-12 23:19:00,7583.5,7584.5,7583.5,7584.5,112.0
2026-07-12 23:20:00,7584.5,7585.0,7584.0,7584.0,114.0
2026-07-12 23:21:00,7584.25,7584.25,7583.75,7583.75,83.0
2026-07-12 23:22:00,7583.75,7584.0,7583.5,7583.75,108.0
2026-07-12 23:23:00,7583.5,7584.5,7583.25,7583.75,188.0
2026-07-12 23:24:00,7583.75,7584.5,7583.5,7584.5,79.0
2026-07-12 23:25:00,7584.5,7585.0,7584.25,7584.5,63.0
2026-07-12 23:26:00,7584.75,7585.25,7584.75,7585.0,139.0
2026-07-12 23:27:00,7585.25,7585.5,7584.75,7585.5,62.0
2026-07-12 23:28:00,7585.5,7586.5,7585.25,7586.5,113.0
2026-07-12 23:29:00,7586.5,7586.75,7586.0,7586.0,92.0
2026-07-12 23:30:00,7586.0,7586.75,7584.75,7585.5,204.0
2026-07-12 23:31:00,7585.5,7585.75,7584.75,7584.75,114.0
2026-07-12 23:32:00,7584.5,7585.25,7584.5,7584.75,104.0
2026-07-12 23:33:00,7584.5,7584.75,7584.0,7584.25,135.0
2026-07-12 23:34:00,7584.25,7584.5,7584.25,7584.5,58.0
2026-07-12 23:35:00,7584.5,7584.5,7583.25,7583.25,81.0
2026-07-12 23:36:00,7583.25,7583.75,7583.25,7583.75,83.0
2026-07-12 23:37:00,7583.75,7584.5,7583.75,7584.5,91.0
2026-07-12 23:38:00,7584.5,7585.75,7584.25,7585.5,142.0
2026-07-12 23:39:00,7585.5,7585.75,7584.5,7585.5,135.0
2026-07-12 23:40:00,7585.25,7585.75,7585.0,7585.75,95.0
2026-07-12 23:41:00,7585.5,7586.75,7585.25,7586.25,124.0
2026-07-12 23:42:00,7586.25,7586.75,7585.75,7585.75,114.0
2026-07-12 23:43:00,7585.5,7586.0,7585.0,7585.0,75.0
2026-07-12 23:44:00,7585.0,7585.0,7583.75,7584.25,66.0
2026-07-12 23:45:00,7584.25,7585.0,7584.25,7584.75,110.0
2026-07-12 23:46:00,7584.5,7585.0,7584.5,7585.0,45.0
2026-07-12 23:47:00,7585.0,7585.25,7584.75,7585.0,57.0
2026-07-12 23:48:00,7585.0,7585.75,7584.5,7585.5,86.0
2026-07-12 23:49:00,7585.75,7586.0,7585.25,7585.75,99.0
2026-07-12 23:50:00,7586.0,7586.0,7585.5,7585.75,67.0
2026-07-12 23:51:00,7585.75,7585.75,7584.25,7584.25,63.0
2026-07-12 23:52:00,7584.5,7584.5,7583.5,7583.5,120.0
2026-07-12 23:53:00,7583.5,7584.0,7583.25,7584.0,68.0
2026-07-12 23:54:00,7584.0,7584.25,7583.75,7584.0,53.0
2026-07-12 23:55:00,7584.0,7584.5,7583.75,7583.75,83.0
2026-07-12 23:56:00,7583.5,7583.75,7583.25,7583.5,57.0
2026-07-12 23:57:00,7583.5,7583.75,7582.25,7582.75,177.0
2026-07-12 23:58:00,7583.0,7583.75,7583.0,7583.75,101.0
2026-07-13 00:00:00,7583.25,7583.25,7581.25,7582.25,355.0
2026-07-13 00:01:00,7582.25,7582.25,7581.25,7581.5,218.0
2026-07-13 00:02:00,7581.5,7581.5,7581.0,7581.5,197.0
2026-07-13 00:03:00,7581.5,7581.5,7580.25,7580.75,258.0
2026-07-13 00:04:00,7580.75,7581.75,7580.5,7581.0,122.0
2026-07-13 00:05:00,7581.0,7581.25,7579.5,7580.0,355.0
2026-07-13 00:06:00,7580.0,7581.0,7579.75,7580.0,195.0
2026-07-13 00:07:00,7580.0,7580.25,7579.5,7580.0,122.0
2026-07-13 00:08:00,7580.0,7580.5,7579.5,7579.75,143.0
2026-07-13 00:09:00,7580.0,7580.25,7580.0,7580.0,85.0
2026-07-13 00:10:00,7580.0,7580.25,7579.25,7579.5,184.0
2026-07-13 00:11:00,7579.5,7580.75,7579.5,7580.0,133.0
2026-07-13 00:12:00,7580.0,7580.5,7579.75,7580.25,131.0
2026-07-13 00:13:00,7580.5,7581.25,7579.75,7579.75,184.0
2026-07-13 00:14:00,7580.0,7580.25,7579.0,7580.25,201.0
2026-07-13 00:15:00,7580.25,7580.5,7579.5,7580.5,55.0
2026-07-13 00:16:00,7580.5,7581.0,7580.0,7580.25,107.0
2026-07-13 00:17:00,7580.0,7581.5,7580.0,7581.0,119.0
2026-07-13 00:18:00,7581.25,7581.75,7581.0,7581.5,113.0
2026-07-13 00:19:00,7581.5,7583.0,7581.5,7582.5,205.0
2026-07-13 00:20:00,7582.75,7583.25,7582.0,7582.25,150.0
2026-07-13 00:21:00,7582.25,7582.75,7581.25,7582.75,155.0
2026-07-13 00:22:00,7582.5,7583.0,7582.5,7583.0,77.0
2026-07-13 00:23:00,7583.0,7583.25,7581.5,7581.75,66.0
2026-07-13 00:24:00,7581.75,7582.0,7581.25,7581.5,69.0
2026-07-13 00:25:00,7581.5,7581.75,7580.75,7581.0,110.0
2026-07-13 00:26:00,7580.75,7580.75,7580.25,7580.25,59.0
2026-07-13 00:27:00,7580.25,7581.0,7580.0,7580.0,112.0
2026-07-13 00:28:00,7579.75,7580.75,7579.5,7580.5,83.0
2026-07-13 00:29:00,7580.5,7580.75,7580.25,7580.75,78.0
2026-07-13 00:30:00,7580.75,7581.5,7580.25,7581.5,145.0
2026-07-13 00:31:00,7581.5,7581.5,7579.75,7580.0,90.0
2026-07-13 00:32:00,7580.0,7580.5,7580.0,7580.25,42.0
2026-07-13 00:33:00,7580.25,7580.25,7579.75,7579.75,75.0
2026-07-13 00:34:00,7579.75,7580.5,7579.75,7579.75,99.0
2026-07-13 00:35:00,7579.5,7579.75,7579.0,7579.0,81.0
2026-07-13 00:36:00,7579.25,7579.25,7577.75,7578.0,240.0
2026-07-13 00:37:00,7578.25,7578.25,7577.75,7578.0,377.0
2026-07-13 00:38:00,7577.75,7578.5,7577.75,7578.5,170.0
2026-07-13 00:39:00,7578.5,7578.75,7578.0,7578.25,111.0
2026-07-13 00:40:00,7578.25,7578.5,7577.25,7577.25,189.0
2026-07-13 00:41:00,7577.25,7577.5,7577.0,7577.5,117.0
2026-07-13 00:42:00,7577.5,7577.5,7576.5,7577.0,196.0
2026-07-13 00:43:00,7576.75,7577.25,7576.75,7576.75,118.0
2026-07-13 00:44:00,7576.5,7576.75,7576.0,7576.75,268.0
2026-07-13 00:45:00,7576.75,7577.0,7576.5,7577.0,76.0
2026-07-13 00:46:00,7577.0,7577.25,7576.75,7577.0,69.0
2026-07-13 00:47:00,7577.25,7577.25,7576.75,7577.0,228.0
2026-07-13 00:48:00,7576.75,7576.75,7576.0,7576.5,106.0
2026-07-13 00:49:00,7576.5,7576.75,7576.25,7576.5,92.0
2026-07-13 00:50:00,7576.5,7576.5,7576.0,7576.0,150.0
2026-07-13 00:51:00,7575.75,7576.25,7575.5,7575.75,220.0
2026-07-13 00:52:00,7575.75,7576.5,7575.75,7576.25,77.0
2026-07-13 00:53:00,7576.5,7576.75,7576.0,7576.75,181.0
2026-07-13 00:54:00,7576.75,7577.0,7576.25,7576.75,65.0
2026-07-13 00:55:00,7576.75,7577.0,7576.5,7577.0,138.0
2026-07-13 00:56:00,7577.0,7577.5,7577.0,7577.25,106.0
2026-07-13 00:57:00,7577.5,7577.75,7577.25,7577.5,88.0
2026-07-13 00:58:00,7577.75,7577.75,7577.5,7577.75,67.0
2026-07-13 00:59:00,7578.0,7578.5,7577.0,7577.5,156.0
2026-07-13 01:00:00,7577.25,7577.25,7575.5,7575.75,331.0
2026-07-13 01:01:00,7575.75,7576.5,7575.25,7576.25,228.0
2026-07-13 01:02:00,7576.25,7578.0,7576.25,7576.75,501.0
2026-07-13 01:03:00,7576.75,7577.25,7575.75,7576.0,220.0
2026-07-13 01:04:00,7576.0,7576.5,7575.25,7576.0,347.0
2026-07-13 01:05:00,7576.0,7576.5,7575.5,7576.25,396.0
2026-07-13 01:06:00,7576.25,7576.75,7575.25,7576.75,268.0
2026-07-13 01:07:00,7576.75,7578.0,7576.5,7578.0,154.0
2026-07-13 01:08:00,7577.75,7580.25,7577.75,7579.5,496.0
2026-07-13 01:09:00,7579.5,7582.5,7579.5,7581.0,457.0
2026-07-13 01:10:00,7581.0,7582.75,7580.5,7582.5,406.0
2026-07-13 01:11:00,7582.5,7584.25,7582.25,7582.5,397.0
2026-07-13 01:12:00,7582.5,7583.75,7582.25,7583.5,136.0
2026-07-13 01:13:00,7583.5,7583.75,7582.75,7583.0,138.0
2026-07-13 01:14:00,7582.75,7583.5,7582.25,7583.5,130.0
2026-07-13 01:15:00,7583.75,7583.75,7581.25,7581.25,145.0
2026-07-13 01:16:00,7581.0,7581.5,7579.75,7580.0,173.0
2026-07-13 01:17:00,7580.0,7580.25,7579.25,7580.25,190.0
2026-07-13 01:18:00,7580.25,7581.0,7579.75,7580.0,125.0
2026-07-13 01:19:00,7580.0,7580.5,7579.25,7579.75,118.0
2026-07-13 01:20:00,7579.5,7580.0,7578.0,7578.0,187.0
2026-07-13 01:21:00,7578.0,7578.25,7577.25,7577.75,118.0
2026-07-13 01:22:00,7577.75,7577.75,7575.75,7576.0,191.0
2026-07-13 01:23:00,7576.0,7576.25,7572.5,7573.75,663.0
2026-07-13 01:24:00,7573.5,7573.75,7572.75,7573.0,388.0
2026-07-13 01:25:00,7572.75,7573.75,7572.25,7572.75,349.0
2026-07-13 01:26:00,7572.5,7573.0,7572.0,7572.0,270.0
2026-07-13 01:27:00,7572.25,7572.5,7571.25,7571.5,392.0
2026-07-13 01:28:00,7571.5,7572.5,7571.5,7572.0,271.0
2026-07-13 01:29:00,7572.25,7572.25,7570.75,7571.25,271.0
2026-07-13 01:30:00,7571.5,7571.5,7566.5,7569.0,995.0
2026-07-13 01:31:00,7569.0,7570.5,7568.5,7568.75,455.0
2026-07-13 01:32:00,7568.5,7570.75,7568.5,7570.75,180.0
2026-07-13 01:33:00,7570.5,7571.75,7570.0,7571.25,262.0
2026-07-13 01:34:00,7571.0,7575.5,7571.0,7575.5,295.0
2026-07-13 01:35:00,7575.25,7577.25,7575.0,7577.0,466.0
2026-07-13 01:36:00,7576.75,7577.5,7575.75,7576.25,325.0
2026-07-13 01:37:00,7576.25,7576.75,7575.25,7576.0,251.0
2026-07-13 01:38:00,7575.75,7577.0,7574.75,7575.5,252.0
2026-07-13 01:39:00,7575.5,7577.5,7575.5,7577.25,216.0
2026-07-13 01:40:00,7577.25,7578.75,7577.0,7578.25,230.0
2026-07-13 01:41:00,7578.5,7578.75,7577.25,7578.75,215.0
2026-07-13 01:42:00,7578.75,7578.75,7577.0,7577.0,156.0
2026-07-13 01:43:00,7577.0,7577.0,7574.75,7575.5,233.0
2026-07-13 01:44:00,7575.25,7576.25,7574.75,7575.25,89.0
2026-07-13 01:45:00,7575.5,7575.75,7574.0,7575.25,158.0
2026-07-13 01:46:00,7575.25,7575.25,7573.5,7573.5,123.0
2026-07-13 01:47:00,7573.5,7573.5,7572.5,7572.75,118.0
2026-07-13 01:48:00,7572.5,7572.75,7571.25,7571.5,131.0
2026-07-13 01:49:00,7571.75,7573.75,7571.25,7573.5,156.0
2026-07-13 01:50:00,7574.0,7576.5,7574.0,7576.5,218.0
2026-07-13 01:51:00,7576.5,7578.0,7575.75,7576.0,234.0
2026-07-13 01:52:00,7576.0,7576.75,7576.0,7576.5,158.0
2026-07-13 01:53:00,7576.25,7577.25,7575.5,7575.5,185.0
2026-07-13 01:54:00,7575.5,7575.5,7574.25,7574.25,156.0
2026-07-13 01:55:00,7574.25,7575.25,7573.75,7574.75,159.0
2026-07-13 01:56:00,7574.75,7575.25,7574.5,7575.25,108.0
2026-07-13 01:57:00,7575.25,7576.25,7574.75,7575.0,183.0
2026-07-13 01:58:00,7575.0,7576.0,7575.0,7575.25,97.0
2026-07-13 01:59:00,7575.0,7578.5,7574.75,7578.5,253.0
2026-07-13 02:00:00,7578.25,7580.25,7578.0,7579.75,339.0
2026-07-13 02:01:00,7579.75,7581.0,7579.25,7580.5,387.0
2026-07-13 02:02:00,7580.25,7580.5,7579.5,7580.25,188.0
2026-07-13 02:03:00,7580.25,7580.25,7578.25,7578.25,142.0
2026-07-13 02:04:00,7578.25,7580.0,7577.5,7580.0,213.0
2026-07-13 02:05:00,7580.0,7580.75,7578.5,7578.75,205.0
2026-07-13 02:06:00,7578.75,7579.0,7577.25,7577.25,117.0
2026-07-13 02:07:00,7577.5,7579.0,7577.25,7578.0,152.0
2026-07-13 02:08:00,7578.25,7578.5,7577.5,7578.0,125.0
2026-07-13 02:09:00,7578.25,7578.5,7577.25,7577.25,83.0
2026-07-13 02:10:00,7577.0,7577.75,7576.5,7576.75,180.0
2026-07-13 02:11:00,7576.75,7577.0,7575.75,7575.75,282.0
2026-07-13 02:12:00,7575.75,7576.25,7574.25,7574.75,319.0
2026-07-13 02:13:00,7575.0,7575.5,7574.5,7574.75,197.0
2026-07-13 02:14:00,7574.75,7575.0,7574.0,7575.0,245.0
2026-07-13 02:15:00,7575.25,7576.75,7575.0,7575.5,302.0
2026-07-13 02:16:00,7575.5,7576.0,7575.0,7575.75,198.0
2026-07-13 02:17:00,7575.75,7577.25,7575.75,7577.0,532.0
2026-07-13 02:18:00,7576.75,7578.0,7576.75,7577.5,229.0
2026-07-13 02:19:00,7577.5,7578.75,7577.5,7578.75,187.0
2026-07-13 02:20:00,7578.75,7580.25,7578.25,7580.0,220.0
2026-07-13 02:21:00,7580.25,7580.25,7579.0,7579.25,131.0
2026-07-13 02:22:00,7579.5,7579.75,7578.5,7579.0,136.0
2026-07-13 02:23:00,7579.0,7580.5,7579.0,7580.5,130.0
2026-07-13 02:24:00,7580.25,7582.0,7580.25,7581.25,227.0
2026-07-13 02:25:00,7581.25,7583.25,7581.0,7583.25,182.0
2026-07-13 02:26:00,7583.0,7583.25,7582.5,7583.0,108.0
2026-07-13 02:27:00,7583.0,7583.5,7581.25,7581.5,211.0
2026-07-13 02:28:00,7581.75,7582.25,7581.25,7582.25,102.0
2026-07-13 02:29:00,7582.25,7583.5,7582.0,7583.5,190.0
2026-07-13 02:30:00,7583.5,7584.75,7583.25,7583.25,334.0
2026-07-13 02:31:00,7583.25,7583.25,7582.25,7583.25,111.0
2026-07-13 02:32:00,7583.25,7584.0,7581.25,7581.75,206.0
2026-07-13 02:33:00,7581.75,7582.75,7581.5,7582.5,139.0
2026-07-13 02:34:00,7582.25,7582.5,7580.5,7580.75,195.0
2026-07-13 02:35:00,7580.5,7581.25,7579.75,7579.75,459.0
2026-07-13 02:36:00,7579.75,7580.5,7579.75,7579.75,146.0
2026-07-13 02:37:00,7579.75,7580.0,7579.25,7579.25,128.0
2026-07-13 02:38:00,7579.25,7580.0,7579.0,7579.0,128.0
2026-07-13 02:39:00,7579.25,7579.5,7578.75,7579.5,102.0
2026-07-13 02:40:00,7579.25,7579.75,7579.25,7579.75,74.0
2026-07-13 02:41:00,7579.75,7580.0,7579.0,7579.5,121.0
2026-07-13 02:42:00,7579.75,7582.0,7579.25,7581.75,141.0
2026-07-13 02:43:00,7582.0,7582.5,7582.0,7582.25,95.0
2026-07-13 02:44:00,7582.25,7583.0,7582.25,7582.5,279.0
2026-07-13 02:45:00,7582.75,7582.75,7581.0,7581.0,183.0
2026-07-13 02:46:00,7581.0,7582.5,7581.0,7582.25,227.0
2026-07-13 02:47:00,7582.5,7584.25,7582.5,7584.0,254.0
2026-07-13 02:48:00,7584.25,7584.75,7583.25,7584.5,198.0
2026-07-13 02:49:00,7584.25,7584.5,7583.5,7583.75,156.0
2026-07-13 02:50:00,7584.0,7584.0,7583.25,7583.75,125.0
2026-07-13 02:51:00,7583.75,7584.5,7583.25,7584.5,60.0
2026-07-13 02:52:00,7584.25,7584.25,7583.5,7583.75,75.0
2026-07-13 02:53:00,7583.75,7583.75,7581.75,7581.75,131.0
2026-07-13 02:54:00,7582.0,7582.75,7581.5,7582.25,142.0
2026-07-13 02:55:00,7582.25,7583.0,7582.0,7582.75,102.0
2026-07-13 02:56:00,7582.75,7583.25,7581.75,7582.0,166.0
2026-07-13 02:57:00,7582.25,7582.5,7581.75,7581.75,76.0
2026-07-13 02:58:00,7582.0,7582.0,7581.75,7582.0,49.0
2026-07-13 02:59:00,7581.75,7584.5,7581.75,7584.0,238.0
2026-07-13 03:00:00,7584.25,7586.5,7582.5,7583.0,894.0
2026-07-13 03:01:00,7582.75,7583.25,7581.5,7583.0,330.0
2026-07-13 03:02:00,7583.0,7585.0,7582.25,7584.25,364.0
2026-07-13 03:03:00,7584.25,7587.25,7584.25,7587.0,341.0
2026-07-13 03:04:00,7586.75,7588.25,7586.75,7586.75,406.0
2026-07-13 03:05:00,7587.0,7587.75,7586.5,7587.75,238.0
2026-07-13 03:06:00,7587.5,7587.75,7586.25,7586.25,156.0
2026-07-13 03:07:00,7586.25,7586.75,7586.0,7586.25,155.0
2026-07-13 03:08:00,7586.25,7587.75,7586.25,7587.5,147.0
2026-07-13 03:09:00,7587.5,7588.75,7587.25,7588.75,279.0
2026-07-13 03:10:00,7588.5,7590.25,7588.25,7590.25,563.0
2026-07-13 03:11:00,7590.0,7590.5,7589.25,7589.75,164.0
2026-07-13 03:12:00,7589.75,7590.25,7589.25,7589.75,137.0
2026-07-13 03:13:00,7590.0,7590.5,7589.25,7589.75,149.0
2026-07-13 03:14:00,7589.75,7591.25,7589.5,7590.5,285.0
2026-07-13 03:15:00,7590.75,7591.25,7589.5,7589.5,309.0
2026-07-13 03:16:00,7589.25,7590.0,7587.5,7588.0,405.0
2026-07-13 03:17:00,7587.75,7587.75,7585.75,7586.5,536.0
2026-07-13 03:18:00,7586.5,7586.75,7585.5,7586.5,285.0
2026-07-13 03:19:00,7586.75,7587.0,7585.75,7585.75,215.0
2026-07-13 03:20:00,7586.0,7586.5,7585.5,7586.5,303.0
2026-07-13 03:21:00,7586.5,7587.25,7586.25,7587.25,133.0
2026-07-13 03:22:00,7587.0,7588.0,7586.5,7588.0,163.0
2026-07-13 03:23:00,7588.0,7588.75,7587.75,7588.75,101.0
2026-07-13 03:24:00,7588.75,7589.5,7588.75,7589.0,233.0
2026-07-13 03:25:00,7589.0,7589.0,7587.0,7587.5,133.0
2026-07-13 03:26:00,7587.75,7588.0,7586.5,7586.75,237.0
2026-07-13 03:27:00,7586.75,7587.25,7586.75,7587.0,101.0
2026-07-13 03:28:00,7587.0,7588.0,7587.0,7587.5,167.0
2026-07-13 03:29:00,7587.25,7587.75,7586.0,7586.75,170.0
2026-07-13 03:30:00,7586.5,7586.5,7584.25,7584.25,336.0
2026-07-13 03:31:00,7584.0,7584.75,7583.25,7584.0,241.0
2026-07-13 03:32:00,7584.0,7584.25,7583.25,7583.5,193.0
2026-07-13 03:33:00,7583.75,7584.5,7582.0,7582.5,347.0
2026-07-13 03:34:00,7582.5,7584.0,7582.25,7583.75,281.0
2026-07-13 03:35:00,7584.0,7585.25,7583.75,7584.25,217.0
2026-07-13 03:36:00,7584.75,7586.0,7584.5,7585.75,149.0
2026-07-13 03:37:00,7585.5,7587.25,7585.25,7587.25,214.0
2026-07-13 03:38:00,7587.25,7587.5,7586.0,7587.0,67.0
2026-07-13 03:39:00,7587.25,7587.75,7586.5,7587.0,114.0
2026-07-13 03:40:00,7587.25,7588.75,7587.25,7588.25,188.0
2026-07-13 03:41:00,7588.5,7588.75,7587.75,7587.75,140.0
2026-07-13 03:42:00,7587.75,7587.75,7586.5,7586.75,76.0
2026-07-13 03:43:00,7586.75,7587.25,7586.5,7586.5,72.0
2026-07-13 03:44:00,7586.75,7587.25,7586.25,7587.25,80.0
2026-07-13 03:45:00,7587.25,7587.5,7586.0,7587.0,83.0
2026-07-13 03:46:00,7587.0,7587.0,7585.75,7586.5,118.0
2026-07-13 03:47:00,7586.5,7587.25,7586.5,7586.75,84.0
2026-07-13 03:48:00,7586.5,7586.5,7585.0,7585.5,151.0
2026-07-13 03:49:00,7585.25,7585.75,7585.0,7585.75,134.0
2026-07-13 03:50:00,7585.75,7585.75,7584.5,7585.5,132.0
2026-07-13 03:51:00,7585.5,7586.5,7585.25,7586.5,109.0
2026-07-13 03:52:00,7586.75,7587.5,7586.5,7586.75,168.0
2026-07-13 03:53:00,7586.75,7587.25,7586.5,7587.0,61.0
2026-07-13 03:54:00,7587.25,7588.25,7587.25,7588.25,58.0
2026-07-13 03:55:00,7588.25,7589.25,7587.75,7588.0,143.0
2026-07-13 03:56:00,7587.75,7588.25,7586.25,7587.0,272.0
2026-07-13 03:57:00,7587.0,7587.75,7586.5,7587.5,160.0
2026-07-13 03:58:00,7587.5,7588.0,7587.25,7587.25,143.0
2026-07-13 03:59:00,7587.5,7587.75,7586.5,7587.75,227.0
2026-07-13 04:00:00,7587.75,7590.0,7586.75,7589.5,612.0
2026-07-13 04:01:00,7589.25,7590.75,7589.25,7590.0,254.0
2026-07-13 04:02:00,7590.25,7591.25,7589.75,7590.75,284.0
2026-07-13 04:03:00,7590.5,7591.0,7589.25,7591.0,188.0
2026-07-13 04:04:00,7590.75,7591.0,7590.25,7590.25,207.0
2026-07-13 04:05:00,7590.0,7592.5,7588.5,7591.5,849.0
2026-07-13 04:06:00,7591.5,7593.5,7591.0,7593.25,750.0
2026-07-13 04:07:00,7593.0,7594.0,7592.5,7592.5,305.0
2026-07-13 04:08:00,7592.5,7593.5,7591.75,7592.0,268.0
2026-07-13 04:09:00,7592.25,7593.75,7591.5,7593.0,232.0
2026-07-13 04:10:00,7593.0,7593.25,7592.25,7592.75,158.0
2026-07-13 04:11:00,7592.75,7595.0,7592.25,7594.0,454.0
2026-07-13 04:12:00,7594.0,7595.0,7593.75,7594.75,227.0
2026-07-13 04:13:00,7594.5,7595.0,7593.0,7593.0,314.0
2026-07-13 04:14:00,7593.25,7596.25,7593.25,7595.75,575.0
2026-07-13 04:15:00,7596.0,7596.75,7596.0,7596.5,175.0
2026-07-13 04:16:00,7596.5,7597.0,7596.25,7597.0,202.0
2026-07-13 04:17:00,7597.25,7598.25,7597.25,7597.75,327.0
2026-07-13 04:18:00,7597.5,7598.5,7597.5,7598.5,192.0
2026-07-13 04:19:00,7598.25,7598.5,7596.5,7596.5,254.0
2026-07-13 04:20:00,7596.5,7597.25,7595.5,7596.0,252.0
2026-07-13 04:21:00,7596.0,7597.75,7596.0,7597.25,203.0
2026-07-13 04:22:00,7597.0,7597.0,7596.0,7596.5,136.0
2026-07-13 04:23:00,7596.5,7597.5,7596.5,7597.0,162.0
2026-07-13 04:24:00,7597.0,7597.25,7595.5,7595.75,436.0
2026-07-13 04:25:00,7595.5,7597.0,7595.25,7596.75,375.0
2026-07-13 04:26:00,7596.75,7597.0,7596.25,7596.25,145.0
2026-07-13 04:27:00,7596.25,7597.5,7596.25,7597.0,128.0
2026-07-13 04:28:00,7597.0,7597.25,7596.0,7596.5,171.0
2026-07-13 04:29:00,7596.5,7597.5,7595.0,7595.75,217.0
2026-07-13 04:30:00,7595.75,7596.25,7595.75,7596.25,74.0
2026-07-13 04:31:00,7596.25,7596.75,7596.0,7596.5,51.0
2026-07-13 04:32:00,7596.5,7597.25,7596.0,7597.0,108.0
2026-07-13 04:33:00,7597.25,7597.25,7595.75,7596.0,72.0
2026-07-13 04:34:00,7595.75,7595.75,7594.75,7594.75,152.0
2026-07-13 04:35:00,7594.5,7595.75,7594.25,7595.25,179.0
2026-07-13 04:36:00,7595.25,7595.25,7594.75,7595.0,105.0
2026-07-13 04:37:00,7595.0,7595.0,7593.75,7594.25,72.0
2026-07-13 04:38:00,7594.0,7594.25,7593.25,7593.75,120.0
2026-07-13 04:39:00,7593.75,7595.0,7593.75,7595.0,137.0
2026-07-13 04:40:00,7594.75,7595.75,7594.25,7595.5,135.0
2026-07-13 04:41:00,7595.25,7596.0,7594.75,7595.75,76.0
2026-07-13 04:42:00,7595.5,7595.5,7594.75,7595.5,104.0
2026-07-13 04:43:00,7595.25,7596.5,7595.25,7596.0,76.0
2026-07-13 04:44:00,7596.0,7596.75,7596.0,7596.5,257.0
2026-07-13 04:45:00,7596.25,7596.5,7596.0,7596.5,121.0
2026-07-13 04:46:00,7596.75,7596.75,7596.0,7596.0,72.0
2026-07-13 04:47:00,7596.0,7596.75,7595.75,7595.75,125.0
2026-07-13 04:48:00,7595.75,7596.75,7595.5,7596.75,93.0
2026-07-13 04:49:00,7597.0,7597.75,7596.75,7597.75,402.0
2026-07-13 04:50:00,7597.75,7597.75,7597.25,7597.5,158.0
2026-07-13 04:51:00,7597.5,7599.0,7597.5,7598.5,313.0
2026-07-13 04:52:00,7598.5,7599.0,7598.0,7599.0,426.0
2026-07-13 04:53:00,7599.0,7599.5,7598.5,7599.0,229.0
2026-07-13 04:54:00,7599.0,7599.0,7598.0,7598.25,149.0
2026-07-13 04:55:00,7598.5,7598.5,7597.75,7597.75,98.0
2026-07-13 04:56:00,7597.75,7598.75,7597.5,7598.75,167.0
2026-07-13 04:57:00,7598.75,7599.0,7597.75,7597.75,147.0
2026-07-13 04:58:00,7597.75,7597.75,7597.0,7597.25,97.0
2026-07-13 04:59:00,7597.0,7598.5,7597.0,7598.5,136.0
2026-07-13 05:00:00,7598.5,7598.75,7597.25,7597.75,195.0
2026-07-13 05:01:00,7597.75,7598.0,7597.5,7597.75,190.0
2026-07-13 05:02:00,7598.0,7598.0,7596.75,7597.25,117.0
2026-07-13 05:03:00,7597.25,7597.25,7595.5,7595.5,154.0
2026-07-13 05:04:00,7595.5,7596.5,7595.5,7595.75,150.0
2026-07-13 05:05:00,7595.75,7596.25,7595.5,7595.75,181.0
2026-07-13 05:06:00,7595.5,7595.75,7595.25,7595.25,98.0
2026-07-13 05:07:00,7595.5,7596.0,7595.25,7596.0,83.0
2026-07-13 05:08:00,7596.0,7596.75,7596.0,7596.5,75.0
2026-07-13 05:09:00,7596.5,7597.0,7596.25,7597.0,82.0
2026-07-13 05:10:00,7596.75,7596.75,7594.75,7595.75,365.0
2026-07-13 05:11:00,7595.5,7596.0,7595.25,7596.0,127.0
2026-07-13 05:12:00,7596.25,7596.25,7595.5,7595.5,145.0
2026-07-13 05:13:00,7595.5,7595.75,7595.25,7595.5,71.0
2026-07-13 05:14:00,7595.75,7597.0,7595.75,7597.0,137.0
2026-07-13 05:15:00,7596.75,7597.25,7596.5,7597.0,129.0
2026-07-13 05:16:00,7597.25,7598.75,7597.0,7598.5,283.0
2026-07-13 05:17:00,7598.75,7600.0,7598.5,7599.5,165.0
2026-07-13 05:18:00,7599.5,7600.75,7599.5,7600.5,305.0
2026-07-13 05:19:00,7600.25,7600.75,7599.75,7599.75,181.0
2026-07-13 05:20:00,7600.0,7600.25,7599.75,7599.75,52.0
2026-07-13 05:21:00,7599.5,7600.0,7599.5,7599.75,123.0
2026-07-13 05:22:00,7599.75,7600.25,7599.5,7600.25,76.0
2026-07-13 05:23:00,7600.25,7601.5,7600.0,7601.5,236.0
2026-07-13 05:24:00,7601.25,7602.0,7601.0,7601.0,130.0
2026-07-13 05:25:00,7601.0,7602.75,7601.0,7602.5,381.0
2026-07-13 05:26:00,7602.5,7603.0,7601.75,7602.0,220.0
2026-07-13 05:27:00,7602.0,7602.75,7602.0,7602.75,56.0
2026-07-13 05:28:00,7602.5,7602.75,7602.5,7602.75,60.0
2026-07-13 05:29:00,7602.75,7603.0,7602.5,7602.5,118.0
2026-07-13 05:30:00,7602.5,7603.25,7602.25,7603.25,198.0
2026-07-13 05:31:00,7603.25,7603.5,7601.0,7601.25,262.0
2026-07-13 05:32:00,7601.25,7602.0,7601.0,7602.0,131.0
2026-07-13 05:33:00,7602.0,7603.0,7602.0,7602.75,104.0
2026-07-13 05:34:00,7602.5,7602.5,7601.75,7602.25,147.0
2026-07-13 05:35:00,7602.0,7602.75,7602.0,7602.75,68.0
2026-07-13 05:36:00,7602.75,7603.25,7602.5,7603.0,109.0
2026-07-13 05:37:00,7603.0,7603.75,7603.0,7603.75,110.0
2026-07-13 05:38:00,7603.75,7603.75,7602.75,7602.75,113.0
2026-07-13 05:39:00,7602.5,7603.25,7602.0,7603.0,134.0
2026-07-13 05:40:00,7603.0,7603.0,7602.5,7602.75,59.0
2026-07-13 05:41:00,7602.75,7603.0,7602.5,7603.0,90.0
2026-07-13 05:42:00,7603.0,7603.0,7601.75,7601.75,91.0
2026-07-13 05:43:00,7601.75,7602.75,7601.75,7602.5,73.0
2026-07-13 05:44:00,7602.25,7603.25,7602.25,7602.75,112.0
2026-07-13 05:45:00,7602.75,7602.75,7602.0,7602.5,79.0
2026-07-13 05:46:00,7602.5,7602.5,7601.5,7601.75,94.0
2026-07-13 05:47:00,7601.75,7602.0,7601.5,7601.5,52.0
2026-07-13 05:48:00,7601.5,7601.75,7601.0,7601.5,91.0
2026-07-13 05:49:00,7601.75,7602.0,7601.25,7601.75,93.0
2026-07-13 05:50:00,7601.5,7601.75,7600.0,7600.5,393.0
2026-07-13 05:51:00,7600.5,7600.75,7600.0,7600.5,87.0
2026-07-13 05:52:00,7600.5,7600.5,7600.25,7600.25,92.0
2026-07-13 05:53:00,7600.5,7601.25,7600.25,7601.25,160.0
2026-07-13 05:54:00,7601.5,7601.75,7601.0,7601.25,100.0
2026-07-13 05:55:00,7601.0,7601.75,7601.0,7601.75,112.0
2026-07-13 05:56:00,7601.75,7601.75,7600.75,7601.0,133.0
2026-07-13 05:57:00,7601.0,7601.5,7600.75,7601.25,118.0
2026-07-13 05:58:00,7601.25,7601.5,7601.0,7601.25,49.0
2026-07-13 05:59:00,7601.0,7602.0,7600.75,7601.5,221.0
2026-07-13 06:00:00,7601.75,7601.75,7601.25,7601.25,143.0
2026-07-13 06:01:00,7601.25,7602.5,7600.75,7600.75,213.0
2026-07-13 06:02:00,7600.5,7600.75,7600.0,7600.0,191.0
2026-07-13 06:03:00,7599.75,7599.75,7599.0,7599.5,211.0
2026-07-13 06:04:00,7599.5,7600.75,7599.25,7600.75,132.0
2026-07-13 06:05:00,7600.75,7601.0,7599.0,7600.25,1214.0
2026-07-13 06:06:00,7600.25,7600.25,7599.75,7599.75,121.0
2026-07-13 06:07:00,7599.75,7600.0,7598.5,7598.5,159.0
2026-07-13 06:08:00,7598.75,7599.5,7598.5,7599.5,94.0
2026-07-13 06:09:00,7599.5,7600.5,7599.0,7599.0,101.0
2026-07-13 06:10:00,7599.0,7599.25,7598.5,7598.5,121.0
2026-07-13 06:11:00,7598.5,7599.0,7598.5,7598.75,106.0
2026-07-13 06:12:00,7598.75,7598.75,7598.25,7598.25,113.0
2026-07-13 06:13:00,7598.0,7598.5,7598.0,7598.5,90.0
2026-07-13 06:14:00,7598.5,7599.25,7598.25,7599.0,107.0
2026-07-13 06:15:00,7599.0,7599.75,7598.75,7599.5,257.0
2026-07-13 06:16:00,7599.5,7600.25,7599.5,7600.0,140.0
2026-07-13 06:17:00,7600.0,7601.0,7600.0,7601.0,115.0
2026-07-13 06:18:00,7601.0,7601.5,7600.5,7600.5,136.0
2026-07-13 06:19:00,7600.5,7601.25,7600.5,7601.0,100.0
2026-07-13 06:20:00,7601.0,7601.25,7600.75,7601.0,62.0
2026-07-13 06:21:00,7601.0,7601.0,7600.25,7600.5,89.0
2026-07-13 06:22:00,7600.75,7600.75,7600.0,7600.0,85.0
2026-07-13 06:23:00,7600.0,7600.5,7600.0,7600.25,74.0
2026-07-13 06:24:00,7600.25,7600.25,7599.0,7599.0,67.0
2026-07-13 06:25:00,7599.0,7599.0,7598.75,7599.0,66.0
2026-07-13 06:26:00,7598.75,7599.0,7597.75,7598.0,174.0
2026-07-13 06:27:00,7597.75,7598.25,7597.25,7598.25,223.0
2026-07-13 06:28:00,7598.0,7598.25,7597.5,7598.0,151.0
2026-07-13 06:29:00,7598.0,7598.25,7597.75,7598.0,71.0
2026-07-13 06:30:00,7598.0,7598.5,7597.5,7598.0,187.0
2026-07-13 06:31:00,7597.75,7598.0,7597.25,7597.5,220.0
2026-07-13 06:32:00,7597.75,7598.0,7597.75,7598.0,87.0
2026-07-13 06:33:00,7598.5,7599.0,7598.25,7598.25,134.0
2026-07-13 06:34:00,7598.25,7598.25,7597.5,7597.75,83.0
2026-07-13 06:35:00,7597.75,7598.5,7597.75,7598.0,36.0
2026-07-13 06:36:00,7597.75,7598.25,7597.75,7598.25,9.0
2026-07-13 06:37:00,7598.25,7598.75,7598.25,7598.5,61.0
2026-07-13 06:38:00,7598.5,7599.0,7598.5,7598.75,71.0
2026-07-13 06:39:00,7599.0,7599.5,7598.75,7598.75,88.0
2026-07-13 06:40:00,7599.0,7599.25,7599.0,7599.0,88.0
2026-07-13 06:41:00,7599.0,7599.0,7598.0,7598.0,89.0
2026-07-13 06:42:00,7597.75,7597.75,7597.0,7597.0,113.0
2026-07-13 06:43:00,7597.0,7597.75,7597.0,7597.5,88.0
2026-07-13 06:44:00,7597.5,7597.75,7597.25,7597.5,74.0
2026-07-13 06:45:00,7597.5,7598.25,7597.5,7598.0,71.0
2026-07-13 06:46:00,7598.0,7598.0,7597.25,7597.5,156.0
2026-07-13 06:47:00,7597.5,7597.5,7597.0,7597.25,294.0
2026-07-13 06:48:00,7597.5,7599.25,7597.25,7599.0,240.0
2026-07-13 06:49:00,7598.75,7599.75,7598.5,7598.75,228.0
2026-07-13 06:50:00,7598.75,7599.25,7597.75,7599.0,156.0
2026-07-13 06:51:00,7599.25,7599.5,7598.5,7599.0,137.0
2026-07-13 06:52:00,7599.0,7599.0,7598.0,7598.5,138.0
2026-07-13 06:53:00,7598.5,7598.5,7598.0,7598.25,110.0
2026-07-13 06:54:00,7598.0,7599.0,7598.0,7598.5,85.0
2026-07-13 06:55:00,7598.5,7598.5,7597.25,7597.5,359.0
2026-07-13 06:56:00,7597.75,7598.0,7597.5,7597.5,109.0
2026-07-13 06:57:00,7597.5,7598.0,7597.5,7597.75,132.0
2026-07-13 06:58:00,7597.5,7597.5,7597.0,7597.5,88.0
2026-07-13 06:59:00,7597.5,7598.0,7597.25,7598.0,714.0
2026-07-13 07:00:00,7597.75,7601.75,7597.75,7601.0,999.0
2026-07-13 07:01:00,7600.75,7601.0,7600.0,7600.5,188.0
2026-07-13 07:02:00,7600.25,7600.5,7599.25,7600.25,227.0
2026-07-13 07:03:00,7600.5,7602.0,7600.5,7601.0,217.0
2026-07-13 07:04:00,7600.75,7601.75,7600.5,7600.5,123.0
2026-07-13 07:05:00,7600.5,7603.75,7599.75,7603.5,618.0
2026-07-13 07:06:00,7603.5,7604.5,7602.0,7602.25,463.0
2026-07-13 07:07:00,7602.25,7602.5,7601.75,7602.0,137.0
2026-07-13 07:08:00,7602.25,7602.5,7601.25,7601.25,105.0
2026-07-13 07:09:00,7601.0,7601.5,7599.75,7600.25,324.0
2026-07-13 07:10:00,7600.0,7600.75,7598.5,7598.5,291.0
2026-07-13 07:11:00,7598.75,7598.75,7596.75,7598.25,322.0
2026-07-13 07:12:00,7598.0,7598.5,7597.75,7598.25,201.0
2026-07-13 07:13:00,7598.25,7599.5,7597.75,7598.75,235.0
2026-07-13 07:14:00,7599.0,7599.75,7596.25,7597.75,514.0
2026-07-13 07:15:00,7597.75,7598.75,7597.0,7598.5,174.0
2026-07-13 07:16:00,7598.75,7599.0,7597.75,7599.0,126.0
2026-07-13 07:17:00,7598.75,7599.75,7598.5,7599.0,211.0
2026-07-13 07:18:00,7599.0,7599.0,7597.0,7597.25,88.0
2026-07-13 07:19:00,7596.75,7598.0,7596.25,7596.25,208.0
2026-07-13 07:20:00,7596.25,7596.5,7595.0,7595.25,222.0
2026-07-13 07:21:00,7595.5,7598.0,7595.25,7598.0,204.0
2026-07-13 07:22:00,7598.25,7598.5,7597.0,7597.25,126.0
2026-07-13 07:23:00,7597.5,7598.0,7597.0,7597.25,102.0
2026-07-13 07:24:00,7597.0,7598.0,7597.0,7598.0,86.0
2026-07-13 07:25:00,7597.5,7599.75,7597.5,7599.0,175.0
2026-07-13 07:26:00,7599.0,7599.75,7599.0,7599.5,107.0
2026-07-13 07:27:00,7599.75,7599.75,7599.0,7599.75,79.0
2026-07-13 07:28:00,7599.75,7600.75,7599.75,7600.25,142.0
2026-07-13 07:29:00,7600.25,7600.5,7599.5,7599.5,131.0
2026-07-13 07:30:00,7599.5,7600.5,7599.25,7600.25,166.0
2026-07-13 07:31:00,7600.5,7600.5,7597.75,7599.0,400.0
2026-07-13 07:32:00,7599.0,7600.0,7598.75,7599.75,110.0
2026-07-13 07:33:00,7599.5,7600.25,7598.5,7598.75,367.0
2026-07-13 07:34:00,7598.75,7601.5,7598.75,7601.25,380.0
2026-07-13 07:35:00,7601.0,7602.25,7600.5,7600.5,317.0
2026-07-13 07:36:00,7600.5,7601.0,7599.75,7599.75,178.0
2026-07-13 07:37:00,7599.75,7600.25,7599.5,7600.25,148.0
2026-07-13 07:38:00,7600.0,7600.0,7599.5,7600.0,109.0
2026-07-13 07:39:00,7599.75,7599.75,7599.0,7599.75,102.0
2026-07-13 07:40:00,7599.5,7600.25,7598.0,7598.25,208.0
2026-07-13 07:41:00,7598.5,7598.75,7598.0,7598.0,67.0
2026-07-13 07:42:00,7598.25,7599.0,7598.0,7598.5,90.0
2026-07-13 07:43:00,7598.75,7599.0,7598.75,7598.75,84.0
2026-07-13 07:44:00,7598.75,7599.0,7597.75,7598.0,64.0
2026-07-13 07:45:00,7597.75,7598.25,7597.25,7597.5,89.0
2026-07-13 07:46:00,7597.75,7598.0,7595.75,7596.0,380.0
2026-07-13 07:47:00,7596.25,7596.25,7594.75,7595.5,452.0
2026-07-13 07:48:00,7595.75,7596.25,7594.5,7595.0,663.0
2026-07-13 07:49:00,7595.0,7596.5,7595.0,7596.5,250.0
2026-07-13 07:50:00,7596.25,7596.5,7595.75,7596.5,92.0
2026-07-13 07:51:00,7596.5,7596.75,7595.75,7596.25,61.0
2026-07-13 07:52:00,7596.25,7596.5,7595.5,7595.5,139.0
2026-07-13 07:53:00,7595.5,7596.75,7594.75,7595.0,285.0
2026-07-13 07:54:00,7594.75,7595.0,7594.0,7594.25,219.0
2026-07-13 07:55:00,7594.0,7594.75,7593.0,7594.5,402.0
2026-07-13 07:56:00,7594.5,7594.75,7594.0,7594.0,126.0
2026-07-13 07:57:00,7594.0,7594.0,7592.25,7592.25,382.0
2026-07-13 07:58:00,7592.0,7593.25,7592.0,7593.25,161.0
2026-07-13 07:59:00,7593.0,7594.25,7593.0,7594.25,209.0
2026-07-13 08:00:00,7594.25,7595.25,7593.0,7593.0,377.0
2026-07-13 08:01:00,7593.0,7594.25,7592.0,7593.75,195.0
2026-07-13 08:02:00,7593.75,7594.25,7593.0,7593.0,185.0
2026-07-13 08:03:00,7592.75,7592.75,7591.75,7592.5,280.0
2026-07-13 08:04:00,7592.5,7593.25,7592.5,7593.0,247.0
2026-07-13 08:05:00,7593.0,7593.75,7592.5,7593.5,138.0
2026-07-13 08:06:00,7593.25,7594.25,7593.0,7593.5,185.0
2026-07-13 08:07:00,7593.75,7593.75,7591.75,7592.0,560.0
2026-07-13 08:08:00,7592.0,7594.25,7592.0,7593.5,402.0
2026-07-13 08:09:00,7593.75,7594.5,7593.0,7594.25,139.0
2026-07-13 08:10:00,7594.0,7597.75,7594.0,7597.25,709.0
2026-07-13 08:11:00,7597.25,7598.25,7591.5,7591.75,1726.0
2026-07-13 08:12:00,7591.75,7591.75,7587.75,7590.75,1679.0
2026-07-13 08:13:00,7591.0,7593.0,7591.0,7592.75,358.0
2026-07-13 08:14:00,7592.75,7593.5,7591.25,7592.5,606.0
2026-07-13 08:15:00,7592.5,7593.25,7591.75,7592.25,175.0
2026-07-13 08:16:00,7592.0,7592.25,7590.5,7591.0,282.0
2026-07-13 08:17:00,7591.0,7592.5,7590.75,7591.5,261.0
2026-07-13 08:18:00,7591.5,7593.25,7591.25,7592.75,332.0
2026-07-13 08:19:00,7592.75,7593.25,7592.5,7592.75,144.0
2026-07-13 08:20:00,7592.75,7592.75,7590.25,7591.25,358.0
2026-07-13 08:21:00,7591.25,7591.75,7590.75,7591.5,346.0
2026-07-13 08:22:00,7591.75,7592.5,7591.25,7592.25,124.0
2026-07-13 08:23:00,7592.0,7592.0,7590.75,7590.75,159.0
2026-07-13 08:24:00,7591.0,7591.25,7590.25,7591.0,258.0
2026-07-13 08:25:00,7590.75,7591.25,7590.25,7591.25,185.0
2026-07-13 08:26:00,7591.25,7591.75,7590.5,7591.0,160.0
2026-07-13 08:27:00,7591.0,7591.0,7589.0,7589.5,212.0
2026-07-13 08:28:00,7589.5,7590.75,7589.5,7590.0,236.0
2026-07-13 08:29:00,7590.0,7590.0,7589.25,7589.5,147.0
2026-07-13 08:30:00,7589.75,7589.75,7586.75,7587.25,880.0
2026-07-13 08:31:00,7587.25,7587.5,7586.0,7586.75,598.0
2026-07-13 08:32:00,7586.5,7588.5,7586.25,7588.5,708.0
2026-07-13 08:33:00,7588.5,7588.5,7586.5,7588.0,268.0
2026-07-13 08:34:00,7588.0,7588.75,7587.75,7588.5,201.0
2026-07-13 08:35:00,7588.25,7588.25,7586.75,7587.75,271.0
2026-07-13 08:36:00,7588.0,7588.0,7586.0,7586.25,277.0
2026-07-13 08:37:00,7586.25,7588.25,7586.25,7586.75,421.0
2026-07-13 08:38:00,7587.0,7589.0,7586.75,7588.75,253.0
2026-07-13 08:39:00,7588.75,7589.0,7588.0,7588.75,361.0
2026-07-13 08:40:00,7588.75,7590.5,7588.5,7590.25,441.0
2026-07-13 08:41:00,7590.25,7590.5,7588.5,7589.5,205.0
2026-07-13 08:42:00,7589.5,7589.5,7587.75,7588.25,267.0
2026-07-13 08:43:00,7588.5,7589.75,7588.5,7589.5,201.0
2026-07-13 08:44:00,7589.5,7591.5,7589.5,7590.75,625.0
2026-07-13 08:45:00,7590.75,7591.75,7590.75,7591.75,177.0
2026-07-13 08:46:00,7591.75,7592.75,7591.75,7592.25,338.0
2026-07-13 08:47:00,7592.5,7593.75,7592.25,7593.25,234.0
2026-07-13 08:48:00,7593.5,7594.0,7593.0,7593.5,215.0
2026-07-13 08:49:00,7593.75,7595.0,7593.75,7594.5,329.0
2026-07-13 08:50:00,7594.5,7595.25,7594.25,7595.0,230.0
2026-07-13 08:51:00,7595.0,7595.75,7594.0,7595.0,627.0
2026-07-13 08:52:00,7595.0,7595.0,7593.0,7593.75,1191.0
2026-07-13 08:53:00,7594.0,7595.0,7594.0,7594.0,315.0
2026-07-13 08:54:00,7594.0,7594.75,7594.0,7594.5,201.0
2026-07-13 08:55:00,7594.5,7595.25,7594.5,7594.5,277.0
2026-07-13 08:56:00,7594.75,7595.5,7594.5,7595.25,216.0
2026-07-13 08:57:00,7595.25,7595.75,7594.75,7595.25,299.0
2026-07-13 08:58:00,7595.5,7596.75,7595.25,7596.25,966.0
2026-07-13 08:59:00,7596.5,7597.25,7596.25,7597.0,306.0
2026-07-13 09:00:00,7597.0,7598.25,7596.25,7597.0,526.0
2026-07-13 09:01:00,7597.0,7598.0,7596.75,7597.75,289.0
2026-07-13 09:02:00,7597.75,7599.75,7597.75,7598.75,528.0
2026-07-13 09:03:00,7599.0,7599.25,7598.25,7598.25,305.0
2026-07-13 09:04:00,7598.25,7598.75,7598.25,7598.25,211.0
2026-07-13 09:05:00,7598.25,7599.25,7598.0,7598.25,365.0
2026-07-13 09:06:00,7598.5,7599.25,7597.25,7597.5,353.0
2026-07-13 09:07:00,7597.5,7598.5,7596.5,7598.25,461.0
2026-07-13 09:08:00,7598.5,7598.5,7596.25,7597.5,495.0
2026-07-13 09:09:00,7597.5,7597.75,7596.0,7596.75,336.0
2026-07-13 09:10:00,7596.75,7597.0,7595.25,7595.25,458.0
2026-07-13 09:11:00,7595.25,7596.5,7595.0,7596.0,633.0
2026-07-13 09:12:00,7595.75,7596.25,7595.5,7596.0,269.0
2026-07-13 09:13:00,7596.0,7596.75,7596.0,7596.5,276.0
2026-07-13 09:14:00,7596.5,7596.75,7596.0,7596.25,219.0
2026-07-13 09:15:00,7596.25,7596.25,7595.0,7595.5,464.0
2026-07-13 09:16:00,7595.25,7596.5,7595.25,7596.0,268.0
2026-07-13 09:17:00,7595.75,7596.25,7594.75,7595.0,918.0
2026-07-13 09:18:00,7595.0,7596.25,7594.75,7595.5,534.0
2026-07-13 09:19:00,7595.5,7595.75,7594.75,7594.75,217.0
2026-07-13 09:20:00,7594.5,7594.75,7593.75,7594.25,398.0
2026-07-13 09:21:00,7594.5,7595.25,7594.25,7594.75,279.0
2026-07-13 09:22:00,7594.75,7595.75,7594.5,7595.25,295.0
2026-07-13 09:23:00,7595.0,7595.25,7594.0,7594.0,334.0
2026-07-13 09:24:00,7594.25,7594.5,7593.75,7594.5,220.0
2026-07-13 09:25:00,7594.5,7596.75,7593.75,7595.25,754.0
2026-07-13 09:26:00,7595.0,7595.5,7594.0,7594.75,499.0
2026-07-13 09:27:00,7594.75,7595.0,7593.0,7593.25,911.0
2026-07-13 09:28:00,7593.5,7595.25,7593.25,7594.5,787.0
2026-07-13 09:29:00,7594.5,7596.0,7594.0,7595.5,1166.0
2026-07-13 09:30:00,7595.5,7603.0,7594.5,7602.5,8778.0
2026-07-13 09:31:00,7602.75,7607.0,7601.0,7606.5,7226.0
2026-07-13 09:32:00,7606.5,7609.75,7605.25,7605.75,6399.0
2026-07-13 09:33:00,7605.75,7606.75,7602.5,7603.5,5412.0
2026-07-13 09:34:00,7603.5,7607.25,7603.0,7605.0,5463.0
2026-07-13 09:35:00,7605.25,7608.75,7605.0,7607.0,4997.0
2026-07-13 09:36:00,7607.25,7607.25,7604.5,7605.25,4251.0
2026-07-13 09:37:00,7605.25,7606.25,7601.75,7602.0,4484.0
2026-07-13 09:38:00,7602.25,7606.25,7601.0,7605.0,3947.0
2026-07-13 09:39:00,7605.25,7606.0,7602.75,7603.0,2895.0
2026-07-13 09:40:00,7602.75,7603.0,7596.5,7598.75,5152.0
2026-07-13 09:41:00,7598.75,7601.25,7597.5,7599.25,4535.0
2026-07-13 09:42:00,7599.0,7600.25,7595.75,7600.0,4151.0
2026-07-13 09:43:00,7600.0,7602.25,7597.5,7598.25,5200.0
2026-07-13 09:44:00,7598.25,7601.75,7598.0,7601.0,3304.0
2026-07-13 09:45:00,7601.25,7601.5,7593.75,7594.75,6127.0
2026-07-13 09:46:00,7594.75,7602.25,7594.75,7600.0,4891.0
2026-07-13 09:47:00,7600.0,7601.25,7598.25,7598.25,3275.0
2026-07-13 09:48:00,7598.25,7600.5,7597.5,7599.75,2727.0
2026-07-13 09:49:00,7599.75,7602.0,7597.0,7599.5,3842.0
2026-07-13 09:50:00,7599.75,7600.5,7597.0,7597.0,3087.0
2026-07-13 09:51:00,7597.25,7597.75,7590.75,7591.25,5002.0
2026-07-13 09:52:00,7591.25,7595.25,7590.25,7595.0,4007.0
2026-07-13 09:53:00,7595.0,7597.25,7591.5,7594.5,2898.0
2026-07-13 09:54:00,7594.75,7598.75,7594.5,7597.25,2840.0
2026-07-13 09:55:00,7597.0,7600.75,7595.0,7598.75,3089.0
2026-07-13 09:56:00,7598.75,7600.75,7597.0,7598.0,2668.0
2026-07-13 09:57:00,7598.25,7602.0,7597.75,7601.75,2538.0
2026-07-13 09:58:00,7601.75,7604.75,7601.75,7604.0,3940.0
2026-07-13 09:59:00,7604.25,7608.75,7603.75,7607.5,4523.0
2026-07-13 10:00:00,7607.5,7610.5,7606.5,7608.75,4841.0
2026-07-13 10:01:00,7608.75,7609.5,7604.5,7604.75,4489.0
2026-07-13 10:02:00,7604.75,7606.0,7599.0,7601.25,7820.0
2026-07-13 10:03:00,7601.25,7603.25,7599.0,7602.5,3143.0
2026-07-13 10:04:00,7602.5,7602.75,7597.5,7598.75,3639.0
2026-07-13 10:05:00,7598.75,7600.5,7595.5,7597.0,3075.0
2026-07-13 10:06:00,7597.25,7599.0,7595.5,7596.25,2373.0
2026-07-13 10:07:00,7596.0,7598.25,7593.5,7595.0,2759.0
2026-07-13 10:08:00,7594.75,7598.0,7594.25,7596.75,2507.0
2026-07-13 10:09:00,7596.5,7599.5,7595.75,7599.25,2331.0
2026-07-13 10:10:00,7599.25,7602.25,7597.5,7602.0,3350.0
2026-07-13 10:11:00,7602.0,7603.5,7600.5,7602.0,2453.0
2026-07-13 10:12:00,7601.75,7602.0,7598.25,7601.5,1880.0
2026-07-13 10:13:00,7601.5,7604.0,7601.25,7603.0,2289.0
2026-07-13 10:14:00,7602.75,7604.25,7602.0,7603.5,1590.0
2026-07-13 10:15:00,7603.75,7604.75,7602.0,7602.0,2376.0
2026-07-13 10:16:00,7602.0,7604.0,7573.5,7585.0,13903.0
2026-07-13 10:17:00,7585.25,7589.0,7575.25,7585.5,16278.0
2026-07-13 10:18:00,7585.5,7588.5,7580.75,7585.75,7183.0
2026-07-13 10:19:00,7585.75,7591.0,7584.75,7590.0,6121.0
2026-07-13 10:20:00,7590.0,7593.5,7587.5,7589.75,5550.0
2026-07-13 10:21:00,7589.75,7591.5,7585.25,7588.25,4515.0
2026-07-13 10:22:00,7588.25,7591.5,7586.75,7588.5,3918.0
2026-07-13 10:23:00,7588.25,7593.0,7586.5,7590.75,3816.0
2026-07-13 10:24:00,7590.75,7600.0,7590.75,7598.5,5488.0
2026-07-13 10:25:00,7598.5,7600.5,7596.25,7597.0,4337.0
2026-07-13 10:26:00,7597.25,7601.25,7596.75,7599.75,3217.0
2026-07-13 10:27:00,7599.75,7600.25,7597.25,7598.0,2785.0
2026-07-13 10:28:00,7597.75,7600.75,7596.5,7599.0,3125.0
2026-07-13 10:29:00,7599.0,7602.75,7599.0,7602.0,3006.0
2026-07-13 10:30:00,7601.75,7603.75,7600.5,7600.75,3566.0
2026-07-13 10:31:00,7600.5,7601.75,7598.75,7599.0,3138.0
2026-07-13 10:32:00,7599.25,7600.0,7597.75,7598.0,2829.0
2026-07-13 10:33:00,7598.25,7599.25,7596.5,7599.0,2669.0
2026-07-13 10:34:00,7599.0,7600.0,7597.25,7597.5,2114.0
2026-07-13 10:35:00,7597.5,7598.0,7594.25,7594.5,2236.0
2026-07-13 10:36:00,7594.75,7594.75,7592.25,7592.5,2786.0
2026-07-13 10:37:00,7592.75,7593.25,7590.75,7592.25,2758.0
2026-07-13 10:38:00,7592.5,7594.25,7591.75,7593.0,2942.0
2026-07-13 10:39:00,7593.0,7594.25,7592.0,7592.75,2301.0
2026-07-13 10:40:00,7593.0,7593.25,7587.75,7589.25,3695.0
2026-07-13 10:41:00,7589.0,7591.5,7587.25,7588.25,2815.0
2026-07-13 10:42:00,7588.25,7588.75,7585.5,7586.25,3123.0
2026-07-13 10:43:00,7586.25,7586.5,7583.5,7583.75,3471.0
2026-07-13 10:44:00,7583.75,7586.25,7583.25,7585.75,3333.0
2026-07-13 10:45:00,7585.75,7586.0,7581.5,7582.0,4214.0
2026-07-13 10:46:00,7582.0,7588.0,7580.75,7587.5,4089.0
2026-07-13 10:47:00,7587.5,7589.0,7586.0,7588.0,2586.0
2026-07-13 10:48:00,7587.75,7592.25,7587.5,7591.25,2843.0
2026-07-13 10:49:00,7591.0,7595.5,7591.0,7594.75,4411.0
2026-07-13 10:50:00,7594.75,7595.75,7592.75,7593.0,3827.0
2026-07-13 10:51:00,7593.0,7594.0,7590.5,7591.0,2471.0
2026-07-13 10:52:00,7591.25,7592.0,7587.0,7588.5,2475.0
2026-07-13 10:53:00,7588.5,7589.0,7586.0,7588.0,1860.0
2026-07-13 10:54:00,7587.75,7588.75,7586.75,7588.0,1432.0
2026-07-13 10:55:00,7588.0,7591.0,7586.25,7590.75,2137.0
2026-07-13 10:56:00,7591.0,7594.5,7590.5,7593.5,2656.0
2026-07-13 10:57:00,7593.75,7595.0,7592.0,7594.0,2510.0
2026-07-13 10:58:00,7594.25,7595.25,7593.0,7594.25,1212.0
2026-07-13 10:59:00,7594.25,7599.0,7593.5,7598.5,2474.0
2026-07-13 11:00:00,7598.5,7601.25,7597.75,7600.5,4587.0
2026-07-13 11:01:00,7600.75,7601.75,7598.75,7599.5,2759.0
2026-07-13 11:02:00,7599.75,7600.25,7597.0,7598.25,2422.0
2026-07-13 11:03:00,7598.0,7598.25,7595.75,7597.25,1885.0
2026-07-13 11:04:00,7597.25,7598.75,7593.75,7594.25,2105.0
2026-07-13 11:05:00,7594.0,7594.75,7592.5,7594.25,1777.0
2026-07-13 11:06:00,7594.5,7597.0,7594.25,7595.75,1567.0
2026-07-13 11:07:00,7595.75,7596.25,7594.5,7594.75,1302.0
2026-07-13 11:08:00,7594.5,7594.75,7592.5,7594.0,1831.0
2026-07-13 11:09:00,7593.75,7595.75,7592.5,7593.5,1666.0
2026-07-13 11:10:00,7593.5,7596.25,7592.5,7595.75,1554.0
2026-07-13 11:11:00,7595.75,7596.75,7593.75,7594.5,1510.0
2026-07-13 11:12:00,7594.25,7594.25,7591.75,7593.0,2169.0
2026-07-13 11:13:00,7593.0,7593.25,7590.5,7592.0,1943.0
2026-07-13 11:14:00,7591.75,7592.75,7590.25,7592.0,1436.0
2026-07-13 11:15:00,7592.0,7592.0,7589.75,7590.25,1481.0
2026-07-13 11:16:00,7590.25,7592.5,7590.0,7591.5,1257.0
2026-07-13 11:17:00,7591.75,7592.75,7590.75,7592.75,1486.0
2026-07-13 11:18:00,7592.75,7594.25,7591.5,7592.0,1414.0
2026-07-13 11:19:00,7592.0,7593.75,7591.25,7593.25,1060.0
2026-07-13 11:20:00,7593.25,7593.75,7591.75,7593.0,1784.0
2026-07-13 11:21:00,7593.25,7594.0,7592.25,7593.5,951.0
2026-07-13 11:22:00,7593.5,7594.5,7592.5,7594.0,1226.0
2026-07-13 11:23:00,7594.25,7596.25,7593.75,7595.75,1768.0
2026-07-13 11:24:00,7595.75,7597.0,7594.5,7595.5,1814.0
2026-07-13 11:25:00,7595.5,7595.5,7591.25,7591.5,1471.0
2026-07-13 11:26:00,7591.5,7592.75,7590.75,7591.5,1460.0
2026-07-13 11:27:00,7591.25,7592.5,7591.0,7592.25,978.0
2026-07-13 11:28:00,7592.25,7594.0,7592.0,7592.75,979.0
2026-07-13 11:29:00,7593.0,7596.0,7593.0,7594.75,1479.0
2026-07-13 11:30:00,7595.0,7595.25,7591.0,7591.75,1703.0
2026-07-13 11:31:00,7592.0,7595.0,7591.75,7594.75,944.0
2026-07-13 11:32:00,7594.5,7596.5,7594.25,7595.25,2033.0
2026-07-13 11:33:00,7595.25,7595.25,7593.0,7593.75,1176.0
2026-07-13 11:34:00,7593.75,7596.0,7592.0,7592.25,1599.0
2026-07-13 11:35:00,7592.25,7593.75,7590.0,7590.25,1752.0
2026-07-13 11:36:00,7590.5,7592.0,7589.25,7590.5,1777.0
2026-07-13 11:37:00,7590.75,7593.75,7590.5,7593.25,1300.0
2026-07-13 11:38:00,7593.25,7593.25,7591.25,7592.0,990.0
2026-07-13 11:39:00,7592.25,7592.75,7590.5,7592.0,1291.0
2026-07-13 11:40:00,7592.0,7592.5,7591.0,7592.25,882.0
2026-07-13 11:41:00,7592.5,7592.5,7589.5,7590.0,1141.0
2026-07-13 11:42:00,7590.0,7591.75,7589.25,7590.0,1814.0
2026-07-13 11:43:00,7589.75,7590.5,7588.25,7589.0,1389.0
2026-07-13 11:44:00,7589.0,7590.0,7587.75,7588.0,1249.0
2026-07-13 11:45:00,7588.0,7589.0,7586.75,7588.0,1699.0
2026-07-13 11:46:00,7587.75,7588.75,7586.5,7588.25,1594.0
2026-07-13 11:47:00,7588.25,7588.5,7587.0,7587.5,1299.0
2026-07-13 11:48:00,7587.5,7588.75,7586.0,7586.75,1741.0
2026-07-13 11:49:00,7586.5,7588.25,7585.75,7588.0,1062.0
2026-07-13 11:50:00,7588.0,7588.75,7586.0,7586.25,1745.0
2026-07-13 11:51:00,7586.0,7586.25,7582.25,7583.0,2551.0
2026-07-13 11:52:00,7583.0,7585.75,7582.5,7585.25,1712.0
2026-07-13 11:53:00,7585.5,7588.0,7584.75,7588.0,1398.0
2026-07-13 11:54:00,7587.75,7588.0,7585.25,7586.5,1406.0
2026-07-13 11:55:00,7586.5,7586.75,7584.5,7585.0,964.0
2026-07-13 11:56:00,7585.25,7585.25,7583.25,7583.75,1748.0
2026-07-13 11:57:00,7583.75,7584.25,7582.0,7584.0,1866.0
2026-07-13 11:58:00,7584.25,7584.75,7582.75,7583.25,1212.0
2026-07-13 11:59:00,7583.0,7583.75,7581.75,7583.25,1325.0
2026-07-13 12:00:00,7583.25,7583.75,7580.5,7581.5,1831.0
2026-07-13 12:01:00,7581.5,7583.75,7581.0,7583.0,1623.0
2026-07-13 12:02:00,7583.0,7584.0,7581.25,7584.0,1277.0
2026-07-13 12:03:00,7583.75,7585.75,7583.25,7584.25,1706.0
2026-07-13 12:04:00,7584.25,7585.0,7582.25,7582.5,1111.0
2026-07-13 12:05:00,7582.5,7583.0,7581.5,7582.0,1163.0
2026-07-13 12:06:00,7581.75,7583.75,7581.75,7583.5,1007.0
2026-07-13 12:07:00,7583.5,7584.25,7582.75,7583.5,929.0
2026-07-13 12:08:00,7583.5,7586.0,7583.5,7585.25,1639.0
2026-07-13 12:09:00,7585.25,7586.0,7583.75,7585.75,1395.0
2026-07-13 12:10:00,7585.75,7589.0,7585.5,7588.25,2421.0
2026-07-13 12:11:00,7588.25,7588.5,7587.25,7587.25,878.0
2026-07-13 12:12:00,7587.25,7587.75,7584.5,7585.25,1511.0
2026-07-13 12:13:00,7585.25,7586.25,7584.5,7585.25,996.0
2026-07-13 12:14:00,7585.5,7586.25,7583.5,7585.5,1423.0
2026-07-13 12:15:00,7585.25,7585.5,7582.5,7583.25,1196.0
2026-07-13 12:16:00,7583.0,7583.0,7579.5,7580.25,2708.0
2026-07-13 12:17:00,7580.25,7580.75,7578.5,7580.75,1869.0
2026-07-13 12:18:00,7580.5,7580.5,7577.75,7578.5,1528.0
2026-07-13 12:19:00,7578.25,7580.25,7578.0,7579.75,1410.0
2026-07-13 12:20:00,7579.75,7579.75,7578.0,7579.25,1118.0
2026-07-13 12:21:00,7579.25,7580.25,7578.0,7578.5,1309.0
2026-07-13 12:22:00,7578.5,7579.0,7578.0,7578.5,1006.0
2026-07-13 12:23:00,7578.25,7579.5,7577.5,7578.75,1605.0
2026-07-13 12:24:00,7578.75,7579.0,7577.0,7577.5,1507.0
2026-07-13 12:25:00,7577.5,7578.0,7576.0,7576.25,1674.0
2026-07-13 12:26:00,7576.25,7576.25,7573.0,7574.5,3586.0
2026-07-13 12:27:00,7574.75,7574.75,7572.5,7574.0,1895.0
2026-07-13 12:28:00,7574.25,7576.5,7574.25,7575.5,2170.0
2026-07-13 12:29:00,7575.25,7575.5,7570.25,7574.0,4433.0
2026-07-13 12:30:00,7574.0,7574.0,7568.5,7569.25,4546.0
2026-07-13 12:31:00,7569.25,7570.75,7566.75,7570.25,5137.0
2026-07-13 12:32:00,7570.0,7571.0,7569.0,7569.5,2665.0
2026-07-13 12:33:00,7569.25,7570.5,7567.5,7569.25,2667.0
2026-07-13 12:34:00,7569.25,7569.25,7566.75,7567.25,2417.0
2026-07-13 12:35:00,7567.25,7567.75,7561.5,7563.0,5295.0
2026-07-13 12:36:00,7563.0,7564.5,7560.0,7563.0,4906.0
2026-07-13 12:37:00,7563.0,7565.25,7562.0,7563.75,3349.0
2026-07-13 12:38:00,7563.5,7569.0,7562.75,7569.0,3923.0
2026-07-13 12:39:00,7569.0,7573.5,7568.75,7571.25,4489.0
2026-07-13 12:40:00,7571.0,7572.25,7566.75,7567.25,2577.0
2026-07-13 12:41:00,7567.25,7573.25,7567.0,7573.0,2474.0
2026-07-13 12:42:00,7573.0,7574.5,7572.0,7574.5,2969.0
2026-07-13 12:43:00,7574.5,7576.25,7573.75,7576.0,2902.0
2026-07-13 12:44:00,7575.75,7576.25,7573.0,7575.0,1894.0
2026-07-13 12:45:00,7574.75,7578.0,7574.75,7576.25,2887.0
2026-07-13 12:46:00,7576.25,7577.5,7575.25,7577.5,2093.0
2026-07-13 12:47:00,7577.5,7578.0,7573.75,7574.25,2172.0
2026-07-13 12:48:00,7574.25,7574.25,7571.75,7572.5,1916.0
2026-07-13 12:49:00,7572.75,7573.5,7571.0,7571.25,1787.0
2026-07-13 12:50:00,7571.25,7572.0,7563.25,7566.25,5474.0
2026-07-13 12:51:00,7566.5,7568.0,7566.25,7567.5,1962.0
2026-07-13 12:52:00,7567.25,7570.25,7567.0,7569.75,1936.0
2026-07-13 12:53:00,7569.5,7569.5,7567.5,7568.0,1499.0
2026-07-13 12:54:00,7567.75,7568.25,7565.5,7565.75,1322.0
2026-07-13 12:55:00,7565.5,7567.5,7564.25,7567.25,2333.0
2026-07-13 12:56:00,7567.25,7569.25,7567.0,7569.0,2007.0
2026-07-13 12:57:00,7569.0,7572.0,7567.25,7572.0,2216.0
2026-07-13 12:58:00,7572.25,7572.75,7569.75,7570.75,1392.0
2026-07-13 12:59:00,7570.5,7571.25,7568.25,7570.25,1741.0
2026-07-13 13:00:00,7570.0,7574.0,7569.0,7574.0,2598.0
2026-07-13 13:01:00,7573.75,7574.25,7572.5,7572.75,1696.0
2026-07-13 13:02:00,7572.5,7573.25,7571.0,7571.0,1804.0
2026-07-13 13:03:00,7571.25,7573.75,7570.75,7572.5,1260.0
2026-07-13 13:04:00,7572.25,7573.0,7569.5,7569.75,1203.0
2026-07-13 13:05:00,7570.0,7573.0,7569.25,7571.75,1193.0
2026-07-13 13:06:00,7571.5,7573.75,7571.5,7572.5,2205.0
2026-07-13 13:07:00,7572.5,7575.25,7572.25,7574.75,1432.0
2026-07-13 13:08:00,7574.75,7575.5,7573.5,7574.0,1242.0
2026-07-13 13:09:00,7574.0,7576.5,7574.0,7575.75,1568.0
2026-07-13 13:10:00,7575.75,7578.0,7575.25,7575.5,2320.0
2026-07-13 13:11:00,7575.25,7576.5,7574.0,7575.0,1220.0
2026-07-13 13:12:00,7575.0,7576.0,7572.75,7574.25,1019.0
2026-07-13 13:13:00,7574.25,7575.0,7572.75,7572.75,796.0
2026-07-13 13:14:00,7572.75,7572.75,7570.75,7572.0,1307.0
2026-07-13 13:15:00,7572.0,7572.5,7569.25,7569.5,1238.0
2026-07-13 13:16:00,7569.5,7571.0,7568.0,7570.75,1607.0
2026-07-13 13:17:00,7570.75,7573.0,7569.5,7572.25,1816.0
2026-07-13 13:18:00,7572.25,7574.25,7571.75,7574.0,1075.0
2026-07-13 13:19:00,7573.75,7574.5,7572.75,7573.25,813.0
2026-07-13 13:20:00,7573.0,7573.25,7571.5,7573.0,998.0
2026-07-13 13:21:00,7572.75,7573.75,7571.5,7573.75,884.0
2026-07-13 13:22:00,7573.75,7575.25,7573.0,7573.25,1177.0
2026-07-13 13:23:00,7573.0,7573.75,7571.75,7572.25,872.0
2026-07-13 13:24:00,7572.0,7572.5,7568.25,7568.5,1336.0
2026-07-13 13:25:00,7568.75,7569.5,7566.75,7567.25,1906.0
2026-07-13 13:26:00,7567.0,7568.25,7567.0,7567.75,949.0
2026-07-13 13:27:00,7567.75,7570.5,7567.5,7569.75,1425.0
2026-07-13 13:28:00,7569.75,7571.25,7569.5,7571.0,1124.0
2026-07-13 13:29:00,7571.0,7571.25,7568.5,7569.75,929.0
2026-07-13 13:30:00,7569.75,7571.25,7569.0,7570.75,1385.0
2026-07-13 13:31:00,7570.5,7570.5,7568.0,7570.0,1247.0
2026-07-13 13:32:00,7569.75,7571.5,7569.25,7571.25,1181.0
2026-07-13 13:33:00,7571.25,7572.5,7570.0,7570.75,1172.0
2026-07-13 13:34:00,7570.75,7571.75,7570.0,7570.75,747.0
2026-07-13 13:35:00,7571.0,7571.0,7568.25,7569.75,1099.0
2026-07-13 13:36:00,7569.5,7570.25,7568.0,7568.75,889.0
2026-07-13 13:37:00,7568.75,7569.75,7568.25,7568.75,929.0
2026-07-13 13:38:00,7568.75,7569.25,7567.75,7568.25,811.0
2026-07-13 13:39:00,7568.25,7568.5,7566.0,7568.25,1453.0
2026-07-13 13:40:00,7568.25,7568.25,7566.25,7566.5,996.0
2026-07-13 13:41:00,7566.5,7570.75,7566.25,7569.5,1789.0
2026-07-13 13:42:00,7569.75,7571.25,7569.25,7570.0,1646.0
2026-07-13 13:43:00,7570.0,7572.75,7570.0,7571.75,1062.0
2026-07-13 13:44:00,7571.75,7572.5,7571.0,7571.5,806.0
2026-07-13 13:45:00,7571.5,7574.25,7571.25,7573.25,1256.0
2026-07-13 13:46:00,7573.0,7573.75,7570.5,7571.5,1297.0
2026-07-13 13:47:00,7571.25,7572.25,7570.25,7570.5,957.0
2026-07-13 13:48:00,7570.25,7571.25,7568.5,7569.0,1289.0
2026-07-13 13:49:00,7568.75,7569.0,7567.5,7568.0,1080.0
2026-07-13 13:50:00,7568.0,7568.75,7565.0,7566.5,1606.0
2026-07-13 13:51:00,7566.5,7566.75,7564.5,7565.75,1310.0
2026-07-13 13:52:00,7565.75,7567.25,7564.0,7567.0,1498.0
2026-07-13 13:53:00,7566.75,7567.75,7563.5,7564.5,1459.0
2026-07-13 13:54:00,7564.5,7566.75,7563.75,7566.0,1583.0
2026-07-13 13:55:00,7566.25,7567.0,7565.0,7566.0,1610.0
2026-07-13 13:56:00,7566.0,7566.0,7563.5,7564.25,1480.0
2026-07-13 13:57:00,7564.0,7566.5,7563.5,7564.5,1592.0
2026-07-13 13:58:00,7564.5,7565.25,7563.5,7564.75,1103.0
2026-07-13 13:59:00,7565.0,7565.25,7563.25,7563.5,1648.0
2026-07-13 14:00:00,7563.75,7569.0,7563.0,7568.0,3047.0
2026-07-13 14:01:00,7567.75,7569.5,7567.0,7568.0,2122.0
2026-07-13 14:02:00,7568.0,7570.25,7567.0,7567.75,1954.0
2026-07-13 14:03:00,7567.75,7568.75,7567.0,7568.75,1339.0
2026-07-13 14:04:00,7568.75,7569.75,7567.5,7568.0,1164.0
2026-07-13 14:05:00,7567.75,7573.0,7567.75,7572.5,1913.0
2026-07-13 14:06:00,7572.5,7574.0,7570.75,7571.5,1712.0
2026-07-13 14:07:00,7571.75,7571.75,7570.0,7571.25,911.0
2026-07-13 14:08:00,7571.25,7571.5,7570.0,7570.25,975.0
2026-07-13 14:09:00,7570.0,7570.5,7567.25,7568.0,1202.0
2026-07-13 14:10:00,7567.75,7568.25,7564.5,7565.0,1648.0
2026-07-13 14:11:00,7564.75,7565.0,7562.75,7565.0,1469.0
2026-07-13 14:12:00,7565.0,7565.75,7564.5,7565.5,1078.0
2026-07-13 14:13:00,7565.25,7568.5,7565.25,7568.5,1378.0
2026-07-13 14:14:00,7568.25,7569.75,7567.25,7569.25,1368.0
2026-07-13 14:15:00,7569.0,7569.5,7566.5,7567.75,1098.0
2026-07-13 14:16:00,7567.5,7568.0,7566.25,7566.5,814.0
2026-07-13 14:17:00,7566.25,7567.5,7565.75,7566.0,1061.0
2026-07-13 14:18:00,7566.0,7566.25,7563.25,7563.25,1354.0
2026-07-13 14:19:00,7563.25,7563.75,7561.75,7563.25,2241.0
2026-07-13 14:20:00,7563.5,7564.25,7561.5,7563.25,2067.0
2026-07-13 14:21:00,7563.25,7565.0,7563.25,7564.5,1471.0
2026-07-13 14:22:00,7564.25,7565.25,7562.75,7563.0,1350.0
2026-07-13 14:23:00,7563.0,7564.25,7562.25,7564.25,1357.0
2026-07-13 14:24:00,7564.5,7566.75,7562.75,7566.25,1681.0
2026-07-13 14:25:00,7566.25,7567.0,7563.0,7565.75,1858.0
2026-07-13 14:26:00,7565.75,7567.0,7564.75,7564.75,1154.0
2026-07-13 14:27:00,7564.75,7565.5,7564.5,7564.75,1201.0
2026-07-13 14:28:00,7564.75,7565.5,7563.75,7564.5,1434.0
2026-07-13 14:29:00,7564.25,7565.0,7563.25,7563.5,1096.0
2026-07-13 14:30:00,7563.75,7564.0,7561.0,7561.5,2150.0
2026-07-13 14:31:00,7561.25,7565.25,7561.0,7565.25,1785.0
2026-07-13 14:32:00,7565.25,7566.5,7564.25,7565.0,1881.0
2026-07-13 14:33:00,7565.0,7566.75,7564.5,7565.75,1232.0
2026-07-13 14:34:00,7565.75,7566.0,7563.5,7563.75,1312.0
2026-07-13 14:35:00,7563.75,7566.75,7563.25,7566.5,1494.0
2026-07-13 14:36:00,7566.25,7567.0,7565.0,7566.25,1618.0
2026-07-13 14:37:00,7566.0,7568.0,7565.5,7567.75,1253.0
2026-07-13 14:38:00,7567.5,7569.0,7567.5,7568.25,1858.0
2026-07-13 14:39:00,7568.0,7568.5,7566.25,7568.25,2182.0
2026-07-13 14:40:00,7568.0,7570.25,7567.25,7569.75,1654.0
2026-07-13 14:41:00,7569.75,7570.5,7568.75,7570.0,1765.0
2026-07-13 14:42:00,7569.75,7570.75,7569.5,7570.75,1536.0
2026-07-13 14:43:00,7570.5,7572.0,7569.5,7570.0,1550.0
2026-07-13 14:44:00,7569.75,7570.25,7568.5,7570.25,934.0
2026-07-13 14:45:00,7570.25,7570.75,7568.25,7568.75,2824.0
2026-07-13 14:46:00,7568.5,7570.0,7567.75,7568.25,1430.0
2026-07-13 14:47:00,7568.25,7569.25,7567.5,7567.75,1304.0
2026-07-13 14:48:00,7568.0,7568.5,7566.75,7567.25,1172.0
2026-07-13 14:49:00,7567.25,7569.75,7567.25,7569.0,1205.0
2026-07-13 14:50:00,7569.0,7569.5,7566.75,7568.5,1472.0
2026-07-13 14:51:00,7568.5,7571.5,7568.25,7570.0,1542.0
2026-07-13 14:52:00,7570.0,7571.5,7569.75,7570.75,1154.0
2026-07-13 14:53:00,7570.75,7571.0,7569.0,7570.75,943.0
2026-07-13 14:54:00,7570.5,7572.25,7569.25,7569.25,1141.0
2026-07-13 14:55:00,7569.5,7570.5,7568.5,7568.75,1145.0
2026-07-13 14:56:00,7568.75,7570.5,7568.75,7570.0,1419.0
2026-07-13 14:57:00,7570.0,7570.25,7568.75,7569.5,1293.0
2026-07-13 14:58:00,7569.5,7570.0,7566.5,7566.75,1554.0
2026-07-13 14:59:00,7567.0,7567.5,7566.0,7567.25,1689.0
2026-07-13 15:00:00,7567.25,7567.75,7563.0,7564.5,2779.0
2026-07-13 15:01:00,7564.5,7567.75,7564.0,7567.5,1424.0
2026-07-13 15:02:00,7567.5,7569.5,7567.25,7569.25,1761.0
2026-07-13 15:03:00,7569.25,7570.5,7568.75,7568.75,1229.0
2026-07-13 15:04:00,7568.75,7570.0,7568.75,7570.0,970.0
2026-07-13 15:05:00,7570.0,7570.5,7569.25,7570.0,720.0
2026-07-13 15:06:00,7569.75,7571.25,7568.0,7568.0,1341.0
2026-07-13 15:07:00,7568.25,7568.5,7566.75,7567.25,1103.0
2026-07-13 15:08:00,7567.5,7569.0,7567.0,7568.25,1184.0
2026-07-13 15:09:00,7568.25,7568.5,7566.5,7566.5,1003.0
2026-07-13 15:10:00,7566.5,7566.75,7563.75,7564.5,2164.0
2026-07-13 15:11:00,7564.5,7564.5,7563.0,7563.5,2038.0
2026-07-13 15:12:00,7563.5,7564.0,7562.75,7563.0,1446.0
2026-07-13 15:13:00,7563.0,7564.25,7562.25,7564.0,2115.0
2026-07-13 15:14:00,7564.0,7565.5,7562.75,7564.25,2054.0
2026-07-13 15:15:00,7564.25,7564.5,7562.5,7563.5,2114.0
2026-07-13 15:16:00,7563.5,7564.75,7563.0,7563.25,1498.0
2026-07-13 15:17:00,7563.5,7564.75,7563.0,7564.5,992.0
2026-07-13 15:18:00,7564.5,7564.75,7563.25,7564.25,1309.0
2026-07-13 15:19:00,7564.25,7565.75,7563.75,7564.0,1206.0
2026-07-13 15:20:00,7563.75,7564.25,7562.0,7563.5,2072.0
2026-07-13 15:21:00,7563.5,7564.0,7562.5,7563.0,975.0
2026-07-13 15:22:00,7562.75,7563.25,7560.25,7562.0,2106.0
2026-07-13 15:23:00,7562.0,7563.25,7558.25,7559.75,6156.0
2026-07-13 15:24:00,7560.0,7561.0,7559.25,7560.5,1718.0
2026-07-13 15:25:00,7560.5,7560.75,7558.0,7559.25,1913.0
2026-07-13 15:26:00,7559.0,7559.5,7556.5,7557.25,2219.0
2026-07-13 15:27:00,7557.25,7557.25,7555.25,7555.25,2508.0
2026-07-13 15:28:00,7555.5,7557.25,7554.25,7556.75,2758.0
2026-07-13 15:29:00,7556.75,7557.0,7551.75,7555.0,5954.0
2026-07-13 15:30:00,7555.0,7557.5,7554.25,7556.25,3584.0
2026-07-13 15:31:00,7556.5,7557.0,7555.5,7557.0,1081.0
2026-07-13 15:33:00,7557.75,7557.75,7557.75,7557.75,7489.0
2026-07-13 15:34:00,7558.0,7558.25,7556.25,7558.0,1363.0
2026-07-13 15:35:00,7558.0,7558.0,7554.0,7555.0,2181.0
2026-07-13 15:36:00,7555.25,7555.25,7552.5,7554.0,1747.0
2026-07-13 15:37:00,7554.0,7555.25,7553.0,7554.75,1456.0
2026-07-13 15:38:00,7554.75,7555.25,7551.0,7552.75,3468.0
2026-07-13 15:39:00,7552.75,7554.25,7552.25,7554.0,1548.0
2026-07-13 15:40:00,7554.0,7556.5,7553.25,7556.0,2128.0
2026-07-13 15:41:00,7556.0,7556.75,7555.25,7556.5,1666.0
2026-07-13 15:42:00,7556.75,7558.5,7556.25,7558.25,1615.0
2026-07-13 15:43:00,7558.25,7561.0,7558.25,7560.5,3002.0
2026-07-13 15:44:00,7560.75,7561.5,7559.75,7561.0,2358.0
2026-07-13 15:45:00,7561.25,7562.25,7558.75,7559.25,2477.0
2026-07-13 15:46:00,7559.25,7559.5,7557.75,7558.25,1456.0
2026-07-13 15:47:00,7558.5,7558.75,7557.5,7558.25,1834.0
2026-07-13 15:48:00,7558.5,7560.5,7558.5,7560.5,1695.0
2026-07-13 15:49:00,7560.5,7561.5,7560.25,7560.75,2018.0
2026-07-13 15:50:00,7560.75,7564.5,7559.75,7563.75,5873.0
2026-07-13 15:51:00,7563.75,7565.75,7562.75,7565.5,3594.0
2026-07-13 15:52:00,7565.25,7566.0,7564.25,7565.75,3345.0
2026-07-13 15:53:00,7565.5,7566.5,7563.75,7564.75,4677.0
2026-07-13 15:54:00,7564.75,7566.25,7561.25,7562.5,6019.0
2026-07-13 15:55:00,7562.5,7566.0,7561.75,7565.75,5835.0
2026-07-13 15:56:00,7565.5,7566.0,7563.75,7565.75,3869.0
2026-07-13 15:57:00,7566.0,7567.25,7565.75,7566.5,4661.0
2026-07-13 15:58:00,7566.5,7568.25,7565.75,7568.25,6299.0
2026-07-13 15:59:00,7568.0,7568.25,7561.0,7563.0,47746.0
2026-07-13 16:00:00,7563.0,7563.5,7559.0,7560.75,13137.0
2026-07-13 16:01:00,7560.75,7562.25,7560.0,7562.0,3024.0
2026-07-13 16:02:00,7562.25,7562.5,7560.0,7560.75,1191.0
2026-07-13 16:03:00,7560.75,7561.0,7560.0,7560.5,894.0
2026-07-13 16:04:00,7560.5,7561.75,7560.25,7561.25,1219.0
2026-07-13 16:05:00,7561.25,7562.5,7561.25,7562.0,1600.0
2026-07-13 16:06:00,7562.25,7563.0,7561.0,7561.25,1250.0
2026-07-13 16:07:00,7561.25,7562.0,7560.5,7562.0,967.0
2026-07-13 16:08:00,7561.75,7562.5,7561.25,7562.0,717.0
2026-07-13 16:09:00,7562.25,7562.5,7560.0,7561.0,2286.0
2026-07-13 16:10:00,7561.0,7561.5,7557.5,7559.25,2566.0
2026-07-13 16:11:00,7559.5,7560.25,7558.0,7560.0,1186.0
2026-07-13 16:12:00,7559.75,7560.75,7559.5,7560.25,1203.0
2026-07-13 16:13:00,7560.25,7560.5,7558.75,7559.25,1052.0
2026-07-13 16:14:00,7559.25,7560.25,7558.75,7559.5,1461.0
2026-07-13 16:15:00,7559.5,7559.75,7552.0,7553.0,3137.0
2026-07-13 16:16:00,7552.75,7553.25,7551.0,7552.25,1878.0
2026-07-13 16:17:00,7552.25,7552.25,7547.25,7552.0,3717.0
2026-07-13 16:18:00,7552.25,7553.25,7551.25,7552.75,618.0
2026-07-13 16:19:00,7552.75,7553.25,7552.0,7553.25,487.0
2026-07-13 16:20:00,7553.25,7554.75,7553.25,7554.25,497.0
2026-07-13 16:21:00,7554.25,7554.25,7553.0,7554.0,343.0
2026-07-13 16:22:00,7554.0,7555.25,7554.0,7555.0,260.0
2026-07-13 16:23:00,7554.75,7555.5,7554.0,7555.0,447.0
2026-07-13 16:24:00,7555.0,7555.75,7554.0,7555.0,482.0
2026-07-13 16:25:00,7555.0,7555.5,7555.0,7555.25,205.0
2026-07-13 16:26:00,7555.25,7555.5,7554.75,7555.5,141.0
2026-07-13 16:27:00,7555.5,7555.5,7554.75,7555.5,154.0
2026-07-13 16:28:00,7555.25,7555.75,7555.25,7555.5,134.0
2026-07-13 16:29:00,7555.5,7556.5,7555.5,7555.75,285.0
2026-07-13 16:30:00,7555.5,7555.5,7553.75,7553.75,198.0
2026-07-13 16:31:00,7553.75,7554.5,7553.75,7554.0,228.0
2026-07-13 16:32:00,7554.0,7554.0,7552.75,7553.0,349.0
2026-07-13 16:33:00,7553.25,7554.0,7553.0,7554.0,301.0
2026-07-13 16:34:00,7554.0,7555.0,7554.0,7554.5,105.0
2026-07-13 16:35:00,7554.5,7554.5,7554.0,7554.25,108.0
2026-07-13 16:36:00,7554.25,7554.75,7554.25,7554.5,46.0
2026-07-13 16:37:00,7554.5,7554.75,7554.5,7554.75,75.0
2026-07-13 16:38:00,7554.5,7554.5,7554.25,7554.5,77.0
2026-07-13 16:39:00,7554.5,7555.0,7554.5,7554.75,141.0
2026-07-13 16:40:00,7554.75,7555.0,7553.5,7553.5,272.0
2026-07-13 16:41:00,7553.75,7553.75,7553.25,7553.75,113.0
2026-07-13 16:42:00,7553.75,7553.75,7553.5,7553.75,112.0
2026-07-13 16:43:00,7553.75,7554.75,7553.75,7554.75,153.0
2026-07-13 16:44:00,7554.5,7555.0,7553.5,7554.25,481.0
2026-07-13 16:45:00,7554.0,7554.25,7553.25,7553.5,243.0
2026-07-13 16:46:00,7553.75,7554.25,7553.0,7553.25,239.0
2026-07-13 16:47:00,7553.25,7554.0,7553.0,7553.25,332.0
2026-07-13 16:48:00,7553.25,7554.0,7553.0,7553.0,196.0
2026-07-13 16:49:00,7553.25,7553.75,7553.25,7553.75,229.0
2026-07-13 16:50:00,7553.5,7553.75,7552.75,7552.75,158.0
2026-07-13 16:51:00,7552.5,7552.5,7552.0,7552.25,237.0
2026-07-13 16:52:00,7552.25,7552.75,7552.0,7552.75,171.0
2026-07-13 16:53:00,7552.75,7553.5,7552.75,7553.0,232.0
2026-07-13 16:54:00,7552.75,7554.75,7552.75,7554.0,224.0
2026-07-13 16:55:00,7554.0,7555.25,7553.75,7554.75,259.0
2026-07-13 16:56:00,7554.75,7555.75,7554.0,7555.25,212.0
2026-07-13 16:57:00,7555.0,7555.25,7554.0,7554.25,221.0
2026-07-13 16:58:00,7554.5,7555.5,7554.0,7554.75,309.0
2026-07-13 16:59:00,7554.5,7555.0,7553.25,7554.25,380.0
2026-07-13 18:00:00,7557.0,7563.0,7555.25,7562.0,0.0
2026-07-13 18:01:00,7561.75,7563.25,7560.5,7561.25,246.0
2026-07-13 18:02:00,7561.5,7562.0,7560.0,7560.25,125.0
2026-07-13 18:03:00,7560.75,7561.0,7557.75,7559.0,182.0
2026-07-13 18:04:00,7559.0,7559.25,7557.75,7558.5,171.0
2026-07-13 18:05:00,7558.75,7562.0,7558.75,7561.0,205.0
2026-07-13 18:06:00,7561.5,7561.75,7559.75,7559.75,69.0
2026-07-13 18:07:00,7559.75,7560.5,7558.25,7559.5,148.0
2026-07-13 18:08:00,7559.25,7559.5,7558.5,7558.75,79.0
2026-07-13 18:09:00,7558.5,7560.0,7558.25,7559.0,104.0
2026-07-13 18:10:00,7559.0,7559.5,7558.25,7559.25,70.0
2026-07-13 18:11:00,7559.25,7559.25,7557.0,7557.5,66.0
2026-07-13 18:12:00,7558.0,7559.5,7557.75,7558.25,90.0
2026-07-13 18:13:00,7558.0,7558.5,7557.75,7558.0,40.0
2026-07-13 18:14:00,7558.0,7558.5,7557.25,7557.5,19.0
2026-07-13 18:15:00,7558.0,7559.0,7557.5,7558.5,70.0
2026-07-13 18:16:00,7558.75,7558.75,7557.75,7558.0,26.0
2026-07-13 18:17:00,7557.75,7558.25,7557.5,7558.25,35.0
2026-07-13 18:18:00,7558.25,7558.75,7558.0,7558.75,56.0
2026-07-13 18:19:00,7558.5,7559.5,7558.25,7558.25,74.0
2026-07-13 18:20:00,7558.0,7560.25,7558.0,7559.75,85.0
2026-07-13 18:21:00,7559.5,7559.5,7557.5,7557.75,72.0
2026-07-13 18:22:00,7557.75,7558.5,7557.0,7557.25,82.0
2026-07-13 18:23:00,7557.25,7557.75,7557.0,7557.75,46.0
2026-07-13 18:24:00,7557.5,7557.75,7556.0,7556.75,91.0
2026-07-13 18:25:00,7556.5,7556.5,7555.25,7555.75,67.0
2026-07-13 18:26:00,7555.75,7557.0,7555.75,7556.75,35.0
2026-07-13 18:27:00,7556.75,7557.0,7556.75,7557.0,36.0
2026-07-13 18:28:00,7557.25,7558.0,7555.75,7556.25,105.0
2026-07-13 18:29:00,7556.0,7556.25,7555.25,7555.5,51.0
2026-07-13 18:30:00,7555.25,7556.5,7554.75,7554.75,119.0
2026-07-13 18:31:00,7555.25,7555.75,7554.5,7555.25,72.0
2026-07-13 18:32:00,7555.5,7555.75,7555.25,7555.5,42.0
2026-07-13 18:33:00,7555.5,7556.0,7554.5,7554.5,105.0
2026-07-13 18:34:00,7555.0,7555.75,7555.0,7555.5,65.0
2026-07-13 18:35:00,7555.5,7556.5,7555.25,7555.75,118.0
2026-07-13 18:36:00,7556.0,7556.25,7555.5,7556.0,57.0
2026-07-13 18:37:00,7555.75,7555.75,7554.75,7555.5,60.0
2026-07-13 18:38:00,7555.25,7555.75,7555.0,7555.25,77.0
2026-07-13 18:39:00,7555.5,7556.0,7555.25,7555.75,62.0
2026-07-13 18:40:00,7555.75,7557.0,7555.75,7556.0,111.0
2026-07-13 18:41:00,7556.25,7556.5,7556.25,7556.5,13.0
2026-07-13 18:42:00,7556.5,7556.5,7556.0,7556.25,34.0
2026-07-13 18:43:00,7556.25,7556.25,7555.75,7556.0,13.0
2026-07-13 18:44:00,7556.25,7557.5,7556.25,7557.25,58.0
2026-07-13 18:45:00,7557.0,7558.5,7556.25,7558.0,157.0
2026-07-13 18:46:00,7557.75,7558.75,7557.75,7558.5,39.0
2026-07-13 18:47:00,7558.5,7559.0,7558.25,7559.0,18.0
2026-07-13 18:48:00,7559.0,7559.0,7558.25,7558.25,37.0
2026-07-13 18:49:00,7558.25,7558.5,7557.25,7557.5,57.0
2026-07-13 18:50:00,7557.25,7557.5,7555.25,7555.25,73.0
2026-07-13 18:51:00,7555.5,7555.75,7555.25,7555.25,35.0
2026-07-13 18:52:00,7555.0,7555.0,7553.5,7554.75,135.0
2026-07-13 18:53:00,7554.5,7554.5,7553.5,7553.75,37.0
2026-07-13 18:54:00,7554.0,7554.0,7552.75,7553.0,92.0
2026-07-13 18:55:00,7553.25,7553.25,7551.0,7552.0,264.0
2026-07-13 18:56:00,7552.0,7552.0,7551.0,7551.5,66.0
2026-07-13 18:57:00,7551.5,7552.5,7551.5,7552.25,52.0
2026-07-13 18:58:00,7552.0,7552.5,7551.75,7552.5,51.0
2026-07-13 18:59:00,7552.5,7552.5,7551.5,7552.0,54.0
2026-07-13 19:00:00,7552.0,7552.0,7550.5,7551.25,140.0
2026-07-13 19:01:00,7551.25,7551.5,7550.5,7551.0,148.0
2026-07-13 19:02:00,7551.0,7551.5,7550.5,7551.0,50.0
2026-07-13 19:03:00,7551.25,7552.25,7550.75,7550.75,108.0
2026-07-13 19:04:00,7550.75,7550.75,7547.5,7547.75,432.0
2026-07-13 19:05:00,7548.0,7549.0,7547.75,7548.75,151.0
2026-07-13 19:06:00,7548.75,7549.5,7548.75,7548.75,57.0
2026-07-13 19:07:00,7548.75,7549.5,7547.5,7548.0,142.0
2026-07-13 19:08:00,7548.0,7548.75,7547.25,7548.5,155.0
2026-07-13 19:09:00,7548.5,7549.0,7548.25,7548.75,75.0
2026-07-13 19:10:00,7548.75,7549.25,7548.75,7549.25,77.0
2026-07-13 19:11:00,7549.25,7549.5,7547.75,7548.0,124.0
2026-07-13 19:12:00,7548.0,7548.0,7546.75,7547.25,117.0
2026-07-13 19:13:00,7547.25,7548.75,7546.25,7548.5,199.0
2026-07-13 19:14:00,7548.25,7548.5,7547.5,7547.5,57.0
2026-07-13 19:15:00,7547.75,7548.0,7547.0,7548.0,54.0
2026-07-13 19:16:00,7548.0,7548.75,7548.0,7548.0,73.0
2026-07-13 19:17:00,7548.0,7548.25,7547.75,7548.25,45.0
2026-07-13 19:18:00,7548.0,7548.5,7547.75,7548.5,20.0
2026-07-13 19:19:00,7548.25,7548.5,7547.75,7548.25,50.0
2026-07-13 19:20:00,7548.25,7548.75,7548.0,7548.0,71.0
2026-07-13 19:21:00,7548.25,7549.25,7548.25,7548.25,61.0
2026-07-13 19:22:00,7549.0,7549.25,7548.0,7548.25,42.0
2026-07-13 19:23:00,7548.25,7550.0,7548.25,7549.75,74.0
2026-07-13 19:24:00,7550.0,7550.25,7549.75,7549.75,47.0
2026-07-13 19:25:00,7550.25,7550.5,7549.75,7550.5,59.0
2026-07-13 19:26:00,7550.5,7551.25,7550.0,7550.5,124.0
2026-07-13 19:27:00,7550.5,7551.0,7550.5,7550.5,41.0
2026-07-13 19:28:00,7550.25,7550.75,7550.0,7550.25,32.0
2026-07-13 19:29:00,7550.25,7550.5,7546.75,7547.75,246.0
2026-07-13 19:30:00,7547.5,7547.5,7545.25,7545.25,184.0
2026-07-13 19:31:00,7545.25,7546.0,7545.25,7545.75,108.0
2026-07-13 19:32:00,7545.75,7546.0,7545.25,7545.75,70.0
2026-07-13 19:33:00,7545.75,7546.0,7545.0,7545.5,57.0
2026-07-13 19:34:00,7545.75,7546.25,7545.75,7545.75,39.0
2026-07-13 19:35:00,7545.5,7546.75,7545.5,7546.75,170.0
2026-07-13 19:36:00,7547.0,7548.25,7546.75,7546.75,98.0
2026-07-13 19:37:00,7546.75,7546.75,7546.25,7546.25,25.0
2026-07-13 19:38:00,7546.25,7546.5,7545.5,7545.75,60.0
2026-07-13 19:39:00,7545.75,7546.0,7545.0,7545.5,44.0
2026-07-13 19:40:00,7545.5,7546.0,7545.0,7545.75,74.0
2026-07-13 19:41:00,7545.75,7545.75,7544.0,7545.0,204.0
2026-07-13 19:42:00,7544.75,7545.0,7543.0,7543.5,127.0
2026-07-13 19:43:00,7543.75,7543.75,7542.25,7543.25,205.0
2026-07-13 19:44:00,7543.0,7543.5,7542.0,7542.5,110.0
2026-07-13 19:45:00,7542.5,7545.25,7542.0,7543.5,284.0
2026-07-13 19:46:00,7543.75,7543.75,7541.5,7542.0,208.0
2026-07-13 19:47:00,7542.0,7543.0,7542.0,7542.5,126.0
2026-07-13 19:48:00,7542.5,7543.5,7541.75,7543.0,113.0
2026-07-13 19:49:00,7543.25,7544.25,7543.0,7543.0,94.0
2026-07-13 19:50:00,7543.0,7544.0,7542.25,7544.0,93.0
2026-07-13 19:51:00,7543.75,7544.25,7542.25,7543.5,100.0
2026-07-13 19:52:00,7543.75,7546.5,7543.25,7545.25,310.0
2026-07-13 19:53:00,7545.25,7548.5,7545.0,7548.0,176.0
2026-07-13 19:54:00,7547.75,7549.5,7547.5,7548.5,140.0
2026-07-13 19:55:00,7548.25,7548.75,7546.25,7548.5,98.0
2026-07-13 19:56:00,7548.75,7550.0,7548.5,7548.75,99.0
2026-07-13 19:57:00,7548.5,7549.75,7548.0,7549.5,99.0
2026-07-13 19:58:00,7549.75,7552.0,7549.5,7552.0,219.0
2026-07-13 19:59:00,7552.25,7553.5,7552.0,7553.25,334.0
2026-07-13 20:00:00,7553.5,7556.5,7550.25,7556.5,941.0
2026-07-13 20:01:00,7556.25,7556.75,7553.5,7554.25,359.0
2026-07-13 20:02:00,7554.25,7554.5,7549.75,7549.75,536.0
2026-07-13 20:03:00,7550.0,7552.0,7546.5,7546.75,308.0
2026-07-13 20:04:00,7547.25,7548.25,7543.0,7544.75,505.0
2026-07-13 20:05:00,7544.5,7547.25,7543.5,7543.75,365.0
2026-07-13 20:06:00,7543.75,7545.25,7541.0,7544.75,605.0
2026-07-13 20:07:00,7544.75,7544.75,7539.75,7541.25,680.0
2026-07-13 20:08:00,7541.0,7541.5,7539.75,7541.25,266.0
2026-07-13 20:09:00,7540.75,7544.0,7540.75,7544.0,372.0
2026-07-13 20:10:00,7544.25,7552.0,7544.25,7551.5,692.0
2026-07-13 20:11:00,7551.25,7553.0,7550.0,7552.5,433.0
2026-07-13 20:12:00,7552.25,7554.25,7551.5,7552.0,417.0
2026-07-13 20:13:00,7551.75,7553.5,7546.75,7553.0,380.0
2026-07-13 20:14:00,7553.25,7556.25,7552.5,7556.25,419.0
2026-07-13 20:15:00,7556.0,7557.5,7552.75,7553.0,474.0
2026-07-13 20:16:00,7553.0,7553.25,7549.75,7549.75,351.0
2026-07-13 20:17:00,7550.0,7551.0,7547.0,7548.5,280.0
2026-07-13 20:18:00,7548.75,7550.5,7547.75,7548.75,186.0
2026-07-13 20:19:00,7549.0,7549.25,7543.75,7544.0,328.0
2026-07-13 20:20:00,7544.0,7544.75,7540.0,7544.0,643.0
2026-07-13 20:21:00,7544.25,7548.5,7543.5,7547.75,525.0
2026-07-13 20:22:00,7547.25,7549.25,7546.75,7547.25,198.0
2026-07-13 20:23:00,7547.0,7547.75,7544.0,7545.25,269.0
2026-07-13 20:24:00,7545.5,7549.5,7545.25,7549.0,259.0
2026-07-13 20:25:00,7548.75,7549.25,7544.5,7544.75,244.0
2026-07-13 20:26:00,7544.75,7546.0,7543.75,7545.25,148.0
2026-07-13 20:27:00,7544.75,7545.25,7543.25,7544.5,158.0
2026-07-13 20:28:00,7544.5,7545.0,7541.75,7543.0,205.0
2026-07-13 20:29:00,7543.25,7546.75,7543.0,7545.75,206.0
2026-07-13 20:30:00,7545.75,7547.75,7544.25,7546.75,230.0
2026-07-13 20:31:00,7546.75,7547.75,7545.0,7546.0,235.0
2026-07-13 20:32:00,7546.0,7549.0,7544.75,7548.5,206.0
2026-07-13 20:33:00,7548.5,7552.0,7548.0,7550.25,279.0
2026-07-13 20:34:00,7550.0,7552.75,7549.75,7550.25,362.0
2026-07-13 20:35:00,7550.5,7553.75,7549.25,7553.5,301.0
2026-07-13 20:36:00,7553.5,7554.0,7551.0,7554.0,242.0
2026-07-13 20:37:00,7553.75,7554.5,7552.25,7552.5,201.0
2026-07-13 20:38:00,7552.5,7552.75,7551.0,7552.5,134.0
2026-07-13 20:39:00,7552.25,7552.25,7548.5,7549.75,246.0
2026-07-13 20:40:00,7550.0,7553.75,7548.75,7551.5,315.0
2026-07-13 20:41:00,7551.75,7552.5,7548.5,7549.0,234.0
2026-07-13 20:42:00,7549.0,7549.5,7545.75,7547.5,340.0
2026-07-13 20:43:00,7547.5,7547.5,7542.75,7543.0,276.0
2026-07-13 20:44:00,7543.0,7544.5,7541.75,7544.25,440.0
2026-07-13 20:45:00,7544.25,7549.25,7544.25,7547.75,368.0
2026-07-13 20:46:00,7547.75,7549.25,7547.0,7548.75,187.0
2026-07-13 20:47:00,7548.75,7551.25,7547.75,7550.75,287.0
2026-07-13 20:48:00,7550.5,7551.5,7548.25,7550.25,146.0
2026-07-13 20:49:00,7550.25,7551.5,7549.25,7549.75,174.0
2026-07-13 20:50:00,7549.75,7554.75,7549.75,7552.5,336.0
2026-07-13 20:51:00,7552.25,7554.5,7550.5,7554.5,332.0
2026-07-13 20:52:00,7554.0,7555.25,7552.75,7553.0,205.0
2026-07-13 20:53:00,7553.0,7556.0,7552.75,7554.5,300.0
2026-07-13 20:54:00,7554.25,7557.75,7554.25,7557.25,226.0
2026-07-13 20:55:00,7557.0,7560.5,7556.75,7560.0,587.0
2026-07-13 20:56:00,7559.75,7560.25,7557.75,7558.5,349.0
2026-07-13 20:57:00,7558.5,7560.25,7558.5,7559.0,185.0
2026-07-13 20:58:00,7558.75,7559.75,7558.25,7559.0,179.0
2026-07-13 20:59:00,7558.75,7559.5,7558.25,7558.5,104.0
2026-07-13 21:00:00,7558.5,7559.5,7556.75,7558.5,371.0
2026-07-13 21:01:00,7558.25,7560.25,7557.75,7558.25,303.0
2026-07-13 21:02:00,7558.25,7560.0,7557.75,7559.75,209.0
2026-07-13 21:03:00,7559.75,7560.25,7558.5,7558.5,163.0
2026-07-13 21:04:00,7558.5,7559.0,7557.0,7558.5,217.0
2026-07-13 21:05:00,7558.5,7559.5,7557.0,7557.75,175.0
2026-07-13 21:06:00,7557.75,7558.0,7556.25,7556.5,247.0
2026-07-13 21:07:00,7556.25,7559.0,7556.25,7558.0,128.0
2026-07-13 21:08:00,7558.25,7560.25,7558.0,7559.25,218.0
2026-07-13 21:09:00,7559.0,7560.0,7557.25,7558.25,167.0
2026-07-13 21:10:00,7558.5,7558.75,7556.5,7556.75,157.0
2026-07-13 21:11:00,7556.75,7558.25,7556.25,7557.75,104.0
2026-07-13 21:12:00,7557.75,7558.25,7556.0,7556.25,134.0
2026-07-13 21:13:00,7556.5,7556.75,7555.25,7556.25,206.0
2026-07-13 21:14:00,7556.0,7556.0,7554.25,7554.75,243.0
2026-07-13 21:15:00,7554.75,7556.5,7553.75,7556.0,385.0
2026-07-13 21:16:00,7556.25,7557.75,7555.5,7557.5,162.0
2026-07-13 21:17:00,7557.25,7559.25,7557.0,7559.25,219.0
2026-07-13 21:18:00,7559.25,7559.5,7558.25,7558.5,165.0
2026-07-13 21:19:00,7558.5,7559.25,7557.25,7558.75,159.0
2026-07-13 21:20:00,7558.5,7559.75,7557.0,7557.5,274.0
2026-07-13 21:21:00,7557.25,7558.25,7555.75,7556.75,190.0
2026-07-13 21:22:00,7556.75,7556.75,7554.5,7555.0,203.0
2026-07-13 21:23:00,7555.0,7558.75,7555.0,7557.5,243.0
2026-07-13 21:24:00,7557.5,7557.5,7554.75,7556.0,196.0
2026-07-13 21:25:00,7555.75,7557.25,7555.0,7556.5,106.0
2026-07-13 21:26:00,7556.75,7558.5,7556.75,7558.0,122.0
2026-07-13 21:27:00,7558.0,7558.75,7557.5,7558.5,117.0
2026-07-13 21:28:00,7558.5,7558.75,7556.5,7556.5,117.0
2026-07-13 21:29:00,7556.25,7557.25,7556.0,7556.0,156.0
2026-07-13 21:30:00,7556.25,7557.5,7553.5,7554.0,249.0
2026-07-13 21:31:00,7553.75,7555.0,7552.0,7554.5,226.0
2026-07-13 21:32:00,7554.5,7555.5,7552.5,7553.0,220.0
2026-07-13 21:33:00,7553.0,7554.25,7553.0,7554.25,95.0
2026-07-13 21:34:00,7554.0,7554.75,7553.0,7553.5,82.0
2026-07-13 21:35:00,7553.5,7553.75,7551.25,7552.25,241.0
2026-07-13 21:36:00,7552.0,7553.0,7549.25,7550.25,268.0
2026-07-13 21:37:00,7550.25,7550.75,7548.75,7550.25,184.0
2026-07-13 21:38:00,7550.0,7551.75,7548.75,7549.75,139.0
2026-07-13 21:39:00,7550.0,7551.0,7549.75,7550.5,84.0
2026-07-13 21:40:00,7551.0,7552.25,7549.25,7549.25,243.0
2026-07-13 21:41:00,7549.0,7549.0,7547.25,7547.75,200.0
2026-07-13 21:42:00,7547.75,7550.75,7547.5,7550.75,310.0
2026-07-13 21:43:00,7551.0,7552.25,7550.75,7551.25,122.0
2026-07-13 21:44:00,7551.25,7552.75,7551.0,7551.5,117.0
2026-07-13 21:45:00,7551.5,7553.5,7551.5,7553.25,161.0
2026-07-13 21:46:00,7553.0,7554.25,7552.25,7554.25,96.0
2026-07-13 21:47:00,7554.0,7554.5,7551.75,7553.0,189.0
2026-07-13 21:48:00,7552.75,7555.75,7552.75,7555.75,152.0
2026-07-13 21:49:00,7555.5,7555.75,7554.75,7555.0,92.0
2026-07-13 21:50:00,7555.0,7555.5,7552.0,7552.25,96.0
2026-07-13 21:51:00,7552.25,7553.5,7551.25,7553.0,135.0
2026-07-13 21:52:00,7553.0,7554.75,7553.0,7554.0,76.0
2026-07-13 21:53:00,7554.0,7554.0,7551.25,7551.25,77.0
2026-07-13 21:54:00,7551.0,7551.25,7550.25,7550.75,94.0
2026-07-13 21:55:00,7550.5,7550.75,7547.5,7547.75,239.0
2026-07-13 21:56:00,7547.5,7548.0,7546.25,7547.0,179.0
2026-07-13 21:57:00,7546.75,7548.5,7546.25,7548.0,135.0
2026-07-13 21:58:00,7547.75,7548.25,7547.0,7547.25,91.0
2026-07-13 21:59:00,7547.25,7548.25,7546.25,7548.25,125.0
2026-07-13 22:00:00,7548.5,7549.25,7546.25,7546.25,204.0
2026-07-13 22:01:00,7546.75,7550.25,7546.75,7548.75,201.0
2026-07-13 22:02:00,7548.5,7551.0,7548.5,7550.75,116.0
2026-07-13 22:03:00,7550.5,7552.25,7550.5,7551.25,127.0
2026-07-13 22:04:00,7551.25,7551.75,7550.25,7551.5,117.0
2026-07-13 22:05:00,7551.5,7553.25,7551.25,7552.25,205.0
2026-07-13 22:06:00,7552.25,7553.0,7551.75,7553.0,128.0
2026-07-13 22:07:00,7552.75,7554.0,7552.75,7553.5,135.0
2026-07-13 22:08:00,7553.25,7554.75,7553.25,7553.5,108.0
2026-07-13 22:09:00,7553.5,7553.75,7552.0,7552.0,187.0
2026-07-13 22:10:00,7552.0,7552.25,7550.0,7550.5,138.0
2026-07-13 22:11:00,7550.25,7550.75,7549.75,7550.25,72.0
2026-07-13 22:12:00,7550.25,7550.25,7546.75,7547.25,125.0
2026-07-13 22:13:00,7547.0,7547.5,7546.0,7547.0,180.0
2026-07-13 22:14:00,7546.75,7547.25,7545.75,7546.25,115.0
2026-07-13 22:15:00,7546.25,7546.75,7545.25,7546.75,176.0
2026-07-13 22:16:00,7547.0,7547.5,7545.75,7547.25,174.0
2026-07-13 22:17:00,7547.25,7547.75,7546.0,7546.25,93.0
2026-07-13 22:18:00,7546.0,7546.75,7545.0,7545.75,114.0
2026-07-13 22:19:00,7545.75,7546.0,7544.25,7544.25,186.0
2026-07-13 22:20:00,7544.25,7544.75,7542.5,7543.25,414.0
2026-07-13 22:21:00,7543.5,7544.75,7541.75,7544.0,355.0
2026-07-13 22:22:00,7544.0,7545.0,7541.5,7542.0,291.0
2026-07-13 22:23:00,7541.5,7542.25,7540.5,7542.0,299.0
2026-07-13 22:24:00,7541.75,7541.75,7539.5,7540.5,415.0
2026-07-13 22:25:00,7540.5,7541.25,7539.25,7540.25,388.0
2026-07-13 22:26:00,7540.0,7540.75,7539.5,7540.25,175.0
2026-07-13 22:27:00,7540.25,7541.0,7540.0,7540.5,114.0
2026-07-13 22:28:00,7540.5,7541.75,7540.25,7541.5,161.0
2026-07-13 22:29:00,7541.5,7543.5,7541.0,7543.25,182.0
2026-07-13 22:30:00,7543.25,7543.75,7541.75,7542.75,248.0
2026-07-13 22:31:00,7542.75,7544.0,7541.75,7542.25,169.0
2026-07-13 22:32:00,7542.25,7543.25,7542.0,7542.0,102.0
2026-07-13 22:33:00,7542.0,7542.0,7540.75,7541.5,113.0
2026-07-13 22:34:00,7541.25,7541.25,7539.25,7540.25,153.0
2026-07-13 22:35:00,7540.0,7541.75,7539.0,7540.75,250.0
2026-07-13 22:36:00,7541.0,7541.5,7540.5,7541.0,116.0
2026-07-13 22:37:00,7541.25,7542.25,7540.75,7542.0,116.0
2026-07-13 22:38:00,7542.25,7545.0,7542.0,7544.5,250.0
2026-07-13 22:39:00,7544.25,7547.0,7544.0,7546.75,280.0
2026-07-13 22:40:00,7547.0,7548.25,7546.25,7548.25,200.0
2026-07-13 22:41:00,7548.25,7548.75,7547.75,7548.5,158.0
2026-07-13 22:42:00,7548.25,7549.0,7548.0,7548.5,199.0
2026-07-13 22:43:00,7548.5,7549.25,7548.5,7549.25,120.0
2026-07-13 22:44:00,7549.0,7549.75,7547.5,7548.25,175.0
2026-07-13 22:45:00,7548.25,7549.0,7547.75,7548.0,137.0
2026-07-13 22:46:00,7547.5,7549.0,7547.25,7549.0,126.0
2026-07-13 22:47:00,7549.0,7549.5,7548.0,7548.5,144.0
2026-07-13 22:48:00,7548.25,7548.5,7547.0,7547.0,111.0
2026-07-13 22:49:00,7546.75,7548.25,7546.25,7548.25,110.0
2026-07-13 22:50:00,7548.25,7548.25,7546.0,7546.25,103.0
2026-07-13 22:51:00,7546.25,7546.5,7545.0,7545.0,134.0
2026-07-13 22:52:00,7544.75,7544.75,7542.25,7542.5,134.0
2026-07-13 22:53:00,7542.75,7543.0,7541.25,7541.5,130.0
2026-07-13 22:54:00,7541.5,7541.75,7540.25,7540.75,200.0
2026-07-13 22:55:00,7540.5,7541.25,7540.25,7541.0,126.0
2026-07-13 22:56:00,7541.0,7541.25,7539.75,7540.25,156.0
2026-07-13 22:57:00,7540.25,7540.75,7539.5,7540.0,130.0
2026-07-13 22:58:00,7540.25,7541.5,7540.25,7540.5,130.0
2026-07-13 22:59:00,7540.75,7541.25,7540.25,7540.5,138.0
2026-07-13 23:00:00,7540.5,7541.0,7538.75,7539.25,352.0
2026-07-13 23:01:00,7539.25,7540.25,7539.25,7539.5,166.0
2026-07-13 23:02:00,7539.75,7539.75,7538.0,7538.25,428.0
2026-07-13 23:03:00,7538.0,7538.25,7537.25,7537.5,536.0
2026-07-13 23:04:00,7537.5,7538.25,7537.0,7538.0,184.0
2026-07-13 23:05:00,7538.0,7538.0,7537.0,7537.75,106.0
2026-07-13 23:06:00,7537.5,7538.25,7536.75,7538.25,249.0
2026-07-13 23:07:00,7538.0,7538.25,7537.0,7537.25,142.0
2026-07-13 23:08:00,7537.25,7537.75,7536.75,7537.75,111.0
2026-07-13 23:09:00,7537.5,7538.25,7537.25,7537.5,143.0
2026-07-13 23:10:00,7537.5,7537.5,7536.25,7536.75,354.0
2026-07-13 23:11:00,7536.75,7537.75,7536.5,7536.5,207.0
2026-07-13 23:12:00,7536.5,7536.75,7536.0,7536.0,222.0
2026-07-13 23:13:00,7536.0,7536.25,7535.0,7535.25,679.0
2026-07-13 23:14:00,7535.0,7535.5,7534.5,7535.25,211.0
2026-07-13 23:15:00,7535.25,7535.25,7534.0,7534.25,172.0
2026-07-13 23:16:00,7534.5,7534.75,7534.25,7534.75,103.0
2026-07-13 23:17:00,7534.75,7535.5,7531.5,7532.25,476.0
2026-07-13 23:18:00,7532.25,7533.0,7532.0,7533.0,165.0
2026-07-13 23:19:00,7532.75,7533.75,7532.25,7533.5,184.0
2026-07-13 23:20:00,7533.75,7533.75,7532.25,7532.75,214.0
2026-07-13 23:21:00,7532.5,7533.25,7532.25,7532.5,195.0
2026-07-13 23:22:00,7532.5,7533.25,7532.5,7533.25,101.0
2026-07-13 23:23:00,7533.5,7536.75,7533.25,7536.75,341.0
2026-07-13 23:24:00,7537.0,7537.5,7535.0,7535.5,259.0
2026-07-13 23:25:00,7535.25,7536.0,7535.0,7535.75,107.0
2026-07-13 23:26:00,7536.0,7537.25,7536.0,7536.25,145.0
2026-07-13 23:27:00,7536.25,7537.75,7536.25,7537.75,125.0
2026-07-13 23:28:00,7537.75,7539.25,7537.75,7538.75,158.0
2026-07-13 23:29:00,7538.75,7540.5,7538.25,7540.25,328.0
2026-07-13 23:30:00,7540.25,7543.5,7539.5,7541.75,405.0
2026-07-13 23:31:00,7541.5,7543.25,7541.25,7543.25,186.0
2026-07-13 23:32:00,7543.0,7544.25,7540.0,7540.0,331.0
2026-07-13 23:33:00,7540.0,7540.5,7537.25,7538.75,253.0
2026-07-13 23:34:00,7538.25,7538.25,7536.5,7537.0,130.0
2026-07-13 23:35:00,7537.0,7539.0,7536.5,7537.75,207.0
2026-07-13 23:36:00,7537.5,7537.5,7536.5,7536.75,88.0
2026-07-13 23:37:00,7536.75,7539.0,7536.25,7538.5,221.0
2026-07-13 23:38:00,7538.25,7539.75,7537.75,7538.25,258.0
2026-07-13 23:39:00,7538.0,7538.75,7537.25,7538.25,204.0
2026-07-13 23:40:00,7538.5,7538.5,7536.25,7536.5,250.0
2026-07-13 23:41:00,7536.5,7538.25,7536.5,7536.75,216.0
2026-07-13 23:42:00,7537.5,7538.25,7535.0,7535.75,192.0
2026-07-13 23:43:00,7535.75,7536.25,7535.0,7536.0,162.0
2026-07-13 23:44:00,7535.75,7538.25,7535.75,7536.25,218.0
2026-07-13 23:45:00,7536.0,7536.75,7535.25,7536.25,160.0
2026-07-13 23:46:00,7536.25,7537.5,7535.75,7537.25,166.0
2026-07-13 23:47:00,7537.25,7539.75,7536.75,7539.25,241.0
2026-07-13 23:48:00,7539.0,7541.25,7538.5,7540.75,251.0
2026-07-13 23:49:00,7540.75,7541.75,7539.0,7539.0,193.0
2026-07-13 23:50:00,7538.75,7540.5,7538.75,7540.5,86.0
2026-07-13 23:51:00,7540.25,7542.5,7539.75,7541.75,150.0
2026-07-13 23:52:00,7542.0,7544.0,7541.25,7543.5,156.0
2026-07-13 23:53:00,7543.25,7544.25,7543.25,7543.5,181.0
2026-07-13 23:54:00,7543.5,7543.5,7543.0,7543.5,106.0
2026-07-13 23:55:00,7543.25,7544.75,7542.75,7544.0,179.0
2026-07-13 23:56:00,7544.0,7544.5,7543.25,7543.25,98.0
2026-07-13 23:57:00,7543.5,7543.5,7542.5,7542.75,76.0
2026-07-13 23:58:00,7542.75,7544.0,7542.0,7544.0,74.0
2026-07-14 00:09:00,7542.5,7542.5,7540.75,7541.25,89.0
2026-07-14 00:10:00,7541.25,7541.25,7539.25,7540.0,134.0
2026-07-14 00:11:00,7540.25,7540.25,7539.25,7539.5,62.0
2026-07-14 00:12:00,7539.25,7539.75,7538.75,7539.75,133.0
2026-07-14 00:13:00,7539.75,7540.75,7538.5,7540.75,133.0
2026-07-14 00:14:00,7541.0,7542.0,7540.75,7541.0,104.0
2026-07-14 00:15:00,7540.75,7540.75,7539.5,7540.0,102.0
2026-07-14 00:16:00,7540.25,7541.0,7539.75,7540.25,68.0
2026-07-14 00:17:00,7540.25,7541.0,7540.25,7541.0,41.0
2026-07-14 00:18:00,7540.75,7541.25,7540.0,7541.25,57.0
2026-07-14 00:19:00,7541.75,7542.5,7541.75,7542.25,90.0
2026-07-14 00:20:00,7542.0,7545.0,7542.0,7544.75,120.0
2026-07-14 00:21:00,7544.75,7545.25,7544.75,7545.25,96.0
2026-07-14 00:22:00,7545.25,7546.0,7545.0,7545.5,125.0
2026-07-14 00:23:00,7545.75,7546.5,7545.0,7545.75,121.0
2026-07-14 00:24:00,7545.75,7546.25,7544.5,7546.0,120.0
2026-07-14 00:25:00,7546.0,7546.5,7545.5,7545.75,39.0
2026-07-14 00:26:00,7545.75,7547.0,7545.75,7547.0,105.0
2026-07-14 00:27:00,7546.75,7550.0,7546.75,7549.25,319.0
2026-07-14 00:28:00,7549.25,7549.5,7549.0,7549.0,101.0
2026-07-14 00:29:00,7549.0,7549.25,7548.25,7548.75,115.0
2026-07-14 00:30:00,7548.75,7550.0,7548.0,7549.25,287.0
2026-07-14 00:31:00,7549.25,7549.75,7548.75,7549.5,66.0
2026-07-14 00:32:00,7549.5,7550.0,7549.0,7550.0,129.0
2026-07-14 00:33:00,7550.25,7551.5,7550.25,7550.5,156.0
2026-07-14 00:34:00,7550.75,7552.0,7550.5,7551.75,91.0
2026-07-14 00:35:00,7552.0,7552.5,7551.5,7552.25,110.0
2026-07-14 00:36:00,7552.5,7553.5,7552.25,7552.75,159.0
2026-07-14 00:37:00,7552.75,7554.25,7552.25,7554.0,175.0
2026-07-14 00:38:00,7553.75,7555.0,7553.75,7554.75,110.0
2026-07-14 00:39:00,7554.75,7556.5,7554.5,7556.25,319.0
2026-07-14 00:40:00,7556.0,7556.25,7555.25,7555.25,165.0
2026-07-14 00:41:00,7555.0,7555.5,7554.25,7554.75,156.0
2026-07-14 00:42:00,7555.0,7556.5,7554.75,7556.0,111.0
2026-07-14 00:43:00,7555.75,7557.0,7555.5,7556.75,210.0
2026-07-14 00:44:00,7556.75,7557.0,7555.75,7556.0,133.0
2026-07-14 00:45:00,7556.0,7557.75,7555.75,7557.5,168.0
2026-07-14 00:46:00,7557.75,7558.0,7557.0,7558.0,75.0
2026-07-14 00:47:00,7558.0,7558.5,7557.75,7558.25,132.0
2026-07-14 00:48:00,7558.0,7559.5,7558.0,7559.0,179.0
2026-07-14 00:49:00,7558.75,7559.5,7558.25,7558.75,183.0
2026-07-14 00:50:00,7558.75,7559.75,7558.0,7558.0,165.0
2026-07-14 00:51:00,7558.0,7559.0,7558.0,7558.5,86.0
2026-07-14 00:52:00,7558.5,7558.75,7557.75,7558.5,121.0
2026-07-14 00:53:00,7558.75,7558.75,7557.25,7557.25,84.0
2026-07-14 00:54:00,7557.5,7558.5,7556.25,7558.5,128.0
2026-07-14 00:55:00,7558.5,7559.5,7558.25,7559.0,146.0
2026-07-14 00:56:00,7559.0,7559.25,7558.25,7559.25,72.0
2026-07-14 00:57:00,7559.25,7559.75,7559.0,7559.5,91.0
2026-07-14 00:58:00,7559.0,7559.75,7559.0,7559.75,69.0
2026-07-14 00:59:00,7559.75,7561.5,7559.75,7560.25,310.0
2026-07-14 01:00:00,7560.5,7560.75,7559.25,7559.75,158.0
2026-07-14 01:01:00,7560.0,7560.0,7558.5,7559.0,170.0
2026-07-14 01:02:00,7559.0,7559.75,7558.0,7559.25,147.0
2026-07-14 01:03:00,7559.0,7561.25,7559.0,7561.0,130.0
2026-07-14 01:04:00,7561.0,7561.5,7560.5,7560.75,133.0
2026-07-14 01:05:00,7560.5,7561.0,7560.0,7560.5,154.0
2026-07-14 01:06:00,7560.5,7560.75,7559.75,7560.75,176.0
2026-07-14 01:07:00,7560.5,7561.5,7560.5,7561.0,198.0
2026-07-14 01:08:00,7561.0,7561.25,7560.25,7561.0,191.0
2026-07-14 01:09:00,7561.0,7563.0,7561.0,7561.75,289.0
2026-07-14 01:10:00,7561.75,7562.25,7561.75,7562.25,116.0
2026-07-14 01:11:00,7562.25,7562.75,7561.75,7562.0,142.0
2026-07-14 01:12:00,7562.0,7562.5,7561.5,7561.5,130.0
2026-07-14 01:13:00,7561.5,7562.25,7561.25,7562.0,66.0
2026-07-14 01:14:00,7562.0,7563.25,7562.0,7562.5,237.0
2026-07-14 01:15:00,7562.5,7563.0,7562.0,7562.0,120.0
2026-07-14 01:16:00,7562.25,7562.75,7561.5,7562.0,122.0
2026-07-14 01:17:00,7562.25,7562.25,7561.75,7562.0,48.0
2026-07-14 01:18:00,7562.25,7563.25,7561.75,7562.0,114.0
2026-07-14 01:19:00,7562.0,7562.5,7561.75,7562.5,54.0
2026-07-14 01:20:00,7562.75,7564.0,7562.75,7563.25,174.0
2026-07-14 01:21:00,7563.5,7566.25,7563.25,7566.0,665.0
2026-07-14 01:22:00,7566.0,7567.25,7566.0,7567.0,672.0
2026-07-14 01:23:00,7567.25,7568.75,7567.25,7568.0,442.0
2026-07-14 01:24:00,7568.0,7568.5,7567.5,7567.5,412.0
2026-07-14 01:25:00,7567.25,7568.0,7566.75,7568.0,313.0
2026-07-14 01:26:00,7568.25,7569.5,7567.5,7569.25,394.0
2026-07-14 01:27:00,7569.25,7569.25,7568.25,7569.25,127.0
2026-07-14 01:28:00,7569.25,7569.5,7568.25,7568.5,120.0
2026-07-14 01:29:00,7568.5,7569.75,7568.5,7569.75,166.0
2026-07-14 01:30:00,7570.0,7573.0,7570.0,7572.75,588.0
2026-07-14 01:31:00,7572.75,7573.75,7572.25,7572.25,306.0
2026-07-14 01:32:00,7572.0,7572.75,7571.75,7572.75,249.0
2026-07-14 01:33:00,7572.5,7573.0,7572.0,7572.25,175.0
2026-07-14 01:34:00,7572.25,7572.5,7569.25,7569.25,295.0
2026-07-14 01:35:00,7569.5,7570.75,7569.5,7569.75,167.0
2026-07-14 01:36:00,7569.75,7570.0,7569.25,7569.75,219.0
2026-07-14 01:37:00,7569.75,7570.25,7569.5,7569.5,106.0
2026-07-14 01:38:00,7569.25,7569.5,7568.5,7569.0,118.0
2026-07-14 01:39:00,7568.75,7569.0,7568.25,7569.0,179.0
2026-07-14 01:40:00,7569.0,7569.25,7567.5,7568.0,134.0
2026-07-14 01:41:00,7568.0,7568.0,7567.25,7567.5,118.0
2026-07-14 01:42:00,7567.5,7568.75,7567.0,7568.5,180.0
2026-07-14 01:43:00,7568.25,7569.25,7568.0,7568.5,108.0
2026-07-14 01:44:00,7568.75,7569.5,7568.5,7568.75,75.0
2026-07-14 01:45:00,7569.0,7570.0,7568.0,7568.0,99.0
2026-07-14 01:46:00,7567.75,7569.0,7567.75,7568.0,113.0
2026-07-14 01:47:00,7568.0,7569.0,7567.5,7568.25,81.0
2026-07-14 01:48:00,7568.5,7569.25,7568.0,7569.25,58.0
2026-07-14 01:49:00,7569.25,7570.0,7569.0,7569.25,77.0
2026-07-14 01:50:00,7569.5,7569.5,7568.5,7569.0,91.0
2026-07-14 01:51:00,7569.25,7569.25,7568.25,7568.5,66.0
2026-07-14 01:52:00,7568.5,7569.0,7568.0,7568.0,86.0
2026-07-14 01:53:00,7568.25,7569.75,7568.0,7569.25,114.0
2026-07-14 01:54:00,7569.25,7569.5,7568.75,7569.25,118.0
2026-07-14 01:55:00,7569.5,7569.5,7568.75,7569.0,50.0
2026-07-14 01:56:00,7569.0,7569.25,7568.25,7568.25,79.0
2026-07-14 01:57:00,7568.5,7569.75,7568.5,7569.75,115.0
2026-07-14 01:58:00,7569.75,7570.25,7569.5,7569.5,77.0
2026-07-14 01:59:00,7569.5,7569.5,7568.0,7568.25,218.0
2026-07-14 02:00:00,7568.0,7570.25,7567.75,7570.25,263.0
2026-07-14 02:01:00,7570.25,7571.0,7570.25,7571.0,188.0
2026-07-14 02:02:00,7571.0,7571.25,7569.75,7570.25,118.0
2026-07-14 02:03:00,7570.0,7570.25,7568.75,7569.5,121.0
2026-07-14 02:04:00,7569.25,7570.0,7569.25,7569.75,131.0
2026-07-14 02:05:00,7569.75,7570.75,7569.5,7570.75,123.0
2026-07-14 02:06:00,7570.75,7571.25,7570.25,7571.0,130.0
2026-07-14 02:07:00,7570.75,7572.25,7570.75,7571.5,149.0
2026-07-14 02:08:00,7571.5,7571.75,7570.5,7570.75,165.0
2026-07-14 02:09:00,7570.75,7571.75,7570.0,7571.5,194.0
2026-07-14 02:10:00,7571.5,7572.75,7571.5,7572.75,121.0
2026-07-14 02:11:00,7572.5,7572.5,7571.5,7572.0,115.0
2026-07-14 02:12:00,7572.25,7572.5,7570.75,7571.5,243.0
2026-07-14 02:13:00,7571.5,7573.0,7571.25,7572.75,177.0
2026-07-14 02:14:00,7572.75,7573.5,7572.5,7573.5,156.0
2026-07-14 02:15:00,7573.5,7574.0,7573.25,7573.75,184.0
2026-07-14 02:16:00,7574.0,7574.25,7572.0,7573.0,691.0
2026-07-14 02:17:00,7573.25,7573.5,7572.0,7573.0,239.0
2026-07-14 02:18:00,7573.0,7573.5,7572.75,7573.25,80.0
2026-07-14 02:19:00,7573.25,7574.75,7573.25,7574.0,216.0
2026-07-14 02:20:00,7573.75,7575.25,7573.75,7574.75,177.0
2026-07-14 02:21:00,7574.75,7574.75,7573.5,7573.75,182.0
2026-07-14 02:22:00,7573.5,7573.5,7572.0,7572.5,165.0
2026-07-14 02:23:00,7572.75,7572.75,7571.0,7571.5,144.0
2026-07-14 02:24:00,7571.75,7571.75,7570.0,7570.0,280.0
2026-07-14 02:25:00,7570.0,7570.0,7568.75,7569.25,395.0
2026-07-14 02:26:00,7569.25,7569.25,7567.75,7568.0,321.0
2026-07-14 02:27:00,7568.0,7568.25,7567.5,7568.0,277.0
2026-07-14 02:28:00,7568.0,7568.0,7566.0,7567.0,366.0
2026-07-14 02:29:00,7567.0,7568.0,7566.75,7567.5,193.0
2026-07-14 02:30:00,7567.5,7569.75,7566.75,7569.75,212.0
2026-07-14 02:31:00,7569.75,7570.0,7569.0,7569.5,168.0
2026-07-14 02:32:00,7569.5,7570.5,7569.25,7570.0,189.0
2026-07-14 02:33:00,7569.75,7570.0,7569.0,7569.5,165.0
2026-07-14 02:34:00,7569.5,7569.75,7568.5,7568.75,162.0
2026-07-14 02:35:00,7568.5,7569.25,7567.5,7568.0,332.0
2026-07-14 02:36:00,7568.25,7568.5,7567.0,7567.75,94.0
2026-07-14 02:37:00,7568.0,7568.0,7566.75,7566.75,133.0
2026-07-14 02:38:00,7566.75,7567.75,7566.5,7566.75,101.0
2026-07-14 02:39:00,7566.75,7567.0,7566.25,7566.5,144.0
2026-07-14 02:40:00,7566.5,7566.5,7565.25,7566.0,216.0
2026-07-14 02:41:00,7566.0,7566.5,7565.75,7565.75,62.0
2026-07-14 02:42:00,7565.5,7566.0,7564.0,7564.0,214.0
2026-07-14 02:43:00,7564.25,7564.25,7563.25,7564.0,112.0
2026-07-14 02:44:00,7564.25,7564.25,7563.25,7564.0,81.0
2026-07-14 02:45:00,7563.75,7563.75,7562.5,7562.75,174.0
2026-07-14 02:46:00,7562.75,7563.25,7561.75,7562.0,128.0
2026-07-14 02:47:00,7562.0,7562.25,7561.25,7561.75,163.0
2026-07-14 02:48:00,7561.75,7561.75,7560.5,7560.5,119.0
2026-07-14 02:49:00,7560.5,7562.5,7560.5,7561.5,166.0
2026-07-14 02:50:00,7561.75,7562.25,7561.75,7562.25,88.0
2026-07-14 02:51:00,7562.5,7563.0,7562.0,7562.25,64.0
2026-07-14 02:52:00,7562.25,7562.25,7561.5,7561.75,67.0
2026-07-14 02:53:00,7561.75,7561.75,7561.25,7561.75,39.0
2026-07-14 02:54:00,7561.75,7561.75,7560.25,7560.25,100.0
2026-07-14 02:55:00,7560.25,7561.75,7560.0,7561.25,169.0
2026-07-14 02:56:00,7561.0,7561.0,7559.25,7559.25,145.0
2026-07-14 02:57:00,7559.5,7560.25,7559.25,7560.25,226.0
2026-07-14 02:58:00,7560.25,7560.5,7560.0,7560.0,98.0
2026-07-14 02:59:00,7560.25,7560.5,7559.0,7559.0,254.0
2026-07-14 03:00:00,7559.25,7559.5,7555.75,7557.75,928.0
2026-07-14 03:01:00,7557.75,7558.75,7557.5,7557.5,459.0
2026-07-14 03:02:00,7557.25,7557.5,7556.0,7556.5,237.0
2026-07-14 03:03:00,7556.5,7558.25,7556.25,7558.25,147.0
2026-07-14 03:04:00,7558.25,7562.25,7558.0,7561.75,417.0
2026-07-14 03:05:00,7562.0,7564.75,7561.5,7564.0,381.0
2026-07-14 03:06:00,7563.75,7565.25,7563.5,7564.5,352.0
2026-07-14 03:07:00,7564.5,7565.5,7564.0,7564.5,282.0
2026-07-14 03:08:00,7564.25,7565.5,7563.75,7564.75,214.0
2026-07-14 03:09:00,7564.75,7566.0,7564.5,7564.5,190.0
2026-07-14 03:10:00,7564.75,7564.75,7562.0,7562.5,266.0
2026-07-14 03:11:00,7562.25,7562.75,7561.75,7562.25,147.0
2026-07-14 03:12:00,7562.0,7564.5,7562.0,7563.0,197.0
2026-07-14 03:13:00,7563.0,7563.0,7561.75,7562.0,297.0
2026-07-14 03:14:00,7561.75,7563.5,7561.5,7563.0,408.0
2026-07-14 03:15:00,7563.0,7563.5,7561.75,7561.75,228.0
2026-07-14 03:16:00,7561.75,7562.75,7561.75,7562.5,129.0
2026-07-14 03:17:00,7562.5,7562.5,7560.25,7561.5,137.0
2026-07-14 03:18:00,7561.5,7562.0,7560.25,7560.5,133.0
2026-07-14 03:19:00,7560.5,7561.5,7560.25,7560.75,171.0
2026-07-14 03:20:00,7560.75,7562.0,7559.5,7561.75,161.0
2026-07-14 03:21:00,7561.75,7561.75,7559.25,7559.25,138.0
2026-07-14 03:22:00,7559.5,7559.75,7557.25,7559.25,245.0
2026-07-14 03:23:00,7559.5,7561.0,7559.25,7561.0,178.0
2026-07-14 03:24:00,7561.25,7561.5,7559.5,7560.75,158.0
2026-07-14 03:25:00,7560.75,7562.75,7560.5,7560.5,177.0
2026-07-14 03:26:00,7560.25,7563.0,7560.25,7562.75,117.0
2026-07-14 03:27:00,7562.5,7563.5,7560.75,7561.5,395.0
2026-07-14 03:28:00,7561.75,7561.75,7560.25,7561.0,219.0
2026-07-14 03:29:00,7561.25,7562.0,7560.5,7560.5,93.0
2026-07-14 03:30:00,7560.5,7560.75,7558.25,7558.75,207.0
2026-07-14 03:31:00,7558.75,7560.25,7558.25,7558.5,189.0
2026-07-14 03:32:00,7558.5,7559.75,7558.25,7558.75,179.0
2026-07-14 03:33:00,7558.75,7558.75,7556.25,7558.75,314.0
2026-07-14 03:34:00,7558.75,7561.5,7558.75,7560.25,154.0
2026-07-14 03:35:00,7560.25,7560.25,7558.5,7558.5,238.0
2026-07-14 03:36:00,7558.75,7560.25,7558.0,7560.25,178.0
2026-07-14 03:37:00,7560.25,7560.25,7558.5,7559.5,194.0
2026-07-14 03:38:00,7559.25,7561.5,7559.0,7561.0,272.0
2026-07-14 03:39:00,7561.0,7561.0,7560.0,7560.25,63.0
2026-07-14 03:40:00,7560.25,7560.5,7558.0,7558.0,77.0
2026-07-14 03:41:00,7558.0,7559.25,7557.25,7557.5,101.0
2026-07-14 03:42:00,7557.0,7557.75,7556.75,7557.0,128.0
2026-07-14 03:43:00,7557.0,7557.0,7555.25,7556.25,223.0
2026-07-14 03:44:00,7556.25,7556.75,7555.0,7555.75,116.0
2026-07-14 03:45:00,7555.5,7555.75,7553.75,7554.0,235.0
2026-07-14 03:46:00,7554.0,7555.25,7552.5,7554.75,279.0
2026-07-14 03:47:00,7554.75,7557.5,7554.25,7557.25,186.0
2026-07-14 03:48:00,7557.25,7558.0,7556.0,7557.75,139.0
2026-07-14 03:49:00,7557.75,7560.0,7557.25,7560.0,276.0
2026-07-14 03:50:00,7560.0,7560.75,7559.25,7559.75,178.0
2026-07-14 03:51:00,7559.75,7561.0,7559.75,7560.5,108.0
2026-07-14 03:52:00,7560.25,7561.0,7558.75,7561.0,120.0
2026-07-14 03:53:00,7561.25,7562.0,7560.75,7561.0,142.0
2026-07-14 03:54:00,7561.0,7562.25,7560.75,7561.0,108.0
2026-07-14 03:55:00,7561.0,7561.5,7559.5,7560.5,123.0
2026-07-14 03:56:00,7560.5,7560.75,7558.75,7559.25,151.0
2026-07-14 03:57:00,7559.0,7559.75,7557.5,7558.5,131.0
2026-07-14 03:58:00,7558.5,7559.0,7558.0,7558.25,129.0
2026-07-14 03:59:00,7558.5,7559.0,7558.0,7559.0,147.0
2026-07-14 04:00:00,7559.0,7560.0,7557.5,7559.25,781.0
2026-07-14 04:01:00,7559.0,7561.0,7558.75,7558.75,701.0
2026-07-14 04:02:00,7558.75,7561.0,7558.75,7560.5,573.0
2026-07-14 04:03:00,7560.0,7560.5,7554.0,7556.0,418.0
2026-07-14 04:04:00,7556.0,7558.5,7556.0,7558.25,149.0
2026-07-14 04:05:00,7558.5,7558.75,7555.25,7555.5,339.0
2026-07-14 04:06:00,7555.5,7556.0,7554.75,7555.75,290.0
2026-07-14 04:07:00,7555.75,7556.25,7552.75,7552.75,343.0
2026-07-14 04:08:00,7552.75,7554.5,7552.5,7554.5,385.0
2026-07-14 04:09:00,7554.5,7555.25,7553.5,7553.5,157.0
2026-07-14 04:10:00,7553.5,7555.5,7553.5,7555.25,165.0
2026-07-14 04:11:00,7555.5,7555.5,7553.75,7554.75,246.0
2026-07-14 04:12:00,7555.0,7556.25,7554.5,7556.25,143.0
2026-07-14 04:13:00,7556.25,7557.75,7555.0,7557.75,217.0
2026-07-14 04:14:00,7557.5,7557.75,7556.75,7557.25,113.0
2026-07-14 04:15:00,7557.5,7559.5,7557.25,7558.25,346.0
2026-07-14 04:16:00,7558.5,7561.25,7558.5,7561.0,176.0
2026-07-14 04:17:00,7561.0,7561.5,7560.5,7561.25,147.0
2026-07-14 04:18:00,7561.0,7562.25,7560.75,7562.0,158.0
2026-07-14 04:19:00,7561.5,7562.0,7561.0,7561.5,90.0
2026-07-14 04:20:00,7561.0,7561.5,7559.5,7560.5,228.0
2026-07-14 04:21:00,7560.25,7561.25,7560.25,7560.25,87.0
2026-07-14 04:22:00,7560.0,7561.75,7560.0,7560.25,159.0
2026-07-14 04:23:00,7559.75,7560.75,7559.25,7560.25,347.0
2026-07-14 04:24:00,7560.25,7561.25,7559.25,7559.75,121.0
2026-07-14 04:25:00,7560.0,7561.75,7560.0,7561.5,191.0
2026-07-14 04:26:00,7561.5,7562.5,7561.5,7562.25,184.0
2026-07-14 04:27:00,7562.25,7564.5,7562.0,7563.25,358.0
2026-07-14 04:28:00,7563.25,7563.5,7562.0,7563.0,250.0
2026-07-14 04:29:00,7562.75,7563.0,7562.0,7562.75,112.0
2026-07-14 04:30:00,7562.5,7563.75,7560.5,7563.75,247.0
2026-07-14 04:31:00,7563.5,7564.0,7563.25,7563.25,140.0
2026-07-14 04:32:00,7563.25,7563.5,7561.5,7562.0,130.0
2026-07-14 04:33:00,7562.0,7562.5,7561.25,7562.0,148.0
2026-07-14 04:34:00,7562.25,7562.75,7562.25,7562.5,69.0
2026-07-14 04:35:00,7562.25,7562.75,7561.0,7562.0,149.0
2026-07-14 04:36:00,7562.25,7562.75,7561.75,7562.75,212.0
2026-07-14 04:37:00,7562.75,7562.75,7561.0,7561.25,277.0
2026-07-14 04:38:00,7561.0,7561.0,7559.5,7560.5,148.0
2026-07-14 04:39:00,7560.75,7560.75,7559.5,7560.75,171.0
2026-07-14 04:40:00,7560.75,7561.5,7559.75,7559.75,121.0
2026-07-14 04:41:00,7560.0,7561.0,7559.75,7559.75,170.0
2026-07-14 04:42:00,7559.75,7560.25,7558.75,7560.25,150.0
2026-07-14 04:43:00,7560.25,7560.5,7560.0,7560.25,62.0
2026-07-14 04:44:00,7560.25,7560.5,7559.5,7559.75,93.0
2026-07-14 04:45:00,7560.0,7560.0,7557.75,7558.0,142.0
2026-07-14 04:46:00,7558.0,7559.0,7557.5,7557.5,86.0
2026-07-14 04:47:00,7557.5,7558.25,7556.75,7558.25,183.0
2026-07-14 04:48:00,7558.25,7558.25,7555.5,7556.0,172.0
2026-07-14 04:49:00,7556.0,7556.0,7554.5,7554.75,124.0
2026-07-14 04:50:00,7554.75,7554.75,7554.0,7554.0,113.0
2026-07-14 04:51:00,7554.25,7555.0,7552.75,7555.0,273.0
2026-07-14 04:52:00,7555.0,7555.5,7554.5,7555.0,170.0
2026-07-14 04:53:00,7554.75,7554.75,7554.0,7554.75,93.0
2026-07-14 04:54:00,7554.75,7557.5,7554.75,7557.0,152.0
2026-07-14 04:55:00,7557.0,7557.75,7556.75,7557.0,71.0
2026-07-14 04:56:00,7557.0,7557.5,7556.25,7556.75,105.0
2026-07-14 04:57:00,7556.75,7557.25,7554.5,7554.75,175.0
2026-07-14 04:58:00,7554.75,7556.0,7554.0,7555.75,112.0
2026-07-14 04:59:00,7555.5,7555.5,7554.25,7554.25,104.0
2026-07-14 05:00:00,7554.5,7554.5,7551.25,7554.25,381.0
2026-07-14 05:01:00,7554.0,7555.25,7553.25,7555.25,258.0
2026-07-14 05:02:00,7555.25,7556.5,7555.25,7555.5,164.0
2026-07-14 05:03:00,7555.5,7556.0,7554.0,7556.0,100.0
2026-07-14 05:04:00,7556.25,7558.5,7556.0,7558.0,180.0
2026-07-14 05:05:00,7558.25,7559.25,7557.0,7557.75,180.0
2026-07-14 05:06:00,7557.5,7557.75,7555.5,7556.5,261.0
2026-07-14 05:07:00,7556.25,7557.5,7556.25,7557.0,292.0
2026-07-14 05:08:00,7557.0,7560.25,7557.0,7560.0,368.0
2026-07-14 05:09:00,7560.0,7561.0,7559.75,7560.5,306.0
2026-07-14 05:10:00,7560.5,7560.75,7558.75,7560.75,331.0
2026-07-14 05:11:00,7561.0,7563.5,7560.75,7561.75,429.0
2026-07-14 05:12:00,7561.25,7563.25,7561.25,7563.0,165.0
2026-07-14 05:13:00,7562.75,7563.75,7561.75,7562.0,180.0
2026-07-14 05:14:00,7562.0,7563.0,7561.75,7563.0,123.0
2026-07-14 05:15:00,7562.75,7563.5,7561.5,7563.25,187.0
2026-07-14 05:16:00,7563.25,7564.0,7562.0,7563.0,245.0
2026-07-14 05:17:00,7562.75,7562.75,7560.0,7560.25,169.0
2026-07-14 05:18:00,7560.0,7560.25,7557.75,7558.25,501.0
2026-07-14 05:19:00,7558.25,7559.75,7558.25,7559.25,59.0
2026-07-14 05:20:00,7559.5,7559.75,7558.25,7558.5,85.0
2026-07-14 05:21:00,7558.5,7559.75,7558.5,7559.25,85.0
2026-07-14 05:22:00,7559.25,7560.0,7558.75,7559.25,79.0
2026-07-14 05:23:00,7559.0,7559.5,7557.75,7558.0,74.0
2026-07-14 05:24:00,7558.0,7558.75,7557.0,7558.25,84.0
2026-07-14 05:25:00,7558.25,7558.5,7556.75,7556.75,156.0
2026-07-14 05:26:00,7557.25,7557.75,7556.75,7557.75,141.0
2026-07-14 05:27:00,7557.5,7557.75,7556.25,7556.5,124.0
2026-07-14 05:28:00,7556.5,7557.25,7556.0,7556.25,148.0
2026-07-14 05:29:00,7556.25,7556.25,7554.0,7554.25,194.0
2026-07-14 05:30:00,7554.25,7556.25,7554.25,7555.75,139.0
2026-07-14 05:31:00,7555.75,7556.0,7555.25,7555.25,71.0
2026-07-14 05:32:00,7555.25,7556.75,7554.5,7556.0,148.0
2026-07-14 05:33:00,7556.0,7557.0,7555.5,7557.0,196.0
2026-07-14 05:34:00,7556.75,7557.25,7555.75,7556.0,208.0
2026-07-14 05:35:00,7556.0,7557.5,7555.75,7557.5,120.0
2026-07-14 05:36:00,7557.5,7557.5,7556.5,7556.5,51.0
2026-07-14 05:37:00,7556.25,7557.75,7556.25,7557.0,103.0
2026-07-14 05:38:00,7557.0,7557.5,7557.0,7557.25,82.0
2026-07-14 05:39:00,7557.5,7557.75,7557.25,7557.75,38.0
2026-07-14 05:40:00,7557.5,7558.25,7557.5,7558.25,77.0
2026-07-14 05:41:00,7558.25,7558.5,7557.25,7557.5,170.0
2026-07-14 05:42:00,7557.5,7558.75,7557.0,7558.5,150.0
2026-07-14 05:43:00,7558.5,7559.0,7558.0,7558.25,185.0
2026-07-14 05:44:00,7558.25,7558.25,7557.5,7557.5,75.0
2026-07-14 05:45:00,7557.25,7558.5,7557.0,7558.25,113.0
2026-07-14 05:46:00,7558.5,7558.5,7557.25,7557.75,57.0
2026-07-14 05:47:00,7557.75,7559.5,7557.5,7559.5,218.0
2026-07-14 05:48:00,7559.5,7561.25,7559.5,7560.5,153.0
2026-07-14 05:49:00,7560.5,7561.75,7560.25,7561.5,84.0
2026-07-14 05:50:00,7561.25,7561.25,7559.75,7560.5,104.0
2026-07-14 05:51:00,7560.5,7560.75,7558.5,7558.75,242.0
2026-07-14 05:52:00,7558.75,7559.25,7558.0,7558.0,100.0
2026-07-14 05:53:00,7558.0,7559.25,7557.75,7558.75,96.0
2026-07-14 05:54:00,7558.5,7558.75,7557.75,7558.75,134.0
2026-07-14 05:55:00,7558.75,7558.75,7557.75,7558.0,99.0
2026-07-14 05:56:00,7558.25,7558.5,7556.75,7557.25,57.0
2026-07-14 05:57:00,7557.0,7558.25,7557.0,7558.25,50.0
2026-07-14 05:58:00,7558.25,7558.25,7557.5,7557.5,38.0
2026-07-14 05:59:00,7557.5,7557.75,7557.0,7557.5,79.0
2026-07-14 06:00:00,7557.75,7557.75,7556.25,7557.75,123.0
2026-07-14 06:01:00,7557.75,7558.5,7557.5,7558.25,64.0
2026-07-14 06:02:00,7558.25,7559.25,7558.25,7558.75,92.0
2026-07-14 06:03:00,7558.75,7559.0,7557.75,7558.25,72.0
2026-07-14 06:04:00,7558.0,7559.5,7558.0,7559.5,59.0
2026-07-14 06:05:00,7560.0,7560.0,7558.0,7558.25,48.0
2026-07-14 06:06:00,7558.25,7559.25,7558.0,7559.0,87.0
2026-07-14 06:07:00,7559.0,7560.25,7559.0,7559.5,53.0
2026-07-14 06:08:00,7559.5,7560.0,7559.5,7560.0,21.0
2026-07-14 06:09:00,7560.25,7560.25,7559.75,7560.25,51.0
2026-07-14 06:10:00,7560.25,7560.5,7560.0,7560.25,107.0
2026-07-14 06:11:00,7560.5,7560.75,7560.0,7560.0,96.0
2026-07-14 06:12:00,7560.0,7560.25,7559.5,7559.75,69.0
2026-07-14 06:13:00,7559.75,7559.75,7557.5,7557.5,184.0
2026-07-14 06:14:00,7557.25,7558.0,7556.25,7557.5,233.0
2026-07-14 06:15:00,7557.75,7558.0,7557.25,7557.75,62.0
2026-07-14 06:16:00,7557.75,7558.25,7557.5,7557.5,66.0
2026-07-14 06:17:00,7557.25,7557.75,7556.5,7557.75,68.0
2026-07-14 06:18:00,7557.5,7558.25,7557.25,7558.25,129.0
2026-07-14 06:19:00,7558.5,7559.0,7558.0,7558.0,102.0
2026-07-14 06:20:00,7558.0,7558.25,7557.5,7557.75,67.0
2026-07-14 06:21:00,7557.5,7557.75,7557.0,7557.25,36.0
2026-07-14 06:22:00,7557.25,7558.0,7556.5,7556.5,70.0
2026-07-14 06:23:00,7557.0,7557.5,7556.75,7557.25,22.0
2026-07-14 06:24:00,7557.5,7558.25,7557.5,7558.0,50.0
2026-07-14 06:25:00,7557.75,7558.0,7557.0,7557.25,89.0
2026-07-14 06:26:00,7557.0,7557.0,7555.5,7556.0,55.0
2026-07-14 06:27:00,7556.25,7557.0,7556.25,7557.0,48.0
2026-07-14 06:28:00,7557.0,7557.5,7556.75,7557.25,100.0
2026-07-14 06:29:00,7557.5,7558.5,7557.25,7558.5,57.0
2026-07-14 06:30:00,7558.25,7559.0,7557.75,7557.75,78.0
2026-07-14 06:31:00,7557.75,7561.25,7553.75,7554.75,1345.0
2026-07-14 06:32:00,7555.0,7556.75,7554.5,7555.5,178.0
2026-07-14 06:33:00,7555.5,7557.25,7555.25,7556.5,142.0
2026-07-14 06:34:00,7556.5,7557.5,7556.25,7556.75,79.0
2026-07-14 06:35:00,7556.5,7558.5,7556.25,7558.5,109.0
2026-07-14 06:36:00,7558.25,7560.75,7558.0,7560.5,415.0
2026-07-14 06:37:00,7560.5,7564.5,7560.25,7564.25,392.0
2026-07-14 06:38:00,7564.5,7566.0,7563.25,7563.5,438.0
2026-07-14 06:39:00,7563.5,7564.5,7560.75,7560.75,350.0
2026-07-14 06:40:00,7560.75,7560.75,7559.75,7560.0,357.0
2026-07-14 06:41:00,7560.0,7560.5,7557.75,7557.75,262.0
2026-07-14 06:42:00,7557.75,7557.75,7556.75,7557.0,198.0
2026-07-14 06:43:00,7557.25,7558.25,7556.5,7556.5,130.0
2026-07-14 06:44:00,7556.25,7558.0,7556.25,7556.75,205.0
2026-07-14 06:45:00,7556.75,7557.0,7556.0,7556.5,89.0
2026-07-14 06:46:00,7556.5,7558.0,7556.5,7558.0,145.0
2026-07-14 06:47:00,7558.0,7558.25,7556.5,7557.25,187.0
2026-07-14 06:48:00,7557.25,7558.0,7556.0,7558.0,247.0
2026-07-14 06:49:00,7558.0,7559.25,7558.0,7558.5,92.0
2026-07-14 06:50:00,7558.5,7560.0,7558.25,7560.0,75.0
2026-07-14 06:51:00,7559.75,7559.75,7558.5,7558.75,49.0
2026-07-14 06:52:00,7558.75,7558.75,7557.5,7557.75,129.0
2026-07-14 06:53:00,7557.75,7558.5,7557.0,7557.5,104.0
2026-07-14 06:54:00,7557.5,7557.5,7555.75,7556.0,226.0
2026-07-14 06:55:00,7556.0,7556.75,7554.5,7554.75,311.0
2026-07-14 06:56:00,7555.0,7555.75,7553.75,7554.0,155.0
2026-07-14 06:57:00,7553.75,7554.75,7553.25,7554.5,176.0
2026-07-14 06:58:00,7554.5,7556.75,7554.5,7556.5,101.0
2026-07-14 06:59:00,7556.5,7557.25,7556.25,7557.0,212.0
2026-07-14 07:00:00,7557.0,7558.0,7551.5,7552.25,858.0
2026-07-14 07:01:00,7552.0,7552.5,7549.75,7551.25,885.0
2026-07-14 07:02:00,7551.5,7551.5,7546.25,7549.0,934.0
2026-07-14 07:03:00,7549.0,7549.0,7546.75,7547.25,511.0
2026-07-14 07:04:00,7547.25,7549.0,7546.25,7547.5,551.0
2026-07-14 07:05:00,7547.25,7549.0,7546.0,7548.25,478.0
2026-07-14 07:06:00,7548.0,7549.5,7546.75,7549.5,591.0
2026-07-14 07:07:00,7549.5,7550.25,7547.0,7548.5,484.0
2026-07-14 07:08:00,7548.5,7549.5,7545.75,7545.75,309.0
2026-07-14 07:09:00,7545.75,7546.75,7544.5,7546.0,477.0
2026-07-14 07:10:00,7545.75,7546.0,7544.0,7544.0,408.0
2026-07-14 07:11:00,7544.0,7548.25,7544.0,7547.0,575.0
2026-07-14 07:12:00,7546.75,7548.0,7544.75,7546.25,557.0
2026-07-14 07:13:00,7546.25,7549.0,7545.25,7548.75,517.0
2026-07-14 07:14:00,7548.75,7553.5,7548.25,7553.0,788.0
2026-07-14 07:15:00,7553.0,7555.25,7552.5,7554.25,713.0
2026-07-14 07:16:00,7554.5,7555.0,7553.5,7554.5,485.0
2026-07-14 07:17:00,7554.5,7555.25,7553.0,7553.75,472.0
2026-07-14 07:18:00,7554.0,7555.0,7553.25,7554.5,507.0
2026-07-14 07:19:00,7554.25,7556.5,7553.25,7556.5,736.0
2026-07-14 07:20:00,7556.25,7557.75,7555.75,7556.75,624.0
2026-07-14 07:21:00,7556.75,7557.25,7554.25,7555.0,409.0
2026-07-14 07:22:00,7555.0,7556.25,7554.25,7556.25,177.0
2026-07-14 07:23:00,7556.0,7557.75,7555.25,7557.25,234.0
2026-07-14 07:24:00,7557.25,7562.75,7557.25,7561.75,1664.0
2026-07-14 07:25:00,7561.75,7564.25,7560.25,7562.75,1145.0
2026-07-14 07:26:00,7562.5,7563.5,7560.0,7560.0,501.0
2026-07-14 07:27:00,7560.0,7561.0,7559.0,7560.5,653.0
2026-07-14 07:28:00,7560.25,7562.75,7559.0,7559.75,488.0
2026-07-14 07:29:00,7559.75,7560.0,7557.75,7558.5,268.0
2026-07-14 07:30:00,7558.5,7560.25,7558.25,7559.25,290.0
2026-07-14 07:31:00,7559.25,7560.0,7558.25,7559.25,188.0
2026-07-14 07:32:00,7559.0,7562.25,7559.0,7562.25,299.0
2026-07-14 07:33:00,7562.5,7562.5,7558.25,7558.25,259.0
2026-07-14 07:34:00,7558.5,7558.5,7556.25,7556.5,243.0
2026-07-14 07:35:00,7556.75,7557.0,7555.75,7556.75,219.0
2026-07-14 07:36:00,7556.5,7557.0,7555.25,7555.25,227.0
2026-07-14 07:37:00,7555.25,7555.25,7553.25,7554.5,379.0
2026-07-14 07:38:00,7554.5,7555.5,7553.5,7555.0,202.0
2026-07-14 07:39:00,7555.0,7555.75,7554.5,7555.5,197.0
2026-07-14 07:40:00,7555.75,7556.75,7554.5,7555.25,243.0
2026-07-14 07:41:00,7555.25,7555.25,7553.25,7554.25,211.0
2026-07-14 07:42:00,7554.25,7554.5,7553.5,7554.0,164.0
2026-07-14 07:43:00,7553.75,7555.5,7553.75,7554.25,190.0
2026-07-14 07:44:00,7554.5,7554.5,7553.0,7553.75,173.0
2026-07-14 07:45:00,7553.75,7555.25,7553.5,7553.75,161.0
2026-07-14 07:46:00,7553.75,7555.0,7553.5,7555.0,147.0
2026-07-14 07:47:00,7555.25,7558.0,7555.25,7557.5,437.0
2026-07-14 07:48:00,7557.5,7559.75,7557.25,7559.0,427.0
2026-07-14 07:49:00,7559.25,7559.75,7557.0,7557.0,269.0
2026-07-14 07:50:00,7557.0,7558.0,7556.75,7557.75,88.0
2026-07-14 07:51:00,7557.75,7557.75,7557.0,7557.75,177.0
2026-07-14 07:52:00,7557.75,7558.5,7557.0,7558.0,183.0
2026-07-14 07:53:00,7558.0,7558.0,7557.25,7557.25,134.0
2026-07-14 07:54:00,7557.25,7557.75,7556.0,7556.0,174.0
2026-07-14 07:55:00,7556.0,7557.25,7556.0,7556.75,97.0
2026-07-14 07:56:00,7556.5,7557.0,7555.0,7555.5,202.0
2026-07-14 07:57:00,7555.25,7555.25,7554.5,7554.5,201.0
2026-07-14 07:58:00,7554.5,7554.5,7554.0,7554.25,133.0
2026-07-14 07:59:00,7554.25,7556.0,7554.0,7555.75,281.0
2026-07-14 08:00:00,7555.5,7555.75,7554.25,7554.5,355.0
2026-07-14 08:01:00,7554.25,7554.25,7552.75,7553.0,413.0
2026-07-14 08:02:00,7553.25,7553.25,7551.25,7551.25,313.0
2026-07-14 08:03:00,7551.25,7554.25,7550.5,7551.0,1463.0
2026-07-14 08:04:00,7551.0,7551.25,7548.25,7549.25,592.0
2026-07-14 08:05:00,7549.0,7549.5,7547.5,7548.75,393.0
2026-07-14 08:06:00,7549.0,7549.25,7547.75,7548.75,255.0
2026-07-14 08:07:00,7548.5,7548.5,7546.5,7547.75,444.0
2026-07-14 08:08:00,7547.5,7549.75,7547.5,7549.25,411.0
2026-07-14 08:09:00,7549.0,7549.5,7547.5,7548.0,543.0
2026-07-14 08:10:00,7548.0,7549.0,7547.25,7548.0,299.0
2026-07-14 08:11:00,7548.25,7548.5,7544.75,7545.0,608.0
2026-07-14 08:12:00,7545.25,7547.5,7545.25,7547.5,195.0
2026-07-14 08:13:00,7547.25,7548.5,7546.5,7547.75,231.0
2026-07-14 08:14:00,7547.75,7548.5,7547.5,7547.5,193.0
2026-07-14 08:15:00,7547.75,7547.75,7545.5,7546.5,251.0
2026-07-14 08:16:00,7546.75,7548.25,7546.0,7547.5,470.0
2026-07-14 08:17:00,7547.75,7548.75,7547.25,7547.75,334.0
2026-07-14 08:18:00,7547.75,7549.5,7547.5,7549.25,327.0
2026-07-14 08:19:00,7549.25,7551.0,7549.0,7549.75,434.0
2026-07-14 08:20:00,7549.75,7549.75,7548.5,7548.75,284.0
2026-07-14 08:21:00,7549.0,7550.5,7548.5,7550.5,283.0
2026-07-14 08:22:00,7550.5,7554.5,7550.25,7553.75,402.0
2026-07-14 08:23:00,7553.5,7556.0,7553.25,7556.0,460.0
2026-07-14 08:24:00,7556.0,7557.75,7555.0,7557.25,514.0
2026-07-14 08:25:00,7557.5,7558.75,7556.5,7557.75,675.0
2026-07-14 08:26:00,7558.0,7559.0,7557.75,7557.75,279.0
2026-07-14 08:27:00,7558.0,7559.25,7557.5,7559.0,301.0
2026-07-14 08:28:00,7559.0,7559.5,7556.0,7556.75,573.0
2026-07-14 08:29:00,7556.5,7563.0,7556.0,7560.75,596.0
2026-07-14 08:30:00,7561.0,7611.25,7558.75,7610.5,13709.0
2026-07-14 08:31:00,7610.5,7613.75,7595.75,7603.75,5978.0
2026-07-14 08:32:00,7603.5,7605.0,7597.75,7599.0,3266.0
2026-07-14 08:33:00,7599.25,7602.0,7597.5,7599.5,2873.0
2026-07-14 08:34:00,7599.25,7599.75,7594.25,7595.75,2720.0
2026-07-14 08:35:00,7595.5,7596.25,7589.25,7592.25,3110.0
2026-07-14 08:36:00,7592.25,7593.0,7586.75,7591.0,2632.0
2026-07-14 08:37:00,7590.75,7592.5,7586.0,7586.5,1870.0
2026-07-14 08:38:00,7586.5,7589.75,7585.75,7587.75,1399.0
2026-07-14 08:39:00,7587.75,7588.5,7581.5,7586.75,2812.0
2026-07-14 08:40:00,7586.5,7587.5,7584.75,7586.25,1253.0
2026-07-14 08:41:00,7586.25,7586.75,7582.0,7586.25,1250.0
2026-07-14 08:42:00,7586.5,7590.5,7585.25,7589.25,2347.0
2026-07-14 08:43:00,7589.5,7590.75,7586.25,7589.25,1962.0
2026-07-14 08:44:00,7589.0,7589.25,7586.25,7588.0,988.0
2026-07-14 08:45:00,7588.25,7590.0,7583.5,7589.5,1528.0
2026-07-14 08:46:00,7589.0,7590.25,7586.5,7587.25,759.0
2026-07-14 08:47:00,7587.25,7587.25,7581.0,7581.0,1096.0
2026-07-14 08:48:00,7581.5,7584.0,7581.25,7582.25,986.0
2026-07-14 08:49:00,7582.0,7584.25,7581.5,7583.25,503.0
2026-07-14 08:50:00,7583.0,7583.0,7579.25,7581.75,1171.0
2026-07-14 08:51:00,7581.5,7581.5,7578.0,7579.0,1054.0
2026-07-14 08:52:00,7579.0,7580.75,7576.5,7577.5,1323.0
2026-07-14 08:53:00,7577.5,7579.75,7577.0,7578.5,1255.0
2026-07-14 08:54:00,7578.75,7580.0,7578.25,7579.25,578.0
2026-07-14 08:55:00,7579.5,7581.75,7577.25,7578.25,731.0
2026-07-14 08:56:00,7578.0,7578.25,7575.75,7577.25,838.0
2026-07-14 08:57:00,7577.25,7579.0,7576.75,7578.75,560.0
2026-07-14 08:58:00,7578.75,7579.75,7577.75,7578.5,815.0
2026-07-14 08:59:00,7578.75,7581.25,7578.75,7579.5,807.0
2026-07-14 09:00:00,7579.5,7582.0,7579.25,7581.75,1385.0
2026-07-14 09:01:00,7581.75,7584.0,7580.5,7583.0,1351.0
2026-07-14 09:02:00,7582.75,7583.0,7580.25,7580.25,798.0
2026-07-14 09:03:00,7580.25,7580.25,7577.25,7578.0,991.0
2026-07-14 09:04:00,7578.25,7579.5,7578.0,7579.5,550.0
2026-07-14 09:05:00,7579.5,7582.75,7578.75,7582.5,522.0
2026-07-14 09:06:00,7582.5,7582.75,7581.25,7582.5,582.0
2026-07-14 09:07:00,7582.5,7583.25,7580.5,7582.5,671.0
2026-07-14 09:08:00,7582.5,7583.5,7580.75,7582.0,485.0
2026-07-14 09:09:00,7582.0,7582.25,7579.25,7579.75,519.0
2026-07-14 09:10:00,7579.75,7581.5,7579.5,7581.0,430.0
2026-07-14 09:11:00,7581.0,7582.25,7581.0,7581.75,919.0
2026-07-14 09:12:00,7581.5,7582.0,7579.25,7579.25,724.0
2026-07-14 09:13:00,7579.25,7579.75,7578.25,7578.75,849.0
2026-07-14 09:14:00,7578.5,7579.25,7577.5,7579.25,658.0
2026-07-14 09:15:00,7579.25,7579.5,7577.25,7578.0,594.0
2026-07-14 09:16:00,7578.25,7580.5,7578.0,7578.25,1165.0
2026-07-14 09:17:00,7578.25,7580.25,7577.25,7577.75,731.0
2026-07-14 09:18:00,7578.0,7578.0,7576.75,7577.0,749.0
2026-07-14 09:19:00,7576.75,7577.75,7574.5,7575.0,945.0
2026-07-14 09:20:00,7575.0,7577.5,7570.75,7577.25,2144.0
2026-07-14 09:21:00,7577.5,7581.25,7576.5,7581.0,1089.0
2026-07-14 09:22:00,7580.75,7582.5,7579.5,7580.5,999.0
2026-07-14 09:23:00,7580.25,7581.0,7580.0,7580.5,409.0
2026-07-14 09:24:00,7580.5,7581.5,7580.25,7581.0,711.0
2026-07-14 09:25:00,7581.0,7583.0,7580.5,7582.25,1227.0
2026-07-14 09:26:00,7582.0,7582.75,7580.75,7581.75,855.0
2026-07-14 09:27:00,7582.0,7585.0,7581.0,7583.75,1026.0
2026-07-14 09:28:00,7583.5,7583.75,7581.25,7581.25,1023.0
2026-07-14 09:29:00,7581.25,7581.25,7578.25,7579.5,2058.0
2026-07-14 09:30:00,7579.5,7581.25,7571.5,7576.25,11007.0
2026-07-14 09:31:00,7576.25,7579.25,7568.75,7570.25,7104.0
2026-07-14 09:32:00,7570.25,7574.25,7567.5,7567.75,5724.0
2026-07-14 09:33:00,7567.75,7569.25,7565.75,7568.5,6021.0
2026-07-14 09:34:00,7568.5,7569.5,7565.25,7566.5,4099.0
2026-07-14 09:35:00,7566.25,7569.25,7564.25,7566.0,5198.0
2026-07-14 09:36:00,7565.75,7571.0,7565.0,7569.75,4394.0
2026-07-14 09:37:00,7569.75,7577.25,7568.75,7575.75,5952.0
2026-07-14 09:38:00,7576.0,7582.5,7574.5,7581.5,4772.0
2026-07-14 09:39:00,7581.75,7584.0,7580.0,7581.75,4366.0
2026-07-14 09:40:00,7582.0,7582.5,7577.75,7580.25,4791.0
2026-07-14 09:41:00,7580.25,7583.0,7578.25,7582.25,2853.0
2026-07-14 09:42:00,7582.25,7585.5,7576.5,7578.0,4426.0
2026-07-14 09:43:00,7578.0,7582.25,7575.75,7581.0,4384.0
2026-07-14 09:44:00,7581.0,7585.0,7580.5,7583.25,3431.0
2026-07-14 09:45:00,7583.0,7588.25,7582.25,7587.0,4535.0
2026-07-14 09:46:00,7586.75,7588.0,7581.25,7583.0,3625.0
2026-07-14 09:47:00,7583.0,7583.75,7576.25,7578.25,4126.0
2026-07-14 09:48:00,7578.25,7581.5,7577.5,7578.25,3113.0
2026-07-14 09:49:00,7578.25,7580.5,7577.5,7579.75,2289.0
2026-07-14 09:50:00,7579.75,7583.75,7578.75,7580.25,3587.0
2026-07-14 09:51:00,7580.5,7583.5,7580.0,7581.25,2881.0
2026-07-14 09:52:00,7581.5,7582.75,7576.0,7577.25,2309.0
2026-07-14 09:53:00,7577.25,7583.25,7576.75,7583.0,2694.0
2026-07-14 09:54:00,7583.0,7586.5,7580.75,7581.0,2331.0
2026-07-14 09:55:00,7581.25,7582.75,7577.25,7577.75,2525.0
2026-07-14 09:56:00,7578.0,7582.0,7578.0,7580.5,2218.0
2026-07-14 09:57:00,7580.5,7584.25,7580.0,7583.5,1944.0
2026-07-14 09:58:00,7583.75,7585.75,7583.25,7583.25,1910.0
2026-07-14 09:59:00,7583.5,7586.0,7582.75,7583.5,1764.0
2026-07-14 10:00:00,7583.5,7585.25,7580.25,7581.0,3337.0
2026-07-14 10:01:00,7581.25,7581.5,7576.75,7577.75,3553.0
2026-07-14 10:02:00,7577.75,7577.75,7573.5,7575.25,3054.0
2026-07-14 10:03:00,7575.25,7580.25,7572.0,7578.0,2909.0
2026-07-14 10:04:00,7578.0,7579.75,7574.25,7574.5,1924.0
2026-07-14 10:05:00,7574.5,7574.75,7569.25,7573.5,3279.0
2026-07-14 10:06:00,7573.5,7575.5,7571.25,7575.0,2278.0
2026-07-14 10:07:00,7575.0,7577.25,7572.5,7574.75,2248.0
2026-07-14 10:08:00,7574.75,7576.25,7571.5,7573.0,1970.0
2026-07-14 10:09:00,7573.0,7573.25,7568.75,7572.75,2394.0
2026-07-14 10:10:00,7572.5,7575.25,7568.75,7569.75,3060.0
2026-07-14 10:11:00,7569.75,7571.0,7567.75,7569.5,2373.0
2026-07-14 10:12:00,7569.5,7574.25,7568.75,7572.0,2324.0
2026-07-14 10:13:00,7572.25,7574.0,7569.25,7571.0,1893.0
2026-07-14 10:14:00,7571.0,7575.25,7568.5,7574.5,2543.0
2026-07-14 10:15:00,7574.5,7574.5,7565.5,7565.5,3881.0
2026-07-14 10:16:00,7565.5,7565.5,7556.5,7562.0,7231.0
2026-07-14 10:17:00,7562.0,7564.0,7560.5,7562.0,4876.0
2026-07-14 10:18:00,7561.75,7565.5,7560.5,7564.25,3739.0
2026-07-14 10:19:00,7564.25,7570.5,7564.0,7569.0,4345.0
2026-07-14 10:20:00,7568.75,7574.5,7568.0,7573.5,4206.0
2026-07-14 10:21:00,7573.5,7574.25,7571.0,7574.25,2469.0
2026-07-14 10:22:00,7574.25,7579.5,7573.75,7578.5,3804.0
2026-07-14 10:23:00,7578.25,7578.5,7572.75,7574.0,3041.0
2026-07-14 10:24:00,7574.0,7577.0,7571.25,7571.75,2765.0
2026-07-14 10:25:00,7572.0,7574.0,7570.0,7573.75,2432.0
2026-07-14 10:26:00,7573.75,7583.5,7571.5,7577.75,5352.0
2026-07-14 10:27:00,7577.5,7578.0,7573.75,7575.0,2483.0
2026-07-14 10:28:00,7575.0,7575.75,7572.75,7574.5,2131.0
2026-07-14 10:29:00,7574.5,7578.25,7572.0,7577.25,1757.0
2026-07-14 10:30:00,7577.25,7580.0,7575.5,7576.5,3078.0
2026-07-14 10:31:00,7576.75,7578.25,7575.0,7578.0,1972.0
2026-07-14 10:32:00,7578.0,7584.5,7577.5,7584.5,2897.0
2026-07-14 10:33:00,7584.25,7586.5,7583.0,7585.0,2918.0
2026-07-14 10:34:00,7584.75,7603.75,7584.75,7591.0,16184.0
2026-07-14 10:35:00,7591.0,7592.0,7586.75,7589.75,4416.0
2026-07-14 10:36:00,7589.5,7591.75,7588.25,7590.0,3406.0
2026-07-14 10:37:00,7589.75,7590.5,7586.5,7587.75,3059.0
2026-07-14 10:38:00,7587.75,7590.25,7585.75,7590.0,2510.0
2026-07-14 10:39:00,7590.0,7590.75,7588.25,7589.75,1751.0
2026-07-14 10:40:00,7589.75,7593.75,7589.5,7592.75,2761.0
2026-07-14 10:41:00,7592.5,7592.75,7588.75,7589.5,1773.0
2026-07-14 10:42:00,7589.5,7592.0,7586.75,7587.0,1701.0
2026-07-14 10:43:00,7587.0,7587.75,7581.25,7582.75,2789.0
2026-07-14 10:44:00,7583.0,7584.5,7580.0,7581.75,3358.0
2026-07-14 10:45:00,7581.5,7585.0,7580.5,7584.25,2486.0
2026-07-14 10:46:00,7584.0,7585.0,7578.5,7579.75,2687.0
2026-07-14 10:47:00,7579.75,7581.25,7578.25,7580.25,2438.0
2026-07-14 10:48:00,7580.5,7583.25,7578.75,7583.0,2080.0
2026-07-14 10:49:00,7583.0,7583.0,7578.25,7579.25,1723.0
2026-07-14 10:50:00,7579.25,7579.5,7575.25,7578.5,3028.0
2026-07-14 10:51:00,7578.75,7583.25,7576.75,7583.0,1811.0
2026-07-14 10:52:00,7583.0,7584.25,7581.25,7584.0,1738.0
2026-07-14 10:53:00,7584.0,7584.0,7581.25,7583.0,1617.0
2026-07-14 10:54:00,7583.0,7586.75,7582.5,7586.75,1820.0
2026-07-14 10:55:00,7586.75,7588.75,7585.75,7587.5,1741.0
2026-07-14 10:56:00,7587.5,7588.75,7586.0,7586.5,1738.0
2026-07-14 10:57:00,7586.75,7589.5,7586.0,7588.5,1226.0
2026-07-14 10:58:00,7588.75,7590.5,7587.25,7588.5,2507.0
2026-07-14 10:59:00,7588.25,7589.0,7587.25,7587.5,1013.0
2026-07-14 11:00:00,7587.5,7590.75,7587.0,7587.25,1952.0
2026-07-14 11:01:00,7587.25,7588.25,7585.5,7585.75,1807.0
2026-07-14 11:02:00,7585.75,7587.0,7584.5,7585.5,1595.0
2026-07-14 11:03:00,7585.25,7586.0,7584.0,7584.75,2200.0
2026-07-14 11:04:00,7584.75,7600.75,7583.25,7594.0,13298.0
2026-07-14 11:05:00,7594.0,7595.0,7591.75,7594.5,3587.0
2026-07-14 11:06:00,7594.5,7597.5,7594.0,7596.0,3201.0
2026-07-14 11:07:00,7596.0,7598.0,7594.0,7596.5,2287.0
2026-07-14 11:08:00,7596.75,7601.25,7596.0,7600.5,4116.0
2026-07-14 11:09:00,7600.25,7601.5,7598.0,7598.75,3722.0
2026-07-14 11:10:00,7598.75,7601.0,7597.5,7597.75,3217.0
2026-07-14 11:11:00,7597.75,7599.25,7595.5,7595.75,2714.0
2026-07-14 11:12:00,7595.75,7597.5,7594.25,7596.5,1907.0
2026-07-14 11:13:00,7596.5,7597.75,7596.0,7597.25,1112.0
2026-07-14 11:14:00,7597.0,7597.25,7595.5,7596.0,1329.0
2026-07-14 11:15:00,7596.0,7597.5,7595.5,7596.25,1570.0
2026-07-14 11:16:00,7596.25,7596.25,7593.0,7594.0,2559.0
2026-07-14 11:17:00,7593.75,7594.0,7591.5,7592.25,1661.0
2026-07-14 11:18:00,7592.0,7592.25,7589.5,7589.5,2258.0
2026-07-14 11:19:00,7589.25,7591.0,7587.5,7590.0,2551.0
2026-07-14 11:20:00,7589.75,7591.0,7587.0,7590.75,2045.0
2026-07-14 11:21:00,7590.75,7593.75,7590.5,7592.75,2217.0
2026-07-14 11:22:00,7592.75,7593.25,7591.0,7591.75,1688.0
2026-07-14 11:23:00,7592.0,7594.25,7591.5,7593.75,1735.0
2026-07-14 11:24:00,7593.75,7595.75,7593.25,7595.75,1769.0
2026-07-14 11:25:00,7595.75,7596.5,7593.5,7594.0,2009.0
2026-07-14 11:26:00,7594.0,7596.75,7594.0,7596.0,1282.0
2026-07-14 11:27:00,7596.0,7596.0,7594.25,7595.25,1012.0
2026-07-14 11:28:00,7595.25,7597.75,7595.25,7596.75,1260.0
2026-07-14 11:29:00,7596.75,7598.0,7596.5,7597.25,1650.0
2026-07-14 11:30:00,7597.0,7600.5,7597.0,7598.25,3131.0
2026-07-14 11:31:00,7598.0,7598.25,7595.25,7597.25,2084.0
2026-07-14 11:32:00,7597.25,7597.25,7594.25,7594.5,2711.0
2026-07-14 11:33:00,7594.25,7594.25,7590.25,7590.25,2526.0
2026-07-14 11:34:00,7590.25,7591.75,7589.0,7590.0,2473.0
2026-07-14 11:35:00,7590.0,7591.0,7585.5,7588.25,3199.0
2026-07-14 11:36:00,7588.0,7589.25,7586.0,7587.5,3109.0
2026-07-14 11:37:00,7587.75,7589.5,7587.0,7589.0,1987.0
2026-07-14 11:38:00,7589.0,7590.75,7588.75,7590.0,1720.0
2026-07-14 11:39:00,7590.0,7590.0,7587.75,7589.0,1351.0
2026-07-14 11:40:00,7589.0,7589.0,7583.75,7585.0,2506.0
2026-07-14 11:41:00,7585.25,7585.75,7580.5,7583.0,3283.0
2026-07-14 11:42:00,7582.75,7583.0,7577.75,7581.25,3624.0
2026-07-14 11:43:00,7581.25,7582.25,7579.25,7582.0,2351.0
2026-07-14 11:44:00,7582.0,7587.0,7582.0,7586.25,2261.0
2026-07-14 11:45:00,7586.0,7588.5,7585.75,7586.75,1944.0
2026-07-14 11:46:00,7586.5,7587.0,7585.75,7586.0,891.0
2026-07-14 11:47:00,7586.0,7589.75,7586.0,7589.25,1271.0
2026-07-14 11:48:00,7589.25,7589.75,7587.5,7589.25,1510.0
2026-07-14 11:49:00,7589.25,7590.0,7585.5,7586.25,1610.0
2026-07-14 11:50:00,7586.5,7587.25,7582.75,7584.0,1916.0
2026-07-14 11:51:00,7583.75,7584.25,7580.5,7581.5,2116.0
2026-07-14 11:52:00,7581.5,7582.25,7579.5,7580.75,1971.0
2026-07-14 11:53:00,7581.0,7583.75,7580.25,7582.75,1338.0
2026-07-14 11:54:00,7582.75,7583.25,7579.25,7580.25,1288.0
2026-07-14 11:55:00,7580.25,7581.0,7578.25,7579.5,1650.0
2026-07-14 11:56:00,7579.75,7582.0,7579.75,7581.0,1277.0
2026-07-14 11:57:00,7581.0,7581.5,7576.25,7577.75,1869.0
2026-07-14 11:58:00,7577.75,7579.5,7576.75,7577.5,1486.0
2026-07-14 11:59:00,7577.5,7580.75,7577.0,7579.75,1265.0
2026-07-14 12:00:00,7580.0,7580.75,7574.25,7574.75,2911.0
2026-07-14 12:01:00,7574.5,7576.5,7572.75,7573.75,2044.0
2026-07-14 12:02:00,7573.5,7574.0,7572.0,7573.25,1834.0
2026-07-14 12:03:00,7573.0,7574.0,7570.0,7571.0,2144.0
2026-07-14 12:04:00,7570.75,7573.5,7570.5,7573.5,2146.0
2026-07-14 12:05:00,7573.5,7575.25,7572.5,7573.25,2748.0
2026-07-14 12:06:00,7573.25,7574.75,7571.25,7574.5,1580.0
2026-07-14 12:07:00,7574.75,7574.75,7570.0,7572.25,2518.0
2026-07-14 12:08:00,7572.25,7575.25,7571.75,7575.0,1229.0
2026-07-14 12:09:00,7575.0,7577.0,7574.25,7574.5,1785.0
2026-07-14 12:10:00,7574.75,7575.75,7571.25,7571.75,1599.0
2026-07-14 12:11:00,7571.75,7574.0,7570.0,7573.5,1523.0
2026-07-14 12:12:00,7573.75,7574.25,7572.0,7572.75,948.0
2026-07-14 12:13:00,7572.75,7576.25,7572.25,7575.0,1592.0
2026-07-14 12:14:00,7575.25,7576.5,7574.75,7575.25,1210.0
2026-07-14 12:15:00,7575.5,7576.75,7570.0,7572.0,2774.0
2026-07-14 12:16:00,7572.0,7573.75,7571.0,7573.0,1146.0
2026-07-14 12:17:00,7573.0,7574.25,7571.25,7572.5,1131.0
2026-07-14 12:18:00,7572.5,7574.0,7572.0,7573.75,757.0
2026-07-14 12:19:00,7573.5,7574.5,7571.25,7574.25,1066.0
2026-07-14 12:20:00,7574.25,7575.75,7573.25,7573.25,1383.0
2026-07-14 12:21:00,7573.25,7574.0,7571.5,7573.0,988.0
2026-07-14 12:22:00,7572.75,7574.0,7571.25,7572.0,1437.0
2026-07-14 12:23:00,7572.0,7573.25,7570.0,7571.5,1294.0
2026-07-14 12:24:00,7571.25,7573.75,7571.0,7573.5,756.0
2026-07-14 12:25:00,7573.5,7574.5,7572.5,7574.0,1961.0
2026-07-14 12:26:00,7573.75,7575.0,7573.5,7574.5,983.0
2026-07-14 12:27:00,7574.25,7579.0,7574.25,7578.25,1675.0
2026-07-14 12:28:00,7578.0,7579.0,7576.75,7577.75,1688.0
2026-07-14 12:29:00,7577.75,7579.25,7577.5,7578.25,1363.0
2026-07-14 12:30:00,7578.0,7579.5,7577.25,7579.25,1710.0
2026-07-14 12:31:00,7579.5,7580.75,7578.75,7580.25,1385.0
2026-07-14 12:32:00,7580.0,7581.0,7578.25,7578.25,1389.0
2026-07-14 12:33:00,7578.0,7578.75,7576.5,7578.5,1113.0
2026-07-14 12:34:00,7578.5,7581.0,7577.75,7581.0,811.0
2026-07-14 12:35:00,7581.0,7583.0,7580.5,7581.5,1002.0
2026-07-14 12:36:00,7581.25,7583.75,7581.25,7582.5,1480.0
2026-07-14 12:37:00,7582.5,7582.5,7580.75,7581.0,1210.0
2026-07-14 12:38:00,7581.0,7583.5,7579.75,7583.0,1582.0
2026-07-14 12:39:00,7582.75,7583.0,7582.25,7582.75,537.0
2026-07-14 12:40:00,7582.75,7584.25,7581.25,7584.0,1587.0
2026-07-14 12:41:00,7584.0,7586.25,7583.75,7585.75,1482.0
2026-07-14 12:42:00,7586.0,7587.5,7584.75,7587.0,1452.0
2026-07-14 12:43:00,7587.0,7588.25,7586.5,7587.0,1209.0
2026-07-14 12:44:00,7587.0,7587.5,7584.5,7585.0,1051.0
2026-07-14 12:45:00,7585.25,7588.0,7584.25,7584.25,1291.0
2026-07-14 12:46:00,7584.5,7584.5,7581.25,7582.25,1557.0
2026-07-14 12:47:00,7582.25,7583.5,7581.75,7582.5,882.0
2026-07-14 12:48:00,7582.5,7582.5,7580.0,7581.25,1418.0
2026-07-14 12:49:00,7581.0,7584.5,7581.0,7584.5,1201.0
2026-07-14 12:50:00,7584.5,7584.75,7583.5,7584.0,777.0
2026-07-14 12:51:00,7584.25,7585.5,7583.25,7585.25,889.0
2026-07-14 12:52:00,7585.25,7586.0,7584.25,7585.5,831.0
2026-07-14 12:53:00,7585.75,7587.25,7585.75,7586.0,972.0
2026-07-14 12:54:00,7586.0,7586.25,7584.75,7585.25,853.0
2026-07-14 12:55:00,7585.5,7587.0,7585.5,7586.5,868.0
2026-07-14 12:56:00,7586.5,7587.0,7586.0,7586.75,617.0
2026-07-14 12:57:00,7586.5,7586.75,7584.25,7586.0,1041.0
2026-07-14 12:58:00,7586.25,7587.25,7585.25,7587.0,874.0
2026-07-14 12:59:00,7587.0,7589.25,7586.75,7589.25,1189.0
2026-07-14 13:00:00,7589.25,7590.5,7587.75,7590.25,1723.0
2026-07-14 13:01:00,7590.25,7591.0,7589.75,7591.0,1115.0
2026-07-14 13:02:00,7590.75,7591.0,7589.5,7590.5,1156.0
2026-07-14 13:03:00,7590.5,7590.75,7588.75,7589.0,1525.0
2026-07-14 13:04:00,7589.0,7589.5,7586.75,7587.25,1206.0
2026-07-14 13:05:00,7587.5,7588.25,7586.75,7587.5,748.0
2026-07-14 13:06:00,7587.75,7588.5,7586.0,7588.25,909.0
2026-07-14 13:07:00,7588.25,7589.0,7588.0,7588.75,782.0
2026-07-14 13:08:00,7588.75,7589.75,7588.75,7589.5,666.0
2026-07-14 13:09:00,7589.75,7592.25,7589.75,7591.75,1349.0
2026-07-14 13:10:00,7591.5,7592.75,7590.5,7592.5,1053.0
2026-07-14 13:11:00,7592.25,7592.75,7591.25,7592.0,1064.0
2026-07-14 13:12:00,7592.0,7592.75,7590.75,7592.0,855.0
2026-07-14 13:13:00,7592.25,7592.25,7590.5,7590.75,841.0
2026-07-14 13:14:00,7590.5,7591.0,7588.75,7588.75,1009.0
2026-07-14 13:15:00,7588.75,7589.5,7585.25,7587.5,2555.0
2026-07-14 13:16:00,7587.75,7589.0,7587.25,7588.75,1142.0
2026-07-14 13:17:00,7588.75,7588.75,7587.25,7587.75,1144.0
2026-07-14 13:18:00,7587.75,7590.0,7587.5,7589.5,1564.0
2026-07-14 13:19:00,7589.75,7592.25,7589.25,7591.25,1173.0
2026-07-14 13:20:00,7591.25,7592.75,7591.0,7592.0,899.0
2026-07-14 13:21:00,7592.25,7593.75,7592.0,7593.75,1217.0
2026-07-14 13:22:00,7593.75,7594.75,7593.0,7594.25,1113.0
2026-07-14 13:23:00,7594.5,7595.75,7594.25,7595.5,1855.0
2026-07-14 13:24:00,7595.5,7596.75,7594.25,7595.0,1663.0
2026-07-14 13:25:00,7595.0,7596.25,7594.75,7594.75,1515.0
2026-07-14 13:26:00,7594.75,7596.0,7594.5,7596.0,715.0
2026-07-14 13:27:00,7595.75,7596.25,7593.5,7594.75,1110.0
2026-07-14 13:28:00,7594.75,7595.0,7593.25,7594.25,727.0
2026-07-14 13:29:00,7594.5,7594.5,7592.75,7593.75,1147.0
2026-07-14 13:30:00,7594.0,7595.0,7594.0,7594.5,1266.0
2026-07-14 13:31:00,7594.5,7595.75,7594.0,7595.0,1349.0
2026-07-14 13:32:00,7595.0,7595.25,7592.25,7592.25,1353.0
2026-07-14 13:33:00,7592.25,7593.5,7591.75,7591.75,859.0
2026-07-14 13:34:00,7591.75,7592.25,7590.5,7590.75,986.0
2026-07-14 13:35:00,7590.75,7590.75,7588.75,7589.5,1512.0
2026-07-14 13:36:00,7589.5,7590.5,7588.75,7589.0,967.0
2026-07-14 13:37:00,7589.0,7591.5,7589.0,7591.25,745.0
2026-07-14 13:38:00,7591.5,7591.5,7590.0,7590.25,729.0
2026-07-14 13:39:00,7590.5,7591.75,7590.25,7591.5,759.0
2026-07-14 13:40:00,7591.75,7592.0,7591.25,7591.75,1046.0
2026-07-14 13:41:00,7591.75,7591.75,7590.0,7590.5,936.0
2026-07-14 13:42:00,7590.25,7590.75,7589.75,7589.75,699.0
2026-07-14 13:43:00,7589.75,7591.25,7589.25,7590.25,550.0
2026-07-14 13:44:00,7590.25,7591.5,7590.0,7590.75,670.0
2026-07-14 13:45:00,7590.75,7591.5,7589.25,7589.25,593.0
2026-07-14 13:46:00,7589.25,7589.5,7588.25,7589.0,913.0
2026-07-14 13:47:00,7589.25,7590.0,7587.75,7589.5,820.0
2026-07-14 13:48:00,7589.5,7592.75,7589.25,7592.25,1090.0
2026-07-14 13:49:00,7592.0,7592.0,7590.75,7591.25,631.0
2026-07-14 13:50:00,7591.0,7592.25,7591.0,7592.0,550.0
2026-07-14 13:51:00,7592.25,7593.0,7591.25,7593.0,831.0
2026-07-14 13:52:00,7592.75,7593.5,7592.25,7592.5,741.0
2026-07-14 13:53:00,7592.5,7593.25,7591.5,7592.0,960.0
2026-07-14 13:54:00,7592.0,7593.0,7591.75,7592.75,367.0
2026-07-14 13:55:00,7592.5,7592.75,7591.75,7592.25,564.0
2026-07-14 13:56:00,7592.25,7592.75,7591.75,7592.5,584.0
2026-07-14 13:57:00,7592.5,7593.25,7592.0,7593.25,796.0
2026-07-14 13:58:00,7593.0,7593.75,7592.75,7593.0,962.0
2026-07-14 13:59:00,7592.75,7593.75,7592.5,7593.25,735.0
2026-07-14 14:00:00,7593.5,7593.5,7590.5,7590.5,1284.0
2026-07-14 14:01:00,7590.5,7592.0,7589.75,7592.0,1687.0
2026-07-14 14:02:00,7591.75,7593.25,7591.25,7592.75,849.0
2026-07-14 14:03:00,7593.0,7594.5,7592.5,7594.5,1015.0
2026-07-14 14:04:00,7594.75,7595.25,7593.75,7595.0,911.0
2026-07-14 14:05:00,7594.75,7595.5,7594.25,7594.5,942.0
2026-07-14 14:06:00,7594.75,7595.25,7593.5,7594.0,1156.0
2026-07-14 14:07:00,7594.0,7594.75,7593.0,7594.5,1533.0
2026-07-14 14:08:00,7594.75,7595.5,7594.25,7594.75,900.0
2026-07-14 14:09:00,7594.75,7595.25,7594.25,7594.75,542.0
2026-07-14 14:10:00,7594.75,7595.25,7594.5,7595.0,645.0
2026-07-14 14:11:00,7595.25,7595.25,7593.75,7594.75,930.0
2026-07-14 14:12:00,7594.75,7595.5,7594.5,7595.0,583.0
2026-07-14 14:13:00,7595.0,7596.25,7594.75,7596.0,849.0
2026-07-14 14:14:00,7595.75,7596.75,7595.5,7596.25,777.0
2026-07-14 14:15:00,7596.5,7598.25,7596.25,7596.25,2383.0
2026-07-14 14:16:00,7596.5,7597.25,7596.25,7596.5,708.0
2026-07-14 14:17:00,7596.5,7596.75,7595.25,7596.0,807.0
2026-07-14 14:18:00,7596.0,7596.25,7595.0,7596.25,483.0
2026-07-14 14:19:00,7596.25,7596.75,7595.75,7596.75,706.0
2026-07-14 14:20:00,7596.75,7597.0,7595.5,7597.0,502.0
2026-07-14 14:21:00,7597.0,7597.5,7596.5,7597.0,506.0
2026-07-14 14:22:00,7596.75,7598.0,7596.5,7597.75,784.0
2026-07-14 14:23:00,7597.75,7597.75,7597.0,7597.25,601.0
2026-07-14 14:24:00,7597.25,7597.25,7594.5,7595.0,1105.0
2026-07-14 14:25:00,7595.0,7596.25,7593.5,7596.0,1490.0
2026-07-14 14:26:00,7595.75,7596.0,7594.75,7596.0,550.0
2026-07-14 14:27:00,7595.75,7595.75,7594.75,7595.5,546.0
2026-07-14 14:28:00,7595.5,7596.75,7595.25,7596.25,713.0
2026-07-14 14:29:00,7596.0,7596.0,7594.75,7595.5,768.0
2026-07-14 14:30:00,7595.25,7596.0,7594.25,7594.75,1308.0
2026-07-14 14:31:00,7594.75,7595.0,7593.75,7595.0,867.0
2026-07-14 14:32:00,7595.0,7595.25,7593.5,7595.0,1042.0
2026-07-14 14:33:00,7595.0,7595.25,7594.0,7594.75,714.0
2026-07-14 14:34:00,7594.5,7595.25,7594.0,7594.75,595.0
2026-07-14 14:35:00,7594.75,7595.5,7594.75,7595.5,628.0
2026-07-14 14:36:00,7595.25,7596.25,7595.0,7595.75,889.0
2026-07-14 14:37:00,7595.5,7596.0,7590.5,7594.5,4487.0
2026-07-14 14:38:00,7594.25,7594.25,7592.25,7593.25,1174.0
2026-07-14 14:39:00,7593.25,7594.25,7592.25,7593.5,892.0
2026-07-14 14:40:00,7593.5,7593.75,7591.75,7592.5,1334.0
2026-07-14 14:41:00,7592.5,7593.0,7587.0,7590.5,6136.0
2026-07-14 14:42:00,7590.5,7591.25,7589.0,7590.75,1854.0
2026-07-14 14:43:00,7590.75,7591.0,7588.75,7589.0,1430.0
2026-07-14 14:44:00,7588.75,7590.75,7588.75,7590.25,1282.0
2026-07-14 14:45:00,7590.5,7590.5,7589.0,7589.75,898.0
2026-07-14 14:46:00,7589.75,7591.5,7589.25,7591.25,812.0
2026-07-14 14:47:00,7591.25,7592.0,7591.0,7591.75,791.0
2026-07-14 14:48:00,7591.75,7592.0,7590.75,7591.25,821.0
2026-07-14 14:49:00,7591.25,7591.25,7589.75,7589.75,891.0
2026-07-14 14:50:00,7590.0,7590.5,7588.75,7589.75,1166.0
2026-07-14 14:51:00,7589.75,7591.25,7589.25,7590.75,807.0
2026-07-14 14:52:00,7590.75,7592.0,7590.0,7591.25,904.0
2026-07-14 14:53:00,7591.5,7593.5,7591.25,7593.0,921.0
2026-07-14 14:54:00,7593.0,7593.0,7591.5,7592.25,738.0
2026-07-14 14:55:00,7592.5,7592.5,7591.0,7591.5,611.0
2026-07-14 14:56:00,7591.75,7592.25,7591.25,7591.75,571.0
2026-07-14 14:57:00,7592.0,7592.75,7591.25,7591.5,534.0
2026-07-14 14:58:00,7591.25,7592.75,7591.0,7592.5,946.0
2026-07-14 14:59:00,7592.75,7592.75,7591.5,7592.0,529.0
2026-07-14 15:00:00,7592.25,7592.75,7591.25,7592.25,1231.0
2026-07-14 15:01:00,7592.25,7592.25,7590.0,7590.25,979.0
2026-07-14 15:02:00,7590.25,7590.25,7588.75,7589.75,967.0
2026-07-14 15:03:00,7589.75,7591.0,7588.75,7589.5,889.0
2026-07-14 15:04:00,7589.5,7590.25,7588.75,7589.5,602.0
2026-07-14 15:05:00,7589.75,7590.25,7589.0,7589.75,612.0
2026-07-14 15:06:00,7589.75,7591.0,7589.75,7590.75,772.0
2026-07-14 15:07:00,7590.75,7591.0,7588.25,7589.75,919.0
2026-07-14 15:08:00,7589.5,7590.75,7589.25,7590.0,761.0
2026-07-14 15:09:00,7590.0,7590.5,7588.75,7588.75,806.0
2026-07-14 15:10:00,7589.0,7589.5,7588.0,7589.25,788.0
2026-07-14 15:11:00,7589.25,7589.5,7587.5,7588.0,1030.0
2026-07-14 15:12:00,7588.25,7589.25,7588.0,7589.0,577.0
2026-07-14 15:13:00,7589.0,7591.0,7588.75,7590.75,994.0
2026-07-14 15:14:00,7590.75,7591.25,7589.75,7590.25,733.0
2026-07-14 15:15:00,7590.25,7591.5,7590.0,7591.5,1081.0
2026-07-14 15:16:00,7591.5,7592.0,7590.5,7590.75,1068.0
2026-07-14 15:17:00,7590.75,7591.5,7590.25,7591.25,648.0
2026-07-14 15:18:00,7591.25,7592.5,7588.25,7591.0,3086.0
2026-07-14 15:19:00,7590.75,7591.0,7590.25,7591.0,641.0
2026-07-14 15:20:00,7591.0,7591.5,7590.25,7591.5,813.0
2026-07-14 15:21:00,7591.75,7592.5,7591.5,7592.25,850.0
2026-07-14 15:22:00,7592.25,7593.75,7592.25,7593.25,993.0
2026-07-14 15:23:00,7593.5,7593.75,7593.0,7593.0,670.0
2026-07-14 15:24:00,7593.0,7594.75,7592.75,7594.25,813.0
2026-07-14 15:25:00,7594.25,7594.5,7593.5,7593.5,678.0
2026-07-14 15:26:00,7593.75,7594.5,7593.25,7594.25,963.0
2026-07-14 15:27:00,7594.25,7594.25,7593.25,7593.75,696.0
2026-07-14 15:28:00,7593.75,7593.75,7592.5,7592.5,841.0
2026-07-14 15:29:00,7592.75,7593.0,7591.0,7591.5,1433.0
2026-07-14 15:30:00,7591.5,7591.75,7587.0,7588.75,6350.0
2026-07-14 15:31:00,7588.5,7590.0,7587.25,7589.5,1586.0
2026-07-14 15:32:00,7589.5,7589.75,7588.0,7588.5,1379.0
2026-07-14 15:33:00,7588.75,7590.75,7587.5,7590.25,1137.0
2026-07-14 15:34:00,7590.0,7590.5,7589.25,7590.25,968.0
2026-07-14 15:35:00,7590.0,7590.5,7589.0,7590.0,1001.0
2026-07-14 15:36:00,7590.0,7592.75,7589.5,7592.75,1232.0
2026-07-14 15:37:00,7592.5,7593.0,7591.25,7591.75,928.0
2026-07-14 15:38:00,7591.5,7592.0,7589.5,7589.5,1074.0
2026-07-14 15:39:00,7589.25,7590.5,7589.25,7589.75,1047.0
2026-07-14 15:40:00,7589.75,7590.75,7589.25,7589.75,1331.0
2026-07-14 15:41:00,7589.75,7591.5,7589.75,7591.0,1258.0
2026-07-14 15:42:00,7591.25,7591.75,7590.75,7591.5,838.0
2026-07-14 15:43:00,7591.25,7593.0,7591.25,7593.0,1214.0
2026-07-14 15:44:00,7592.75,7594.75,7592.75,7593.25,1684.0
2026-07-14 15:45:00,7593.0,7594.25,7592.75,7594.0,1425.0
2026-07-14 15:46:00,7594.25,7594.25,7593.25,7593.5,1065.0
2026-07-14 15:47:00,7593.5,7594.5,7593.0,7593.0,1013.0
2026-07-14 15:48:00,7593.0,7594.5,7592.75,7594.0,1217.0
2026-07-14 15:49:00,7594.0,7595.25,7593.75,7595.0,1517.0
2026-07-14 15:50:00,7595.0,7596.0,7592.0,7592.25,3778.0
2026-07-14 15:51:00,7592.0,7594.0,7591.75,7593.75,1896.0
2026-07-14 15:52:00,7593.75,7595.25,7593.5,7594.25,2372.0
2026-07-14 15:53:00,7594.25,7595.25,7594.0,7594.25,1728.0
2026-07-14 15:54:00,7594.5,7594.75,7591.5,7591.5,4271.0
2026-07-14 15:55:00,7591.5,7593.5,7590.5,7591.75,3813.0
2026-07-14 15:56:00,7591.75,7593.5,7591.0,7593.25,2688.0
2026-07-14 15:57:00,7593.25,7595.75,7593.0,7595.75,4120.0
2026-07-14 15:58:00,7595.75,7596.0,7593.0,7593.0,6202.0
2026-07-14 15:59:00,7593.0,7595.25,7589.25,7590.0,36939.0
2026-07-14 16:00:00,7590.0,7591.5,7588.5,7589.75,9592.0
2026-07-14 16:01:00,7589.75,7591.25,7588.5,7590.5,1853.0
2026-07-14 16:02:00,7590.5,7590.5,7588.5,7589.5,937.0
2026-07-14 16:03:00,7589.5,7590.75,7589.25,7590.0,1010.0
2026-07-14 16:04:00,7590.0,7591.0,7589.0,7589.25,597.0
2026-07-14 16:05:00,7589.25,7592.5,7589.0,7591.25,1606.0
2026-07-14 16:06:00,7591.25,7592.25,7590.75,7591.5,660.0
2026-07-14 16:07:00,7591.25,7592.0,7590.75,7591.25,737.0
2026-07-14 16:08:00,7591.25,7591.25,7589.25,7590.75,717.0
2026-07-14 16:09:00,7590.5,7591.25,7589.75,7589.75,588.0
2026-07-14 16:10:00,7589.5,7589.75,7588.5,7588.5,838.0
2026-07-14 16:11:00,7588.75,7589.0,7587.75,7588.25,402.0
2026-07-14 16:12:00,7588.25,7588.5,7587.75,7588.25,558.0
2026-07-14 16:13:00,7588.25,7590.5,7588.0,7589.75,881.0
2026-07-14 16:14:00,7590.0,7590.5,7589.25,7589.25,544.0
2026-07-14 16:15:00,7589.25,7590.0,7589.0,7589.5,345.0
2026-07-14 16:16:00,7589.75,7589.75,7589.25,7589.5,210.0
2026-07-14 16:17:00,7589.5,7589.75,7588.75,7589.0,258.0
2026-07-14 16:18:00,7589.0,7590.0,7588.75,7589.0,290.0
2026-07-14 16:19:00,7589.0,7589.75,7588.75,7589.25,219.0
2026-07-14 16:20:00,7589.25,7589.25,7587.0,7587.25,302.0
2026-07-14 16:21:00,7587.25,7587.25,7586.25,7586.75,201.0
2026-07-14 16:22:00,7586.75,7587.0,7586.0,7586.75,428.0
2026-07-14 16:23:00,7586.5,7586.75,7585.75,7586.5,217.0
2026-07-14 16:24:00,7586.75,7587.75,7586.5,7587.75,172.0
2026-07-14 16:25:00,7587.75,7588.75,7587.75,7587.75,424.0
2026-07-14 16:26:00,7587.5,7587.5,7586.75,7587.25,204.0
2026-07-14 16:27:00,7587.25,7587.25,7585.75,7586.75,298.0
2026-07-14 16:28:00,7586.5,7587.25,7586.5,7586.75,206.0
2026-07-14 16:29:00,7586.75,7587.0,7586.0,7586.0,302.0
2026-07-14 16:30:00,7586.0,7586.25,7585.75,7586.25,392.0
2026-07-14 16:31:00,7586.5,7587.5,7586.25,7587.25,217.0
2026-07-14 16:32:00,7587.5,7587.5,7587.0,7587.25,176.0
2026-07-14 16:33:00,7587.25,7587.25,7586.25,7586.75,145.0
2026-07-14 16:34:00,7586.5,7587.25,7586.5,7587.0,134.0
2026-07-14 16:35:00,7587.0,7588.0,7587.0,7587.5,305.0
2026-07-14 16:36:00,7587.5,7588.75,7587.5,7588.5,234.0
2026-07-14 16:37:00,7588.5,7589.0,7588.5,7588.75,127.0
2026-07-14 16:38:00,7588.75,7589.5,7588.75,7588.75,98.0
2026-07-14 16:39:00,7588.75,7589.5,7588.5,7589.25,184.0
2026-07-14 16:40:00,7589.25,7589.25,7588.75,7588.75,58.0
2026-07-14 16:41:00,7588.75,7589.25,7588.25,7588.75,129.0
2026-07-14 16:42:00,7588.5,7589.0,7588.25,7589.0,130.0
2026-07-14 16:43:00,7589.25,7589.5,7589.25,7589.25,86.0
2026-07-14 16:44:00,7589.25,7589.25,7588.5,7588.75,165.0
2026-07-14 16:45:00,7588.75,7589.5,7588.25,7589.0,236.0
2026-07-14 16:46:00,7589.25,7589.5,7589.0,7589.0,98.0
2026-07-14 16:51:00,7587.75,7588.25,7587.75,7588.0,690.0
2026-07-14 16:52:00,7588.25,7588.75,7588.0,7588.25,93.0
2026-07-14 16:53:00,7588.25,7589.25,7588.25,7589.25,189.0
2026-07-14 16:54:00,7589.25,7590.0,7589.0,7590.0,212.0
2026-07-14 16:55:00,7590.0,7590.5,7589.5,7590.0,208.0
2026-07-14 16:56:00,7590.0,7590.5,7590.0,7590.5,162.0
2026-07-14 16:57:00,7590.75,7591.5,7590.25,7591.5,721.0
2026-07-14 16:58:00,7591.5,7591.5,7590.75,7591.25,162.0
2026-07-14 16:59:00,7591.25,7591.75,7590.75,7591.0,325.0
2026-07-14 18:00:00,7589.75,7591.5,7589.75,7590.25,0.0
2026-07-14 18:01:00,7590.0,7590.5,7589.5,7590.0,93.0
2026-07-14 18:02:00,7590.25,7590.5,7589.5,7590.0,65.0
2026-07-14 18:03:00,7589.5,7589.75,7588.75,7589.25,36.0
2026-07-14 18:04:00,7589.0,7589.75,7589.0,7589.5,33.0
2026-07-14 18:05:00,7589.5,7590.0,7588.5,7588.5,77.0
2026-07-14 18:06:00,7588.75,7588.75,7588.0,7588.5,77.0
2026-07-14 18:07:00,7588.5,7589.0,7588.25,7588.25,44.0
2026-07-14 18:08:00,7588.25,7588.5,7587.5,7587.5,100.0
2026-07-14 18:09:00,7587.5,7588.0,7586.75,7588.0,93.0
2026-07-14 18:10:00,7587.75,7588.5,7585.25,7586.5,242.0
2026-07-14 18:11:00,7586.5,7586.75,7583.75,7584.5,352.0
2026-07-14 18:12:00,7584.5,7585.0,7583.25,7583.25,167.0
2026-07-14 18:13:00,7583.25,7585.0,7583.0,7584.5,131.0
2026-07-14 18:14:00,7584.75,7584.75,7583.25,7584.0,92.0
2026-07-14 18:15:00,7584.25,7585.0,7584.0,7584.5,30.0
2026-07-14 18:16:00,7584.75,7586.75,7584.5,7586.75,160.0
2026-07-14 18:17:00,7586.75,7587.25,7585.75,7586.5,66.0
2026-07-14 18:18:00,7586.5,7587.75,7586.25,7587.5,59.0
2026-07-14 18:19:00,7587.5,7588.75,7587.25,7588.5,83.0
2026-07-14 18:20:00,7588.5,7589.75,7588.25,7589.25,120.0
2026-07-14 18:21:00,7589.25,7590.25,7589.0,7589.75,81.0
2026-07-14 18:22:00,7589.75,7590.5,7589.75,7590.0,50.0
2026-07-14 18:23:00,7589.75,7591.5,7589.75,7590.75,170.0
2026-07-14 18:24:00,7590.5,7592.25,7590.5,7591.5,146.0
2026-07-14 18:25:00,7591.75,7591.75,7590.25,7590.25,81.0
2026-07-14 18:26:00,7590.25,7590.5,7590.0,7590.5,34.0
2026-07-14 18:27:00,7590.25,7590.5,7590.0,7590.25,24.0
2026-07-14 18:28:00,7590.5,7591.25,7590.5,7590.75,36.0
2026-07-14 18:29:00,7591.0,7591.25,7590.25,7590.5,50.0
2026-07-14 18:30:00,7590.5,7591.25,7590.5,7591.25,21.0
2026-07-14 18:31:00,7591.5,7591.5,7590.5,7591.0,37.0
2026-07-14 18:32:00,7591.0,7592.25,7591.0,7591.0,97.0
2026-07-14 18:33:00,7591.0,7591.0,7590.25,7590.5,19.0
2026-07-14 18:34:00,7590.5,7591.0,7590.5,7590.75,32.0
2026-07-14 18:35:00,7590.5,7591.25,7590.5,7591.0,14.0
2026-07-14 18:36:00,7590.75,7591.25,7590.75,7591.0,30.0
2026-07-14 18:37:00,7590.75,7591.0,7590.75,7591.0,18.0
2026-07-14 18:38:00,7590.75,7590.75,7590.5,7590.5,5.0
2026-07-14 18:39:00,7590.75,7591.25,7590.75,7591.25,17.0
2026-07-14 18:40:00,7591.0,7591.25,7590.75,7591.25,24.0
2026-07-14 18:41:00,7591.0,7591.5,7590.75,7590.75,21.0
2026-07-14 18:42:00,7591.0,7591.25,7590.5,7590.75,17.0
2026-07-14 18:43:00,7590.75,7590.75,7590.25,7590.75,55.0
2026-07-14 18:44:00,7590.75,7591.25,7590.75,7590.75,20.0
2026-07-14 18:45:00,7590.75,7590.75,7590.5,7590.75,8.0
2026-07-14 18:46:00,7590.5,7590.5,7590.0,7590.25,41.0
2026-07-14 18:47:00,7590.0,7590.25,7589.0,7589.75,94.0
2026-07-14 18:48:00,7589.75,7590.0,7589.75,7589.75,16.0
2026-07-14 18:49:00,7589.75,7589.75,7589.5,7589.75,14.0
2026-07-14 18:50:00,7589.75,7590.25,7589.5,7590.0,21.0
2026-07-14 18:51:00,7590.25,7590.5,7589.0,7589.25,87.0
2026-07-14 18:52:00,7589.25,7589.5,7588.25,7588.25,54.0
2026-07-14 18:53:00,7588.5,7589.5,7588.5,7589.25,25.0
2026-07-14 18:54:00,7589.25,7589.75,7588.5,7589.0,83.0
2026-07-14 18:55:00,7588.75,7589.0,7588.75,7589.0,11.0
2026-07-14 18:56:00,7588.75,7588.75,7588.0,7588.5,42.0
2026-07-14 18:57:00,7588.75,7588.75,7588.25,7588.25,31.0
2026-07-14 18:58:00,7588.5,7588.75,7588.25,7588.75,28.0
2026-07-14 18:59:00,7588.75,7589.5,7588.75,7589.0,44.0
2026-07-14 19:00:00,7589.0,7589.25,7588.5,7588.5,50.0
2026-07-14 19:01:00,7588.5,7588.75,7587.75,7588.0,84.0
2026-07-14 19:02:00,7588.0,7588.5,7587.75,7588.0,44.0
2026-07-14 19:03:00,7588.0,7589.75,7587.75,7589.75,60.0
2026-07-14 19:04:00,7589.75,7590.25,7589.25,7589.75,81.0
2026-07-14 19:05:00,7590.25,7590.5,7589.75,7590.5,58.0
2026-07-14 19:06:00,7590.25,7590.5,7590.0,7590.5,21.0
2026-07-14 19:07:00,7590.5,7591.25,7590.5,7590.5,67.0
2026-07-14 19:08:00,7590.5,7591.5,7590.5,7591.25,50.0
2026-07-14 19:09:00,7591.0,7591.0,7590.75,7591.0,13.0
2026-07-14 19:10:00,7591.0,7591.25,7591.0,7591.0,22.0
2026-07-14 19:11:00,7591.25,7591.5,7591.0,7591.25,42.0
2026-07-14 19:12:00,7591.25,7591.75,7591.25,7591.75,30.0
2026-07-14 19:13:00,7591.75,7592.25,7591.5,7592.0,95.0
2026-07-14 19:14:00,7592.0,7592.75,7592.0,7592.0,90.0
2026-07-14 19:15:00,7592.0,7592.25,7591.5,7592.25,61.0
2026-07-14 19:16:00,7592.25,7592.5,7592.25,7592.25,12.0
2026-07-14 19:17:00,7592.0,7592.0,7591.0,7591.0,29.0
2026-07-14 19:18:00,7591.0,7591.5,7591.0,7591.5,29.0
2026-07-14 19:19:00,7591.5,7592.0,7591.5,7592.0,11.0
2026-07-14 19:20:00,7591.75,7592.25,7591.5,7591.75,29.0
2026-07-14 19:21:00,7592.0,7593.0,7592.0,7592.75,53.0
2026-07-14 19:22:00,7592.75,7593.0,7592.25,7592.75,41.0
2026-07-14 19:23:00,7592.5,7593.0,7592.5,7592.75,25.0
2026-07-14 19:24:00,7592.75,7593.75,7592.75,7593.5,77.0
2026-07-14 19:25:00,7593.5,7599.25,7593.0,7598.5,669.0
2026-07-14 19:26:00,7598.5,7598.75,7596.25,7596.75,200.0
2026-07-14 19:27:00,7596.75,7598.0,7596.75,7597.5,135.0
2026-07-14 19:28:00,7597.5,7598.25,7597.25,7597.75,108.0
2026-07-14 19:29:00,7597.75,7600.0,7597.5,7599.5,329.0
2026-07-14 19:30:00,7599.5,7601.5,7599.5,7601.25,270.0
2026-07-14 19:31:00,7601.5,7602.25,7600.5,7601.5,288.0
2026-07-14 19:32:00,7601.25,7602.0,7600.25,7600.5,186.0
2026-07-14 19:33:00,7600.75,7601.5,7600.5,7601.25,96.0
2026-07-14 19:34:00,7601.25,7601.25,7600.5,7601.0,135.0
2026-07-14 19:35:00,7601.0,7601.75,7600.75,7601.5,129.0
2026-07-14 19:36:00,7601.25,7601.25,7600.25,7600.5,63.0
2026-07-14 19:37:00,7600.75,7601.25,7600.5,7600.75,122.0
2026-07-14 19:38:00,7600.75,7600.75,7600.25,7600.75,35.0
2026-07-14 19:39:00,7600.75,7601.25,7600.5,7600.75,103.0
2026-07-14 19:40:00,7600.5,7601.75,7600.5,7601.75,87.0
2026-07-14 19:41:00,7601.5,7601.75,7601.0,7601.25,95.0
2026-07-14 19:42:00,7601.25,7603.25,7601.0,7602.25,310.0
2026-07-14 19:43:00,7602.25,7602.25,7601.0,7601.0,101.0
2026-07-14 19:44:00,7601.25,7602.0,7601.0,7601.0,101.0
2026-07-14 19:45:00,7601.0,7601.75,7600.25,7601.0,144.0
2026-07-14 19:46:00,7601.0,7602.0,7600.75,7601.5,89.0
2026-07-14 19:47:00,7601.5,7603.0,7601.25,7602.5,45.0
2026-07-14 19:48:00,7602.75,7603.0,7601.75,7602.75,78.0
2026-07-14 19:49:00,7602.75,7603.25,7602.25,7602.75,92.0
2026-07-14 19:50:00,7602.5,7603.25,7602.25,7602.75,218.0
2026-07-14 19:51:00,7602.75,7603.25,7601.75,7602.25,100.0
2026-07-14 19:52:00,7602.5,7603.5,7602.25,7602.75,124.0
2026-07-14 19:53:00,7602.75,7603.25,7602.5,7602.75,74.0
2026-07-14 19:54:00,7603.0,7604.25,7602.75,7603.5,262.0
2026-07-14 19:55:00,7603.75,7604.0,7602.75,7602.75,154.0
2026-07-14 19:56:00,7602.75,7603.25,7602.5,7602.75,64.0
2026-07-14 19:57:00,7603.0,7604.25,7602.5,7603.0,246.0
2026-07-14 19:58:00,7602.75,7603.0,7601.5,7602.0,127.0
2026-07-14 19:59:00,7601.75,7602.75,7601.25,7602.75,128.0
2026-07-14 20:00:00,7602.75,7604.0,7600.0,7600.0,406.0
2026-07-14 20:01:00,7600.0,7601.75,7599.75,7601.0,226.0
2026-07-14 20:02:00,7601.0,7602.25,7600.75,7601.0,238.0
2026-07-14 20:03:00,7601.25,7601.75,7600.5,7601.5,113.0
2026-07-14 20:04:00,7601.5,7602.0,7600.5,7600.75,138.0
2026-07-14 20:05:00,7600.75,7600.75,7598.5,7598.75,368.0
2026-07-14 20:06:00,7599.0,7600.0,7598.25,7599.25,212.0
2026-07-14 20:07:00,7599.25,7599.75,7598.0,7599.5,121.0
2026-07-14 20:08:00,7599.5,7600.75,7599.25,7600.25,108.0
2026-07-14 20:09:00,7600.5,7600.75,7599.25,7600.5,119.0
2026-07-14 20:10:00,7600.25,7603.5,7600.25,7602.75,261.0
2026-07-14 20:11:00,7602.5,7604.0,7601.25,7604.0,210.0
2026-07-14 20:12:00,7603.75,7604.5,7603.0,7603.5,188.0
2026-07-14 20:13:00,7603.5,7604.5,7602.25,7604.25,185.0
2026-07-14 20:14:00,7603.75,7603.75,7602.75,7603.0,45.0
2026-07-14 20:15:00,7603.0,7603.5,7601.5,7602.5,200.0
2026-07-14 20:16:00,7602.75,7603.0,7601.5,7602.0,234.0
2026-07-14 20:17:00,7602.25,7602.25,7601.75,7601.75,135.0
2026-07-14 20:18:00,7602.0,7603.0,7601.5,7602.25,291.0
2026-07-14 20:19:00,7602.25,7602.75,7601.0,7601.5,180.0
2026-07-14 20:20:00,7601.75,7604.5,7601.5,7603.25,354.0
2026-07-14 20:21:00,7603.5,7603.75,7602.5,7602.5,163.0
2026-07-14 20:22:00,7602.75,7603.25,7601.75,7602.0,82.0
2026-07-14 20:23:00,7602.0,7603.25,7602.0,7603.25,106.0
2026-07-14 20:24:00,7603.25,7603.5,7601.75,7602.0,95.0
2026-07-14 20:25:00,7602.25,7603.0,7601.0,7601.5,176.0
2026-07-14 20:26:00,7601.25,7601.75,7601.0,7601.75,143.0
2026-07-14 20:27:00,7602.0,7602.25,7601.5,7602.0,105.0
2026-07-14 20:28:00,7602.0,7603.0,7601.75,7602.75,85.0
2026-07-14 20:29:00,7602.75,7603.0,7602.0,7602.25,71.0
2026-07-14 20:30:00,7602.5,7603.0,7602.25,7602.75,98.0
2026-07-14 20:31:00,7602.75,7603.0,7601.75,7602.0,145.0
2026-07-14 20:32:00,7602.0,7602.5,7601.0,7601.5,157.0
2026-07-14 20:33:00,7601.25,7601.25,7600.25,7600.5,220.0
2026-07-14 20:34:00,7600.75,7600.75,7599.25,7599.5,150.0
2026-07-14 20:35:00,7599.75,7599.75,7598.0,7598.25,161.0
2026-07-14 20:36:00,7598.5,7598.5,7596.75,7597.5,214.0
2026-07-14 20:37:00,7597.25,7597.25,7595.5,7595.75,295.0
2026-07-14 20:38:00,7596.0,7597.75,7595.75,7597.75,174.0
2026-07-14 20:39:00,7598.0,7598.25,7596.75,7597.75,135.0
2026-07-14 20:40:00,7597.75,7598.5,7597.5,7598.25,103.0
2026-07-14 20:41:00,7598.5,7598.5,7597.0,7597.0,126.0
2026-07-14 20:42:00,7597.25,7597.25,7595.0,7595.5,200.0
2026-07-14 20:43:00,7595.5,7595.75,7592.5,7592.75,371.0
2026-07-14 20:44:00,7593.0,7594.0,7593.0,7594.0,185.0
2026-07-14 20:45:00,7594.0,7596.25,7592.75,7596.0,200.0
2026-07-14 20:46:00,7596.0,7596.5,7595.5,7596.5,89.0
2026-07-14 20:47:00,7596.25,7597.25,7595.25,7596.75,142.0
2026-07-14 20:48:00,7596.5,7597.25,7596.0,7596.5,87.0
2026-07-14 20:49:00,7596.25,7596.25,7595.5,7596.0,117.0
2026-07-14 20:50:00,7596.25,7598.25,7596.0,7598.0,182.0
2026-07-14 20:51:00,7597.75,7598.5,7597.5,7598.5,159.0
2026-07-14 20:52:00,7598.75,7600.0,7598.5,7599.75,223.0
2026-07-14 20:53:00,7599.75,7599.75,7598.5,7599.0,122.0
2026-07-14 20:54:00,7599.0,7600.0,7599.0,7599.5,71.0
2026-07-14 20:55:00,7599.5,7601.5,7599.0,7600.75,115.0
2026-07-14 20:56:00,7600.75,7601.25,7600.75,7600.75,87.0
2026-07-14 20:57:00,7600.75,7601.75,7600.5,7601.75,68.0
2026-07-14 20:58:00,7601.75,7603.5,7601.75,7603.0,224.0
2026-07-14 20:59:00,7603.0,7603.25,7601.5,7601.5,159.0
2026-07-14 21:00:00,7601.75,7603.0,7598.75,7599.0,357.0
2026-07-14 21:01:00,7599.25,7599.5,7598.0,7598.25,159.0
2026-07-14 21:02:00,7598.5,7598.75,7597.25,7597.75,181.0
2026-07-14 21:03:00,7597.5,7598.0,7596.25,7597.0,159.0
2026-07-14 21:04:00,7596.75,7598.75,7596.5,7598.25,136.0
2026-07-14 21:05:00,7598.5,7599.0,7597.5,7597.75,134.0
2026-07-14 21:06:00,7597.25,7598.5,7597.0,7598.25,131.0
2026-07-14 21:07:00,7598.5,7598.5,7596.0,7596.5,121.0
2026-07-14 21:08:00,7596.75,7597.0,7596.0,7597.0,96.0
2026-07-14 21:09:00,7597.0,7597.25,7596.25,7597.0,97.0
2026-07-14 21:10:00,7597.0,7598.0,7596.25,7596.5,91.0
2026-07-14 21:11:00,7596.5,7597.5,7596.0,7597.0,102.0
2026-07-14 21:12:00,7597.25,7598.75,7596.5,7598.5,100.0
2026-07-14 21:13:00,7598.5,7599.0,7598.0,7598.75,130.0
2026-07-14 21:14:00,7598.75,7599.0,7598.25,7598.5,45.0
2026-07-14 21:15:00,7598.5,7602.0,7598.25,7602.0,201.0
2026-07-14 21:16:00,7601.75,7602.25,7601.0,7601.0,150.0
2026-07-14 21:17:00,7601.25,7601.5,7600.75,7601.25,77.0
2026-07-14 21:18:00,7601.25,7601.25,7600.25,7600.5,88.0
2026-07-14 21:19:00,7600.5,7601.0,7600.25,7600.75,53.0
2026-07-14 21:20:00,7601.0,7601.25,7599.75,7599.75,80.0
2026-07-14 21:21:00,7600.25,7600.5,7599.75,7600.25,60.0
2026-07-14 21:22:00,7600.25,7601.75,7600.25,7601.25,91.0
2026-07-14 21:23:00,7601.25,7601.75,7601.0,7601.25,126.0
2026-07-14 21:24:00,7601.5,7601.75,7600.5,7600.75,59.0
2026-07-14 21:25:00,7600.5,7601.25,7600.0,7601.0,65.0
2026-07-14 21:26:00,7601.0,7603.25,7601.0,7602.75,211.0
2026-07-14 21:27:00,7602.75,7602.75,7602.0,7602.75,95.0
2026-07-14 21:28:00,7602.75,7603.75,7602.75,7602.75,212.0
2026-07-14 21:29:00,7602.75,7602.75,7600.75,7601.5,174.0
2026-07-14 21:30:00,7601.5,7602.5,7601.25,7601.5,164.0
2026-07-14 21:31:00,7601.25,7602.0,7600.75,7602.0,105.0
2026-07-14 21:32:00,7602.0,7602.0,7601.25,7602.0,109.0
2026-07-14 21:33:00,7601.75,7602.25,7600.75,7601.75,89.0
2026-07-14 21:34:00,7601.25,7602.0,7601.0,7601.75,75.0
2026-07-14 21:35:00,7602.0,7602.0,7601.0,7601.5,90.0
2026-07-14 21:36:00,7601.75,7602.25,7601.25,7602.25,162.0
2026-07-14 21:37:00,7602.0,7602.75,7601.5,7602.5,130.0
2026-07-14 21:38:00,7602.5,7603.0,7601.75,7602.5,68.0
2026-07-14 21:39:00,7602.5,7603.25,7602.0,7602.75,93.0
2026-07-14 21:40:00,7602.75,7602.75,7600.0,7600.75,209.0
2026-07-14 21:41:00,7600.75,7601.25,7599.5,7601.0,140.0
2026-07-14 21:42:00,7601.25,7601.5,7599.5,7599.5,90.0
2026-07-14 21:43:00,7599.5,7599.5,7599.0,7599.25,98.0
2026-07-14 21:44:00,7599.5,7599.5,7597.5,7597.5,148.0
2026-07-14 21:45:00,7597.75,7599.25,7597.5,7599.25,146.0
2026-07-14 21:46:00,7599.0,7600.0,7598.25,7599.5,131.0
2026-07-14 21:47:00,7599.5,7600.0,7599.0,7599.0,66.0
2026-07-14 21:48:00,7599.0,7599.0,7598.5,7598.5,49.0
2026-07-14 21:49:00,7599.25,7600.5,7599.0,7599.75,81.0
2026-07-14 21:50:00,7599.75,7600.25,7599.5,7599.75,72.0
2026-07-14 21:51:00,7599.5,7600.25,7599.5,7600.25,47.0
2026-07-14 21:52:00,7600.5,7600.75,7599.75,7599.75,70.0
2026-07-14 21:53:00,7599.75,7601.5,7599.25,7601.5,186.0
2026-07-14 21:54:00,7601.5,7601.75,7600.25,7601.75,114.0
2026-07-14 21:55:00,7601.75,7602.25,7601.5,7602.25,106.0
2026-07-14 21:56:00,7602.25,7602.75,7602.25,7602.5,120.0
2026-07-14 21:57:00,7602.75,7602.75,7601.75,7602.5,96.0
2026-07-14 21:58:00,7602.5,7603.75,7602.25,7603.5,199.0
2026-07-14 21:59:00,7603.5,7604.5,7603.25,7604.25,277.0
2026-07-14 22:00:00,7604.5,7604.5,7603.25,7603.75,201.0
2026-07-14 22:01:00,7603.75,7603.75,7602.75,7602.75,136.0
2026-07-14 22:02:00,7603.0,7603.75,7602.75,7603.5,117.0
2026-07-14 22:03:00,7603.5,7603.75,7602.5,7603.0,80.0
2026-07-14 22:04:00,7603.0,7603.75,7603.0,7603.75,90.0
2026-07-14 22:05:00,7603.75,7604.5,7603.0,7604.5,178.0
2026-07-14 22:06:00,7604.5,7606.25,7604.0,7604.5,438.0
2026-07-14 22:07:00,7604.25,7604.5,7604.0,7604.25,110.0
2026-07-14 22:08:00,7604.25,7604.5,7603.75,7604.25,84.0
2026-07-14 22:09:00,7604.0,7604.5,7603.75,7604.0,87.0
2026-07-14 22:10:00,7604.25,7604.75,7604.0,7604.5,99.0
2026-07-14 22:11:00,7604.25,7604.5,7603.5,7603.5,105.0
2026-07-14 22:12:00,7603.75,7605.25,7603.75,7605.0,177.0
2026-07-14 22:13:00,7605.0,7605.25,7603.75,7604.0,183.0
2026-07-14 22:14:00,7604.0,7604.0,7603.25,7603.5,156.0
2026-07-14 22:15:00,7603.75,7604.0,7603.25,7603.75,74.0
2026-07-14 22:16:00,7603.75,7604.0,7603.25,7603.75,68.0
2026-07-14 22:17:00,7603.75,7604.5,7603.75,7604.25,126.0
2026-07-14 22:18:00,7604.5,7605.25,7604.25,7605.25,78.0
2026-07-14 22:19:00,7605.0,7605.5,7604.5,7604.5,132.0
2026-07-14 22:20:00,7604.75,7604.75,7603.75,7604.0,113.0
2026-07-14 22:21:00,7603.75,7604.75,7603.75,7604.5,108.0
2026-07-14 22:22:00,7604.5,7605.5,7604.25,7605.5,201.0
2026-07-14 22:23:00,7605.5,7605.5,7604.0,7604.25,113.0
2026-07-14 22:24:00,7604.0,7604.25,7603.5,7603.75,132.0
2026-07-14 22:25:00,7603.5,7604.25,7603.5,7604.0,157.0
2026-07-14 22:26:00,7604.0,7604.75,7603.5,7604.0,90.0
2026-07-14 22:27:00,7604.0,7604.5,7604.0,7604.5,34.0
2026-07-14 22:28:00,7604.5,7604.75,7604.5,7604.5,93.0
2026-07-14 22:29:00,7604.5,7604.5,7604.0,7604.5,47.0
2026-07-14 22:30:00,7604.75,7605.0,7604.25,7604.5,167.0
2026-07-14 22:31:00,7604.5,7605.25,7604.25,7604.75,87.0
2026-07-14 22:32:00,7604.75,7605.25,7604.5,7605.25,105.0
2026-07-14 22:33:00,7605.25,7606.0,7605.25,7605.5,141.0
2026-07-14 22:34:00,7605.5,7606.75,7605.5,7606.0,242.0
2026-07-14 22:35:00,7606.0,7606.25,7605.5,7606.25,61.0
2026-07-14 22:36:00,7606.25,7607.5,7606.25,7606.25,133.0
2026-07-14 22:37:00,7606.25,7606.5,7606.0,7606.5,77.0
2026-07-14 22:38:00,7606.25,7606.75,7605.75,7605.75,101.0
2026-07-14 22:39:00,7605.75,7606.25,7605.25,7606.0,59.0
2026-07-14 22:40:00,7606.25,7606.5,7606.0,7606.25,76.0
2026-07-14 22:41:00,7606.25,7606.5,7605.75,7605.75,36.0
2026-07-14 22:42:00,7606.0,7606.25,7605.75,7606.25,80.0
2026-07-14 22:43:00,7606.5,7606.75,7606.25,7606.5,132.0
2026-07-14 22:44:00,7606.5,7606.75,7606.25,7606.75,59.0
2026-07-14 22:45:00,7606.5,7606.75,7606.25,7606.75,86.0
2026-07-14 22:46:00,7606.5,7606.75,7606.5,7606.75,71.0
2026-07-14 22:47:00,7606.75,7606.75,7605.75,7605.75,127.0
2026-07-14 22:48:00,7605.75,7606.75,7605.75,7606.25,65.0
2026-07-14 22:49:00,7606.5,7606.75,7606.0,7606.25,69.0
2026-07-14 22:50:00,7606.25,7606.25,7604.5,7605.25,272.0
2026-07-14 22:51:00,7605.25,7605.25,7604.0,7604.0,121.0
2026-07-14 22:52:00,7604.25,7604.75,7604.0,7604.75,128.0
2026-07-14 22:53:00,7604.75,7604.75,7604.0,7604.0,117.0
2026-07-14 22:54:00,7604.0,7604.5,7604.0,7604.25,82.0
2026-07-14 22:55:00,7604.25,7604.75,7604.0,7604.5,83.0
2026-07-14 22:56:00,7604.75,7604.75,7604.0,7604.25,53.0
2026-07-14 22:57:00,7604.5,7604.5,7603.75,7603.75,64.0
2026-07-14 22:58:00,7603.5,7603.75,7603.5,7603.5,103.0
2026-07-14 22:59:00,7603.5,7603.75,7602.75,7603.25,105.0
2026-07-14 23:00:00,7603.25,7603.25,7602.75,7603.0,133.0
2026-07-14 23:01:00,7603.0,7603.5,7603.0,7603.25,118.0
2026-07-14 23:02:00,7603.25,7603.75,7603.0,7603.75,93.0
2026-07-14 23:03:00,7604.0,7604.0,7603.25,7603.5,45.0
2026-07-14 23:04:00,7603.5,7603.75,7603.0,7603.75,73.0
2026-07-14 23:05:00,7603.5,7603.5,7603.0,7603.25,54.0
2026-07-14 23:06:00,7603.25,7603.5,7603.0,7603.25,40.0
2026-07-14 23:07:00,7603.25,7603.75,7602.5,7602.75,78.0
2026-07-14 23:08:00,7602.75,7603.0,7602.5,7602.75,54.0
2026-07-14 23:09:00,7602.5,7603.0,7602.5,7602.75,63.0
2026-07-14 23:10:00,7603.0,7603.0,7602.25,7602.5,98.0
2026-07-14 23:11:00,7602.5,7602.5,7601.5,7601.5,93.0
2026-07-14 23:12:00,7601.5,7602.25,7601.25,7602.0,101.0
2026-07-14 23:13:00,7602.0,7602.5,7601.75,7602.0,89.0
2026-07-14 23:14:00,7602.0,7602.25,7601.75,7602.0,76.0
2026-07-14 23:15:00,7602.25,7602.5,7602.25,7602.5,53.0
2026-07-14 23:16:00,7602.5,7603.75,7602.25,7603.5,232.0
2026-07-14 23:17:00,7603.5,7604.75,7603.5,7604.0,135.0
2026-07-14 23:18:00,7604.0,7604.25,7603.25,7603.75,111.0
2026-07-14 23:19:00,7603.5,7604.25,7603.0,7604.25,50.0
2026-07-14 23:20:00,7604.25,7604.75,7603.75,7603.75,77.0
2026-07-14 23:21:00,7603.75,7604.0,7603.5,7603.75,79.0
2026-07-14 23:22:00,7603.75,7603.75,7603.0,7603.25,54.0
2026-07-14 23:23:00,7603.5,7603.75,7603.5,7603.75,36.0
2026-07-14 23:24:00,7603.5,7603.75,7603.5,7603.75,36.0
2026-07-14 23:25:00,7603.5,7604.25,7603.5,7604.0,33.0
2026-07-14 23:26:00,7604.0,7604.25,7603.25,7604.0,60.0
2026-07-14 23:27:00,7603.75,7605.0,7603.75,7605.0,81.0
2026-07-14 23:28:00,7604.75,7605.25,7604.75,7605.25,55.0
2026-07-14 23:29:00,7605.0,7605.5,7604.5,7604.75,85.0
2026-07-14 23:30:00,7604.5,7605.75,7604.5,7605.5,162.0
2026-07-14 23:31:00,7605.25,7605.5,7605.0,7605.0,82.0
2026-07-14 23:32:00,7604.75,7605.5,7604.75,7605.25,52.0
2026-07-14 23:33:00,7605.5,7606.25,7605.5,7606.25,110.0
2026-07-14 23:34:00,7606.0,7606.25,7605.75,7606.0,69.0
2026-07-14 23:35:00,7606.0,7606.0,7605.5,7606.0,57.0
2026-07-14 23:36:00,7605.75,7605.75,7605.5,7605.75,33.0
2026-07-14 23:37:00,7605.75,7605.75,7605.5,7605.75,22.0
2026-07-14 23:38:00,7605.75,7606.25,7605.5,7606.25,58.0
2026-07-14 23:39:00,7606.25,7606.25,7605.5,7605.5,17.0
2026-07-14 23:40:00,7605.5,7606.0,7605.5,7605.75,46.0
2026-07-14 23:41:00,7605.5,7606.5,7605.5,7606.5,88.0
2026-07-14 23:42:00,7606.5,7606.5,7605.5,7605.5,83.0
2026-07-14 23:43:00,7605.5,7605.75,7605.0,7605.75,54.0
2026-07-14 23:44:00,7605.5,7605.5,7605.0,7605.0,45.0
2026-07-14 23:45:00,7605.0,7605.75,7604.75,7605.25,48.0
2026-07-14 23:46:00,7605.25,7606.0,7605.25,7605.75,65.0
2026-07-14 23:47:00,7605.75,7606.0,7605.25,7605.75,49.0
2026-07-14 23:48:00,7606.0,7606.5,7605.5,7606.5,64.0
2026-07-14 23:49:00,7606.25,7607.0,7606.25,7607.0,46.0
2026-07-14 23:50:00,7607.25,7608.25,7607.25,7608.0,240.0
2026-07-14 23:51:00,7608.25,7608.25,7607.75,7608.0,80.0
2026-07-14 23:52:00,7607.75,7608.25,7607.75,7608.0,83.0
2026-07-14 23:53:00,7608.0,7608.25,7608.0,7608.0,80.0
2026-07-14 23:54:00,7608.0,7608.25,7607.75,7607.75,66.0
2026-07-14 23:55:00,7607.75,7608.0,7607.25,7607.5,37.0
2026-07-14 23:56:00,7607.75,7607.75,7607.25,7607.5,76.0
2026-07-14 23:57:00,7607.75,7608.0,7607.25,7607.25,70.0
2026-07-14 23:58:00,7607.25,7607.25,7607.0,7607.25,54.0
2026-07-15 00:09:00,7606.25,7606.25,7605.75,7605.75,53.0
2026-07-15 00:10:00,7606.0,7606.5,7605.75,7606.25,66.0
2026-07-15 00:11:00,7606.25,7606.75,7606.25,7606.75,41.0
2026-07-15 00:12:00,7606.75,7606.75,7606.5,7606.75,36.0
2026-07-15 00:13:00,7606.75,7607.0,7606.75,7606.75,31.0
2026-07-15 00:14:00,7606.75,7607.0,7606.25,7606.5,53.0
2026-07-15 00:15:00,7606.75,7607.0,7606.25,7606.75,40.0
2026-07-15 00:16:00,7607.0,7607.25,7607.0,7607.25,31.0
2026-07-15 00:17:00,7607.5,7608.0,7607.0,7608.0,73.0
2026-07-15 00:18:00,7608.0,7608.0,7607.5,7607.75,48.0
2026-07-15 00:19:00,7608.0,7608.25,7607.5,7608.0,50.0
2026-07-15 00:20:00,7608.0,7608.0,7607.75,7608.0,22.0
2026-07-15 00:21:00,7608.25,7608.25,7607.5,7607.5,71.0
2026-07-15 00:22:00,7607.75,7607.75,7607.25,7607.5,59.0
2026-07-15 00:23:00,7607.75,7608.25,7607.75,7608.0,56.0
2026-07-15 00:24:00,7608.0,7608.0,7607.75,7607.75,53.0
2026-07-15 00:25:00,7608.0,7608.25,7607.75,7607.75,54.0
2026-07-15 00:26:00,7607.75,7608.0,7607.5,7607.75,92.0
2026-07-15 00:27:00,7607.75,7608.0,7607.25,7607.75,59.0
2026-07-15 00:28:00,7607.75,7607.75,7607.25,7607.5,54.0
2026-07-15 00:29:00,7607.25,7607.5,7606.75,7607.0,65.0
2026-07-15 00:30:00,7606.75,7607.0,7606.25,7606.75,129.0
2026-07-15 00:31:00,7606.75,7607.0,7606.5,7606.5,117.0
2026-07-15 00:32:00,7606.5,7607.0,7606.0,7607.0,81.0
2026-07-15 00:33:00,7607.0,7607.25,7607.0,7607.0,27.0
2026-07-15 00:34:00,7607.25,7607.25,7606.5,7606.5,84.0
2026-07-15 00:35:00,7606.5,7606.75,7606.5,7606.75,60.0
2026-07-15 00:36:00,7607.0,7607.5,7606.75,7607.25,82.0
2026-07-15 00:37:00,7607.25,7607.5,7607.0,7607.0,74.0
2026-07-15 00:38:00,7607.0,7607.75,7607.0,7607.75,90.0
2026-07-15 00:39:00,7607.5,7608.0,7607.5,7607.75,76.0
2026-07-15 00:40:00,7607.75,7608.0,7607.75,7607.75,24.0
2026-07-15 00:41:00,7607.75,7607.75,7607.0,7607.0,61.0
2026-07-15 00:42:00,7607.0,7607.75,7607.0,7607.25,80.0
2026-07-15 00:43:00,7607.25,7607.25,7606.5,7606.5,40.0
2026-07-15 00:44:00,7606.5,7606.75,7606.5,7606.75,53.0
2026-07-15 00:45:00,7607.0,7607.0,7606.75,7606.75,21.0
2026-07-15 00:46:00,7606.75,7607.25,7606.75,7607.0,34.0
2026-07-15 00:47:00,7607.25,7607.5,7607.25,7607.25,33.0
2026-07-15 00:48:00,7607.25,7607.75,7607.25,7607.5,51.0
2026-07-15 00:49:00,7607.25,7607.25,7606.75,7607.0,42.0
2026-07-15 00:50:00,7607.25,7607.25,7606.75,7607.0,41.0
2026-07-15 00:51:00,7607.0,7607.25,7606.75,7607.25,27.0
2026-07-15 00:52:00,7607.0,7607.75,7607.0,7607.75,66.0
2026-07-15 00:53:00,7607.5,7608.0,7607.5,7607.75,91.0
2026-07-15 00:54:00,7607.75,7607.75,7607.5,7607.5,40.0
2026-07-15 00:55:00,7607.75,7607.75,7607.25,7607.5,51.0
2026-07-15 00:56:00,7607.75,7608.0,7607.25,7607.5,87.0
2026-07-15 00:57:00,7607.5,7607.5,7607.25,7607.25,64.0
2026-07-15 00:58:00,7607.5,7608.0,7607.5,7608.0,41.0
2026-07-15 00:59:00,7608.0,7608.5,7607.5,7608.5,96.0
2026-07-15 01:00:00,7608.5,7613.5,7608.5,7611.0,1353.0
2026-07-15 01:01:00,7610.75,7610.75,7606.0,7606.75,840.0
2026-07-15 01:02:00,7606.75,7606.75,7604.0,7606.25,672.0
2026-07-15 01:03:00,7606.0,7606.75,7604.25,7604.75,312.0
2026-07-15 01:04:00,7604.75,7605.75,7604.5,7605.25,223.0
2026-07-15 01:05:00,7605.25,7605.25,7603.75,7604.25,212.0
2026-07-15 01:06:00,7604.0,7604.25,7603.25,7603.25,262.0
2026-07-15 01:07:00,7603.25,7605.5,7603.25,7605.25,153.0
2026-07-15 01:08:00,7605.25,7606.5,7604.75,7606.0,138.0
2026-07-15 01:09:00,7605.75,7607.25,7605.75,7607.25,117.0
2026-07-15 01:10:00,7607.25,7607.75,7605.25,7605.25,152.0
2026-07-15 01:11:00,7605.25,7605.5,7604.5,7604.75,108.0
2026-07-15 01:12:00,7604.75,7604.75,7604.0,7604.5,115.0
2026-07-15 01:13:00,7604.75,7605.75,7604.5,7604.75,112.0
2026-07-15 01:14:00,7604.5,7605.25,7604.5,7604.75,96.0
2026-07-15 01:15:00,7604.5,7605.0,7604.5,7605.0,81.0
2026-07-15 01:16:00,7605.0,7605.5,7605.0,7605.5,67.0
2026-07-15 01:17:00,7605.75,7607.25,7605.5,7607.25,105.0
2026-07-15 01:18:00,7607.25,7607.25,7606.5,7607.0,56.0
2026-07-15 01:19:00,7607.25,7607.75,7606.75,7607.0,85.0
2026-07-15 01:20:00,7607.0,7607.75,7606.75,7607.75,56.0
2026-07-15 01:21:00,7607.75,7608.0,7606.0,7606.0,148.0
2026-07-15 01:22:00,7605.75,7605.75,7604.75,7605.5,99.0
2026-07-15 01:23:00,7605.75,7606.5,7605.5,7605.75,71.0
2026-07-15 01:24:00,7605.5,7605.75,7605.0,7605.0,103.0
2026-07-15 01:25:00,7604.75,7604.75,7603.5,7603.5,148.0
2026-07-15 01:26:00,7603.75,7603.75,7602.75,7603.0,155.0
2026-07-15 01:27:00,7603.25,7603.5,7602.75,7603.25,134.0
2026-07-15 01:28:00,7603.25,7603.75,7603.25,7603.5,84.0
2026-07-15 01:29:00,7603.25,7604.25,7603.0,7603.75,130.0
2026-07-15 01:30:00,7603.5,7604.0,7603.25,7603.5,97.0
2026-07-15 01:31:00,7603.5,7603.75,7602.5,7602.5,106.0
2026-07-15 01:32:00,7602.75,7606.0,7602.75,7605.25,226.0
2026-07-15 01:33:00,7605.0,7605.25,7604.25,7604.75,159.0
2026-07-15 01:34:00,7605.0,7605.75,7605.0,7605.75,63.0
2026-07-15 01:35:00,7605.75,7606.75,7605.75,7606.25,134.0
2026-07-15 01:36:00,7606.0,7606.75,7605.75,7606.75,125.0
2026-07-15 01:37:00,7606.75,7607.5,7606.5,7607.0,126.0
2026-07-15 01:38:00,7607.25,7607.5,7606.5,7606.75,81.0
2026-07-15 01:39:00,7607.0,7608.0,7606.75,7608.0,143.0
2026-07-15 01:40:00,7608.0,7608.0,7606.75,7607.0,191.0
2026-07-15 01:41:00,7607.0,7607.25,7606.75,7606.75,89.0
2026-07-15 01:42:00,7606.75,7607.5,7606.5,7606.75,99.0
2026-07-15 01:43:00,7606.75,7607.0,7605.25,7606.0,173.0
2026-07-15 01:44:00,7606.0,7606.25,7605.5,7606.0,63.0
2026-07-15 01:45:00,7606.0,7606.0,7605.25,7605.25,93.0
2026-07-15 01:46:00,7605.25,7606.75,7605.25,7606.5,76.0
2026-07-15 01:47:00,7606.5,7607.0,7606.25,7607.0,83.0
2026-07-15 01:48:00,7607.0,7607.75,7607.0,7607.75,114.0
2026-07-15 01:49:00,7607.75,7607.75,7607.0,7607.25,99.0
2026-07-15 01:50:00,7607.25,7607.5,7606.75,7607.25,57.0
2026-07-15 01:51:00,7607.0,7607.25,7606.25,7607.0,91.0
2026-07-15 01:52:00,7607.0,7608.0,7606.75,7608.0,107.0
2026-07-15 01:53:00,7608.0,7608.0,7607.25,7607.75,92.0
2026-07-15 01:54:00,7607.75,7607.75,7607.25,7607.5,147.0
2026-07-15 01:55:00,7607.5,7608.0,7607.25,7607.75,137.0
2026-07-15 01:56:00,7607.75,7608.75,7607.75,7608.75,149.0
2026-07-15 01:57:00,7608.5,7608.75,7608.25,7608.5,142.0
2026-07-15 01:58:00,7608.5,7609.25,7608.25,7608.75,178.0
2026-07-15 01:59:00,7608.75,7609.0,7608.75,7609.0,215.0
2026-07-15 02:00:00,7609.25,7609.5,7608.75,7608.75,307.0
2026-07-15 02:01:00,7608.5,7608.75,7608.25,7608.5,136.0
2026-07-15 02:02:00,7608.25,7609.25,7608.25,7609.25,108.0
2026-07-15 02:03:00,7609.25,7609.25,7608.5,7608.75,216.0
2026-07-15 02:04:00,7609.0,7609.5,7608.75,7609.5,191.0
2026-07-15 02:05:00,7609.5,7609.75,7608.75,7608.75,154.0
2026-07-15 02:06:00,7608.75,7609.0,7607.75,7608.0,158.0
2026-07-15 02:07:00,7607.75,7608.5,7607.5,7608.5,107.0
2026-07-15 02:08:00,7608.75,7609.0,7608.5,7608.5,83.0
2026-07-15 02:09:00,7608.5,7608.75,7607.75,7608.25,161.0
2026-07-15 02:10:00,7608.25,7609.0,7608.25,7608.75,87.0
2026-07-15 02:11:00,7608.75,7608.75,7607.25,7607.75,131.0
2026-07-15 02:12:00,7607.75,7607.75,7607.0,7607.75,70.0
2026-07-15 02:13:00,7607.75,7608.0,7607.5,7608.0,73.0
2026-07-15 02:14:00,7608.0,7608.5,7607.75,7608.25,67.0
2026-07-15 02:15:00,7608.0,7608.0,7607.25,7607.5,117.0
2026-07-15 02:16:00,7607.75,7608.0,7607.25,7607.25,127.0
2026-07-15 02:17:00,7607.25,7607.25,7606.25,7606.25,128.0
2026-07-15 02:18:00,7606.5,7606.75,7606.25,7606.75,182.0
2026-07-15 02:19:00,7607.0,7608.25,7606.5,7608.25,106.0
2026-07-15 02:20:00,7608.0,7608.25,7607.5,7607.75,111.0
2026-07-15 02:21:00,7607.5,7607.5,7607.0,7607.25,90.0
2026-07-15 02:22:00,7607.25,7607.5,7606.5,7606.75,175.0
2026-07-15 02:23:00,7606.75,7607.5,7606.75,7607.5,101.0
2026-07-15 02:24:00,7607.5,7608.0,7607.5,7607.75,40.0
2026-07-15 02:25:00,7608.0,7608.5,7607.75,7608.0,103.0
2026-07-15 02:26:00,7608.25,7608.75,7608.0,7608.5,59.0
2026-07-15 02:27:00,7608.5,7608.75,7608.5,7608.5,18.0
2026-07-15 02:28:00,7608.75,7609.5,7608.5,7609.25,154.0
2026-07-15 02:29:00,7609.25,7610.5,7609.0,7610.0,542.0
2026-07-15 02:30:00,7610.0,7611.0,7608.5,7608.5,381.0
2026-07-15 02:31:00,7608.5,7608.5,7607.0,7607.25,331.0
2026-07-15 02:32:00,7607.25,7607.75,7606.5,7607.0,192.0
2026-07-15 02:33:00,7607.25,7608.0,7607.0,7608.0,99.0
2026-07-15 02:34:00,7607.75,7609.0,7607.5,7608.75,482.0
2026-07-15 02:35:00,7608.75,7609.25,7608.75,7609.25,69.0
2026-07-15 02:36:00,7609.0,7609.25,7608.0,7608.25,119.0
2026-07-15 02:37:00,7608.25,7609.0,7608.25,7608.75,101.0
2026-07-15 02:38:00,7608.5,7608.75,7608.5,7608.75,27.0
2026-07-15 02:39:00,7608.5,7608.75,7607.75,7608.0,40.0
2026-07-15 02:40:00,7607.75,7608.0,7607.25,7607.25,74.0
2026-07-15 02:41:00,7607.25,7607.5,7606.5,7607.5,78.0
2026-07-15 02:42:00,7607.5,7608.0,7607.25,7607.5,75.0
2026-07-15 02:43:00,7607.25,7607.5,7607.25,7607.25,39.0
2026-07-15 02:44:00,7607.25,7607.5,7606.75,7607.25,60.0
2026-07-15 02:45:00,7607.5,7608.0,7607.25,7608.0,40.0
2026-07-15 02:46:00,7607.75,7608.0,7607.5,7608.0,84.0
2026-07-15 02:47:00,7608.0,7608.75,7607.75,7608.0,164.0
2026-07-15 02:48:00,7608.0,7608.25,7607.75,7607.75,57.0
2026-07-15 02:49:00,7607.75,7608.25,7607.75,7608.25,100.0
2026-07-15 02:50:00,7608.25,7608.25,7608.0,7608.25,85.0
2026-07-15 02:51:00,7608.25,7608.25,7607.25,7607.25,83.0
2026-07-15 02:52:00,7607.0,7608.25,7606.75,7607.5,150.0
2026-07-15 02:53:00,7607.75,7608.25,7607.75,7608.0,32.0
2026-07-15 02:54:00,7608.0,7608.25,7608.0,7608.0,23.0
2026-07-15 02:55:00,7608.25,7608.25,7607.75,7608.0,162.0
2026-07-15 02:56:00,7608.0,7608.5,7608.0,7608.0,124.0
2026-07-15 02:57:00,7608.0,7608.25,7607.25,7607.25,71.0
2026-07-15 02:58:00,7607.25,7607.75,7606.75,7607.5,245.0
2026-07-15 02:59:00,7607.5,7607.75,7607.0,7607.75,140.0
2026-07-15 03:00:00,7607.5,7607.5,7605.0,7605.75,583.0
2026-07-15 03:01:00,7606.0,7606.0,7604.75,7605.0,207.0
2026-07-15 03:02:00,7605.25,7605.75,7605.0,7605.25,152.0
2026-07-15 03:03:00,7605.0,7606.5,7605.0,7605.75,306.0
2026-07-15 03:04:00,7606.0,7607.75,7606.0,7607.25,297.0
2026-07-15 03:05:00,7607.25,7609.0,7607.25,7608.5,291.0
2026-07-15 03:06:00,7608.25,7609.0,7607.5,7608.0,301.0
2026-07-15 03:07:00,7608.0,7608.5,7607.0,7607.25,177.0
2026-07-15 03:08:00,7607.25,7607.25,7606.75,7607.25,190.0
2026-07-15 03:09:00,7607.25,7607.75,7607.0,7607.5,227.0
2026-07-15 03:10:00,7607.5,7607.75,7606.75,7607.25,266.0
2026-07-15 03:11:00,7607.0,7608.0,7606.75,7607.5,89.0
2026-07-15 03:12:00,7607.5,7607.75,7606.75,7607.25,187.0
2026-07-15 03:13:00,7607.25,7608.0,7607.0,7607.25,208.0
2026-07-15 03:14:00,7607.25,7607.75,7607.25,7607.25,193.0
2026-07-15 03:15:00,7607.0,7607.5,7606.5,7607.0,219.0
2026-07-15 03:16:00,7607.25,7607.5,7605.75,7606.5,311.0
2026-07-15 03:17:00,7606.25,7606.5,7606.0,7606.5,102.0
2026-07-15 03:18:00,7606.5,7606.5,7605.5,7605.5,171.0
2026-07-15 03:19:00,7605.5,7606.0,7605.5,7605.5,124.0
2026-07-15 03:20:00,7605.5,7605.75,7604.5,7604.75,123.0
2026-07-15 03:21:00,7604.75,7605.5,7603.5,7603.75,295.0
2026-07-15 03:22:00,7603.5,7603.75,7603.25,7603.5,190.0
2026-07-15 03:23:00,7603.5,7603.75,7603.0,7603.5,137.0
2026-07-15 03:24:00,7603.5,7603.5,7602.25,7602.25,346.0
2026-07-15 03:25:00,7602.25,7602.25,7599.0,7599.0,574.0
2026-07-15 03:26:00,7599.0,7599.5,7596.0,7596.0,708.0
2026-07-15 03:27:00,7596.0,7596.25,7593.5,7596.25,932.0
2026-07-15 03:28:00,7596.25,7598.25,7596.25,7598.0,447.0
2026-07-15 03:29:00,7598.0,7599.0,7597.0,7599.0,357.0
2026-07-15 03:30:00,7599.0,7599.0,7597.0,7598.0,441.0
2026-07-15 03:31:00,7598.0,7598.25,7597.5,7598.25,203.0
2026-07-15 03:32:00,7598.0,7599.25,7597.75,7599.0,222.0
2026-07-15 03:33:00,7599.0,7600.25,7599.0,7599.0,164.0
2026-07-15 03:34:00,7599.0,7599.75,7597.75,7598.5,140.0
2026-07-15 03:35:00,7598.75,7600.5,7598.5,7600.5,173.0
2026-07-15 03:36:00,7600.25,7600.5,7599.5,7600.0,192.0
2026-07-15 03:37:00,7600.0,7600.5,7599.5,7599.75,155.0
2026-07-15 03:38:00,7599.75,7601.25,7599.25,7601.0,155.0
2026-07-15 03:39:00,7601.0,7601.0,7600.25,7600.5,236.0
2026-07-15 03:40:00,7600.5,7601.5,7600.25,7601.0,176.0
2026-07-15 03:41:00,7601.25,7602.0,7601.0,7601.75,130.0
2026-07-15 03:42:00,7601.75,7602.0,7601.25,7601.75,140.0
2026-07-15 03:43:00,7601.5,7602.5,7601.25,7601.25,205.0
2026-07-15 03:44:00,7601.25,7602.0,7600.5,7602.0,331.0
2026-07-15 03:45:00,7602.0,7602.75,7601.0,7601.0,235.0
2026-07-15 03:46:00,7601.0,7601.75,7600.75,7601.75,119.0
2026-07-15 03:47:00,7602.0,7602.5,7602.0,7602.25,91.0
2026-07-15 03:48:00,7602.0,7604.25,7602.0,7604.25,205.0
2026-07-15 03:49:00,7604.25,7604.75,7604.0,7604.5,177.0
2026-07-15 03:50:00,7604.5,7605.75,7604.5,7605.75,255.0
2026-07-15 03:51:00,7605.5,7605.75,7603.75,7604.0,230.0
2026-07-15 03:52:00,7604.0,7605.5,7603.75,7605.5,171.0
2026-07-15 03:53:00,7605.5,7606.25,7605.25,7605.25,165.0
2026-07-15 03:54:00,7605.25,7605.25,7604.75,7605.0,138.0
2026-07-15 03:55:00,7604.75,7605.0,7604.5,7604.75,112.0
2026-07-15 03:56:00,7604.75,7605.0,7603.75,7603.75,126.0
2026-07-15 03:57:00,7603.75,7604.25,7603.5,7603.75,46.0
2026-07-15 03:58:00,7603.75,7604.5,7603.75,7604.0,77.0
2026-07-15 03:59:00,7604.0,7604.75,7604.0,7604.5,67.0
2026-07-15 04:00:00,7604.5,7605.25,7602.5,7602.75,251.0
2026-07-15 04:01:00,7602.75,7603.5,7602.75,7603.0,205.0
2026-07-15 04:02:00,7603.0,7603.75,7602.0,7602.0,279.0
2026-07-15 04:03:00,7602.0,7602.0,7600.5,7601.0,450.0
2026-07-15 04:04:00,7600.75,7600.75,7598.25,7599.25,500.0
2026-07-15 04:05:00,7599.25,7600.0,7598.75,7599.25,233.0
2026-07-15 04:06:00,7599.0,7599.25,7598.25,7598.75,267.0
2026-07-15 04:07:00,7598.75,7599.25,7598.25,7598.75,225.0
2026-07-15 04:08:00,7598.75,7600.0,7597.75,7599.75,205.0
2026-07-15 04:09:00,7599.5,7599.5,7599.0,7599.0,132.0
2026-07-15 04:10:00,7599.0,7599.0,7597.25,7598.75,177.0
2026-07-15 04:11:00,7598.5,7599.0,7598.0,7598.25,273.0
2026-07-15 04:12:00,7598.25,7600.75,7598.25,7600.25,599.0
2026-07-15 04:13:00,7600.5,7601.5,7598.75,7599.25,264.0
2026-07-15 04:14:00,7599.5,7600.25,7599.25,7600.25,173.0
2026-07-15 04:15:00,7600.25,7601.0,7599.25,7599.75,236.0
2026-07-15 04:16:00,7600.0,7600.5,7599.75,7599.75,154.0
2026-07-15 04:17:00,7600.0,7600.75,7599.5,7599.75,158.0
2026-07-15 04:18:00,7599.5,7602.5,7599.0,7602.0,253.0
2026-07-15 04:19:00,7601.75,7602.0,7600.0,7601.0,113.0
2026-07-15 04:20:00,7601.0,7601.5,7600.75,7601.25,106.0
2026-07-15 04:21:00,7601.5,7601.5,7599.0,7599.0,131.0
2026-07-15 04:22:00,7599.0,7599.5,7598.25,7598.75,156.0
2026-07-15 04:23:00,7598.75,7598.75,7596.5,7597.0,253.0
2026-07-15 04:24:00,7597.0,7598.0,7595.75,7597.75,279.0
2026-07-15 04:25:00,7597.5,7598.25,7597.25,7597.75,290.0
2026-07-15 04:26:00,7597.75,7598.0,7597.5,7597.75,144.0
2026-07-15 04:27:00,7597.5,7599.25,7597.25,7599.0,115.0
2026-07-15 04:28:00,7598.75,7600.5,7598.75,7600.25,371.0
2026-07-15 04:29:00,7600.5,7601.25,7600.5,7601.25,268.0
2026-07-15 04:30:00,7601.25,7602.25,7600.5,7601.5,216.0
2026-07-15 04:31:00,7601.5,7601.5,7600.0,7600.25,160.0
2026-07-15 04:32:00,7600.25,7601.5,7600.0,7601.5,135.0
2026-07-15 04:33:00,7601.75,7601.75,7600.75,7601.5,108.0
2026-07-15 04:34:00,7601.75,7602.5,7601.0,7601.25,164.0
2026-07-15 04:35:00,7601.5,7602.25,7601.25,7602.25,110.0
2026-07-15 04:36:00,7602.0,7602.25,7600.5,7602.25,172.0
2026-07-15 04:37:00,7602.0,7602.5,7602.0,7602.0,147.0
2026-07-15 04:38:00,7602.0,7603.0,7602.0,7603.0,134.0
2026-07-15 04:39:00,7602.75,7604.25,7602.75,7603.75,205.0
2026-07-15 04:40:00,7603.75,7604.75,7603.0,7603.25,293.0
2026-07-15 04:41:00,7603.5,7604.0,7603.0,7603.5,196.0
2026-07-15 04:42:00,7603.75,7604.25,7600.5,7600.75,814.0
2026-07-15 04:43:00,7600.75,7603.0,7600.75,7603.0,96.0
2026-07-15 04:44:00,7603.25,7604.25,7602.75,7604.0,119.0
2026-07-15 04:45:00,7604.0,7606.5,7603.75,7606.5,327.0
2026-07-15 04:46:00,7606.25,7607.25,7606.25,7607.0,254.0
2026-07-15 04:47:00,7607.0,7607.0,7606.5,7606.5,108.0
2026-07-15 04:48:00,7606.5,7606.5,7605.5,7605.75,175.0
2026-07-15 04:49:00,7605.75,7606.0,7605.25,7605.75,174.0
2026-07-15 04:50:00,7605.75,7605.75,7604.75,7604.75,89.0
2026-07-15 04:51:00,7605.0,7606.0,7605.0,7606.0,106.0
2026-07-15 04:52:00,7605.75,7605.75,7604.75,7605.25,153.0
2026-07-15 04:53:00,7605.25,7605.25,7604.5,7604.5,79.0
2026-07-15 04:54:00,7604.5,7604.5,7604.0,7604.0,88.0
2026-07-15 04:55:00,7603.75,7604.5,7603.75,7604.25,99.0
2026-07-15 04:56:00,7604.25,7605.25,7603.75,7605.25,105.0
2026-07-15 04:57:00,7605.25,7606.75,7605.25,7606.25,193.0
2026-07-15 04:58:00,7606.25,7606.75,7606.0,7606.5,197.0
2026-07-15 04:59:00,7606.25,7606.75,7606.0,7606.75,59.0
2026-07-15 05:00:00,7606.75,7608.0,7606.75,7607.5,147.0
2026-07-15 05:01:00,7607.75,7607.75,7606.5,7607.5,216.0
2026-07-15 05:02:00,7607.5,7607.75,7606.75,7607.0,98.0
2026-07-15 05:03:00,7606.75,7608.0,7606.75,7608.0,89.0
2026-07-15 05:04:00,7607.75,7608.25,7607.5,7608.25,77.0
2026-07-15 05:05:00,7608.25,7608.5,7607.75,7608.5,125.0
2026-07-15 05:06:00,7608.5,7609.0,7608.25,7608.5,144.0
2026-07-15 05:07:00,7608.5,7608.75,7608.25,7608.5,88.0
2026-07-15 05:08:00,7608.5,7608.75,7608.25,7608.5,100.0
2026-07-15 05:09:00,7608.5,7609.5,7608.25,7609.5,165.0
2026-07-15 05:10:00,7609.75,7610.75,7609.75,7610.75,308.0
2026-07-15 05:11:00,7610.5,7610.5,7609.25,7609.75,219.0
2026-07-15 05:12:00,7609.75,7609.75,7608.5,7609.5,101.0
2026-07-15 05:13:00,7609.5,7609.75,7609.25,7609.25,95.0
2026-07-15 05:14:00,7609.25,7610.0,7609.25,7609.5,127.0
2026-07-15 05:15:00,7609.75,7610.0,7609.0,7609.0,96.0
2026-07-15 05:16:00,7609.0,7609.75,7609.0,7609.25,88.0
2026-07-15 05:17:00,7609.0,7609.0,7608.25,7609.0,293.0
2026-07-15 05:18:00,7608.75,7609.75,7608.75,7609.25,298.0
2026-07-15 05:19:00,7609.5,7610.5,7609.5,7610.25,353.0
2026-07-15 05:20:00,7610.0,7610.5,7609.75,7610.25,107.0
2026-07-15 05:21:00,7610.0,7610.25,7609.5,7610.25,90.0
2026-07-15 05:22:00,7610.0,7610.0,7609.25,7609.25,70.0
2026-07-15 05:23:00,7609.25,7609.75,7608.75,7609.25,215.0
2026-07-15 05:24:00,7609.5,7609.75,7609.25,7609.5,191.0
2026-07-15 05:25:00,7609.5,7609.5,7608.75,7609.0,50.0
2026-07-15 05:26:00,7609.0,7609.75,7608.5,7609.25,193.0
2026-07-15 05:27:00,7609.0,7609.0,7608.25,7608.25,118.0
2026-07-15 05:28:00,7608.0,7608.5,7607.75,7608.25,82.0
2026-07-15 05:29:00,7608.25,7608.5,7608.25,7608.25,43.0
2026-07-15 05:30:00,7608.25,7608.25,7607.25,7607.75,171.0
2026-07-15 05:31:00,7607.75,7607.75,7607.0,7607.5,118.0
2026-07-15 05:32:00,7607.75,7608.0,7607.5,7607.75,166.0
2026-07-15 05:33:00,7607.5,7608.5,7607.5,7608.25,107.0
2026-07-15 05:34:00,7608.0,7608.25,7607.5,7607.75,98.0
2026-07-15 05:35:00,7607.75,7608.0,7607.5,7607.5,74.0
2026-07-15 05:36:00,7607.75,7608.0,7607.25,7607.25,215.0
2026-07-15 05:37:00,7607.25,7608.5,7607.25,7608.25,106.0
2026-07-15 05:38:00,7608.25,7609.25,7608.25,7609.0,94.0
2026-07-15 05:39:00,7609.0,7609.0,7607.75,7607.75,103.0
2026-07-15 05:40:00,7608.0,7608.5,7607.75,7608.5,82.0
2026-07-15 05:41:00,7608.5,7610.0,7608.5,7609.75,147.0
2026-07-15 05:42:00,7609.75,7610.0,7609.75,7610.0,40.0
2026-07-15 05:43:00,7610.0,7610.25,7609.75,7610.0,147.0
2026-07-15 05:44:00,7609.75,7609.75,7609.5,7609.5,61.0
2026-07-15 05:45:00,7609.75,7609.75,7609.0,7609.0,42.0
2026-07-15 05:46:00,7608.75,7609.0,7608.0,7608.0,132.0
2026-07-15 05:47:00,7608.25,7608.5,7608.0,7608.25,56.0
2026-07-15 05:48:00,7608.25,7608.25,7607.75,7607.75,47.0
2026-07-15 05:49:00,7608.0,7608.0,7606.25,7607.25,206.0
2026-07-15 05:50:00,7607.25,7607.75,7606.75,7607.5,320.0
2026-07-15 05:51:00,7607.25,7607.25,7605.5,7605.5,147.0
2026-07-15 05:52:00,7605.5,7605.75,7604.25,7604.5,201.0
2026-07-15 05:53:00,7604.5,7604.75,7604.25,7604.5,208.0
2026-07-15 05:54:00,7604.75,7605.25,7604.5,7605.0,96.0
2026-07-15 05:55:00,7605.25,7605.25,7604.5,7604.5,96.0
2026-07-15 05:56:00,7604.5,7605.0,7604.0,7604.0,126.0
2026-07-15 05:57:00,7604.25,7604.5,7604.0,7604.25,58.0
2026-07-15 05:58:00,7604.5,7605.0,7604.25,7604.5,82.0
2026-07-15 05:59:00,7604.25,7605.0,7603.75,7604.5,235.0
2026-07-15 06:00:00,7604.75,7604.75,7603.5,7604.5,165.0
2026-07-15 06:01:00,7604.75,7605.75,7604.5,7605.5,158.0
2026-07-15 06:02:00,7605.5,7606.0,7605.25,7605.75,95.0
2026-07-15 06:03:00,7605.5,7605.5,7604.75,7605.0,45.0
2026-07-15 06:04:00,7605.25,7606.0,7605.0,7605.0,98.0
2026-07-15 06:05:00,7605.0,7605.75,7605.0,7605.25,105.0
2026-07-15 06:06:00,7605.25,7606.25,7605.0,7605.0,95.0
2026-07-15 06:07:00,7604.75,7605.0,7604.75,7605.0,72.0
2026-07-15 06:08:00,7604.75,7604.75,7604.25,7604.25,81.0
2026-07-15 06:09:00,7604.5,7605.0,7604.5,7604.75,75.0
2026-07-15 06:10:00,7605.0,7605.0,7604.25,7604.25,97.0
2026-07-15 06:11:00,7604.5,7605.5,7604.25,7605.5,74.0
2026-07-15 06:12:00,7605.25,7605.5,7604.75,7605.5,37.0
2026-07-15 06:13:00,7605.75,7606.0,7605.5,7606.0,69.0
2026-07-15 06:14:00,7606.25,7606.25,7605.75,7605.75,66.0
2026-07-15 06:15:00,7605.75,7606.75,7605.75,7606.5,36.0
2026-07-15 06:16:00,7606.5,7606.5,7605.5,7605.75,26.0
2026-07-15 06:17:00,7606.0,7606.25,7605.25,7605.5,92.0
2026-07-15 06:18:00,7605.5,7605.75,7605.5,7605.75,38.0
2026-07-15 06:19:00,7606.0,7606.0,7605.25,7605.5,34.0
2026-07-15 06:20:00,7605.25,7605.5,7604.0,7605.5,337.0
2026-07-15 06:21:00,7605.25,7605.5,7604.5,7604.5,69.0
2026-07-15 06:22:00,7604.75,7605.5,7603.75,7604.25,262.0
2026-07-15 06:23:00,7604.5,7604.5,7600.25,7601.75,511.0
2026-07-15 06:24:00,7601.75,7602.25,7600.25,7600.25,225.0
2026-07-15 06:25:00,7600.25,7600.75,7599.0,7599.5,405.0
2026-07-15 06:26:00,7599.25,7600.25,7598.75,7599.25,237.0
2026-07-15 06:27:00,7599.25,7599.75,7598.0,7598.5,201.0
2026-07-15 06:28:00,7598.25,7598.5,7597.0,7598.25,377.0
2026-07-15 06:29:00,7598.5,7599.25,7597.75,7598.25,320.0
2026-07-15 06:30:00,7598.25,7599.5,7598.25,7599.25,188.0
2026-07-15 06:31:00,7599.25,7599.75,7598.25,7598.25,192.0
2026-07-15 06:32:00,7598.5,7599.5,7598.0,7599.25,130.0
2026-07-15 06:33:00,7599.25,7599.25,7598.25,7598.75,131.0
2026-07-15 06:34:00,7598.75,7599.25,7597.75,7598.25,236.0
2026-07-15 06:35:00,7598.5,7599.5,7598.25,7599.25,119.0
2026-07-15 06:36:00,7599.5,7600.5,7599.5,7600.25,110.0
2026-07-15 06:37:00,7600.25,7602.25,7600.0,7602.0,247.0
2026-07-15 06:38:00,7602.0,7602.0,7601.75,7601.75,75.0
2026-07-15 06:39:00,7601.75,7601.75,7601.0,7601.25,79.0
2026-07-15 06:40:00,7601.0,7601.25,7600.25,7600.75,108.0
2026-07-15 06:41:00,7600.75,7601.0,7600.0,7600.25,124.0
2026-07-15 06:42:00,7600.25,7600.25,7599.25,7599.75,63.0
2026-07-15 06:43:00,7599.75,7600.0,7599.25,7599.75,66.0
2026-07-15 06:44:00,7599.75,7600.0,7599.0,7599.5,98.0
2026-07-15 06:45:00,7599.5,7600.75,7599.5,7600.75,106.0
2026-07-15 06:46:00,7600.75,7601.25,7600.5,7600.5,91.0
2026-07-15 06:47:00,7600.5,7601.0,7600.5,7600.5,66.0
2026-07-15 06:48:00,7600.5,7601.25,7600.5,7600.75,63.0
2026-07-15 06:49:00,7600.75,7602.0,7600.75,7601.75,104.0
2026-07-15 06:50:00,7601.75,7602.0,7601.0,7601.0,128.0
2026-07-15 06:51:00,7601.0,7601.75,7601.0,7601.0,68.0
2026-07-15 06:52:00,7601.0,7601.0,7600.5,7600.75,91.0
2026-07-15 06:53:00,7600.75,7600.75,7600.25,7600.25,64.0
2026-07-15 06:54:00,7600.25,7601.0,7600.25,7601.0,64.0
2026-07-15 06:55:00,7601.0,7601.25,7600.75,7601.25,56.0
2026-07-15 06:56:00,7601.25,7602.0,7601.25,7601.75,89.0
2026-07-15 06:57:00,7601.75,7602.25,7600.5,7600.75,202.0
2026-07-15 06:58:00,7600.75,7601.5,7600.75,7601.0,113.0
2026-07-15 06:59:00,7601.0,7603.0,7600.75,7601.5,371.0
2026-07-15 07:00:00,7601.0,7603.5,7601.0,7603.25,588.0
2026-07-15 07:01:00,7603.25,7603.5,7602.25,7602.75,208.0
2026-07-15 07:02:00,7602.75,7603.75,7602.25,7603.25,229.0
2026-07-15 07:03:00,7603.0,7603.75,7602.75,7603.0,221.0
2026-07-15 07:04:00,7602.75,7603.5,7602.5,7602.75,122.0
2026-07-15 07:05:00,7603.0,7603.5,7603.0,7603.25,60.0
2026-07-15 07:06:00,7603.25,7603.25,7601.5,7601.75,121.0
2026-07-15 07:07:00,7601.75,7601.75,7600.25,7600.25,136.0
2026-07-15 07:08:00,7600.75,7602.5,7600.5,7602.5,65.0
2026-07-15 07:09:00,7602.25,7602.5,7601.75,7602.25,72.0
2026-07-15 07:10:00,7602.0,7602.0,7600.75,7601.0,79.0
2026-07-15 07:11:00,7600.75,7601.0,7599.25,7600.0,210.0
2026-07-15 07:12:00,7600.0,7600.75,7599.75,7600.25,114.0
2026-07-15 07:13:00,7600.25,7600.5,7599.75,7600.25,102.0
2026-07-15 07:14:00,7600.25,7601.0,7600.0,7600.25,103.0
2026-07-15 07:15:00,7600.25,7601.0,7600.0,7601.0,104.0
2026-07-15 07:16:00,7601.0,7601.0,7600.0,7600.25,93.0
2026-07-15 07:17:00,7600.5,7600.75,7600.0,7600.25,114.0
2026-07-15 07:18:00,7600.25,7602.25,7600.25,7601.75,189.0
2026-07-15 07:19:00,7601.75,7601.75,7600.25,7600.25,115.0
2026-07-15 07:20:00,7600.0,7601.0,7600.0,7600.5,161.0
2026-07-15 07:21:00,7600.5,7601.0,7600.25,7600.75,38.0
2026-07-15 07:22:00,7600.75,7601.5,7600.75,7601.5,90.0
2026-07-15 07:23:00,7601.25,7601.5,7601.0,7601.25,56.0
2026-07-15 07:24:00,7601.25,7602.0,7600.75,7600.75,96.0
2026-07-15 07:25:00,7600.75,7601.5,7600.25,7601.0,91.0
2026-07-15 07:26:00,7601.0,7601.75,7601.0,7601.25,42.0
2026-07-15 07:27:00,7601.0,7601.0,7600.25,7600.5,110.0
2026-07-15 07:28:00,7600.5,7601.0,7600.5,7600.75,67.0
2026-07-15 07:29:00,7600.5,7600.75,7600.0,7600.5,92.0
2026-07-15 07:30:00,7600.75,7600.75,7599.25,7599.25,234.0
2026-07-15 07:31:00,7599.25,7599.5,7598.25,7599.0,196.0
2026-07-15 07:32:00,7599.0,7599.25,7598.0,7598.25,128.0
2026-07-15 07:33:00,7598.25,7599.5,7598.25,7599.5,141.0
2026-07-15 07:34:00,7599.5,7601.0,7599.5,7601.0,134.0
2026-07-15 07:35:00,7600.75,7601.25,7600.0,7600.25,82.0
2026-07-15 07:36:00,7600.25,7601.25,7600.25,7601.0,88.0
2026-07-15 07:37:00,7600.75,7601.75,7600.5,7600.75,121.0
2026-07-15 07:38:00,7601.5,7601.75,7601.5,7601.5,94.0
2026-07-15 07:39:00,7601.5,7602.5,7601.5,7601.75,128.0
2026-07-15 07:40:00,7601.75,7602.0,7601.5,7601.5,66.0
2026-07-15 07:41:00,7601.5,7602.0,7601.25,7602.0,85.0
2026-07-15 07:42:00,7602.0,7602.75,7602.0,7602.75,123.0
2026-07-15 07:43:00,7602.5,7603.5,7602.0,7602.25,364.0
2026-07-15 07:44:00,7602.25,7602.5,7601.25,7601.75,278.0
2026-07-15 07:45:00,7602.0,7602.0,7600.75,7600.75,95.0
2026-07-15 07:46:00,7600.75,7600.75,7599.75,7599.75,116.0
2026-07-15 07:47:00,7600.0,7600.25,7599.25,7600.25,145.0
2026-07-15 07:48:00,7600.25,7600.5,7599.5,7599.5,177.0
2026-07-15 07:49:00,7599.5,7599.75,7598.25,7599.0,172.0
2026-07-15 07:50:00,7598.75,7600.5,7598.75,7600.25,241.0
2026-07-15 07:51:00,7600.25,7601.25,7598.5,7600.5,250.0
2026-07-15 07:52:00,7600.25,7600.5,7600.0,7600.0,169.0
2026-07-15 07:53:00,7599.75,7599.75,7599.0,7599.25,110.0
2026-07-15 07:54:00,7599.25,7600.25,7599.25,7599.5,136.0
2026-07-15 07:55:00,7599.0,7600.5,7598.25,7600.5,197.0
2026-07-15 07:56:00,7600.25,7600.75,7600.25,7600.5,76.0
2026-07-15 07:57:00,7600.5,7601.0,7600.5,7601.0,108.0
2026-07-15 07:58:00,7600.75,7601.25,7600.5,7601.0,165.0
2026-07-15 07:59:00,7601.25,7601.25,7599.75,7600.0,103.0
2026-07-15 08:00:00,7600.0,7600.5,7599.5,7600.25,102.0
2026-07-15 08:01:00,7600.25,7600.75,7599.5,7599.5,85.0
2026-07-15 08:02:00,7599.25,7599.5,7598.75,7599.0,110.0
2026-07-15 08:03:00,7599.25,7599.5,7598.25,7598.75,183.0
2026-07-15 08:04:00,7598.5,7598.75,7597.75,7598.0,201.0
2026-07-15 08:05:00,7597.75,7597.75,7594.75,7595.5,541.0
2026-07-15 08:06:00,7595.75,7596.0,7595.0,7595.5,318.0
2026-07-15 08:07:00,7595.5,7597.25,7595.5,7596.5,226.0
2026-07-15 08:08:00,7596.5,7596.75,7595.5,7596.5,177.0
2026-07-15 08:09:00,7596.5,7597.5,7596.25,7596.75,167.0
2026-07-15 08:10:00,7596.5,7597.0,7595.25,7595.5,191.0
2026-07-15 08:11:00,7595.75,7596.75,7595.5,7596.5,136.0
2026-07-15 08:12:00,7596.5,7597.5,7596.25,7596.5,144.0
2026-07-15 08:13:00,7596.25,7596.25,7594.75,7596.0,281.0
2026-07-15 08:14:00,7596.0,7596.25,7595.75,7596.0,115.0
2026-07-15 08:15:00,7596.0,7597.5,7595.75,7597.5,143.0
2026-07-15 08:16:00,7597.25,7597.5,7596.75,7597.5,96.0
2026-07-15 08:17:00,7597.5,7597.5,7597.0,7597.25,107.0
2026-07-15 08:18:00,7597.5,7597.5,7596.0,7596.75,159.0
2026-07-15 08:19:00,7596.75,7597.0,7596.0,7596.0,154.0
2026-07-15 08:20:00,7596.0,7596.25,7595.0,7595.5,246.0
2026-07-15 08:21:00,7595.5,7596.0,7592.5,7592.75,447.0
2026-07-15 08:22:00,7592.75,7593.75,7592.5,7593.5,251.0
2026-07-15 08:23:00,7593.25,7593.75,7593.25,7593.5,320.0
2026-07-15 08:24:00,7593.5,7594.75,7593.5,7594.5,172.0
2026-07-15 08:25:00,7594.25,7594.75,7593.5,7594.5,286.0
2026-07-15 08:26:00,7594.25,7594.75,7594.0,7594.25,183.0
2026-07-15 08:27:00,7594.5,7595.0,7593.75,7594.25,537.0
2026-07-15 08:28:00,7594.25,7594.75,7594.0,7594.25,129.0
2026-07-15 08:29:00,7594.5,7595.25,7594.0,7595.25,183.0
2026-07-15 08:30:00,7594.5,7608.0,7593.75,7602.25,2743.0
2026-07-15 08:31:00,7602.25,7604.25,7600.5,7602.0,1080.0
2026-07-15 08:32:00,7602.25,7606.0,7601.75,7604.25,1375.0
2026-07-15 08:33:00,7604.25,7604.75,7603.0,7603.75,587.0
2026-07-15 08:34:00,7603.75,7606.25,7603.5,7605.0,553.0
2026-07-15 08:35:00,7605.0,7606.75,7604.5,7605.75,539.0
2026-07-15 08:36:00,7605.5,7606.75,7604.75,7605.75,501.0
2026-07-15 08:37:00,7606.0,7608.0,7605.0,7607.5,760.0
2026-07-15 08:38:00,7607.5,7609.0,7607.25,7608.5,943.0
2026-07-15 08:39:00,7608.5,7608.75,7606.75,7606.75,687.0
2026-07-15 08:40:00,7607.0,7607.25,7605.5,7606.75,650.0
2026-07-15 08:41:00,7606.75,7607.0,7605.75,7607.0,250.0
2026-07-15 08:42:00,7607.0,7613.0,7607.0,7613.0,1324.0
2026-07-15 08:43:00,7612.75,7613.25,7610.5,7611.5,761.0
2026-07-15 08:44:00,7611.25,7612.0,7610.0,7610.75,742.0
2026-07-15 08:45:00,7610.75,7611.0,7609.0,7609.25,574.0
2026-07-15 08:46:00,7609.25,7609.5,7608.25,7608.75,336.0
2026-07-15 08:47:00,7609.0,7609.5,7608.0,7608.5,481.0
2026-07-15 08:48:00,7608.75,7611.75,7608.5,7611.75,583.0
2026-07-15 08:49:00,7611.75,7613.0,7611.0,7612.25,686.0
2026-07-15 08:50:00,7612.0,7614.0,7612.0,7613.25,797.0
2026-07-15 08:51:00,7613.0,7614.0,7612.5,7612.75,605.0
2026-07-15 08:52:00,7612.5,7614.75,7612.5,7613.5,733.0
2026-07-15 08:53:00,7613.75,7614.0,7612.75,7612.75,350.0
2026-07-15 08:54:00,7612.75,7613.25,7612.0,7613.25,521.0
2026-07-15 08:55:00,7613.5,7614.0,7612.0,7612.5,496.0
2026-07-15 08:56:00,7612.75,7613.5,7612.0,7613.0,432.0
2026-07-15 08:57:00,7613.0,7614.0,7612.5,7612.75,494.0
2026-07-15 08:58:00,7612.75,7613.5,7612.25,7612.5,626.0
2026-07-15 08:59:00,7612.5,7612.5,7610.75,7611.5,665.0
2026-07-15 09:00:00,7611.5,7613.5,7611.25,7611.75,598.0
2026-07-15 09:01:00,7611.75,7612.0,7610.75,7611.0,478.0
2026-07-15 09:02:00,7611.25,7612.0,7611.0,7611.5,402.0
2026-07-15 09:03:00,7611.5,7612.75,7611.25,7612.25,446.0
2026-07-15 09:04:00,7612.25,7614.5,7611.5,7614.0,616.0
2026-07-15 09:05:00,7614.0,7615.25,7614.0,7614.5,534.0
2026-07-15 09:06:00,7614.75,7615.0,7613.5,7614.25,516.0
2026-07-15 09:07:00,7614.5,7615.5,7612.5,7613.25,912.0
2026-07-15 09:08:00,7613.25,7613.25,7611.25,7611.25,608.0
2026-07-15 09:09:00,7611.25,7611.75,7610.5,7610.75,449.0
2026-07-15 09:10:00,7610.75,7611.0,7608.75,7609.0,928.0
2026-07-15 09:11:00,7609.0,7609.25,7608.5,7608.5,613.0
2026-07-15 09:12:00,7608.5,7609.5,7608.5,7608.75,422.0
2026-07-15 09:13:00,7608.75,7609.0,7606.75,7606.75,446.0
2026-07-15 09:14:00,7606.75,7607.25,7606.5,7607.25,588.0
2026-07-15 09:15:00,7607.0,7607.75,7606.5,7607.75,542.0
2026-07-15 09:16:00,7607.75,7608.5,7607.25,7607.75,485.0
2026-07-15 09:17:00,7607.5,7609.5,7607.5,7609.0,731.0
2026-07-15 09:18:00,7609.0,7609.5,7608.5,7609.0,267.0
2026-07-15 09:19:00,7609.0,7609.75,7608.5,7609.5,316.0
2026-07-15 09:20:00,7609.75,7609.75,7607.75,7608.5,358.0
2026-07-15 09:21:00,7608.5,7609.25,7608.25,7608.25,401.0
2026-07-15 09:22:00,7608.25,7609.5,7608.0,7609.0,300.0
2026-07-15 09:23:00,7609.0,7609.5,7608.0,7608.0,321.0
2026-07-15 09:24:00,7608.0,7608.25,7607.5,7608.0,387.0
2026-07-15 09:25:00,7608.0,7608.25,7607.0,7607.75,770.0
2026-07-15 09:26:00,7607.75,7608.0,7607.25,7607.25,254.0
2026-07-15 09:27:00,7607.0,7608.5,7605.75,7607.0,1311.0
2026-07-15 09:28:00,7607.0,7609.5,7606.75,7609.5,864.0
2026-07-15 09:29:00,7609.25,7612.5,7609.0,7612.25,1755.0
2026-07-15 09:30:00,7612.5,7619.75,7611.75,7616.25,11877.0
2026-07-15 09:31:00,7616.25,7618.5,7614.5,7617.25,6101.0
2026-07-15 09:32:00,7617.25,7621.0,7616.25,7620.0,5837.0
2026-07-15 09:33:00,7620.0,7620.5,7617.75,7620.25,4540.0
2026-07-15 09:34:00,7620.25,7622.75,7619.25,7621.75,5852.0
2026-07-15 09:35:00,7622.0,7622.25,7617.75,7620.25,5766.0
2026-07-15 09:36:00,7620.5,7625.75,7620.25,7624.5,5004.0
2026-07-15 09:37:00,7624.5,7626.25,7619.0,7619.25,6149.0
2026-07-15 09:38:00,7619.25,7620.0,7615.25,7617.25,5911.0
2026-07-15 09:39:00,7617.25,7619.75,7616.25,7618.5,3216.0
2026-07-15 09:40:00,7618.75,7618.75,7614.5,7615.75,4085.0
2026-07-15 09:41:00,7615.75,7617.5,7614.5,7614.75,3208.0
2026-07-15 09:42:00,7614.75,7616.25,7612.75,7613.25,3288.0
2026-07-15 09:43:00,7613.0,7617.75,7613.0,7617.0,2833.0
2026-07-15 09:44:00,7617.25,7618.25,7613.25,7613.5,3197.0
2026-07-15 09:45:00,7613.5,7614.75,7609.0,7609.75,5902.0
2026-07-15 09:46:00,7609.75,7610.25,7606.0,7606.25,5692.0
2026-07-15 09:47:00,7606.25,7608.25,7603.75,7605.75,5253.0
2026-07-15 09:48:00,7605.75,7607.75,7604.0,7605.0,4107.0
2026-07-15 09:49:00,7604.75,7606.25,7603.25,7605.5,4262.0
2026-07-15 09:50:00,7605.5,7606.5,7601.25,7602.75,6053.0
2026-07-15 09:51:00,7602.75,7604.25,7601.25,7602.75,4275.0
2026-07-15 09:52:00,7602.5,7608.25,7602.25,7607.0,5048.0
2026-07-15 09:53:00,7607.0,7607.5,7603.5,7604.75,3821.0
2026-07-15 09:54:00,7604.5,7610.75,7604.25,7610.75,3467.0
2026-07-15 09:55:00,7610.5,7613.75,7609.0,7611.75,4821.0
2026-07-15 09:56:00,7611.75,7614.5,7608.5,7609.5,4982.0
2026-07-15 09:57:00,7609.5,7613.5,7609.5,7613.5,4231.0
2026-07-15 09:58:00,7613.5,7616.75,7611.5,7614.5,6958.0
2026-07-15 09:59:00,7614.5,7614.75,7611.0,7614.5,3601.0
2026-07-15 10:00:00,7614.5,7619.25,7614.5,7618.25,4877.0
2026-07-15 10:01:00,7618.25,7621.25,7617.5,7620.75,4751.0
2026-07-15 10:02:00,7621.0,7621.0,7618.25,7619.0,4326.0
2026-07-15 10:03:00,7618.75,7621.75,7618.25,7620.25,4090.0
2026-07-15 10:04:00,7620.5,7620.75,7617.25,7618.0,3290.0
2026-07-15 10:05:00,7618.0,7619.5,7616.5,7618.25,3492.0
2026-07-15 10:06:00,7618.25,7623.25,7617.75,7623.0,4609.0
2026-07-15 10:07:00,7623.0,7623.0,7620.25,7622.0,3002.0
2026-07-15 10:08:00,7622.0,7623.5,7621.0,7621.5,2386.0
2026-07-15 10:09:00,7621.25,7621.75,7619.25,7620.5,2774.0
2026-07-15 10:10:00,7620.75,7622.25,7619.75,7621.0,2987.0
2026-07-15 10:11:00,7621.0,7621.5,7619.0,7619.75,2411.0
2026-07-15 10:12:00,7619.5,7621.75,7618.75,7621.5,2248.0
2026-07-15 10:13:00,7621.5,7621.5,7618.75,7620.0,2223.0
2026-07-15 10:14:00,7620.0,7621.5,7616.5,7617.75,3680.0
2026-07-15 10:15:00,7617.75,7620.5,7617.0,7620.0,2705.0
2026-07-15 10:16:00,7620.0,7623.75,7619.0,7623.0,3177.0
2026-07-15 10:17:00,7623.0,7625.5,7623.0,7624.0,3507.0
2026-07-15 10:18:00,7624.25,7624.75,7622.25,7623.0,2923.0
2026-07-15 10:19:00,7623.0,7626.0,7622.0,7623.5,2793.0
2026-07-15 10:20:00,7623.5,7624.0,7616.25,7617.5,4717.0
2026-07-15 10:21:00,7617.5,7619.5,7615.25,7619.25,3868.0
2026-07-15 10:22:00,7619.25,7619.75,7616.5,7617.75,2523.0
2026-07-15 10:23:00,7617.75,7617.75,7609.5,7610.75,5716.0
2026-07-15 10:24:00,7610.75,7611.75,7603.25,7608.0,8239.0
2026-07-15 10:25:00,7607.75,7608.5,7603.75,7606.75,7065.0
2026-07-15 10:26:00,7607.0,7608.5,7604.5,7608.25,4989.0
2026-07-15 10:27:00,7608.25,7611.75,7605.75,7611.0,5121.0
2026-07-15 10:28:00,7610.75,7614.75,7610.5,7612.75,4760.0
2026-07-15 10:29:00,7612.5,7617.5,7612.5,7616.5,3589.0
2026-07-15 10:30:00,7616.25,7618.75,7615.25,7616.5,4011.0
2026-07-15 10:31:00,7616.25,7616.5,7612.0,7612.75,3750.0
2026-07-15 10:32:00,7612.5,7614.0,7609.25,7612.75,4106.0
2026-07-15 10:33:00,7612.75,7617.25,7612.75,7617.25,2813.0
2026-07-15 10:34:00,7617.0,7617.75,7615.5,7616.25,1758.0
2026-07-15 10:35:00,7616.25,7618.0,7613.75,7615.25,2093.0
2026-07-15 10:36:00,7615.25,7615.25,7609.25,7609.25,2464.0
2026-07-15 10:37:00,7609.5,7611.0,7607.75,7608.0,3378.0
2026-07-15 10:38:00,7608.25,7610.25,7605.25,7608.25,3782.0
2026-07-15 10:39:00,7608.25,7608.5,7605.0,7606.75,3417.0
2026-07-15 10:40:00,7606.75,7609.75,7604.75,7608.25,3424.0
2026-07-15 10:41:00,7608.25,7609.75,7605.75,7607.0,2843.0
2026-07-15 10:42:00,7607.0,7607.0,7597.75,7598.75,6886.0
2026-07-15 10:43:00,7599.0,7604.25,7598.5,7602.75,4657.0
2026-07-15 10:44:00,7602.75,7606.5,7602.5,7605.0,3635.0
2026-07-15 10:45:00,7605.0,7605.0,7599.5,7600.5,4353.0
2026-07-15 10:46:00,7600.25,7603.5,7599.0,7602.5,3649.0
2026-07-15 10:47:00,7602.5,7604.5,7602.0,7603.75,2643.0
2026-07-15 10:48:00,7603.5,7607.0,7601.5,7606.75,2297.0
2026-07-15 10:49:00,7606.5,7608.25,7605.0,7607.75,2359.0
2026-07-15 10:50:00,7607.75,7608.25,7605.5,7605.5,2353.0
2026-07-15 10:51:00,7605.75,7606.0,7602.0,7603.5,2776.0
2026-07-15 10:52:00,7603.5,7604.75,7600.5,7600.5,2816.0
2026-07-15 10:53:00,7600.5,7602.25,7600.0,7601.5,2340.0
2026-07-15 10:54:00,7601.25,7601.25,7597.25,7600.5,3193.0
2026-07-15 10:55:00,7600.75,7602.25,7598.25,7600.0,3171.0
2026-07-15 10:56:00,7600.0,7603.75,7599.0,7603.0,2400.0
2026-07-15 10:57:00,7603.0,7604.75,7601.75,7602.25,2360.0
2026-07-15 10:58:00,7602.25,7603.75,7600.75,7601.5,1942.0
2026-07-15 10:59:00,7601.25,7605.75,7601.25,7604.75,1774.0
2026-07-15 11:00:00,7605.0,7606.75,7603.25,7604.5,2836.0
2026-07-15 11:01:00,7604.5,7604.5,7600.0,7601.5,2063.0
2026-07-15 11:02:00,7601.5,7604.75,7600.75,7604.0,1529.0
2026-07-15 11:03:00,7604.25,7604.75,7601.25,7602.25,1433.0
2026-07-15 11:04:00,7602.25,7602.5,7600.75,7602.0,1038.0
2026-07-15 11:05:00,7602.0,7604.25,7599.5,7604.25,1781.0
2026-07-15 11:06:00,7604.0,7605.0,7602.75,7604.75,1260.0
2026-07-15 11:07:00,7604.75,7607.5,7604.0,7607.25,1741.0
2026-07-15 11:08:00,7607.5,7610.0,7606.25,7609.75,2011.0
2026-07-15 11:09:00,7609.5,7611.25,7609.0,7610.0,2254.0
2026-07-15 11:10:00,7610.0,7611.5,7606.75,7608.0,2319.0
2026-07-15 11:11:00,7608.0,7608.75,7606.5,7607.75,1278.0
2026-07-15 11:12:00,7607.75,7608.75,7604.75,7605.25,1725.0
2026-07-15 11:13:00,7605.5,7607.75,7604.5,7605.0,1279.0
2026-07-15 11:14:00,7604.75,7605.5,7600.5,7601.0,2250.0
2026-07-15 11:15:00,7601.25,7601.75,7596.5,7597.75,3455.0
2026-07-15 11:16:00,7598.0,7598.75,7595.5,7595.5,3152.0
2026-07-15 11:17:00,7595.5,7599.75,7592.0,7599.25,5680.0
2026-07-15 11:18:00,7599.25,7602.5,7598.5,7602.25,2846.0
2026-07-15 11:19:00,7602.5,7603.5,7601.25,7602.5,2036.0
2026-07-15 11:20:00,7602.5,7602.75,7599.0,7601.5,2169.0
2026-07-15 11:21:00,7601.5,7602.25,7598.75,7599.25,1946.0
2026-07-15 11:22:00,7599.25,7599.25,7595.5,7595.75,2120.0
2026-07-15 11:23:00,7595.5,7597.25,7594.25,7596.75,2884.0
2026-07-15 11:24:00,7596.75,7599.0,7595.75,7598.75,2876.0
2026-07-15 11:25:00,7599.0,7601.25,7597.5,7599.75,4511.0
2026-07-15 11:26:00,7599.75,7601.75,7599.5,7600.0,2674.0
2026-07-15 11:27:00,7600.25,7601.25,7598.5,7601.0,1938.0
2026-07-15 11:28:00,7600.75,7604.5,7600.75,7602.75,4941.0
2026-07-15 11:29:00,7602.75,7606.25,7602.5,7605.75,2641.0
2026-07-15 11:30:00,7605.75,7606.75,7603.0,7603.0,2934.0
2026-07-15 11:31:00,7603.0,7604.25,7601.5,7604.0,2335.0
2026-07-15 11:32:00,7604.0,7607.5,7603.5,7607.25,2146.0
2026-07-15 11:33:00,7607.0,7608.5,7606.75,7606.75,1994.0
2026-07-15 11:34:00,7606.75,7607.75,7604.75,7605.5,3693.0
2026-07-15 11:35:00,7605.5,7606.0,7601.0,7602.75,3271.0
2026-07-15 11:36:00,7602.75,7607.0,7602.75,7605.75,2693.0
2026-07-15 11:37:00,7606.0,7607.75,7604.0,7605.75,1693.0
2026-07-15 11:38:00,7606.0,7607.0,7605.25,7606.25,1075.0
2026-07-15 11:39:00,7606.25,7607.25,7604.75,7606.5,1011.0
2026-07-15 11:40:00,7606.75,7607.5,7604.75,7605.25,1403.0
2026-07-15 11:41:00,7605.0,7606.25,7604.0,7605.5,1405.0
2026-07-15 11:42:00,7605.5,7605.75,7603.5,7604.5,1149.0
2026-07-15 11:43:00,7604.5,7604.5,7601.75,7602.25,1885.0
2026-07-15 11:44:00,7602.25,7602.75,7600.0,7601.5,1871.0
2026-07-15 11:45:00,7601.5,7601.75,7599.25,7600.25,2266.0
2026-07-15 11:46:00,7600.25,7601.5,7598.75,7601.5,2074.0
2026-07-15 11:47:00,7601.5,7602.5,7598.5,7598.5,1571.0
2026-07-15 11:48:00,7598.5,7599.5,7597.5,7599.25,1911.0
2026-07-15 11:49:00,7599.0,7601.25,7598.0,7598.0,1764.0
2026-07-15 11:50:00,7598.0,7598.25,7593.75,7594.25,2731.0
2026-07-15 11:51:00,7594.25,7596.5,7592.75,7595.5,2563.0
2026-07-15 11:52:00,7595.5,7597.0,7595.25,7595.5,1840.0
2026-07-15 11:53:00,7595.5,7597.0,7593.75,7596.5,1348.0
2026-07-15 11:54:00,7596.5,7597.5,7595.5,7597.0,1495.0
2026-07-15 11:55:00,7597.0,7597.25,7595.5,7596.25,1096.0
2026-07-15 11:56:00,7596.0,7596.25,7592.5,7594.75,1883.0
2026-07-15 11:57:00,7595.0,7595.75,7593.5,7593.75,1171.0
2026-07-15 11:58:00,7593.75,7597.0,7593.5,7596.5,1374.0
2026-07-15 11:59:00,7596.75,7597.75,7596.0,7596.25,1835.0
2026-07-15 12:00:00,7596.25,7598.0,7594.75,7595.5,2140.0
2026-07-15 12:01:00,7595.5,7595.5,7590.75,7591.5,3157.0
2026-07-15 12:02:00,7591.5,7592.25,7590.0,7590.5,2743.0
2026-07-15 12:03:00,7590.75,7591.75,7587.25,7588.25,3768.0
2026-07-15 12:04:00,7588.0,7591.0,7587.5,7590.5,2646.0
2026-07-15 12:05:00,7590.5,7590.75,7587.5,7587.75,2239.0
2026-07-15 12:06:00,7587.75,7588.0,7584.25,7585.25,4097.0
2026-07-15 12:07:00,7585.25,7587.5,7584.75,7585.25,3549.0
2026-07-15 12:08:00,7585.0,7585.5,7583.25,7585.0,3440.0
2026-07-15 12:09:00,7585.0,7589.25,7585.0,7588.75,2658.0
2026-07-15 12:10:00,7588.75,7590.5,7587.25,7589.75,2271.0
2026-07-15 12:11:00,7589.75,7589.75,7587.25,7587.75,1674.0
2026-07-15 12:12:00,7587.75,7588.75,7586.0,7588.75,1513.0
2026-07-15 12:13:00,7589.0,7589.0,7585.5,7585.5,1724.0
2026-07-15 12:14:00,7585.5,7585.5,7581.0,7581.5,3017.0
2026-07-15 12:15:00,7581.5,7583.25,7580.25,7582.0,3958.0
2026-07-15 12:16:00,7582.0,7582.75,7579.5,7580.0,2913.0
2026-07-15 12:17:00,7580.0,7581.5,7578.25,7581.25,2991.0
2026-07-15 12:18:00,7581.5,7583.0,7580.0,7582.25,3283.0
2026-07-15 12:19:00,7582.0,7583.25,7579.5,7579.75,2864.0
2026-07-15 12:20:00,7580.0,7581.25,7577.25,7577.5,2970.0
2026-07-15 12:21:00,7577.5,7578.75,7576.75,7577.25,2482.0
2026-07-15 12:22:00,7577.25,7579.25,7576.0,7578.0,2309.0
2026-07-15 12:23:00,7578.0,7580.0,7577.5,7578.0,2516.0
2026-07-15 12:24:00,7578.0,7578.25,7573.75,7574.75,3990.0
2026-07-15 12:25:00,7574.5,7578.0,7574.5,7576.75,2847.0
2026-07-15 12:26:00,7576.5,7578.0,7576.0,7577.0,2353.0
2026-07-15 12:27:00,7577.25,7578.0,7574.25,7574.75,1963.0
2026-07-15 12:28:00,7575.0,7576.25,7574.0,7575.75,1599.0
2026-07-15 12:29:00,7575.75,7578.75,7575.75,7577.75,2843.0
2026-07-15 12:30:00,7577.75,7581.5,7577.5,7580.5,3163.0
2026-07-15 12:31:00,7580.5,7580.75,7577.25,7578.25,1935.0
2026-07-15 12:32:00,7578.25,7579.0,7577.25,7578.0,1548.0
2026-07-15 12:33:00,7578.0,7578.75,7575.75,7577.25,2219.0
2026-07-15 12:34:00,7577.25,7577.5,7574.25,7575.25,1817.0
2026-07-15 12:35:00,7575.5,7575.5,7572.5,7573.75,2603.0
2026-07-15 12:36:00,7574.0,7574.5,7572.5,7573.25,1803.0
2026-07-15 12:37:00,7573.25,7574.75,7573.0,7574.0,1746.0
2026-07-15 12:38:00,7574.0,7576.0,7573.5,7574.75,1910.0
2026-07-15 12:39:00,7574.5,7576.0,7574.0,7574.0,1321.0
2026-07-15 12:40:00,7574.0,7574.5,7572.5,7572.5,1500.0
2026-07-15 12:41:00,7572.5,7576.25,7571.75,7574.0,2925.0
2026-07-15 12:42:00,7574.0,7575.25,7573.5,7573.75,1524.0
2026-07-15 12:43:00,7573.75,7575.25,7573.0,7574.75,1563.0
2026-07-15 12:44:00,7574.75,7579.0,7574.75,7578.75,2234.0
2026-07-15 12:45:00,7578.75,7579.75,7577.25,7577.5,1885.0
2026-07-15 12:46:00,7577.75,7593.25,7577.0,7585.0,11717.0
2026-07-15 12:47:00,7585.25,7585.25,7580.25,7580.5,4063.0
2026-07-15 12:48:00,7580.5,7583.0,7580.5,7581.0,1734.0
2026-07-15 12:49:00,7581.0,7583.75,7581.0,7583.25,1557.0
2026-07-15 12:50:00,7583.25,7588.0,7582.75,7587.0,3084.0
2026-07-15 12:51:00,7587.0,7588.5,7584.75,7585.0,2451.0
2026-07-15 12:52:00,7585.0,7587.25,7583.75,7586.5,2253.0
2026-07-15 12:53:00,7586.5,7587.25,7585.75,7586.5,1442.0
2026-07-15 12:54:00,7586.5,7586.5,7583.75,7584.25,2394.0
2026-07-15 12:55:00,7584.25,7585.5,7581.5,7582.0,1951.0
2026-07-15 12:56:00,7581.75,7582.5,7580.75,7581.25,1388.0
2026-07-15 12:57:00,7581.25,7583.0,7579.5,7582.75,1790.0
2026-07-15 12:58:00,7582.75,7585.5,7582.0,7585.0,1601.0
2026-07-15 12:59:00,7585.0,7586.75,7585.0,7586.75,1321.0
2026-07-15 13:00:00,7587.0,7590.0,7586.0,7589.5,2990.0
2026-07-15 13:01:00,7589.5,7590.5,7588.5,7589.0,2080.0
2026-07-15 13:02:00,7589.0,7590.25,7589.0,7589.25,1734.0
2026-07-15 13:03:00,7589.5,7590.75,7588.75,7590.25,1385.0
2026-07-15 13:04:00,7590.25,7590.5,7588.75,7589.0,1711.0
2026-07-15 13:05:00,7589.0,7589.75,7588.25,7589.0,1256.0
2026-07-15 13:06:00,7588.75,7592.25,7588.75,7591.25,2094.0
2026-07-15 13:07:00,7591.5,7593.25,7591.25,7593.25,1915.0
2026-07-15 13:08:00,7593.25,7594.25,7592.25,7592.25,2177.0
2026-07-15 13:09:00,7592.5,7592.75,7590.75,7591.25,1214.0
2026-07-15 13:10:00,7591.25,7592.25,7589.75,7592.25,1588.0
2026-07-15 13:11:00,7592.25,7592.5,7590.25,7590.5,1149.0
2026-07-15 13:12:00,7590.5,7592.0,7590.5,7591.75,1605.0
2026-07-15 13:13:00,7591.75,7592.0,7589.5,7590.0,1028.0
2026-07-15 13:14:00,7589.75,7590.0,7587.75,7588.0,1753.0
2026-07-15 13:15:00,7588.0,7590.25,7587.5,7590.0,1486.0
2026-07-15 13:16:00,7590.0,7590.5,7588.25,7589.5,896.0
2026-07-15 13:17:00,7589.75,7592.25,7589.5,7591.5,1030.0
2026-07-15 13:18:00,7591.75,7593.75,7591.75,7593.25,936.0
2026-07-15 13:19:00,7593.25,7594.75,7593.0,7594.0,1702.0
2026-07-15 13:20:00,7594.25,7596.0,7593.0,7593.0,2568.0
2026-07-15 13:21:00,7593.0,7593.75,7592.25,7593.0,1581.0
2026-07-15 13:22:00,7593.25,7594.25,7593.0,7593.5,845.0
2026-07-15 13:23:00,7593.75,7594.75,7593.75,7593.75,1124.0
2026-07-15 13:24:00,7593.75,7595.25,7593.75,7594.25,919.0
2026-07-15 13:25:00,7594.5,7595.75,7594.5,7595.5,913.0
2026-07-15 13:26:00,7595.75,7596.0,7595.0,7595.0,1048.0
2026-07-15 13:27:00,7595.25,7595.25,7593.5,7595.0,1330.0
2026-07-15 13:28:00,7595.0,7595.75,7593.75,7594.0,1315.0
2026-07-15 13:29:00,7594.0,7598.75,7594.0,7598.25,2659.0
2026-07-15 13:30:00,7598.5,7601.25,7598.5,7599.5,4154.0
2026-07-15 13:31:00,7599.75,7600.75,7598.75,7600.0,2225.0
2026-07-15 13:32:00,7600.0,7601.0,7599.0,7600.75,2019.0
2026-07-15 13:33:00,7601.0,7602.5,7600.0,7601.5,3009.0
2026-07-15 13:34:00,7601.5,7602.0,7600.25,7601.0,1522.0
2026-07-15 13:35:00,7601.25,7602.25,7600.0,7601.75,1445.0
2026-07-15 13:36:00,7601.5,7602.75,7601.5,7602.5,1571.0
2026-07-15 13:37:00,7602.75,7604.5,7602.5,7603.75,2456.0
2026-07-15 13:38:00,7604.0,7604.75,7603.25,7604.25,2436.0
2026-07-15 13:39:00,7604.25,7605.0,7603.75,7604.0,1767.0
2026-07-15 13:40:00,7604.25,7604.75,7602.5,7602.75,2204.0
2026-07-15 13:41:00,7602.75,7604.25,7602.5,7603.25,1759.0
2026-07-15 13:42:00,7603.0,7603.5,7602.25,7602.5,1422.0
2026-07-15 13:43:00,7602.25,7604.0,7602.25,7603.75,1437.0
2026-07-15 13:44:00,7603.75,7603.75,7602.75,7603.25,1162.0
2026-07-15 13:45:00,7603.5,7604.75,7602.75,7604.25,1210.0
2026-07-15 13:46:00,7604.25,7608.25,7604.25,7608.0,4055.0
2026-07-15 13:47:00,7607.75,7610.0,7607.75,7609.5,3831.0
2026-07-15 13:48:00,7609.5,7609.5,7607.75,7608.75,2022.0
2026-07-15 13:49:00,7608.75,7611.0,7608.0,7610.75,2727.0
2026-07-15 13:50:00,7610.75,7611.25,7610.0,7610.25,1846.0
2026-07-15 13:51:00,7610.25,7610.25,7608.75,7609.25,1986.0
2026-07-15 13:52:00,7609.5,7613.25,7608.75,7612.5,3687.0
2026-07-15 13:53:00,7612.5,7614.0,7612.25,7613.25,3036.0
2026-07-15 13:54:00,7613.25,7616.25,7612.5,7615.0,3495.0
2026-07-15 13:55:00,7615.25,7615.25,7613.0,7613.5,2652.0
2026-07-15 13:56:00,7613.5,7613.75,7612.25,7612.5,2664.0
2026-07-15 13:57:00,7612.5,7614.25,7612.0,7613.75,1793.0
2026-07-15 13:58:00,7613.75,7614.0,7612.75,7613.0,1781.0
2026-07-15 13:59:00,7613.25,7613.25,7611.25,7612.5,1914.0
2026-07-15 14:00:00,7612.5,7613.75,7611.75,7612.5,2369.0
2026-07-15 14:01:00,7612.75,7615.25,7612.75,7615.25,2723.0
2026-07-15 14:02:00,7615.25,7615.5,7614.25,7615.0,2139.0
2026-07-15 14:03:00,7615.25,7615.75,7614.75,7615.25,1311.0
2026-07-15 14:04:00,7615.5,7616.0,7613.75,7614.0,1895.0
2026-07-15 14:05:00,7614.0,7615.75,7613.25,7615.5,1885.0
2026-07-15 14:06:00,7615.75,7617.0,7615.5,7617.0,1674.0
2026-07-15 14:07:00,7617.0,7617.25,7615.5,7615.75,1902.0
2026-07-15 14:08:00,7616.0,7616.25,7615.25,7616.0,906.0
2026-07-15 14:09:00,7615.75,7616.5,7615.5,7616.25,978.0
2026-07-15 14:10:00,7616.25,7617.75,7616.25,7616.75,1394.0
2026-07-15 14:11:00,7617.0,7618.0,7617.0,7617.75,1368.0
2026-07-15 14:12:00,7618.0,7618.25,7616.5,7617.25,1469.0
2026-07-15 14:13:00,7617.25,7618.25,7616.75,7617.25,1717.0
2026-07-15 14:14:00,7617.0,7617.5,7615.75,7616.0,1593.0
2026-07-15 14:15:00,7616.25,7616.25,7614.0,7614.5,2871.0
2026-07-15 14:16:00,7614.25,7614.5,7613.0,7613.5,2788.0
2026-07-15 14:17:00,7613.5,7614.75,7613.25,7613.75,1101.0
2026-07-15 14:18:00,7613.75,7613.75,7612.75,7613.75,1039.0
2026-07-15 14:19:00,7613.5,7615.25,7613.5,7614.0,1066.0
2026-07-15 14:20:00,7613.75,7615.75,7613.75,7615.25,1127.0
2026-07-15 14:21:00,7615.0,7617.5,7615.0,7617.0,2116.0
2026-07-15 14:22:00,7616.75,7617.25,7616.5,7617.25,913.0
2026-07-15 14:23:00,7617.5,7619.0,7616.75,7618.25,1729.0
2026-07-15 14:24:00,7618.0,7618.5,7617.5,7617.75,1167.0
2026-07-15 14:25:00,7617.75,7618.25,7616.5,7617.0,1302.0
2026-07-15 14:26:00,7616.75,7617.5,7616.5,7616.75,944.0
2026-07-15 14:27:00,7616.5,7617.75,7616.25,7617.75,831.0
2026-07-15 14:28:00,7617.5,7618.5,7617.25,7617.75,938.0
2026-07-15 14:29:00,7617.5,7617.75,7616.0,7616.75,1014.0
2026-07-15 14:30:00,7616.75,7617.75,7615.75,7616.25,1421.0
2026-07-15 14:31:00,7616.0,7617.75,7616.0,7617.75,908.0
2026-07-15 14:32:00,7617.5,7619.5,7617.5,7619.5,1473.0
2026-07-15 14:33:00,7619.5,7619.75,7617.5,7618.0,1408.0
2026-07-15 14:34:00,7618.0,7619.0,7617.75,7618.75,946.0
2026-07-15 14:35:00,7618.75,7618.75,7616.5,7617.0,1556.0
2026-07-15 14:36:00,7617.0,7617.0,7615.25,7616.25,1748.0
2026-07-15 14:37:00,7616.0,7616.5,7615.25,7616.25,894.0
2026-07-15 14:38:00,7616.25,7616.25,7615.0,7615.5,677.0
2026-07-15 14:39:00,7615.5,7616.0,7614.75,7615.5,685.0
2026-07-15 14:40:00,7615.25,7616.25,7615.0,7615.5,896.0
2026-07-15 14:41:00,7615.5,7616.25,7615.5,7615.75,562.0
2026-07-15 14:42:00,7615.75,7616.25,7613.0,7613.25,1918.0
2026-07-15 14:43:00,7613.25,7613.75,7612.5,7613.25,1586.0
2026-07-15 14:44:00,7613.0,7613.5,7610.25,7610.5,2413.0
2026-07-15 14:45:00,7610.75,7611.0,7608.25,7609.25,3727.0
2026-07-15 14:46:00,7609.5,7610.5,7604.5,7607.0,4281.0
2026-07-15 14:47:00,7607.25,7610.0,7606.5,7608.25,2860.0
2026-07-15 14:48:00,7608.0,7608.75,7607.25,7607.5,1669.0
2026-07-15 14:49:00,7607.25,7608.0,7606.5,7606.5,1815.0
2026-07-15 14:50:00,7606.5,7607.5,7605.25,7606.75,1732.0
2026-07-15 14:51:00,7606.75,7607.25,7601.75,7603.0,3269.0
2026-07-15 14:52:00,7603.0,7605.0,7602.25,7604.0,2524.0
2026-07-15 14:53:00,7604.0,7604.0,7601.75,7602.25,2022.0
2026-07-15 14:54:00,7602.5,7604.25,7601.75,7603.75,1715.0
2026-07-15 14:55:00,7603.75,7605.75,7603.0,7604.25,2181.0
2026-07-15 14:56:00,7604.25,7604.25,7602.0,7602.25,1911.0
2026-07-15 14:57:00,7602.25,7603.75,7602.0,7603.5,1309.0
2026-07-15 14:58:00,7603.25,7605.0,7601.0,7602.0,2732.0
2026-07-15 14:59:00,7601.75,7602.5,7601.75,7602.0,1500.0
2026-07-15 15:00:00,7602.0,7602.5,7600.5,7601.5,2144.0
2026-07-15 15:01:00,7601.5,7603.75,7600.75,7603.75,1812.0
2026-07-15 15:02:00,7603.75,7606.75,7603.5,7606.75,2520.0
2026-07-15 15:03:00,7606.5,7607.25,7605.25,7605.75,1528.0
2026-07-15 15:04:00,7605.75,7607.5,7605.25,7606.75,1636.0
2026-07-15 15:05:00,7606.75,7607.25,7605.25,7606.0,1447.0
2026-07-15 15:06:00,7606.25,7608.0,7605.5,7607.5,1658.0
2026-07-15 15:07:00,7607.5,7608.5,7606.25,7607.25,1543.0
2026-07-15 15:08:00,7607.5,7607.5,7605.0,7605.75,1551.0
2026-07-15 15:09:00,7605.75,7606.25,7605.0,7605.75,914.0
2026-07-15 15:10:00,7605.5,7607.75,7604.75,7607.5,1566.0
2026-07-15 15:11:00,7607.5,7607.75,7605.5,7606.0,763.0
2026-07-15 15:12:00,7606.0,7609.0,7605.75,7607.75,2994.0
2026-07-15 15:13:00,7607.75,7609.0,7606.0,7607.25,2370.0
2026-07-15 15:14:00,7607.25,7608.25,7607.25,7608.0,956.0
2026-07-15 15:15:00,7608.0,7608.5,7605.75,7608.0,1654.0
2026-07-15 15:16:00,7608.0,7608.0,7606.5,7607.5,1042.0
2026-07-15 15:17:00,7607.25,7607.75,7606.75,7607.25,658.0
2026-07-15 15:18:00,7607.25,7608.25,7606.5,7607.75,1478.0
2026-07-15 15:19:00,7607.75,7608.5,7605.25,7605.25,850.0
2026-07-15 15:20:00,7605.25,7605.75,7601.75,7603.0,3534.0
2026-07-15 15:21:00,7602.75,7604.0,7602.25,7603.75,1163.0
2026-07-15 15:22:00,7603.75,7604.0,7602.25,7603.25,943.0
2026-07-15 15:23:00,7603.0,7604.25,7602.75,7604.25,1082.0
2026-07-15 15:24:00,7604.0,7604.25,7603.0,7603.5,931.0
2026-07-15 15:25:00,7603.5,7603.75,7601.75,7602.75,1103.0
2026-07-15 15:26:00,7602.75,7604.5,7602.25,7604.5,1170.0
2026-07-15 15:27:00,7604.25,7608.0,7604.25,7606.5,2746.0
2026-07-15 15:28:00,7606.5,7606.75,7605.5,7606.25,1226.0
2026-07-15 15:29:00,7606.25,7606.75,7605.25,7606.5,874.0
2026-07-15 15:30:00,7606.5,7608.5,7606.25,7608.0,2175.0
2026-07-15 15:31:00,7608.0,7609.5,7607.75,7608.5,2176.0
2026-07-15 15:32:00,7608.75,7609.5,7601.25,7602.25,6373.0
2026-07-15 15:33:00,7602.0,7606.5,7602.0,7604.5,2781.0
2026-07-15 15:34:00,7604.75,7604.75,7602.0,7602.5,2099.0
2026-07-15 15:35:00,7602.75,7606.25,7601.25,7605.5,2480.0
2026-07-15 15:36:00,7605.5,7606.25,7604.5,7605.5,1535.0
2026-07-15 15:37:00,7605.5,7606.25,7604.5,7605.75,1367.0
2026-07-15 15:38:00,7605.75,7608.0,7605.75,7607.5,1796.0
2026-07-15 15:39:00,7607.25,7609.0,7607.25,7608.5,1810.0
2026-07-15 15:40:00,7608.5,7610.75,7608.0,7610.0,2461.0
2026-07-15 15:41:00,7610.0,7611.25,7609.5,7610.75,2238.0
2026-07-15 15:42:00,7610.5,7612.0,7609.75,7611.5,2019.0
2026-07-15 15:43:00,7611.5,7612.75,7611.25,7611.25,2105.0
2026-07-15 15:44:00,7611.25,7612.25,7611.25,7611.25,1729.0
2026-07-15 15:45:00,7611.25,7612.0,7610.0,7610.0,2295.0
2026-07-15 15:46:00,7610.25,7610.5,7607.25,7608.5,2555.0
2026-07-15 15:47:00,7608.75,7608.75,7607.0,7607.75,1318.0
2026-07-15 15:48:00,7607.75,7608.25,7605.5,7605.5,1987.0
2026-07-15 15:49:00,7605.5,7607.25,7605.25,7606.75,1611.0
2026-07-15 15:50:00,7607.0,7611.0,7606.75,7609.0,4884.0
2026-07-15 15:51:00,7609.0,7611.75,7608.25,7610.25,2407.0
2026-07-15 15:52:00,7610.5,7611.75,7610.0,7611.25,2192.0
2026-07-15 15:53:00,7611.0,7611.5,7609.25,7610.75,1872.0
2026-07-15 15:54:00,7610.75,7611.75,7609.5,7611.5,3509.0
2026-07-15 15:55:00,7611.5,7615.0,7611.5,7614.25,5957.0
2026-07-15 15:56:00,7614.5,7615.0,7613.25,7614.25,3255.0
2026-07-15 15:57:00,7614.0,7614.75,7613.0,7614.5,3246.0
2026-07-15 15:58:00,7614.75,7616.0,7614.0,7615.25,5848.0
2026-07-15 15:59:00,7615.25,7618.0,7612.5,7616.75,45860.0
2026-07-15 16:00:00,7616.75,7618.25,7613.5,7614.0,13635.0
2026-07-15 16:01:00,7614.0,7616.0,7613.25,7616.0,2890.0
2026-07-15 16:02:00,7616.0,7618.5,7615.5,7617.75,2282.0
2026-07-15 16:03:00,7617.75,7619.75,7617.25,7619.0,1540.0
2026-07-15 16:04:00,7618.75,7618.75,7617.25,7617.5,1122.0
2026-07-15 16:05:00,7617.25,7617.5,7616.75,7617.25,783.0
2026-07-15 16:06:00,7617.5,7617.5,7615.25,7616.0,923.0
2026-07-15 16:07:00,7616.0,7616.75,7615.75,7616.25,559.0
2026-07-15 16:08:00,7616.25,7616.5,7615.5,7616.25,576.0
2026-07-15 16:09:00,7616.5,7617.0,7608.75,7613.0,3312.0
2026-07-15 16:10:00,7613.0,7615.0,7612.25,7613.75,1079.0
2026-07-15 16:11:00,7614.0,7614.75,7613.75,7614.0,335.0
2026-07-15 16:12:00,7614.0,7615.25,7613.75,7614.75,603.0
2026-07-15 16:13:00,7615.0,7615.5,7614.0,7614.0,666.0
2026-07-15 16:14:00,7614.25,7615.25,7613.25,7614.5,868.0
2026-07-15 16:15:00,7614.75,7615.0,7613.5,7613.5,603.0
2026-07-15 16:16:00,7613.75,7614.75,7613.5,7614.0,363.0
2026-07-15 16:17:00,7613.75,7614.25,7613.75,7613.75,268.0
2026-07-15 16:18:00,7613.75,7614.5,7613.75,7614.5,318.0
2026-07-15 16:19:00,7614.5,7615.5,7614.5,7615.5,232.0
2026-07-15 16:20:00,7615.5,7617.25,7615.25,7616.75,981.0
2026-07-15 16:21:00,7616.5,7617.25,7616.5,7617.25,248.0
2026-07-15 16:22:00,7617.25,7617.5,7617.0,7617.0,123.0
2026-07-15 16:23:00,7617.25,7617.5,7616.75,7617.25,167.0
2026-07-15 16:24:00,7617.0,7617.75,7616.75,7617.75,179.0
2026-07-15 16:25:00,7617.75,7618.0,7617.25,7617.5,211.0
2026-07-15 16:26:00,7617.75,7617.75,7617.0,7617.5,120.0
2026-07-15 16:27:00,7617.75,7617.75,7617.0,7617.0,110.0
2026-07-15 16:28:00,7617.25,7617.5,7617.0,7617.0,115.0
2026-07-15 16:29:00,7616.75,7617.0,7616.5,7617.0,167.0
2026-07-15 16:30:00,7616.75,7617.0,7616.25,7616.5,130.0
2026-07-15 16:31:00,7616.5,7616.5,7616.0,7616.0,72.0
2026-07-15 16:32:00,7616.25,7616.25,7615.75,7615.75,212.0
2026-07-15 16:33:00,7616.0,7616.25,7615.25,7615.75,287.0
2026-07-15 16:34:00,7615.5,7615.75,7614.75,7615.25,219.0
2026-07-15 16:35:00,7615.0,7615.5,7614.75,7615.25,122.0
2026-07-15 16:36:00,7615.5,7615.75,7615.0,7615.5,204.0
2026-07-15 16:37:00,7615.5,7615.75,7615.0,7615.5,95.0
2026-07-15 16:38:00,7615.75,7616.5,7615.5,7616.5,86.0
2026-07-15 16:39:00,7616.5,7616.5,7615.75,7616.25,125.0
2026-07-15 16:40:00,7616.25,7617.0,7615.75,7616.75,234.0
2026-07-15 16:41:00,7616.75,7617.25,7616.75,7617.0,113.0
2026-07-15 16:42:00,7616.75,7617.25,7616.5,7616.75,124.0
2026-07-15 16:43:00,7617.0,7617.0,7616.5,7616.5,78.0
2026-07-15 16:44:00,7616.75,7617.0,7616.5,7616.5,113.0
2026-07-15 16:45:00,7616.75,7617.5,7616.5,7617.25,168.0
2026-07-15 16:46:00,7617.25,7617.75,7617.25,7617.75,68.0
2026-07-15 16:47:00,7617.75,7617.75,7617.0,7617.0,79.0
2026-07-15 16:48:00,7617.25,7617.75,7617.0,7617.0,197.0
2026-07-15 16:49:00,7617.0,7617.5,7616.5,7616.75,130.0
2026-07-15 16:50:00,7616.75,7617.0,7616.0,7617.0,385.0
2026-07-15 16:51:00,7616.75,7617.0,7616.75,7616.75,84.0
2026-07-15 16:52:00,7617.0,7617.0,7616.0,7616.0,116.0
2026-07-15 16:53:00,7616.0,7616.0,7615.75,7615.75,139.0
2026-07-15 16:54:00,7615.5,7615.75,7615.5,7615.5,203.0
2026-07-15 16:55:00,7615.75,7616.5,7615.25,7616.5,357.0
2026-07-15 16:56:00,7616.75,7617.0,7616.25,7617.0,124.0
2026-07-15 16:57:00,7617.0,7617.0,7616.25,7616.25,155.0
2026-07-15 16:58:00,7616.5,7616.5,7615.25,7616.25,422.0
2026-07-15 16:59:00,7616.0,7616.25,7615.25,7616.0,278.0
2026-07-15 18:00:00,7615.0,7617.0,7614.0,7616.75,0.0
2026-07-15 18:01:00,7616.5,7619.5,7616.25,7619.25,302.0
2026-07-15 18:02:00,7619.5,7621.0,7619.25,7619.5,213.0
2026-07-15 18:03:00,7620.0,7620.5,7619.75,7620.0,65.0
2026-07-15 18:04:00,7620.0,7621.0,7619.5,7620.75,109.0
2026-07-15 18:05:00,7620.75,7621.75,7620.5,7621.5,111.0
2026-07-15 18:06:00,7621.5,7622.25,7621.5,7621.75,130.0
2026-07-15 18:07:00,7622.0,7622.0,7620.25,7620.75,195.0
2026-07-15 18:08:00,7620.75,7621.25,7619.75,7620.25,84.0
2026-07-15 18:09:00,7620.0,7620.75,7620.0,7620.25,57.0
2026-07-15 18:10:00,7620.0,7620.25,7619.25,7619.75,125.0
2026-07-15 18:11:00,7619.5,7619.75,7619.25,7619.75,46.0
2026-07-15 18:12:00,7619.5,7619.5,7618.75,7618.75,57.0
2026-07-15 18:13:00,7619.0,7619.75,7618.5,7619.25,107.0
2026-07-15 18:16:00,7618.5,7618.5,7618.25,7618.25,185.0
2026-07-15 18:17:00,7618.5,7619.25,7618.5,7618.75,85.0
2026-07-15 18:18:00,7618.5,7618.75,7618.25,7618.25,36.0
2026-07-15 18:19:00,7618.5,7618.75,7618.0,7618.5,27.0
2026-07-15 18:20:00,7618.25,7618.75,7618.25,7618.5,56.0
2026-07-15 18:21:00,7618.5,7618.5,7618.25,7618.5,62.0
2026-07-15 18:22:00,7618.25,7618.25,7617.5,7617.75,87.0
2026-07-15 18:23:00,7618.0,7618.0,7616.5,7617.5,117.0
2026-07-15 18:24:00,7617.25,7617.5,7616.5,7617.0,81.0
2026-07-15 18:25:00,7616.75,7617.0,7616.5,7616.75,69.0
2026-07-15 18:26:00,7617.0,7617.25,7616.5,7616.75,46.0
2026-07-15 18:27:00,7616.75,7617.0,7616.5,7617.0,30.0
2026-07-15 18:28:00,7616.75,7617.0,7616.5,7616.75,26.0
2026-07-15 18:29:00,7617.0,7617.25,7616.5,7616.75,97.0
2026-07-15 18:30:00,7617.0,7617.75,7616.5,7616.75,86.0
2026-07-15 18:31:00,7617.0,7617.0,7616.25,7616.5,57.0
2026-07-15 18:32:00,7616.5,7617.0,7616.25,7616.75,61.0
2026-07-15 18:33:00,7616.75,7617.0,7616.75,7616.75,36.0
2026-07-15 18:34:00,7617.0,7617.0,7616.5,7617.0,61.0
2026-07-15 18:35:00,7616.75,7617.25,7616.75,7617.0,90.0
2026-07-15 18:36:00,7617.25,7617.25,7616.0,7616.5,148.0
2026-07-15 18:37:00,7616.25,7616.25,7616.0,7616.25,39.0
2026-07-15 18:38:00,7616.25,7616.25,7615.5,7616.0,59.0
2026-07-15 18:39:00,7616.0,7616.0,7615.25,7615.75,56.0
2026-07-15 18:40:00,7615.5,7615.75,7615.25,7615.75,22.0
2026-07-15 18:41:00,7615.5,7615.5,7615.25,7615.5,54.0
2026-07-15 18:42:00,7615.25,7616.0,7615.0,7616.0,83.0
2026-07-15 18:43:00,7616.0,7616.25,7615.5,7616.0,78.0
2026-07-15 18:44:00,7616.25,7616.25,7615.5,7615.75,63.0
2026-07-15 18:45:00,7615.5,7616.5,7615.5,7616.25,60.0
2026-07-15 18:46:00,7616.25,7616.5,7616.25,7616.25,40.0
2026-07-15 18:47:00,7616.25,7616.5,7616.0,7616.25,53.0
2026-07-15 18:48:00,7616.25,7616.5,7616.0,7616.25,33.0
2026-07-15 18:49:00,7616.0,7616.0,7615.0,7615.25,103.0
2026-07-15 18:50:00,7615.25,7616.0,7615.25,7615.5,50.0
2026-07-15 18:51:00,7615.25,7615.25,7614.5,7614.75,50.0
2026-07-15 18:52:00,7614.75,7615.25,7614.75,7615.0,17.0
2026-07-15 18:53:00,7615.25,7615.25,7615.0,7615.0,24.0
2026-07-15 18:54:00,7615.0,7619.5,7613.25,7615.75,1121.0
2026-07-15 18:55:00,7615.75,7616.25,7614.25,7615.5,147.0
2026-07-15 18:56:00,7615.5,7618.25,7615.0,7618.25,149.0
2026-07-15 18:57:00,7618.5,7618.75,7617.75,7618.75,115.0
2026-07-15 18:58:00,7618.75,7619.0,7618.0,7618.25,67.0
2026-07-15 18:59:00,7618.25,7618.75,7618.0,7618.25,56.0
2026-07-15 19:00:00,7618.25,7618.75,7617.25,7618.25,129.0
2026-07-15 19:01:00,7618.25,7618.75,7618.0,7618.75,62.0
2026-07-15 19:02:00,7618.75,7619.5,7618.75,7619.5,94.0
2026-07-15 19:03:00,7619.25,7619.5,7618.75,7619.5,48.0
2026-07-15 19:04:00,7619.5,7619.5,7619.0,7619.0,21.0
2026-07-15 19:05:00,7619.25,7619.5,7617.5,7617.75,48.0
2026-07-15 19:06:00,7617.75,7618.0,7617.75,7617.75,11.0
2026-07-15 19:07:00,7617.75,7617.75,7617.5,7617.5,21.0
2026-07-15 19:08:00,7618.0,7618.0,7617.5,7617.75,22.0
2026-07-15 19:09:00,7617.5,7618.5,7617.5,7618.5,49.0
2026-07-15 19:10:00,7618.75,7619.0,7618.5,7618.5,24.0
2026-07-15 19:11:00,7618.25,7619.0,7618.25,7619.0,22.0
2026-07-15 19:12:00,7619.0,7619.75,7619.0,7619.75,31.0
2026-07-15 19:13:00,7619.5,7619.75,7619.0,7619.0,41.0
2026-07-15 19:14:00,7618.75,7618.75,7618.5,7618.5,29.0
2026-07-15 19:15:00,7618.5,7618.5,7617.75,7618.25,51.0
2026-07-15 19:16:00,7618.25,7618.75,7618.0,7618.0,40.0
2026-07-15 19:17:00,7618.25,7618.25,7618.0,7618.0,28.0
2026-07-15 19:18:00,7617.75,7618.0,7617.0,7617.75,73.0
2026-07-15 19:19:00,7617.75,7618.5,7617.75,7618.25,18.0
2026-07-15 19:20:00,7618.0,7618.0,7617.5,7618.0,18.0
2026-07-15 19:21:00,7618.0,7619.0,7618.0,7618.75,64.0
2026-07-15 19:22:00,7618.75,7618.75,7618.5,7618.75,6.0
2026-07-15 19:23:00,7618.5,7618.75,7618.25,7618.5,24.0
2026-07-15 19:24:00,7618.5,7618.5,7617.75,7618.25,50.0
2026-07-15 19:25:00,7618.5,7618.75,7618.25,7618.25,17.0
2026-07-15 19:26:00,7618.0,7619.5,7617.75,7619.0,89.0
2026-07-15 19:27:00,7619.0,7620.0,7619.0,7620.0,73.0
2026-07-15 19:28:00,7620.0,7620.0,7619.5,7619.75,39.0
2026-07-15 19:29:00,7619.75,7619.75,7619.75,7619.75,12.0
2026-07-15 19:30:00,7619.75,7620.25,7619.75,7620.0,54.0
2026-07-15 19:31:00,7619.75,7620.5,7619.5,7619.75,73.0
2026-07-15 19:32:00,7620.0,7620.25,7619.75,7620.25,25.0
2026-07-15 19:33:00,7620.25,7621.75,7620.25,7621.25,99.0
2026-07-15 19:34:00,7621.5,7622.0,7621.0,7621.5,131.0
2026-07-15 19:35:00,7621.75,7622.0,7621.5,7621.5,46.0
2026-07-15 19:36:00,7621.5,7621.5,7621.25,7621.25,19.0
2026-07-15 19:37:00,7621.5,7621.5,7621.0,7621.25,26.0
2026-07-15 19:38:00,7621.25,7621.25,7620.25,7620.5,44.0
2026-07-15 19:39:00,7620.5,7620.5,7619.5,7619.5,63.0
2026-07-15 19:40:00,7619.75,7619.75,7619.25,7619.25,24.0
2026-07-15 19:51:00,7614.75,7619.0,7614.75,7617.75,845.0
2026-07-15 19:52:00,7617.75,7618.25,7617.0,7617.0,113.0
2026-07-15 19:53:00,7616.75,7617.25,7616.75,7617.25,56.0
2026-07-15 19:54:00,7617.25,7617.25,7616.75,7616.75,26.0
2026-07-15 19:55:00,7617.0,7618.0,7616.75,7617.5,117.0
2026-07-15 19:56:00,7617.25,7617.25,7617.0,7617.25,22.0
2026-07-15 19:57:00,7617.0,7617.25,7616.5,7616.5,56.0
2026-07-15 19:58:00,7617.0,7617.0,7616.25,7616.25,66.0
2026-07-15 19:59:00,7616.0,7616.75,7615.5,7616.25,162.0
2026-07-15 20:00:00,7616.25,7618.5,7615.75,7618.0,298.0
2026-07-15 20:01:00,7618.25,7620.75,7618.25,7620.5,285.0
2026-07-15 20:02:00,7620.25,7623.75,7620.25,7623.0,619.0
2026-07-15 20:03:00,7622.75,7623.25,7621.0,7621.75,191.0
2026-07-15 20:04:00,7621.75,7623.25,7621.5,7623.25,151.0
2026-07-15 20:05:00,7623.25,7624.0,7622.25,7622.75,265.0
2026-07-15 20:06:00,7622.75,7623.0,7621.5,7622.5,168.0
2026-07-15 20:07:00,7622.75,7623.25,7621.75,7622.25,223.0
2026-07-15 20:08:00,7622.25,7623.25,7622.0,7622.5,96.0
2026-07-15 20:09:00,7622.25,7624.75,7622.0,7623.75,297.0
2026-07-15 20:10:00,7624.0,7625.0,7623.0,7623.25,196.0
2026-07-15 20:11:00,7623.5,7624.0,7623.25,7623.25,144.0
2026-07-15 20:12:00,7623.0,7623.75,7622.5,7623.5,124.0
2026-07-15 20:13:00,7623.75,7625.75,7623.25,7625.25,200.0
2026-07-15 20:14:00,7625.25,7626.75,7625.25,7626.75,311.0
2026-07-15 20:15:00,7626.5,7627.75,7624.5,7624.5,353.0
2026-07-15 20:16:00,7624.25,7624.5,7622.25,7622.25,280.0
2026-07-15 20:17:00,7622.25,7623.0,7622.0,7622.5,141.0
2026-07-15 20:18:00,7622.5,7622.75,7621.25,7621.25,160.0
2026-07-15 20:19:00,7621.5,7622.0,7621.0,7621.0,191.0
2026-07-15 20:20:00,7621.25,7621.5,7619.75,7621.25,352.0
2026-07-15 20:21:00,7621.25,7621.75,7620.5,7621.5,150.0
2026-07-15 20:22:00,7621.25,7621.75,7620.25,7621.25,120.0
2026-07-15 20:23:00,7620.75,7621.75,7620.5,7620.75,127.0
2026-07-15 20:24:00,7620.5,7620.75,7619.75,7620.25,130.0
2026-07-15 20:25:00,7620.0,7621.5,7619.75,7621.5,83.0
2026-07-15 20:26:00,7621.5,7621.5,7619.25,7619.5,310.0
2026-07-15 20:27:00,7619.75,7619.75,7618.0,7618.5,282.0
2026-07-15 20:28:00,7618.5,7620.5,7618.25,7619.75,194.0
2026-07-15 20:29:00,7619.75,7619.75,7618.75,7619.0,88.0
2026-07-15 20:30:00,7619.25,7619.75,7617.75,7619.75,379.0
2026-07-15 20:31:00,7619.5,7620.5,7618.0,7618.0,209.0
2026-07-15 20:32:00,7617.75,7618.5,7617.5,7617.75,209.0
2026-07-15 20:33:00,7618.0,7620.25,7617.75,7619.5,201.0
2026-07-15 20:34:00,7619.25,7622.0,7619.25,7621.5,211.0
2026-07-15 20:35:00,7621.25,7621.5,7619.75,7620.5,144.0
2026-07-15 20:36:00,7620.5,7620.5,7618.25,7618.75,156.0
2026-07-15 20:37:00,7618.5,7619.25,7618.0,7618.25,106.0
2026-07-15 20:38:00,7618.5,7618.75,7617.25,7617.25,121.0
2026-07-15 20:39:00,7617.5,7617.75,7616.75,7617.25,169.0
2026-07-15 20:40:00,7617.0,7617.5,7615.5,7616.5,268.0
2026-07-15 20:41:00,7616.5,7616.75,7616.0,7616.5,139.0
2026-07-15 20:42:00,7616.5,7616.5,7615.25,7615.5,186.0
2026-07-15 20:43:00,7615.5,7616.25,7615.5,7616.0,297.0
2026-07-15 20:44:00,7616.0,7616.25,7615.25,7615.5,156.0
2026-07-15 20:45:00,7615.25,7615.75,7614.25,7614.75,325.0
2026-07-15 20:46:00,7614.5,7615.75,7614.5,7615.25,211.0
2026-07-15 20:47:00,7615.25,7616.75,7615.25,7615.75,158.0
2026-07-15 20:48:00,7616.0,7616.0,7615.0,7616.0,85.0
2026-07-15 20:49:00,7616.0,7617.25,7616.0,7617.0,107.0
2026-07-15 20:50:00,7617.0,7617.25,7615.75,7615.75,164.0
2026-07-15 20:51:00,7616.0,7617.5,7615.5,7617.25,103.0
2026-07-15 20:52:00,7617.5,7620.5,7617.25,7619.75,170.0
2026-07-15 20:53:00,7619.75,7619.75,7618.25,7618.25,135.0
2026-07-15 20:54:00,7618.25,7618.5,7616.5,7616.5,163.0
2026-07-15 20:55:00,7616.5,7617.25,7615.5,7616.75,209.0
2026-07-15 20:56:00,7616.5,7617.0,7615.75,7617.0,140.0
2026-07-15 20:57:00,7617.0,7617.25,7616.0,7616.5,138.0
2026-07-15 20:58:00,7616.25,7617.0,7615.75,7616.25,96.0
2026-07-15 20:59:00,7616.0,7616.5,7615.5,7616.5,126.0
2026-07-15 21:00:00,7616.75,7617.75,7616.25,7616.75,188.0
2026-07-15 21:01:00,7616.5,7616.75,7614.75,7615.5,241.0
2026-07-15 21:02:00,7615.75,7616.0,7614.5,7615.0,154.0
2026-07-15 21:03:00,7615.25,7617.25,7615.0,7617.25,182.0
2026-07-15 21:04:00,7617.0,7617.5,7616.25,7616.75,129.0
2026-07-15 21:05:00,7617.0,7617.5,7616.25,7616.25,104.0
2026-07-15 21:06:00,7616.25,7616.75,7615.5,7616.25,107.0
2026-07-15 21:07:00,7616.0,7616.75,7615.5,7616.25,83.0
2026-07-15 21:08:00,7616.25,7617.75,7616.0,7617.0,85.0
2026-07-15 21:09:00,7617.25,7618.25,7616.75,7617.0,123.0
2026-07-15 21:10:00,7617.25,7617.75,7616.0,7616.25,138.0
2026-07-15 21:11:00,7616.25,7616.5,7615.5,7615.75,105.0
2026-07-15 21:12:00,7615.5,7615.5,7614.5,7614.75,203.0
2026-07-15 21:13:00,7614.75,7614.75,7613.25,7614.5,225.0
2026-07-15 21:14:00,7614.75,7615.5,7614.5,7615.0,158.0
2026-07-15 21:15:00,7614.75,7615.25,7614.0,7614.25,137.0
2026-07-15 21:16:00,7614.25,7614.25,7612.75,7613.25,232.0
2026-07-15 21:17:00,7613.75,7613.75,7612.0,7612.0,171.0
2026-07-15 21:18:00,7612.25,7612.25,7610.5,7611.25,311.0
2026-07-15 21:19:00,7611.5,7611.5,7610.75,7610.75,164.0
2026-07-15 21:20:00,7610.75,7611.75,7610.25,7611.0,324.0
2026-07-15 21:21:00,7611.0,7613.25,7611.0,7611.5,517.0
2026-07-15 21:22:00,7611.5,7612.0,7611.25,7611.5,99.0
2026-07-15 21:23:00,7611.5,7612.25,7611.25,7612.25,64.0
2026-07-15 21:24:00,7612.25,7613.0,7611.5,7612.25,151.0
2026-07-15 21:25:00,7612.0,7612.75,7611.5,7612.0,111.0
2026-07-15 21:26:00,7611.75,7613.25,7611.5,7612.5,110.0
2026-07-15 21:27:00,7612.5,7613.0,7612.0,7612.0,60.0
2026-07-15 21:28:00,7611.75,7613.25,7611.5,7612.75,110.0
2026-07-15 21:29:00,7612.75,7612.75,7611.0,7611.25,150.0
2026-07-15 21:30:00,7611.25,7612.75,7610.75,7612.5,247.0
2026-07-15 21:31:00,7612.25,7613.5,7611.25,7612.75,232.0
2026-07-15 21:32:00,7612.75,7614.25,7612.5,7612.75,215.0
2026-07-15 21:33:00,7612.75,7612.75,7611.25,7611.5,108.0
2026-07-15 21:36:00,7614.0,7614.25,7613.75,7613.75,503.0
2026-07-15 21:37:00,7613.75,7614.0,7612.5,7613.75,136.0
2026-07-15 21:38:00,7613.75,7614.0,7613.0,7613.0,158.0
2026-07-15 21:39:00,7612.75,7615.25,7612.75,7614.5,123.0
2026-07-15 21:40:00,7614.5,7615.25,7614.5,7614.75,135.0
2026-07-15 21:41:00,7615.0,7615.5,7614.5,7614.5,158.0
2026-07-15 21:42:00,7614.5,7614.5,7612.5,7612.75,101.0
2026-07-15 21:43:00,7612.75,7613.25,7612.25,7612.75,52.0
2026-07-15 21:44:00,7612.5,7612.75,7611.5,7612.5,77.0
2026-07-15 21:45:00,7612.5,7613.5,7612.25,7613.5,59.0
2026-07-15 21:46:00,7613.5,7615.0,7612.75,7615.0,109.0
2026-07-15 21:47:00,7615.0,7615.75,7615.0,7615.5,187.0
2026-07-15 21:48:00,7615.25,7616.75,7615.0,7616.75,170.0
2026-07-15 21:49:00,7616.75,7618.25,7616.5,7618.25,239.0
2026-07-15 21:50:00,7618.25,7618.75,7617.25,7617.75,268.0
2026-07-15 21:51:00,7618.0,7618.25,7615.75,7616.0,129.0
2026-07-15 21:52:00,7615.75,7617.5,7615.5,7617.25,87.0
2026-07-15 21:53:00,7617.25,7617.25,7616.0,7616.25,66.0
2026-07-15 21:54:00,7616.25,7617.75,7616.0,7617.0,78.0
2026-07-15 21:55:00,7617.0,7618.25,7617.0,7618.25,52.0
2026-07-15 21:56:00,7618.25,7619.0,7616.75,7617.0,148.0
2026-07-15 21:57:00,7617.0,7617.0,7615.0,7615.5,171.0
2026-07-15 21:58:00,7615.0,7615.0,7614.0,7614.0,162.0
2026-07-15 21:59:00,7614.0,7615.25,7613.75,7614.5,123.0
2026-07-15 22:00:00,7614.75,7615.0,7613.75,7614.25,132.0
2026-07-15 22:01:00,7614.0,7614.25,7612.5,7613.0,169.0
2026-07-15 22:02:00,7612.75,7612.75,7611.75,7612.25,172.0
2026-07-15 22:03:00,7612.0,7612.5,7611.0,7611.25,170.0
2026-07-15 22:04:00,7611.5,7612.0,7611.25,7611.75,183.0
2026-07-15 22:05:00,7611.75,7612.5,7611.25,7611.5,105.0
2026-07-15 22:06:00,7611.5,7612.0,7611.25,7611.75,66.0
2026-07-15 22:07:00,7611.75,7612.75,7611.5,7612.5,78.0
2026-07-15 22:08:00,7612.5,7613.25,7612.5,7613.0,117.0
2026-07-15 22:09:00,7613.0,7613.0,7611.75,7611.75,113.0
2026-07-15 22:10:00,7611.5,7612.5,7611.5,7612.25,119.0
2026-07-15 22:11:00,7612.25,7613.5,7612.25,7613.0,129.0
2026-07-15 22:12:00,7613.0,7613.75,7612.75,7613.0,100.0
2026-07-15 22:13:00,7613.0,7613.0,7612.25,7612.25,49.0
2026-07-15 22:14:00,7612.25,7613.0,7612.25,7613.0,74.0
2026-07-15 22:15:00,7613.0,7614.75,7613.0,7614.0,172.0
2026-07-15 22:16:00,7613.75,7613.75,7613.0,7613.0,85.0
2026-07-15 22:17:00,7613.0,7615.0,7612.75,7614.75,81.0
2026-07-15 22:18:00,7614.75,7616.0,7614.5,7615.25,213.0
2026-07-15 22:19:00,7615.25,7616.25,7614.75,7616.0,102.0
2026-07-15 22:20:00,7616.0,7616.75,7615.5,7616.25,177.0
2026-07-15 22:21:00,7616.25,7616.5,7615.5,7616.25,101.0
2026-07-15 22:22:00,7616.25,7617.5,7616.0,7617.25,126.0
2026-07-15 22:23:00,7617.25,7619.0,7617.25,7619.0,179.0
2026-07-15 22:24:00,7619.0,7619.75,7618.5,7619.5,242.0
2026-07-15 22:25:00,7619.5,7620.5,7619.25,7619.75,205.0
2026-07-15 22:26:00,7620.0,7620.25,7619.25,7619.75,144.0
2026-07-15 22:27:00,7619.75,7620.25,7618.5,7619.0,210.0
2026-07-15 22:28:00,7619.0,7619.25,7618.5,7618.75,103.0
2026-07-15 22:29:00,7618.75,7619.5,7618.75,7619.5,128.0
2026-07-15 22:30:00,7619.5,7620.0,7619.0,7619.75,148.0
2026-07-15 22:31:00,7619.75,7620.0,7619.0,7619.0,124.0
2026-07-15 22:32:00,7619.0,7620.25,7619.0,7619.25,127.0
2026-07-15 22:33:00,7619.25,7621.0,7619.25,7620.0,181.0
2026-07-15 22:34:00,7619.75,7620.0,7619.5,7620.0,90.0
2026-07-15 22:35:00,7620.0,7621.0,7620.0,7620.25,149.0
2026-07-15 22:36:00,7620.25,7620.75,7619.75,7620.0,169.0
2026-07-15 22:37:00,7620.25,7620.25,7619.0,7619.0,141.0
2026-07-15 22:38:00,7619.25,7619.75,7619.0,7619.0,111.0
2026-07-15 22:39:00,7619.0,7619.5,7618.25,7619.0,146.0
2026-07-15 22:40:00,7619.0,7619.5,7618.75,7619.5,103.0
2026-07-15 22:41:00,7619.5,7619.75,7619.0,7619.25,147.0
2026-07-15 22:42:00,7619.25,7619.25,7618.5,7619.0,133.0
2026-07-15 22:43:00,7619.25,7619.75,7618.75,7618.75,120.0
2026-07-15 22:44:00,7618.75,7618.75,7618.0,7618.75,116.0
2026-07-15 22:45:00,7618.75,7620.0,7618.25,7619.75,76.0
2026-07-15 22:46:00,7619.5,7620.25,7619.5,7619.5,124.0
2026-07-15 22:47:00,7619.5,7619.75,7619.25,7619.75,44.0
2026-07-15 22:48:00,7619.75,7620.0,7619.75,7620.0,52.0
2026-07-15 22:49:00,7620.25,7622.0,7619.75,7620.5,329.0
2026-07-15 22:50:00,7620.75,7621.0,7620.25,7620.5,111.0
2026-07-15 22:51:00,7620.5,7620.75,7620.25,7620.5,77.0
2026-07-15 22:52:00,7620.5,7620.5,7619.75,7620.25,74.0
2026-07-15 22:53:00,7620.5,7621.75,7620.5,7621.75,105.0
2026-07-15 22:54:00,7621.5,7622.5,7621.5,7621.75,207.0
2026-07-15 22:55:00,7622.0,7622.5,7621.5,7622.5,178.0
2026-07-15 22:56:00,7622.25,7622.75,7622.25,7622.25,104.0
2026-07-15 22:57:00,7622.25,7622.75,7622.25,7622.5,108.0
2026-07-15 22:58:00,7622.75,7623.5,7622.5,7623.5,187.0
2026-07-15 22:59:00,7623.5,7623.5,7622.75,7622.75,259.0
2026-07-15 23:00:00,7622.75,7623.0,7622.0,7622.25,212.0
2026-07-15 23:01:00,7622.5,7622.5,7622.0,7622.25,121.0
2026-07-15 23:02:00,7622.25,7622.75,7622.0,7622.75,79.0
2026-07-15 23:03:00,7622.75,7623.25,7622.75,7622.75,81.0
2026-07-15 23:04:00,7623.0,7623.25,7622.75,7623.0,93.0
2026-07-15 23:05:00,7623.0,7624.25,7623.0,7624.25,222.0
2026-07-15 23:06:00,7624.25,7625.0,7623.75,7624.25,271.0
2026-07-15 23:07:00,7624.0,7624.0,7623.75,7623.75,41.0
2026-07-15 23:08:00,7624.0,7624.75,7623.75,7624.75,143.0
2026-07-15 23:09:00,7624.5,7624.75,7624.25,7624.75,108.0
2026-07-15 23:10:00,7624.75,7625.0,7624.0,7624.25,168.0
2026-07-15 23:11:00,7624.25,7624.75,7624.0,7624.25,171.0
2026-07-15 23:12:00,7624.25,7624.75,7624.0,7624.0,116.0
2026-07-15 23:13:00,7624.0,7624.25,7623.5,7624.0,91.0
2026-07-15 23:14:00,7624.0,7624.0,7623.5,7623.75,90.0
2026-07-15 23:15:00,7623.75,7624.0,7623.5,7623.5,63.0
2026-07-15 23:16:00,7623.5,7624.0,7623.0,7623.0,137.0
2026-07-15 23:17:00,7623.0,7623.25,7622.25,7622.25,95.0
2026-07-15 23:18:00,7622.25,7622.5,7621.75,7622.5,101.0
2026-07-15 23:19:00,7622.25,7622.25,7621.25,7621.75,92.0
2026-07-15 23:20:00,7622.0,7622.75,7621.75,7622.25,110.0
2026-07-15 23:21:00,7622.25,7622.25,7621.5,7622.0,69.0
2026-07-15 23:22:00,7621.75,7622.5,7621.5,7622.5,48.0
2026-07-15 23:23:00,7622.25,7622.25,7621.5,7622.0,62.0
2026-07-15 23:24:00,7622.0,7622.0,7621.0,7621.25,126.0
2026-07-15 23:25:00,7621.25,7621.5,7621.25,7621.5,70.0
2026-07-15 23:26:00,7621.5,7621.75,7621.5,7621.5,51.0
2026-07-15 23:27:00,7621.5,7621.5,7621.0,7621.0,72.0
2026-07-15 23:28:00,7621.0,7622.0,7621.0,7622.0,75.0
2026-07-15 23:29:00,7622.0,7622.0,7621.25,7621.75,26.0
2026-07-15 23:30:00,7621.75,7623.5,7621.5,7623.5,154.0
2026-07-15 23:31:00,7623.5,7625.0,7623.5,7624.25,233.0
2026-07-15 23:32:00,7624.25,7624.75,7623.25,7623.5,89.0
2026-07-15 23:33:00,7623.75,7624.25,7623.25,7624.25,86.0
2026-07-15 23:34:00,7624.25,7624.75,7623.75,7624.25,64.0
2026-07-15 23:35:00,7624.25,7625.25,7623.75,7624.5,168.0
2026-07-15 23:36:00,7624.5,7624.75,7623.25,7623.5,116.0
2026-07-15 23:37:00,7623.25,7624.0,7623.0,7623.75,62.0
2026-07-15 23:38:00,7623.75,7623.75,7623.5,7623.5,54.0
2026-07-15 23:39:00,7623.25,7623.5,7623.0,7623.0,80.0
2026-07-15 23:40:00,7623.25,7624.25,7623.25,7623.75,51.0
2026-07-15 23:41:00,7623.5,7624.0,7623.25,7623.75,44.0
2026-07-15 23:42:00,7623.75,7623.75,7623.0,7623.0,64.0
2026-07-15 23:43:00,7623.0,7623.5,7622.75,7623.25,76.0
2026-07-15 23:44:00,7623.0,7623.25,7622.75,7623.0,40.0
2026-07-15 23:45:00,7623.0,7623.0,7621.75,7622.25,106.0
2026-07-15 23:46:00,7622.25,7623.0,7622.25,7622.5,78.0
2026-07-15 23:47:00,7622.5,7623.5,7622.25,7623.0,46.0
2026-07-15 23:48:00,7623.0,7623.0,7622.25,7623.0,47.0
2026-07-15 23:49:00,7623.0,7623.0,7622.0,7622.25,29.0
2026-07-15 23:50:00,7622.0,7623.5,7622.0,7623.5,66.0
2026-07-15 23:51:00,7623.25,7623.25,7622.5,7622.5,42.0
2026-07-15 23:52:00,7622.75,7623.25,7622.5,7622.75,30.0
2026-07-15 23:53:00,7622.75,7623.0,7622.75,7622.75,36.0
2026-07-15 23:54:00,7623.0,7624.25,7623.0,7623.75,67.0
2026-07-15 23:55:00,7623.5,7624.0,7623.25,7623.5,56.0
2026-07-15 23:56:00,7623.25,7623.75,7623.25,7623.75,38.0
2026-07-15 23:57:00,7623.5,7623.75,7623.25,7623.5,49.0
2026-07-15 23:58:00,7623.5,7624.0,7623.25,7624.0,46.0
2026-07-16 00:09:00,7624.0,7624.5,7624.0,7624.25,75.0
2026-07-16 00:10:00,7624.0,7624.75,7623.75,7624.75,77.0
2026-07-16 00:11:00,7624.75,7625.75,7624.75,7625.5,115.0
2026-07-16 00:12:00,7625.75,7626.0,7625.5,7625.75,121.0
2026-07-16 00:13:00,7625.75,7626.25,7625.5,7625.5,98.0
2026-07-16 00:14:00,7625.75,7626.5,7625.75,7626.25,159.0
2026-07-16 00:15:00,7626.25,7626.25,7625.5,7625.75,65.0
2026-07-16 00:16:00,7625.75,7625.75,7624.5,7624.5,103.0
2026-07-16 00:17:00,7624.75,7625.0,7624.0,7624.0,132.0
2026-07-16 00:18:00,7623.75,7624.5,7623.75,7624.25,83.0
2026-07-16 00:19:00,7624.0,7624.25,7623.75,7623.75,75.0
2026-07-16 00:20:00,7623.75,7624.0,7623.5,7623.75,59.0
2026-07-16 00:21:00,7623.75,7623.75,7622.5,7622.75,131.0
2026-07-16 00:22:00,7622.75,7623.0,7622.5,7622.75,74.0
2026-07-16 00:23:00,7622.75,7622.75,7622.5,7622.75,36.0
2026-07-16 00:24:00,7622.75,7623.5,7622.5,7623.5,56.0
2026-07-16 00:25:00,7623.75,7623.75,7623.0,7623.25,71.0
2026-07-16 00:26:00,7623.25,7623.25,7622.75,7623.0,47.0
2026-07-16 00:27:00,7623.0,7623.25,7622.75,7623.0,35.0
2026-07-16 00:28:00,7623.0,7623.0,7622.0,7622.5,60.0
2026-07-16 00:29:00,7622.5,7622.75,7622.5,7622.5,32.0
2026-07-16 00:30:00,7622.75,7622.75,7622.25,7622.5,51.0
2026-07-16 00:31:00,7622.5,7623.25,7622.25,7623.0,58.0
2026-07-16 00:32:00,7623.25,7623.25,7622.5,7622.75,29.0
2026-07-16 00:33:00,7622.5,7622.5,7622.25,7622.5,53.0
2026-07-16 00:34:00,7622.5,7622.5,7622.0,7622.25,41.0
2026-07-16 00:35:00,7622.0,7622.25,7621.75,7622.0,85.0
2026-07-16 00:36:00,7621.75,7622.0,7621.75,7621.75,34.0
2026-07-16 00:37:00,7621.75,7622.0,7621.25,7621.5,98.0
2026-07-16 00:38:00,7621.25,7621.25,7621.0,7621.25,62.0
2026-07-16 00:39:00,7621.25,7621.5,7621.25,7621.5,55.0
2026-07-16 00:40:00,7621.25,7621.25,7620.5,7621.25,110.0
2026-07-16 00:41:00,7621.25,7622.25,7620.75,7622.0,132.0
2026-07-16 00:42:00,7622.0,7622.0,7621.5,7622.0,37.0
2026-07-16 00:43:00,7621.75,7622.5,7621.75,7622.0,46.0
2026-07-16 00:44:00,7622.0,7622.25,7621.25,7621.5,38.0
2026-07-16 00:45:00,7621.25,7621.5,7620.5,7621.25,76.0
2026-07-16 00:46:00,7621.25,7621.5,7621.0,7621.0,29.0
2026-07-16 00:47:00,7621.25,7621.25,7620.75,7621.0,34.0
2026-07-16 00:48:00,7621.0,7621.5,7621.0,7621.25,27.0
2026-07-16 00:49:00,7621.25,7621.75,7621.0,7621.75,42.0
2026-07-16 00:50:00,7621.5,7622.0,7621.5,7621.75,70.0
2026-07-16 00:51:00,7621.75,7621.75,7621.5,7621.5,38.0
2026-07-16 00:52:00,7621.75,7622.5,7621.75,7622.25,38.0
2026-07-16 00:53:00,7622.25,7622.25,7622.0,7622.25,38.0
2026-07-16 00:54:00,7622.5,7622.5,7622.0,7622.5,28.0
2026-07-16 00:55:00,7622.25,7623.0,7622.25,7622.75,75.0
2026-07-16 00:56:00,7622.5,7622.5,7621.75,7622.0,26.0
2026-07-16 00:57:00,7622.0,7622.25,7621.5,7621.75,32.0
2026-07-16 00:58:00,7621.75,7622.25,7621.75,7622.25,23.0
2026-07-16 00:59:00,7622.25,7622.25,7621.5,7621.75,41.0
2026-07-16 01:00:00,7622.0,7623.75,7622.0,7623.25,111.0
2026-07-16 01:01:00,7623.25,7623.75,7623.0,7623.5,115.0
2026-07-16 01:02:00,7623.75,7623.75,7623.25,7623.5,49.0
2026-07-16 01:03:00,7623.5,7624.0,7623.5,7624.0,44.0
2026-07-16 01:04:00,7624.25,7624.5,7623.5,7623.5,77.0
2026-07-16 01:05:00,7623.75,7624.0,7623.0,7623.25,72.0
2026-07-16 01:06:00,7623.0,7624.0,7623.0,7624.0,39.0
2026-07-16 01:07:00,7623.75,7623.75,7623.25,7623.25,64.0
2026-07-16 01:08:00,7623.25,7623.5,7622.75,7623.0,78.0
2026-07-16 01:09:00,7623.25,7623.25,7622.5,7622.5,50.0
2026-07-16 01:10:00,7622.75,7623.25,7621.75,7622.75,148.0
2026-07-16 01:11:00,7623.0,7625.0,7623.0,7624.75,107.0
2026-07-16 01:12:00,7624.5,7625.75,7624.5,7625.5,151.0
2026-07-16 01:13:00,7625.5,7626.75,7625.25,7626.0,158.0
2026-07-16 01:14:00,7626.25,7626.75,7626.25,7626.75,134.0
2026-07-16 01:15:00,7626.75,7630.0,7626.5,7628.25,839.0
2026-07-16 01:16:00,7628.25,7628.5,7626.75,7627.0,181.0
2026-07-16 01:17:00,7627.0,7627.25,7626.0,7626.25,137.0
2026-07-16 01:18:00,7626.5,7627.0,7626.25,7626.25,99.0
2026-07-16 01:19:00,7626.25,7627.25,7626.0,7627.25,100.0
2026-07-16 01:20:00,7627.25,7628.0,7627.25,7627.75,132.0
2026-07-16 01:21:00,7627.5,7627.75,7627.25,7627.75,128.0
2026-07-16 01:22:00,7627.75,7628.5,7627.75,7628.5,194.0
2026-07-16 01:23:00,7628.75,7629.0,7628.0,7629.0,205.0
2026-07-16 01:24:00,7628.75,7629.0,7628.0,7628.25,141.0
2026-07-16 01:25:00,7628.0,7629.0,7627.75,7628.5,171.0
2026-07-16 01:26:00,7628.75,7629.25,7628.5,7628.5,168.0
2026-07-16 01:27:00,7628.75,7628.75,7628.0,7628.0,111.0
2026-07-16 01:28:00,7628.25,7628.25,7626.75,7626.75,202.0
2026-07-16 01:29:00,7626.75,7628.0,7626.5,7627.5,234.0
2026-07-16 01:30:00,7627.75,7632.0,7627.5,7629.75,1503.0
2026-07-16 01:31:00,7629.75,7629.75,7626.75,7627.0,216.0
2026-07-16 01:32:00,7627.0,7627.25,7625.75,7626.0,169.0
2026-07-16 01:33:00,7626.0,7626.0,7624.0,7624.75,259.0
2026-07-16 01:34:00,7624.75,7624.75,7621.75,7622.25,449.0
2026-07-16 01:35:00,7622.25,7622.25,7617.5,7617.75,705.0
2026-07-16 01:36:00,7617.75,7619.25,7617.0,7619.0,355.0
2026-07-16 01:37:00,7619.25,7620.25,7618.5,7619.75,170.0
2026-07-16 01:38:00,7619.75,7620.75,7619.0,7619.25,163.0
2026-07-16 01:39:00,7619.5,7619.5,7617.0,7618.0,188.0
2026-07-16 01:40:00,7618.0,7618.5,7616.75,7618.5,178.0
2026-07-16 01:41:00,7618.5,7620.0,7618.25,7620.0,203.0
2026-07-16 01:42:00,7620.0,7622.25,7620.0,7620.25,299.0
2026-07-16 01:43:00,7620.25,7621.5,7619.75,7621.0,159.0
2026-07-16 01:44:00,7621.0,7621.0,7619.5,7620.0,89.0
2026-07-16 01:45:00,7620.0,7620.75,7618.75,7618.75,86.0
2026-07-16 01:46:00,7619.0,7619.0,7617.75,7618.25,98.0
2026-07-16 01:47:00,7618.0,7618.75,7617.75,7618.25,120.0
2026-07-16 01:48:00,7618.0,7618.5,7617.5,7618.0,90.0
2026-07-16 01:49:00,7618.0,7618.0,7616.75,7617.0,134.0
2026-07-16 01:50:00,7617.25,7617.25,7616.25,7616.75,239.0
2026-07-16 01:51:00,7616.5,7616.75,7616.25,7616.5,145.0
2026-07-16 01:52:00,7616.25,7617.0,7616.0,7616.5,159.0
2026-07-16 01:53:00,7616.75,7616.75,7616.0,7616.5,96.0
2026-07-16 01:54:00,7616.25,7616.25,7615.5,7616.0,241.0
2026-07-16 01:55:00,7615.75,7618.25,7615.75,7618.25,210.0
2026-07-16 01:56:00,7618.25,7618.5,7617.75,7617.75,120.0
2026-07-16 01:57:00,7617.75,7618.5,7617.25,7618.25,112.0
2026-07-16 01:58:00,7618.25,7618.25,7617.0,7617.0,68.0
2026-07-16 01:59:00,7617.0,7617.5,7616.75,7617.0,57.0
2026-07-16 02:00:00,7617.25,7621.5,7617.0,7621.0,363.0
2026-07-16 02:01:00,7621.0,7621.5,7620.5,7620.75,125.0
2026-07-16 02:02:00,7620.5,7620.5,7619.25,7619.75,105.0
2026-07-16 02:03:00,7619.75,7619.75,7618.5,7619.25,88.0
2026-07-16 02:04:00,7619.0,7619.75,7618.75,7619.25,94.0
2026-07-16 02:05:00,7619.25,7620.25,7617.25,7617.5,440.0
2026-07-16 02:06:00,7617.25,7617.5,7615.5,7616.25,267.0
2026-07-16 02:07:00,7616.25,7616.5,7614.5,7614.75,293.0
2026-07-16 02:08:00,7614.5,7625.0,7613.5,7621.75,2025.0
2026-07-16 02:09:00,7621.75,7623.5,7620.25,7620.75,683.0
2026-07-16 02:10:00,7621.0,7621.25,7620.0,7620.25,204.0
2026-07-16 02:11:00,7620.0,7620.75,7618.75,7619.5,181.0
2026-07-16 02:12:00,7619.5,7620.75,7619.0,7620.0,104.0
2026-07-16 02:13:00,7620.0,7620.75,7619.5,7620.5,201.0
2026-07-16 02:14:00,7620.5,7622.0,7620.25,7622.0,164.0
2026-07-16 02:15:00,7622.0,7622.75,7621.25,7622.25,122.0
2026-07-16 02:16:00,7622.25,7622.25,7621.5,7621.75,76.0
2026-07-16 02:17:00,7622.0,7623.5,7622.0,7622.5,161.0
2026-07-16 02:18:00,7622.25,7622.75,7622.0,7622.5,143.0
2026-07-16 02:19:00,7622.5,7622.75,7622.0,7622.25,80.0
2026-07-16 02:20:00,7622.5,7622.75,7621.5,7622.0,106.0
2026-07-16 02:21:00,7622.0,7622.25,7620.5,7621.0,172.0
2026-07-16 02:22:00,7621.0,7621.0,7619.0,7619.25,83.0
2026-07-16 02:23:00,7619.0,7619.25,7618.5,7619.0,92.0
2026-07-16 02:24:00,7618.75,7618.75,7618.0,7618.25,138.0
2026-07-16 02:25:00,7618.5,7619.0,7617.75,7618.25,141.0
2026-07-16 02:26:00,7618.0,7618.75,7618.0,7618.25,89.0
2026-07-16 02:27:00,7618.5,7618.5,7617.0,7617.5,153.0
2026-07-16 02:28:00,7617.75,7618.0,7617.25,7618.0,116.0
2026-07-16 02:29:00,7617.75,7619.5,7617.75,7618.0,454.0
2026-07-16 02:30:00,7617.75,7618.5,7617.0,7617.0,366.0
2026-07-16 02:31:00,7616.75,7617.0,7616.0,7616.5,151.0
2026-07-16 02:32:00,7616.5,7616.75,7615.75,7615.75,193.0
2026-07-16 02:33:00,7615.75,7615.75,7614.75,7615.0,189.0
2026-07-16 02:34:00,7615.25,7615.25,7614.0,7614.25,257.0
2026-07-16 02:35:00,7614.0,7614.25,7612.75,7613.5,220.0
2026-07-16 02:36:00,7613.25,7613.25,7611.75,7611.75,412.0
2026-07-16 02:37:00,7612.0,7612.5,7611.0,7612.25,267.0
2026-07-16 02:38:00,7612.5,7613.5,7612.5,7613.5,236.0
2026-07-16 02:39:00,7613.5,7614.75,7613.0,7614.25,159.0
2026-07-16 02:40:00,7614.5,7615.75,7614.5,7615.75,228.0
2026-07-16 02:41:00,7615.5,7615.75,7614.5,7614.5,110.0
2026-07-16 02:42:00,7614.75,7615.5,7614.75,7615.25,98.0
2026-07-16 02:43:00,7615.25,7615.5,7615.0,7615.5,80.0
2026-07-16 02:44:00,7615.5,7615.75,7615.25,7615.5,89.0
2026-07-16 02:45:00,7615.5,7615.5,7614.75,7614.75,142.0
2026-07-16 02:46:00,7615.0,7615.25,7613.75,7614.25,140.0
2026-07-16 02:47:00,7614.25,7614.75,7614.25,7614.75,62.0
2026-07-16 02:48:00,7614.75,7615.0,7614.5,7614.5,80.0
2026-07-16 02:49:00,7614.5,7616.25,7614.25,7615.75,231.0
2026-07-16 02:50:00,7615.75,7615.75,7615.25,7615.75,80.0
2026-07-16 02:51:00,7615.75,7616.0,7615.5,7615.75,107.0
2026-07-16 02:52:00,7615.75,7616.0,7615.75,7616.0,109.0
2026-07-16 02:53:00,7616.0,7616.0,7615.5,7615.5,105.0
2026-07-16 02:54:00,7615.5,7616.0,7615.5,7616.0,81.0
2026-07-16 02:55:00,7616.0,7618.25,7615.75,7618.0,179.0
2026-07-16 02:56:00,7618.25,7619.0,7618.25,7618.75,227.0
2026-07-16 02:57:00,7618.5,7618.75,7618.0,7618.75,72.0
2026-07-16 02:58:00,7618.75,7619.0,7618.0,7618.5,85.0
2026-07-16 02:59:00,7618.5,7618.75,7618.0,7618.25,78.0
2026-07-16 03:00:00,7618.25,7618.75,7612.25,7612.5,583.0
2026-07-16 03:01:00,7612.5,7612.5,7610.5,7611.25,601.0
2026-07-16 03:02:00,7611.5,7612.5,7611.25,7612.5,272.0
2026-07-16 03:03:00,7612.75,7614.0,7612.0,7614.0,232.0
2026-07-16 03:04:00,7614.0,7615.5,7613.75,7615.5,156.0
2026-07-16 03:05:00,7615.5,7616.0,7613.0,7613.5,219.0
2026-07-16 03:06:00,7613.75,7615.0,7613.5,7614.5,163.0
2026-07-16 03:07:00,7614.25,7614.25,7613.5,7613.5,103.0
2026-07-16 03:08:00,7613.75,7614.25,7613.25,7613.5,120.0
2026-07-16 03:09:00,7613.5,7614.25,7613.0,7613.5,154.0
2026-07-16 03:10:00,7613.75,7614.0,7612.5,7612.75,122.0
2026-07-16 03:11:00,7612.75,7613.0,7612.0,7612.25,130.0
2026-07-16 03:12:00,7612.5,7612.5,7611.25,7611.5,184.0
2026-07-16 03:13:00,7611.25,7611.75,7610.0,7610.25,288.0
2026-07-16 03:14:00,7610.5,7611.5,7610.25,7610.25,149.0
2026-07-16 03:15:00,7610.0,7610.25,7608.75,7609.5,335.0
2026-07-16 03:16:00,7609.25,7609.5,7608.5,7608.75,203.0
2026-07-16 03:17:00,7609.0,7610.75,7609.0,7609.75,345.0
2026-07-16 03:18:00,7609.75,7610.5,7609.0,7609.25,251.0
2026-07-16 03:19:00,7609.25,7610.25,7608.5,7609.75,133.0
2026-07-16 03:20:00,7609.75,7611.75,7609.75,7611.25,280.0
2026-07-16 03:21:00,7611.25,7612.75,7610.75,7612.25,154.0
2026-07-16 03:22:00,7612.5,7613.25,7611.75,7612.0,225.0
2026-07-16 03:23:00,7611.75,7611.75,7610.5,7611.0,123.0
2026-07-16 03:24:00,7611.25,7611.25,7609.75,7611.25,166.0
2026-07-16 03:25:00,7611.25,7611.75,7610.5,7610.75,121.0
2026-07-16 03:26:00,7610.75,7611.25,7610.25,7610.75,66.0
2026-07-16 03:27:00,7611.0,7611.5,7610.5,7610.5,80.0
2026-07-16 03:28:00,7610.25,7610.25,7609.25,7610.25,80.0
2026-07-16 03:29:00,7610.25,7610.75,7609.75,7610.5,53.0
2026-07-16 03:30:00,7610.75,7611.75,7610.5,7610.5,117.0
2026-07-16 03:31:00,7610.75,7611.0,7610.0,7610.25,87.0
2026-07-16 03:32:00,7610.5,7610.5,7607.75,7608.25,238.0
2026-07-16 03:33:00,7608.5,7609.25,7607.25,7608.25,239.0
2026-07-16 03:34:00,7608.5,7609.5,7608.25,7609.25,146.0
2026-07-16 03:35:00,7609.5,7609.5,7608.5,7608.5,113.0
2026-07-16 03:36:00,7608.25,7608.25,7607.25,7607.75,209.0
2026-07-16 03:37:00,7607.5,7608.25,7607.5,7607.75,108.0
2026-07-16 03:38:00,7607.5,7608.0,7607.25,7607.5,108.0
2026-07-16 03:39:00,7607.5,7608.25,7606.75,7607.0,362.0
2026-07-16 03:40:00,7607.0,7607.0,7605.75,7606.5,410.0
2026-07-16 03:41:00,7606.5,7607.0,7606.5,7606.5,225.0
2026-07-16 03:42:00,7606.25,7607.25,7606.25,7607.0,181.0
2026-07-16 03:43:00,7607.0,7607.5,7606.5,7607.5,172.0
2026-07-16 03:44:00,7607.5,7607.5,7606.25,7606.25,373.0
2026-07-16 03:45:00,7606.25,7606.25,7605.0,7605.75,329.0
2026-07-16 03:46:00,7606.0,7606.25,7604.75,7606.25,466.0
2026-07-16 03:47:00,7606.25,7606.5,7604.75,7605.0,140.0
2026-07-16 03:48:00,7605.5,7606.0,7605.0,7605.5,114.0
2026-07-16 03:49:00,7605.25,7606.5,7604.5,7605.75,260.0
2026-07-16 03:50:00,7606.0,7606.25,7604.75,7605.0,144.0
2026-07-16 03:51:00,7605.0,7605.0,7604.75,7604.75,65.0
2026-07-16 03:52:00,7604.5,7604.5,7603.0,7603.0,292.0
2026-07-16 03:53:00,7603.25,7604.0,7603.0,7603.5,194.0
2026-07-16 03:54:00,7603.5,7603.5,7602.25,7602.5,241.0
2026-07-16 03:55:00,7602.75,7602.75,7601.25,7602.0,369.0
2026-07-16 03:56:00,7602.0,7602.0,7600.0,7600.75,410.0
2026-07-16 03:57:00,7600.5,7601.0,7600.25,7600.5,326.0
2026-07-16 03:58:00,7600.5,7602.5,7600.5,7602.5,876.0
2026-07-16 03:59:00,7602.5,7602.75,7601.25,7601.75,268.0
2026-07-16 04:00:00,7601.75,7603.0,7600.5,7602.25,713.0
2026-07-16 04:01:00,7602.25,7602.5,7601.0,7601.25,402.0
2026-07-16 04:02:00,7601.0,7602.75,7600.75,7602.25,295.0
2026-07-16 04:03:00,7602.25,7602.25,7599.0,7599.5,587.0
2026-07-16 04:04:00,7599.75,7601.75,7599.25,7601.25,331.0
2026-07-16 04:05:00,7601.25,7602.25,7600.25,7601.5,193.0
2026-07-16 04:06:00,7601.5,7601.75,7600.25,7600.75,223.0
2026-07-16 04:07:00,7600.75,7601.75,7600.25,7600.5,341.0
2026-07-16 04:08:00,7600.75,7600.75,7599.5,7599.75,244.0
2026-07-16 04:09:00,7600.0,7600.25,7599.25,7599.25,256.0
2026-07-16 04:10:00,7599.25,7599.25,7596.75,7597.25,605.0
2026-07-16 04:11:00,7597.0,7597.0,7595.5,7595.75,801.0
2026-07-16 04:12:00,7595.75,7595.75,7593.75,7594.25,793.0
2026-07-16 04:13:00,7594.0,7596.25,7594.0,7596.25,524.0
2026-07-16 04:14:00,7596.25,7596.5,7593.5,7594.0,473.0
2026-07-16 04:15:00,7594.25,7595.0,7593.75,7594.75,266.0
2026-07-16 04:16:00,7594.75,7595.5,7593.75,7595.0,299.0
2026-07-16 04:17:00,7595.0,7599.0,7594.75,7599.0,482.0
2026-07-16 04:18:00,7599.0,7599.0,7597.5,7598.25,248.0
2026-07-16 04:19:00,7598.0,7598.5,7597.0,7598.5,222.0
2026-07-16 04:20:00,7598.75,7599.75,7598.25,7599.0,246.0
2026-07-16 04:21:00,7599.0,7601.75,7599.0,7601.75,281.0
2026-07-16 04:22:00,7601.75,7603.25,7601.5,7603.0,257.0
2026-07-16 04:23:00,7603.25,7603.75,7601.75,7602.0,539.0
2026-07-16 04:24:00,7602.0,7602.0,7599.25,7599.5,300.0
2026-07-16 04:25:00,7599.75,7601.25,7599.5,7600.5,207.0
2026-07-16 04:26:00,7600.5,7602.0,7600.5,7601.25,148.0
2026-07-16 04:27:00,7601.25,7601.5,7599.75,7600.0,174.0
2026-07-16 04:28:00,7600.25,7601.25,7599.5,7600.5,242.0
2026-07-16 04:29:00,7600.25,7601.5,7599.5,7601.5,161.0
2026-07-16 04:30:00,7601.5,7602.0,7600.5,7601.75,129.0
2026-07-16 04:31:00,7601.75,7603.25,7601.5,7602.5,187.0
2026-07-16 04:32:00,7602.75,7604.0,7601.5,7602.0,148.0
2026-07-16 04:33:00,7602.0,7603.25,7602.0,7602.75,104.0
2026-07-16 04:34:00,7603.0,7603.0,7602.25,7602.25,143.0
2026-07-16 04:35:00,7602.25,7604.25,7602.25,7604.25,187.0
2026-07-16 04:36:00,7604.0,7604.75,7603.75,7604.75,178.0
2026-07-16 04:37:00,7604.75,7605.25,7604.0,7604.25,231.0
2026-07-16 04:38:00,7604.0,7605.5,7603.75,7605.25,160.0
2026-07-16 04:39:00,7605.0,7605.5,7604.75,7604.75,129.0
2026-07-16 04:40:00,7604.75,7605.25,7604.5,7605.0,102.0
2026-07-16 04:41:00,7605.25,7606.0,7605.0,7605.5,108.0
2026-07-16 04:42:00,7605.25,7605.75,7605.0,7605.0,42.0
2026-07-16 04:43:00,7605.0,7605.0,7604.0,7604.0,99.0
2026-07-16 04:44:00,7604.25,7604.5,7602.75,7603.75,199.0
2026-07-16 04:45:00,7603.75,7605.75,7603.75,7605.75,143.0
2026-07-16 04:46:00,7606.0,7608.25,7606.0,7608.0,263.0
2026-07-16 04:47:00,7608.25,7609.75,7608.25,7609.75,240.0
2026-07-16 04:48:00,7609.75,7609.75,7609.0,7609.25,223.0
2026-07-16 04:49:00,7609.25,7610.0,7609.25,7609.5,201.0
2026-07-16 04:50:00,7609.5,7609.5,7609.0,7609.25,97.0
2026-07-16 04:51:00,7609.0,7609.75,7608.25,7608.5,124.0
2026-07-16 04:52:00,7608.75,7609.0,7608.0,7608.75,165.0
2026-07-16 04:53:00,7608.75,7609.5,7607.75,7608.0,133.0
2026-07-16 04:54:00,7608.0,7608.75,7607.75,7608.25,90.0
2026-07-16 04:55:00,7608.25,7609.0,7608.0,7609.0,67.0
2026-07-16 04:56:00,7609.25,7609.25,7608.5,7608.75,72.0
2026-07-16 04:57:00,7608.75,7609.0,7608.0,7608.75,206.0
2026-07-16 04:58:00,7608.75,7609.5,7608.5,7609.5,120.0
2026-07-16 04:59:00,7609.5,7610.0,7609.25,7609.5,184.0
2026-07-16 05:00:00,7609.75,7612.75,7609.75,7612.5,395.0
2026-07-16 05:01:00,7612.25,7612.25,7610.75,7610.75,232.0
2026-07-16 05:02:00,7610.75,7613.25,7610.75,7613.0,217.0
2026-07-16 05:03:00,7612.75,7613.0,7612.0,7613.0,327.0
2026-07-16 05:04:00,7612.75,7613.25,7611.75,7612.0,176.0
2026-07-16 05:05:00,7612.0,7613.0,7611.25,7611.5,206.0
2026-07-16 05:06:00,7611.5,7612.25,7611.0,7611.5,101.0
2026-07-16 05:07:00,7611.25,7611.5,7611.0,7611.5,73.0
2026-07-16 05:08:00,7611.25,7612.0,7611.0,7611.25,157.0
2026-07-16 05:09:00,7611.5,7611.75,7611.0,7611.0,130.0
2026-07-16 05:10:00,7611.25,7611.75,7610.5,7610.75,197.0
2026-07-16 05:11:00,7611.0,7613.25,7611.0,7613.25,167.0
2026-07-16 05:12:00,7613.0,7613.75,7612.75,7613.25,174.0
2026-07-16 05:13:00,7613.0,7613.75,7613.0,7613.75,149.0
2026-07-16 05:14:00,7613.5,7613.75,7613.0,7613.0,181.0
2026-07-16 05:15:00,7613.25,7615.0,7613.25,7615.0,290.0
2026-07-16 05:16:00,7614.75,7615.5,7613.75,7614.25,234.0
2026-07-16 05:17:00,7614.25,7614.25,7613.75,7614.0,122.0
2026-07-16 05:18:00,7614.0,7614.0,7612.75,7613.0,377.0
2026-07-16 05:19:00,7613.0,7613.25,7612.5,7612.75,193.0
2026-07-16 05:20:00,7613.0,7613.0,7612.0,7612.25,215.0
2026-07-16 05:21:00,7612.5,7614.75,7612.5,7613.25,238.0
2026-07-16 05:22:00,7613.25,7613.5,7612.5,7612.5,66.0
2026-07-16 05:23:00,7612.25,7613.0,7612.0,7613.0,81.0
2026-07-16 05:24:00,7612.75,7612.75,7611.75,7611.75,104.0
2026-07-16 05:25:00,7611.75,7612.75,7611.75,7612.75,173.0
2026-07-16 05:26:00,7612.75,7614.0,7612.5,7613.0,160.0
2026-07-16 05:27:00,7612.75,7612.75,7610.75,7611.5,313.0
2026-07-16 05:28:00,7611.5,7612.0,7611.25,7611.75,82.0
2026-07-16 05:29:00,7611.5,7611.5,7610.5,7610.75,83.0
2026-07-16 05:30:00,7610.75,7612.25,7610.25,7612.0,124.0
2026-07-16 05:31:00,7612.0,7612.75,7611.75,7612.25,110.0
2026-07-16 05:32:00,7612.25,7613.0,7612.0,7612.0,108.0
2026-07-16 05:33:00,7612.0,7612.25,7611.0,7611.5,135.0
2026-07-16 05:34:00,7611.5,7612.0,7611.0,7611.25,134.0
2026-07-16 05:35:00,7611.5,7611.5,7611.25,7611.25,81.0
2026-07-16 05:36:00,7611.25,7611.5,7610.0,7610.0,116.0
2026-07-16 05:37:00,7610.0,7610.5,7609.75,7610.25,105.0
2026-07-16 05:38:00,7610.25,7610.25,7609.5,7609.5,149.0
2026-07-16 05:39:00,7609.5,7609.75,7609.25,7609.75,53.0
2026-07-16 05:40:00,7609.5,7610.0,7608.75,7609.5,167.0
2026-07-16 05:41:00,7609.75,7610.0,7609.5,7609.5,61.0
2026-07-16 05:42:00,7609.75,7610.25,7609.5,7610.25,66.0
2026-07-16 05:43:00,7610.25,7611.25,7610.0,7610.25,182.0
2026-07-16 05:44:00,7610.0,7610.0,7608.75,7608.75,62.0
2026-07-16 05:45:00,7608.5,7608.75,7606.75,7606.75,314.0
2026-07-16 05:46:00,7606.75,7607.75,7606.5,7606.5,428.0
2026-07-16 05:47:00,7606.5,7607.0,7606.0,7606.0,330.0
2026-07-16 05:48:00,7606.0,7606.5,7606.0,7606.0,125.0
2026-07-16 05:49:00,7606.0,7606.25,7605.25,7605.5,114.0
2026-07-16 05:50:00,7605.5,7606.5,7605.25,7605.75,53.0
2026-07-16 05:51:00,7605.5,7605.5,7605.0,7605.5,91.0
2026-07-16 05:52:00,7605.75,7606.25,7605.25,7606.25,69.0
2026-07-16 05:53:00,7606.5,7606.75,7605.25,7605.5,165.0
2026-07-16 05:54:00,7605.5,7606.75,7605.5,7606.5,66.0
2026-07-16 05:55:00,7606.75,7610.25,7606.75,7607.75,1412.0
2026-07-16 05:56:00,7607.75,7608.5,7607.25,7607.25,194.0
2026-07-16 05:57:00,7607.25,7607.25,7606.0,7607.25,112.0
2026-07-16 05:58:00,7607.0,7607.5,7605.25,7605.5,186.0
2026-07-16 05:59:00,7605.5,7606.0,7605.0,7605.0,150.0
2026-07-16 06:00:00,7605.25,7606.0,7603.5,7603.75,436.0
2026-07-16 06:01:00,7603.5,7603.5,7602.25,7603.5,238.0
2026-07-16 06:02:00,7603.5,7604.5,7603.25,7603.5,221.0
2026-07-16 06:03:00,7603.5,7605.0,7603.5,7604.5,160.0
2026-07-16 06:04:00,7604.5,7605.75,7604.5,7605.5,118.0
2026-07-16 06:05:00,7605.75,7606.0,7604.75,7605.0,130.0
2026-07-16 06:06:00,7605.25,7606.5,7605.0,7606.5,91.0
2026-07-16 06:07:00,7606.25,7607.0,7605.75,7606.0,85.0
2026-07-16 06:08:00,7606.25,7607.5,7606.25,7607.5,86.0
2026-07-16 06:09:00,7607.5,7607.75,7607.0,7607.5,85.0
2026-07-16 06:10:00,7607.25,7607.25,7606.5,7607.25,86.0
2026-07-16 06:11:00,7607.0,7607.0,7605.5,7605.75,76.0
2026-07-16 06:12:00,7605.75,7606.0,7605.25,7605.25,47.0
2026-07-16 06:13:00,7605.5,7606.25,7605.5,7605.75,138.0
2026-07-16 06:14:00,7605.75,7606.75,7605.75,7606.25,75.0
2026-07-16 06:15:00,7606.0,7606.25,7604.75,7605.0,93.0
2026-07-16 06:16:00,7605.5,7606.0,7604.75,7604.75,68.0
2026-07-16 06:17:00,7605.0,7605.25,7604.0,7604.25,96.0
2026-07-16 06:18:00,7604.25,7605.25,7604.25,7605.25,80.0
2026-07-16 06:19:00,7605.25,7605.25,7604.25,7604.25,92.0
2026-07-16 06:20:00,7604.25,7605.0,7603.75,7603.75,149.0
2026-07-16 06:21:00,7603.75,7603.75,7601.75,7602.0,302.0
2026-07-16 06:22:00,7602.0,7602.75,7601.75,7602.25,112.0
2026-07-16 06:23:00,7602.0,7602.5,7601.5,7602.25,150.0
2026-07-16 06:24:00,7602.0,7602.25,7601.5,7602.0,163.0
2026-07-16 06:25:00,7602.0,7602.75,7601.75,7602.25,105.0
2026-07-16 06:26:00,7602.0,7602.75,7601.5,7602.5,106.0
2026-07-16 06:27:00,7602.75,7603.5,7602.0,7602.0,163.0
2026-07-16 06:28:00,7602.25,7603.5,7602.0,7603.0,163.0
2026-07-16 06:29:00,7603.0,7604.75,7603.0,7604.5,107.0
2026-07-16 06:30:00,7604.5,7606.25,7604.5,7605.75,444.0
2026-07-16 06:31:00,7605.5,7606.25,7605.0,7605.5,193.0
2026-07-16 06:32:00,7605.5,7606.5,7605.25,7606.5,132.0
2026-07-16 06:33:00,7606.5,7606.75,7605.5,7606.5,107.0
2026-07-16 06:34:00,7606.75,7607.0,7606.5,7607.0,134.0
2026-07-16 06:35:00,7607.25,7607.25,7604.75,7604.75,79.0
2026-07-16 06:36:00,7605.0,7605.0,7604.5,7605.0,78.0
2026-07-16 06:37:00,7605.0,7605.25,7604.5,7605.0,94.0
2026-07-16 06:38:00,7605.0,7605.0,7604.25,7605.0,95.0
2026-07-16 06:39:00,7604.75,7605.0,7602.0,7602.5,176.0
2026-07-16 06:40:00,7602.25,7603.5,7602.0,7603.25,142.0
2026-07-16 06:41:00,7603.25,7604.25,7603.25,7604.25,78.0
2026-07-16 06:42:00,7603.75,7604.0,7603.25,7604.0,53.0
2026-07-16 06:43:00,7604.25,7604.75,7603.5,7603.75,102.0
2026-07-16 06:44:00,7603.5,7603.75,7603.25,7603.5,126.0
2026-07-16 06:45:00,7603.75,7604.5,7603.75,7604.25,148.0
2026-07-16 06:46:00,7604.0,7604.25,7602.75,7602.75,247.0
2026-07-16 06:47:00,7602.5,7602.75,7601.5,7602.0,185.0
2026-07-16 06:48:00,7602.25,7602.5,7602.0,7602.25,86.0
2026-07-16 06:49:00,7602.25,7602.75,7601.75,7602.0,181.0
2026-07-16 06:50:00,7602.0,7602.25,7601.0,7601.0,339.0
2026-07-16 06:51:00,7601.25,7602.25,7600.75,7602.0,319.0
2026-07-16 06:52:00,7601.75,7601.75,7601.5,7601.75,90.0
2026-07-16 06:53:00,7602.0,7602.5,7601.75,7602.25,270.0
2026-07-16 06:54:00,7602.0,7602.5,7601.5,7601.5,449.0
2026-07-16 06:55:00,7601.75,7602.5,7601.5,7601.75,230.0
2026-07-16 06:56:00,7601.75,7602.0,7601.5,7601.5,82.0
2026-07-16 06:57:00,7601.5,7603.5,7601.5,7603.0,442.0
2026-07-16 06:58:00,7603.0,7603.5,7601.75,7603.5,319.0
2026-07-16 06:59:00,7603.75,7604.25,7602.25,7603.0,505.0
2026-07-16 07:00:00,7602.75,7603.25,7598.25,7598.5,752.0
2026-07-16 07:01:00,7598.5,7599.5,7596.0,7598.25,931.0
2026-07-16 07:02:00,7598.5,7599.5,7598.0,7599.25,239.0
2026-07-16 07:03:00,7599.5,7600.25,7599.25,7599.25,235.0
2026-07-16 07:04:00,7599.25,7599.5,7598.75,7599.0,240.0
2026-07-16 07:05:00,7599.0,7599.25,7598.0,7599.25,229.0
2026-07-16 07:06:00,7599.25,7600.25,7598.75,7600.0,264.0
2026-07-16 07:07:00,7599.75,7599.75,7598.0,7599.0,196.0
2026-07-16 07:08:00,7599.0,7599.25,7598.25,7598.5,117.0
2026-07-16 07:09:00,7598.5,7598.5,7597.0,7598.25,377.0
2026-07-16 07:10:00,7598.25,7598.5,7596.75,7597.5,209.0
2026-07-16 07:11:00,7597.25,7599.0,7597.25,7598.5,140.0
2026-07-16 07:12:00,7598.5,7599.5,7598.5,7599.5,103.0
2026-07-16 07:13:00,7599.75,7600.5,7599.5,7600.25,252.0
2026-07-16 07:14:00,7600.0,7600.75,7599.75,7600.75,180.0
2026-07-16 07:15:00,7600.75,7601.75,7599.25,7599.5,398.0
2026-07-16 07:16:00,7599.25,7599.25,7595.75,7596.75,527.0
2026-07-16 07:17:00,7596.75,7598.75,7596.0,7598.75,353.0
2026-07-16 07:18:00,7598.75,7598.75,7596.75,7597.0,355.0
2026-07-16 07:19:00,7596.75,7597.75,7596.25,7597.0,240.0
2026-07-16 07:20:00,7597.0,7598.25,7596.75,7597.5,299.0
2026-07-16 07:21:00,7597.75,7598.75,7597.75,7598.5,127.0
2026-07-16 07:22:00,7598.5,7600.25,7598.25,7599.75,206.0
2026-07-16 07:23:00,7599.75,7602.5,7599.0,7602.5,327.0
2026-07-16 07:24:00,7602.25,7603.0,7602.25,7603.0,138.0
2026-07-16 07:25:00,7603.0,7603.25,7602.25,7602.5,122.0
2026-07-16 07:26:00,7602.25,7603.0,7601.75,7602.25,148.0
2026-07-16 07:27:00,7602.5,7603.25,7602.0,7602.75,93.0
2026-07-16 07:28:00,7602.75,7603.5,7602.0,7602.0,118.0
2026-07-16 07:29:00,7601.75,7602.0,7598.5,7599.75,381.0
2026-07-16 07:30:00,7600.0,7600.0,7598.25,7598.25,176.0
2026-07-16 07:31:00,7598.25,7598.25,7594.75,7595.0,308.0
2026-07-16 07:32:00,7595.25,7596.0,7594.75,7596.0,249.0
2026-07-16 07:33:00,7596.0,7597.0,7595.75,7597.0,107.0
2026-07-16 07:34:00,7596.75,7597.5,7596.25,7597.0,185.0
2026-07-16 07:35:00,7597.0,7597.75,7596.75,7597.5,178.0
2026-07-16 07:36:00,7597.5,7599.0,7597.5,7598.25,171.0
2026-07-16 07:37:00,7598.25,7598.75,7598.0,7598.5,144.0
2026-07-16 07:38:00,7598.5,7599.0,7595.25,7595.25,376.0
2026-07-16 07:39:00,7595.5,7597.5,7595.25,7597.25,297.0
2026-07-16 07:40:00,7597.5,7598.0,7597.0,7597.5,179.0
2026-07-16 07:41:00,7597.75,7597.75,7597.0,7597.25,167.0
2026-07-16 07:42:00,7597.0,7598.5,7597.0,7598.0,168.0
2026-07-16 07:43:00,7598.0,7598.25,7597.0,7598.25,242.0
2026-07-16 07:44:00,7598.25,7598.25,7596.0,7596.75,174.0
2026-07-16 07:45:00,7596.75,7597.5,7596.5,7597.25,102.0
2026-07-16 07:46:00,7597.25,7598.0,7596.5,7597.5,139.0
2026-07-16 07:47:00,7597.5,7598.0,7596.0,7596.5,180.0
2026-07-16 07:48:00,7596.5,7597.5,7595.5,7596.0,171.0
2026-07-16 07:49:00,7596.0,7596.0,7580.75,7584.0,4858.0
2026-07-16 07:50:00,7584.0,7591.0,7583.75,7590.25,3690.0
2026-07-16 07:51:00,7590.0,7592.5,7589.75,7592.25,1085.0
2026-07-16 07:52:00,7592.5,7593.25,7591.5,7593.25,432.0
2026-07-16 07:53:00,7593.5,7594.5,7593.0,7593.5,561.0
2026-07-16 07:54:00,7593.75,7594.25,7592.75,7594.0,335.0
2026-07-16 07:55:00,7594.0,7595.75,7594.0,7595.25,648.0
2026-07-16 07:56:00,7595.25,7595.75,7593.5,7594.5,418.0
2026-07-16 07:57:00,7594.75,7596.0,7594.5,7595.5,245.0
2026-07-16 07:58:00,7595.5,7598.0,7595.25,7597.0,434.0
2026-07-16 07:59:00,7597.0,7597.5,7596.5,7597.25,302.0
2026-07-16 08:00:00,7597.0,7598.5,7595.75,7597.5,562.0
2026-07-16 08:01:00,7597.5,7599.0,7597.25,7598.25,381.0
2026-07-16 08:02:00,7598.25,7598.75,7597.75,7598.0,304.0
2026-07-16 08:03:00,7598.0,7598.25,7597.0,7597.5,258.0
2026-07-16 08:04:00,7597.5,7597.5,7594.75,7595.0,476.0
2026-07-16 08:05:00,7595.0,7595.75,7591.25,7591.25,764.0
2026-07-16 08:06:00,7591.25,7592.25,7590.5,7591.25,371.0
2026-07-16 08:07:00,7591.25,7592.5,7590.5,7591.25,397.0
2026-07-16 08:08:00,7591.25,7592.0,7591.0,7591.5,258.0
2026-07-16 08:09:00,7591.5,7592.0,7590.5,7591.75,265.0
2026-07-16 08:10:00,7592.0,7592.25,7589.0,7589.0,471.0
2026-07-16 08:11:00,7589.0,7590.25,7588.75,7589.75,462.0
2026-07-16 08:12:00,7589.5,7590.25,7589.25,7589.5,368.0
2026-07-16 08:13:00,7589.5,7589.5,7588.25,7589.5,401.0
2026-07-16 08:14:00,7589.5,7591.5,7589.5,7591.5,508.0
2026-07-16 08:15:00,7591.25,7591.75,7589.75,7590.25,390.0
2026-07-16 08:16:00,7590.25,7591.75,7590.0,7591.75,286.0
2026-07-16 08:17:00,7592.0,7592.5,7591.5,7592.0,309.0
2026-07-16 08:18:00,7592.25,7593.5,7592.0,7593.25,280.0
2026-07-16 08:19:00,7593.25,7594.5,7593.25,7594.0,343.0
2026-07-16 08:20:00,7594.25,7594.25,7593.25,7593.5,330.0
2026-07-16 08:21:00,7593.5,7594.25,7586.0,7590.25,2896.0
2026-07-16 08:22:00,7590.0,7590.75,7589.5,7589.5,330.0
2026-07-16 08:23:00,7589.25,7590.5,7589.0,7589.25,434.0
2026-07-16 08:24:00,7589.0,7589.0,7585.0,7585.25,784.0
2026-07-16 08:25:00,7585.0,7585.75,7584.0,7584.75,747.0
2026-07-16 08:26:00,7585.0,7586.0,7585.0,7585.5,484.0
2026-07-16 08:27:00,7585.25,7586.0,7585.0,7585.75,378.0
2026-07-16 08:28:00,7586.0,7587.0,7585.75,7586.5,480.0
2026-07-16 08:29:00,7586.5,7588.0,7586.25,7587.0,406.0
2026-07-16 08:30:00,7587.25,7591.0,7585.75,7588.0,703.0
2026-07-16 08:31:00,7588.0,7588.0,7585.25,7585.25,484.0
2026-07-16 08:32:00,7585.5,7585.75,7584.25,7584.5,641.0
2026-07-16 08:33:00,7584.25,7588.0,7584.25,7587.75,670.0
2026-07-16 08:34:00,7587.5,7588.75,7587.25,7588.25,521.0
2026-07-16 08:35:00,7588.5,7588.75,7587.5,7587.75,472.0
2026-07-16 08:36:00,7587.75,7588.0,7586.5,7587.0,359.0
2026-07-16 08:37:00,7586.75,7586.75,7580.5,7582.0,1176.0
2026-07-16 08:38:00,7582.0,7583.75,7581.75,7583.25,769.0
2026-07-16 08:39:00,7583.5,7584.75,7583.25,7583.25,459.0
2026-07-16 08:40:00,7583.25,7585.25,7582.5,7583.5,713.0
2026-07-16 08:41:00,7583.25,7584.0,7582.5,7582.75,530.0
2026-07-16 08:42:00,7582.75,7584.25,7582.0,7582.5,914.0
2026-07-16 08:43:00,7582.25,7583.25,7581.25,7582.5,758.0
2026-07-16 08:44:00,7582.25,7583.25,7581.75,7583.0,586.0
2026-07-16 08:45:00,7582.75,7585.25,7581.75,7584.0,1014.0
2026-07-16 08:46:00,7583.75,7587.5,7583.25,7587.0,841.0
2026-07-16 08:47:00,7587.0,7588.75,7586.5,7587.75,738.0
2026-07-16 08:48:00,7587.75,7588.75,7587.5,7588.0,561.0
2026-07-16 08:49:00,7588.0,7588.25,7585.25,7585.75,670.0
2026-07-16 08:50:00,7585.75,7586.75,7585.5,7586.5,345.0
2026-07-16 08:51:00,7586.75,7588.0,7585.25,7586.0,454.0
2026-07-16 08:52:00,7586.25,7588.0,7586.25,7587.75,399.0
2026-07-16 08:53:00,7587.75,7589.0,7587.25,7588.5,691.0
2026-07-16 08:54:00,7588.5,7590.25,7588.0,7588.5,569.0
2026-07-16 08:55:00,7588.25,7588.5,7586.25,7586.5,415.0
2026-07-16 08:56:00,7586.75,7587.25,7586.25,7587.25,219.0
2026-07-16 08:57:00,7587.25,7588.25,7587.0,7588.0,221.0
2026-07-16 08:58:00,7588.25,7588.5,7587.0,7587.0,182.0
2026-07-16 08:59:00,7587.0,7587.25,7586.5,7586.5,187.0
2026-07-16 09:00:00,7586.75,7591.25,7586.0,7591.0,1080.0
2026-07-16 09:01:00,7591.0,7592.75,7590.75,7591.25,755.0
2026-07-16 09:02:00,7591.25,7592.0,7589.75,7589.75,709.0
2026-07-16 09:03:00,7589.75,7591.0,7588.5,7591.0,998.0
2026-07-16 09:04:00,7591.0,7592.25,7590.5,7592.0,663.0
2026-07-16 09:05:00,7591.75,7593.5,7591.5,7593.5,747.0
2026-07-16 09:06:00,7593.25,7593.5,7591.5,7592.0,628.0
2026-07-16 09:07:00,7592.25,7594.5,7592.0,7594.5,598.0
2026-07-16 09:08:00,7594.5,7595.0,7593.25,7593.75,454.0
2026-07-16 09:09:00,7594.0,7594.0,7593.5,7594.0,301.0
2026-07-16 09:10:00,7594.0,7594.0,7593.25,7593.5,327.0
2026-07-16 09:11:00,7593.5,7594.5,7592.25,7594.0,438.0
2026-07-16 09:12:00,7593.75,7595.25,7593.5,7594.5,479.0
2026-07-16 09:13:00,7594.5,7596.25,7594.25,7596.0,446.0
2026-07-16 09:14:00,7596.0,7596.25,7594.75,7595.75,430.0
2026-07-16 09:15:00,7595.75,7596.5,7595.5,7596.0,647.0
2026-07-16 09:16:00,7596.0,7597.25,7596.0,7596.75,529.0
2026-07-16 09:17:00,7596.75,7597.75,7595.0,7595.0,843.0
2026-07-16 09:18:00,7595.25,7596.0,7595.0,7595.0,511.0
2026-07-16 09:19:00,7595.25,7595.75,7594.5,7595.5,393.0
2026-07-16 09:20:00,7595.5,7596.5,7594.75,7595.0,422.0
2026-07-16 09:21:00,7595.0,7597.0,7594.25,7596.25,566.0
2026-07-16 09:22:00,7596.25,7596.25,7595.0,7595.75,343.0
2026-07-16 09:23:00,7595.75,7596.75,7595.5,7596.5,403.0
2026-07-16 09:24:00,7596.25,7597.5,7596.25,7597.25,417.0
2026-07-16 09:25:00,7597.0,7597.0,7595.0,7595.75,934.0
2026-07-16 09:26:00,7595.75,7596.75,7595.75,7596.5,289.0
2026-07-16 09:27:00,7596.5,7598.0,7594.75,7596.75,1506.0
2026-07-16 09:28:00,7596.75,7597.0,7595.25,7595.75,1049.0
2026-07-16 09:29:00,7595.75,7597.25,7594.75,7596.5,1674.0
2026-07-16 09:30:00,7596.75,7604.25,7596.75,7600.5,10819.0
2026-07-16 09:31:00,7600.5,7603.75,7597.5,7602.75,5319.0
2026-07-16 09:32:00,7602.75,7604.25,7599.0,7600.25,4625.0
2026-07-16 09:33:00,7600.5,7600.75,7595.0,7595.75,4670.0
2026-07-16 09:34:00,7595.75,7597.5,7589.75,7590.75,4691.0
2026-07-16 09:35:00,7591.0,7594.25,7587.0,7589.0,7016.0
2026-07-16 09:36:00,7589.25,7591.5,7587.75,7590.25,4407.0
2026-07-16 09:37:00,7590.5,7594.25,7590.25,7591.25,4797.0
2026-07-16 09:38:00,7591.5,7591.5,7586.25,7587.0,3475.0
2026-07-16 09:39:00,7587.0,7589.25,7585.0,7585.75,3742.0
2026-07-16 09:40:00,7586.0,7592.0,7584.25,7588.5,5158.0
2026-07-16 09:41:00,7588.5,7588.5,7581.0,7581.75,5374.0
2026-07-16 09:42:00,7581.75,7583.25,7579.75,7582.0,6253.0
2026-07-16 09:43:00,7582.0,7585.5,7580.0,7585.0,4204.0
2026-07-16 09:44:00,7585.25,7587.75,7580.75,7582.0,5315.0
2026-07-16 09:45:00,7581.75,7586.25,7580.25,7582.25,5698.0
2026-07-16 09:46:00,7582.0,7585.75,7581.5,7583.0,4192.0
2026-07-16 09:47:00,7583.25,7584.75,7581.0,7581.0,3708.0
2026-07-16 09:48:00,7581.0,7582.5,7575.5,7578.0,6072.0
2026-07-16 09:49:00,7578.0,7580.75,7576.75,7579.0,4420.0
2026-07-16 09:50:00,7579.25,7588.0,7578.5,7585.25,6310.0
2026-07-16 09:51:00,7585.25,7588.25,7583.75,7586.0,4476.0
2026-07-16 09:52:00,7586.0,7591.5,7586.0,7590.0,5069.0
2026-07-16 09:53:00,7590.0,7590.5,7583.75,7585.75,4682.0
2026-07-16 09:54:00,7585.75,7591.0,7583.5,7583.75,4316.0
2026-07-16 09:55:00,7583.75,7583.75,7580.25,7583.25,4855.0
2026-07-16 09:56:00,7583.25,7588.0,7582.5,7588.0,3829.0
2026-07-16 09:57:00,7587.75,7590.0,7582.5,7583.5,4112.0
2026-07-16 09:58:00,7583.5,7586.75,7583.0,7586.75,2468.0
2026-07-16 09:59:00,7586.5,7588.5,7586.0,7588.0,1961.0
2026-07-16 10:00:00,7587.75,7593.5,7585.25,7593.25,4880.0
2026-07-16 10:01:00,7593.0,7595.0,7590.75,7594.0,4900.0
2026-07-16 10:02:00,7594.0,7597.25,7593.0,7594.25,4765.0
2026-07-16 10:03:00,7594.0,7596.5,7592.75,7595.25,3100.0
2026-07-16 10:04:00,7595.0,7596.5,7593.75,7596.25,2894.0
2026-07-16 10:05:00,7596.25,7599.5,7595.0,7598.25,4459.0
2026-07-16 10:06:00,7598.25,7600.0,7597.0,7597.75,3697.0
2026-07-16 10:07:00,7597.5,7599.75,7597.25,7599.0,2918.0
2026-07-16 10:08:00,7599.25,7602.5,7599.25,7601.75,3750.0
2026-07-16 10:09:00,7601.75,7604.75,7598.75,7603.25,4513.0
2026-07-16 10:10:00,7603.0,7605.5,7602.75,7604.5,3858.0
2026-07-16 10:11:00,7604.5,7605.0,7602.25,7602.25,4561.0
2026-07-16 10:12:00,7602.5,7603.0,7601.0,7602.25,4243.0
2026-07-16 10:13:00,7602.25,7605.0,7602.0,7603.25,3366.0
2026-07-16 10:14:00,7603.25,7604.25,7601.75,7602.75,2242.0
2026-07-16 10:15:00,7602.75,7604.25,7601.5,7603.25,2933.0
2026-07-16 10:16:00,7603.25,7606.5,7602.0,7605.5,3213.0
2026-07-16 10:17:00,7605.75,7606.0,7601.75,7602.25,2715.0
2026-07-16 10:18:00,7602.5,7604.5,7601.5,7602.25,2373.0
2026-07-16 10:19:00,7602.5,7608.5,7601.25,7607.75,3674.0
2026-07-16 10:20:00,7608.0,7608.75,7603.75,7604.5,3502.0
2026-07-16 10:21:00,7604.5,7605.25,7602.75,7603.0,2622.0
2026-07-16 10:22:00,7603.0,7604.25,7600.0,7604.0,3644.0
2026-07-16 10:23:00,7604.25,7606.0,7602.0,7603.5,2183.0
2026-07-16 10:24:00,7603.75,7607.25,7603.5,7605.5,2269.0
2026-07-16 10:25:00,7605.75,7606.25,7602.0,7605.25,2931.0
2026-07-16 10:26:00,7605.25,7607.25,7603.25,7606.75,2027.0
2026-07-16 10:27:00,7606.75,7611.75,7606.0,7610.25,3737.0
2026-07-16 10:28:00,7610.5,7612.25,7609.75,7610.75,3767.0
2026-07-16 10:29:00,7610.75,7613.0,7610.75,7612.5,3497.0
2026-07-16 10:30:00,7612.5,7613.0,7609.75,7611.5,4306.0
2026-07-16 10:31:00,7611.5,7612.25,7609.0,7609.25,3203.0
2026-07-16 10:32:00,7609.25,7613.0,7608.75,7612.75,2530.0
2026-07-16 10:33:00,7612.75,7613.5,7611.75,7611.75,2319.0
2026-07-16 10:34:00,7611.75,7613.0,7610.0,7610.75,1882.0
2026-07-16 10:35:00,7610.75,7612.75,7610.0,7611.75,2217.0
2026-07-16 10:36:00,7611.75,7612.5,7610.5,7611.5,1901.0
2026-07-16 10:37:00,7611.75,7613.75,7610.0,7611.5,3379.0
2026-07-16 10:38:00,7611.5,7612.5,7609.25,7609.25,2826.0
2026-07-16 10:39:00,7609.25,7609.75,7607.25,7608.5,3095.0
2026-07-16 10:40:00,7608.25,7609.5,7606.5,7608.25,2540.0
2026-07-16 10:41:00,7608.25,7610.25,7607.0,7608.25,2035.0
2026-07-16 10:42:00,7608.25,7610.75,7607.75,7610.25,1577.0
2026-07-16 10:43:00,7610.25,7612.75,7610.25,7612.0,1743.0
2026-07-16 10:44:00,7612.25,7613.5,7611.25,7612.75,1503.0
2026-07-16 10:45:00,7613.0,7615.0,7610.5,7612.75,3383.0
2026-07-16 10:46:00,7612.75,7614.0,7611.75,7612.5,1893.0
2026-07-16 10:47:00,7612.75,7614.25,7611.0,7611.5,2699.0
2026-07-16 10:48:00,7611.5,7612.5,7610.5,7611.25,2730.0
2026-07-16 10:49:00,7611.25,7612.5,7610.5,7611.0,2137.0
2026-07-16 10:50:00,7611.0,7611.75,7606.25,7606.75,4614.0
2026-07-16 10:51:00,7606.75,7609.75,7605.75,7608.75,3439.0
2026-07-16 10:52:00,7608.75,7609.5,7606.5,7607.75,2499.0
2026-07-16 10:53:00,7607.75,7609.5,7606.25,7607.75,2423.0
2026-07-16 10:54:00,7607.75,7608.0,7604.5,7606.0,2067.0
2026-07-16 10:55:00,7606.0,7606.0,7602.75,7604.25,3110.0
2026-07-16 10:56:00,7604.0,7606.75,7603.25,7606.25,2441.0
2026-07-16 10:57:00,7606.25,7608.0,7605.5,7607.25,2321.0
2026-07-16 10:58:00,7607.25,7610.75,7607.0,7608.0,3120.0
2026-07-16 10:59:00,7608.0,7611.25,7607.5,7611.25,3347.0
2026-07-16 11:00:00,7611.0,7613.25,7610.0,7611.0,3808.0
2026-07-16 11:01:00,7611.0,7611.25,7608.75,7609.0,2524.0
2026-07-16 11:02:00,7609.0,7611.5,7608.25,7609.75,2326.0
2026-07-16 11:03:00,7610.0,7610.75,7606.0,7606.25,3109.0
2026-07-16 11:04:00,7606.25,7607.25,7605.25,7605.75,1979.0
2026-07-16 11:05:00,7605.75,7607.25,7603.25,7606.5,2596.0
2026-07-16 11:06:00,7606.5,7606.5,7602.75,7603.25,1908.0
2026-07-16 11:07:00,7603.25,7603.5,7601.0,7601.25,2965.0
2026-07-16 11:08:00,7601.25,7602.25,7600.25,7601.5,3542.0
2026-07-16 11:09:00,7601.5,7604.5,7600.75,7604.5,3275.0
2026-07-16 11:10:00,7604.5,7606.25,7604.0,7605.0,2962.0
2026-07-16 11:11:00,7605.25,7606.75,7604.0,7604.75,2744.0
2026-07-16 11:12:00,7604.75,7605.0,7602.0,7602.75,2541.0
2026-07-16 11:13:00,7602.75,7603.25,7600.5,7601.5,1808.0
2026-07-16 11:14:00,7601.5,7602.5,7599.75,7602.25,2096.0
2026-07-16 11:15:00,7602.5,7604.5,7601.0,7601.5,2099.0
2026-07-16 11:16:00,7601.5,7601.5,7598.75,7600.0,2103.0
2026-07-16 11:17:00,7600.0,7603.0,7599.5,7601.75,2609.0
2026-07-16 11:18:00,7601.75,7604.5,7601.75,7603.25,1913.0
2026-07-16 11:19:00,7603.25,7605.5,7602.25,7605.25,2073.0
2026-07-16 11:20:00,7605.25,7605.25,7602.25,7603.0,2389.0
2026-07-16 11:21:00,7603.0,7603.25,7600.5,7601.0,2270.0
2026-07-16 11:22:00,7601.0,7601.75,7599.25,7601.5,2352.0
2026-07-16 11:23:00,7601.5,7602.75,7601.0,7602.25,1403.0
2026-07-16 11:24:00,7602.25,7605.5,7601.5,7605.25,1802.0
2026-07-16 11:25:00,7605.25,7610.75,7605.0,7610.5,4404.0
2026-07-16 11:26:00,7610.5,7613.0,7609.25,7612.25,3889.0
2026-07-16 11:27:00,7612.25,7613.5,7610.0,7610.25,3613.0
2026-07-16 11:28:00,7610.25,7610.75,7604.75,7605.75,3853.0
2026-07-16 11:29:00,7605.75,7607.5,7605.5,7607.25,2207.0
2026-07-16 11:30:00,7607.25,7607.75,7601.75,7604.75,2904.0
2026-07-16 11:31:00,7604.75,7609.0,7604.5,7609.0,1927.0
2026-07-16 11:32:00,7609.0,7611.0,7608.0,7609.0,2123.0
2026-07-16 11:33:00,7609.0,7609.75,7607.5,7609.0,1816.0
2026-07-16 11:34:00,7609.0,7611.5,7608.5,7611.25,2700.0
2026-07-16 11:35:00,7611.0,7611.25,7609.25,7609.5,2034.0
2026-07-16 11:36:00,7609.5,7609.5,7607.5,7609.25,1474.0
2026-07-16 11:37:00,7609.25,7610.0,7607.5,7607.75,1529.0
2026-07-16 11:38:00,7607.75,7610.25,7607.5,7609.75,1275.0
2026-07-16 11:39:00,7609.5,7612.75,7609.5,7612.25,4100.0
2026-07-16 11:40:00,7612.0,7613.25,7610.0,7610.0,1731.0
2026-07-16 11:41:00,7610.0,7610.75,7606.25,7606.5,2720.0
2026-07-16 11:42:00,7606.5,7608.25,7605.75,7608.0,2193.0
2026-07-16 11:43:00,7608.25,7608.5,7604.75,7605.0,2337.0
2026-07-16 11:44:00,7605.0,7606.5,7604.0,7605.75,1801.0
2026-07-16 11:45:00,7605.5,7605.5,7602.0,7602.0,2245.0
2026-07-16 11:46:00,7602.25,7603.25,7600.25,7600.5,2231.0
2026-07-16 11:47:00,7600.75,7602.75,7600.25,7600.75,2335.0
2026-07-16 11:48:00,7601.0,7602.0,7600.75,7601.75,1902.0
2026-07-16 11:49:00,7601.75,7604.5,7599.25,7604.0,3061.0
2026-07-16 11:50:00,7604.0,7608.5,7604.0,7608.25,3121.0
2026-07-16 11:51:00,7608.25,7610.25,7608.25,7609.0,2100.0
2026-07-16 11:52:00,7609.0,7609.75,7608.0,7608.0,1417.0
2026-07-16 11:53:00,7607.75,7608.75,7606.5,7606.75,1217.0
2026-07-16 11:54:00,7606.75,7607.75,7605.75,7607.0,1415.0
2026-07-16 11:55:00,7607.0,7607.0,7602.75,7603.75,1851.0
2026-07-16 11:56:00,7603.5,7604.75,7602.0,7604.5,1541.0
2026-07-16 11:57:00,7604.75,7607.0,7604.75,7605.5,1185.0
2026-07-16 11:58:00,7605.5,7606.5,7604.25,7604.5,1382.0
2026-07-16 11:59:00,7604.25,7605.5,7603.25,7604.75,1016.0
2026-07-16 12:00:00,7605.0,7605.5,7601.75,7602.5,1677.0
2026-07-16 12:01:00,7602.5,7603.75,7601.0,7602.0,1409.0
2026-07-16 12:02:00,7601.75,7602.25,7600.0,7600.5,1822.0
2026-07-16 12:03:00,7600.25,7602.25,7599.75,7602.25,1490.0
2026-07-16 12:04:00,7602.0,7602.5,7596.25,7596.5,2659.0
2026-07-16 12:05:00,7596.75,7596.75,7592.25,7593.0,4526.0
2026-07-16 12:06:00,7593.25,7597.0,7592.0,7596.5,4372.0
2026-07-16 12:07:00,7596.5,7598.5,7595.5,7596.5,2325.0
2026-07-16 12:08:00,7596.75,7599.0,7596.5,7597.0,1661.0
2026-07-16 12:09:00,7597.25,7599.25,7597.0,7597.75,1368.0
2026-07-16 12:10:00,7597.75,7598.0,7594.25,7594.75,2298.0
2026-07-16 12:11:00,7594.75,7595.25,7592.0,7592.75,1759.0
2026-07-16 12:12:00,7592.5,7593.0,7591.0,7591.25,2555.0
2026-07-16 12:13:00,7591.25,7592.5,7588.5,7591.75,3949.0
2026-07-16 12:14:00,7591.75,7592.25,7588.75,7589.25,2384.0
2026-07-16 12:15:00,7589.0,7591.0,7587.5,7591.0,2828.0
2026-07-16 12:16:00,7590.75,7592.75,7589.25,7592.5,2324.0
2026-07-16 12:17:00,7592.25,7592.25,7590.0,7591.0,1554.0
2026-07-16 12:18:00,7590.75,7594.25,7590.25,7594.0,2153.0
2026-07-16 12:19:00,7594.0,7594.25,7590.0,7590.75,2803.0
2026-07-16 12:20:00,7591.0,7591.0,7586.0,7586.25,5193.0
2026-07-16 12:21:00,7586.0,7588.25,7585.75,7586.5,3564.0
2026-07-16 12:22:00,7586.75,7587.25,7584.0,7584.75,3753.0
2026-07-16 12:23:00,7584.75,7586.75,7584.0,7585.25,3069.0
2026-07-16 12:24:00,7585.5,7587.0,7584.25,7585.0,2042.0
2026-07-16 12:25:00,7585.0,7586.0,7583.0,7586.0,2964.0
2026-07-16 12:26:00,7586.0,7588.0,7585.75,7586.0,2463.0
2026-07-16 12:27:00,7586.0,7590.25,7586.0,7590.25,2627.0
2026-07-16 12:28:00,7590.0,7590.0,7588.25,7589.25,1299.0
2026-07-16 12:29:00,7589.25,7589.25,7586.5,7588.25,1298.0
2026-07-16 12:30:00,7588.5,7590.5,7587.75,7590.25,2322.0
2026-07-16 12:31:00,7590.0,7592.75,7589.0,7591.75,2198.0
2026-07-16 12:32:00,7591.75,7594.25,7591.75,7594.0,2404.0
2026-07-16 12:33:00,7594.0,7594.0,7590.75,7591.25,2448.0
2026-07-16 12:34:00,7591.25,7591.75,7590.25,7590.75,1236.0
2026-07-16 12:35:00,7590.75,7592.0,7588.5,7589.5,1773.0
2026-07-16 12:36:00,7589.75,7590.25,7588.0,7589.75,1990.0
2026-07-16 12:37:00,7589.75,7592.0,7589.0,7591.5,1687.0
2026-07-16 12:38:00,7591.5,7592.5,7589.25,7591.25,3336.0
2026-07-16 12:39:00,7591.0,7591.25,7587.5,7588.0,2102.0
2026-07-16 12:40:00,7588.0,7589.25,7586.75,7588.75,1702.0
2026-07-16 12:41:00,7589.0,7591.25,7588.5,7589.0,1365.0
2026-07-16 12:42:00,7589.0,7589.0,7587.0,7587.25,969.0
2026-07-16 12:43:00,7587.5,7588.5,7586.75,7587.75,1001.0
2026-07-16 12:44:00,7587.75,7589.25,7587.5,7588.75,848.0
2026-07-16 12:45:00,7588.75,7591.25,7587.5,7587.5,1407.0
2026-07-16 12:46:00,7587.75,7588.5,7586.0,7588.25,1413.0
2026-07-16 12:47:00,7588.5,7588.75,7587.0,7587.5,1013.0
2026-07-16 12:48:00,7587.5,7590.0,7587.0,7589.25,1038.0
2026-07-16 12:49:00,7589.25,7589.75,7588.25,7589.5,1075.0
2026-07-16 12:50:00,7589.25,7592.25,7588.0,7591.5,1577.0
2026-07-16 12:51:00,7591.25,7594.5,7591.0,7593.25,2002.0
2026-07-16 12:52:00,7593.0,7595.0,7592.5,7593.5,1303.0
2026-07-16 12:53:00,7593.25,7595.25,7592.75,7594.75,1215.0
2026-07-16 12:54:00,7595.0,7595.75,7593.75,7595.25,1448.0
2026-07-16 12:55:00,7595.25,7599.0,7595.25,7598.0,3220.0
2026-07-16 12:56:00,7598.0,7598.75,7597.0,7598.0,1480.0
2026-07-16 12:57:00,7598.0,7598.5,7596.75,7597.0,1360.0
2026-07-16 12:58:00,7597.0,7599.25,7595.75,7597.5,1902.0
2026-07-16 12:59:00,7597.75,7598.25,7597.25,7598.25,1147.0
2026-07-16 13:00:00,7598.25,7598.75,7592.5,7592.75,2548.0
2026-07-16 13:01:00,7592.75,7595.75,7592.75,7594.0,1391.0
2026-07-16 13:02:00,7594.25,7594.5,7591.5,7592.0,1150.0
2026-07-16 13:03:00,7591.75,7595.5,7591.75,7593.75,1148.0
2026-07-16 13:04:00,7593.5,7596.5,7592.75,7595.25,1253.0
2026-07-16 13:05:00,7595.25,7595.75,7592.5,7594.0,804.0
2026-07-16 13:06:00,7594.0,7594.0,7591.25,7593.5,857.0
2026-07-16 13:07:00,7593.25,7595.0,7592.75,7594.0,757.0
2026-07-16 13:08:00,7594.0,7597.75,7593.75,7597.0,1108.0
2026-07-16 13:09:00,7597.0,7597.5,7595.0,7596.0,800.0
2026-07-16 13:10:00,7596.25,7597.0,7595.25,7595.75,717.0
2026-07-16 13:11:00,7595.75,7596.5,7593.0,7593.75,1041.0
2026-07-16 13:12:00,7593.75,7594.75,7592.75,7594.0,671.0
2026-07-16 13:13:00,7594.0,7595.5,7592.5,7593.25,746.0
2026-07-16 13:14:00,7593.0,7593.0,7590.5,7591.25,1190.0
2026-07-16 13:15:00,7591.25,7594.25,7590.5,7593.25,1205.0
2026-07-16 13:16:00,7593.25,7593.5,7590.75,7592.0,1163.0
2026-07-16 13:17:00,7592.25,7592.25,7590.25,7590.75,1002.0
2026-07-16 13:18:00,7591.0,7592.25,7590.75,7592.25,772.0
2026-07-16 13:19:00,7592.5,7593.75,7592.25,7593.25,635.0
2026-07-16 13:20:00,7593.0,7594.25,7591.25,7591.5,973.0
2026-07-16 13:21:00,7591.75,7592.5,7590.75,7591.25,703.0
2026-07-16 13:22:00,7591.5,7591.5,7590.0,7590.5,1127.0
2026-07-16 13:23:00,7590.75,7591.25,7589.5,7590.0,1060.0
2026-07-16 13:24:00,7590.0,7591.5,7589.5,7589.5,825.0
2026-07-16 13:25:00,7589.5,7590.75,7589.25,7590.25,1122.0
2026-07-16 13:26:00,7590.5,7594.0,7589.75,7593.25,1508.0
2026-07-16 13:27:00,7593.25,7595.25,7592.75,7594.5,1209.0
2026-07-16 13:28:00,7594.75,7597.25,7594.5,7596.0,1572.0
2026-07-16 13:29:00,7596.25,7597.0,7594.5,7596.0,1090.0
2026-07-16 13:30:00,7596.25,7597.25,7595.75,7596.25,1089.0
2026-07-16 13:31:00,7596.5,7596.75,7594.5,7596.0,1222.0
2026-07-16 13:32:00,7596.25,7597.25,7594.75,7594.75,1068.0
2026-07-16 13:33:00,7595.0,7595.0,7590.75,7590.75,1828.0
2026-07-16 13:34:00,7591.0,7591.0,7589.25,7589.75,1621.0
2026-07-16 13:35:00,7590.0,7590.25,7589.0,7589.25,940.0
2026-07-16 13:36:00,7589.25,7591.0,7588.75,7589.5,2034.0
2026-07-16 13:37:00,7589.75,7590.0,7587.0,7587.25,1283.0
2026-07-16 13:38:00,7587.25,7588.75,7585.75,7586.5,3155.0
2026-07-16 13:39:00,7586.5,7586.5,7584.0,7585.0,3112.0
2026-07-16 13:40:00,7585.25,7585.25,7581.75,7582.5,2584.0
2026-07-16 13:41:00,7582.5,7583.25,7580.5,7581.25,2027.0
2026-07-16 13:42:00,7581.5,7583.5,7580.25,7581.25,3041.0
2026-07-16 13:43:00,7581.5,7581.75,7579.5,7581.0,2795.0
2026-07-16 13:44:00,7581.25,7583.25,7581.25,7583.0,2226.0
2026-07-16 13:45:00,7583.25,7583.25,7579.75,7580.5,2299.0
2026-07-16 13:46:00,7580.75,7583.5,7579.75,7583.25,2207.0
2026-07-16 13:47:00,7583.5,7586.0,7583.25,7585.0,1917.0
2026-07-16 13:48:00,7585.0,7586.75,7583.5,7586.75,1059.0
2026-07-16 13:49:00,7586.5,7588.0,7585.5,7586.0,1552.0
2026-07-16 13:50:00,7586.0,7586.75,7585.0,7585.75,877.0
2026-07-16 13:51:00,7585.5,7586.25,7584.75,7584.75,964.0
2026-07-16 13:52:00,7584.5,7584.75,7582.75,7583.5,1125.0
2026-07-16 13:53:00,7583.5,7587.25,7583.25,7586.75,1527.0
2026-07-16 13:54:00,7587.0,7587.75,7584.5,7584.75,763.0
2026-07-16 13:55:00,7584.75,7585.0,7581.5,7582.0,1685.0
2026-07-16 13:56:00,7582.0,7582.5,7580.25,7582.0,1674.0
2026-07-16 13:57:00,7582.0,7582.0,7579.75,7580.25,1197.0
2026-07-16 13:58:00,7580.25,7582.0,7580.25,7581.75,1195.0
2026-07-16 13:59:00,7581.75,7583.0,7581.0,7582.25,1179.0
2026-07-16 14:00:00,7582.25,7583.75,7580.0,7583.5,1971.0
2026-07-16 14:01:00,7583.25,7584.0,7581.75,7582.25,1299.0
2026-07-16 14:02:00,7582.25,7582.75,7579.75,7580.75,1170.0
2026-07-16 14:03:00,7580.75,7580.75,7579.0,7579.75,1319.0
2026-07-16 14:04:00,7579.75,7580.75,7578.0,7578.0,1320.0
2026-07-16 14:05:00,7578.25,7578.5,7576.25,7577.25,2088.0
2026-07-16 14:06:00,7577.0,7578.5,7576.25,7577.75,1414.0
2026-07-16 14:07:00,7577.75,7578.75,7574.25,7576.0,3360.0
2026-07-16 14:08:00,7575.75,7577.25,7573.25,7576.25,3126.0
2026-07-16 14:09:00,7576.5,7578.25,7575.5,7576.5,2199.0
2026-07-16 14:10:00,7576.75,7580.75,7576.25,7578.75,2901.0
2026-07-16 14:11:00,7578.75,7583.75,7578.5,7581.5,3820.0
2026-07-16 14:12:00,7581.5,7583.25,7579.25,7579.25,2220.0
2026-07-16 14:13:00,7579.5,7580.75,7578.5,7580.75,1295.0
2026-07-16 14:14:00,7580.5,7581.25,7576.25,7576.25,1900.0
2026-07-16 14:15:00,7576.25,7576.5,7573.75,7575.75,3114.0
2026-07-16 14:16:00,7575.75,7582.5,7575.75,7582.5,2696.0
2026-07-16 14:17:00,7582.5,7583.0,7581.25,7582.0,1711.0
2026-07-16 14:18:00,7582.0,7582.25,7580.25,7580.75,1236.0
2026-07-16 14:19:00,7580.5,7582.25,7580.25,7581.5,1256.0
2026-07-16 14:20:00,7581.25,7584.25,7580.75,7582.75,1914.0
2026-07-16 14:21:00,7583.0,7586.0,7582.75,7585.25,2716.0
2026-07-16 14:22:00,7585.0,7586.5,7584.5,7585.0,1815.0
2026-07-16 14:23:00,7584.75,7585.25,7581.75,7583.25,3130.0
2026-07-16 14:24:00,7583.25,7584.0,7582.25,7583.0,1725.0
2026-07-16 14:25:00,7582.75,7584.5,7580.25,7580.75,1588.0
2026-07-16 14:26:00,7580.5,7583.5,7579.75,7582.75,1902.0
2026-07-16 14:27:00,7582.75,7583.75,7580.75,7581.25,1212.0
2026-07-16 14:28:00,7581.25,7583.25,7580.0,7580.5,1609.0
2026-07-16 14:29:00,7580.5,7580.5,7578.0,7578.5,2683.0
2026-07-16 14:30:00,7578.5,7578.5,7575.25,7576.75,2459.0
2026-07-16 14:31:00,7576.75,7577.25,7575.5,7576.25,1567.0
2026-07-16 14:32:00,7576.0,7577.75,7575.25,7575.25,1711.0
2026-07-16 14:33:00,7575.5,7577.0,7574.75,7576.0,1371.0
2026-07-16 14:34:00,7576.0,7577.25,7575.0,7576.25,975.0
2026-07-16 14:35:00,7576.25,7576.25,7574.5,7576.0,1217.0
2026-07-16 14:36:00,7575.75,7575.75,7572.75,7573.5,1567.0
2026-07-16 14:37:00,7573.75,7575.75,7573.0,7574.5,1554.0
2026-07-16 14:38:00,7574.5,7575.75,7574.25,7575.75,1211.0
2026-07-16 14:39:00,7575.5,7575.5,7573.0,7573.0,1563.0
2026-07-16 14:40:00,7573.0,7573.5,7568.0,7569.75,5079.0
2026-07-16 14:41:00,7570.0,7571.5,7569.5,7571.25,1976.0
2026-07-16 14:42:00,7571.25,7573.75,7570.0,7573.5,1816.0
2026-07-16 14:43:00,7573.75,7576.75,7573.5,7574.5,2685.0
2026-07-16 14:44:00,7574.25,7576.25,7573.75,7574.5,1291.0
2026-07-16 14:45:00,7574.25,7576.75,7572.5,7575.0,1758.0
2026-07-16 14:46:00,7575.25,7576.5,7574.25,7575.75,987.0
2026-07-16 14:47:00,7575.75,7577.0,7574.75,7575.75,1253.0
2026-07-16 14:48:00,7575.75,7578.0,7575.5,7577.75,1150.0
2026-07-16 14:49:00,7577.75,7578.5,7576.25,7577.0,981.0
2026-07-16 14:50:00,7576.75,7578.75,7576.25,7578.25,1228.0
2026-07-16 14:51:00,7578.25,7578.5,7576.25,7576.25,886.0
2026-07-16 14:52:00,7576.5,7576.5,7573.25,7573.75,1425.0
2026-07-16 14:53:00,7573.75,7574.0,7572.0,7573.25,1225.0
2026-07-16 14:54:00,7573.5,7574.0,7571.5,7571.5,1540.0
2026-07-16 14:55:00,7571.5,7571.75,7570.5,7571.0,1439.0
2026-07-16 14:56:00,7571.0,7572.75,7570.75,7572.5,1115.0
2026-07-16 14:57:00,7572.75,7573.75,7571.0,7571.25,1240.0
2026-07-16 14:58:00,7571.25,7573.25,7571.0,7573.0,845.0
2026-07-16 14:59:00,7573.0,7573.0,7571.0,7571.5,1220.0
2026-07-16 15:00:00,7571.25,7573.75,7570.0,7573.5,1745.0
2026-07-16 15:01:00,7573.5,7573.75,7570.75,7572.5,1521.0
2026-07-16 15:02:00,7572.5,7576.25,7572.25,7575.0,1953.0
2026-07-16 15:03:00,7574.75,7575.5,7573.0,7575.0,1157.0
2026-07-16 15:04:00,7574.75,7576.0,7573.5,7574.5,1418.0
2026-07-16 15:05:00,7574.25,7576.0,7572.75,7575.75,1398.0
2026-07-16 15:06:00,7575.75,7576.0,7571.75,7572.0,1451.0
2026-07-16 15:07:00,7572.25,7572.25,7568.25,7569.0,2550.0
2026-07-16 15:08:00,7569.25,7569.75,7566.5,7568.5,2663.0
2026-07-16 15:09:00,7568.5,7568.75,7566.75,7567.0,2030.0
2026-07-16 15:10:00,7566.75,7567.75,7565.25,7566.25,2394.0
2026-07-16 15:11:00,7566.5,7567.5,7565.5,7565.75,1808.0
2026-07-16 15:12:00,7565.75,7566.25,7565.0,7565.5,1337.0
2026-07-16 15:13:00,7565.75,7567.0,7564.75,7565.75,1659.0
2026-07-16 15:14:00,7565.75,7567.0,7565.5,7566.5,1102.0
2026-07-16 15:15:00,7566.5,7566.75,7565.0,7566.0,2145.0
2026-07-16 15:16:00,7566.0,7568.0,7566.0,7567.25,1988.0
2026-07-16 15:17:00,7567.0,7567.5,7564.0,7564.0,2311.0
2026-07-16 15:18:00,7564.0,7566.5,7563.0,7566.5,2322.0
2026-07-16 15:19:00,7566.25,7567.25,7565.5,7567.0,1974.0
2026-07-16 15:20:00,7567.0,7568.5,7566.25,7566.5,2717.0
2026-07-16 15:21:00,7566.5,7569.0,7565.75,7568.75,1895.0
2026-07-16 15:22:00,7568.75,7569.5,7566.25,7566.5,1470.0
2026-07-16 15:23:00,7566.5,7567.0,7565.0,7565.0,1444.0
2026-07-16 15:24:00,7565.25,7565.5,7564.25,7564.5,1340.0
2026-07-16 15:25:00,7564.5,7566.0,7562.0,7562.75,2068.0
2026-07-16 15:26:00,7562.5,7562.75,7559.0,7559.25,2814.0
2026-07-16 15:27:00,7559.0,7560.5,7558.0,7559.5,2122.0
2026-07-16 15:28:00,7559.75,7561.5,7559.25,7561.0,1581.0
2026-07-16 15:29:00,7561.25,7562.5,7560.0,7560.25,1956.0
2026-07-16 15:30:00,7560.25,7561.0,7557.75,7558.75,4359.0
2026-07-16 15:31:00,7558.5,7559.0,7555.0,7555.0,3567.0
2026-07-16 15:32:00,7555.0,7557.5,7553.5,7557.25,3370.0
2026-07-16 15:33:00,7557.0,7557.75,7556.0,7557.25,2070.0
2026-07-16 15:34:00,7557.5,7557.75,7555.75,7556.0,2808.0
2026-07-16 15:35:00,7556.0,7557.5,7554.25,7554.5,3358.0
2026-07-16 15:36:00,7554.5,7556.0,7553.75,7554.0,2042.0
2026-07-16 15:37:00,7554.25,7556.75,7553.0,7556.75,2291.0
2026-07-16 15:38:00,7556.75,7559.75,7556.0,7559.5,0.0
2026-07-16 15:38:49,7559.0,7559.0,7559.0,7559.0,0.0
