timestamp,open,high,low,close,volume
2026-04-28 09:30:00,7172.0,7174.25,7161.75,7169.25,40714.0
2026-04-28 09:35:00,7169.25,7175.75,7168.25,7174.5,23119.0
2026-04-28 09:40:00,7174.25,7183.0,7172.75,7177.75,25137.0
2026-04-28 09:45:00,7178.0,7180.0,7172.5,7176.25,22040.0
2026-04-28 09:50:00,7176.25,7178.0,7168.25,7170.25,20769.0
2026-04-28 09:55:00,7170.5,7171.5,7163.5,7169.5,19848.0
2026-04-28 10:00:00,7169.75,7172.0,7164.75,7168.25,16945.0
2026-04-28 10:05:00,7168.0,7177.5,7167.25,7175.0,15752.0
2026-04-28 10:10:00,7175.0,7175.25,7168.75,7170.0,12493.0
2026-04-28 10:15:00,7170.25,7172.0,7165.25,7167.25,15596.0
2026-04-28 10:20:00,7167.5,7170.75,7165.0,7168.0,13260.0
2026-04-28 10:25:00,7167.75,7170.25,7163.5,7166.5,16619.0
2026-04-28 10:30:00,7166.5,7169.75,7162.0,7162.75,16407.0
2026-04-28 10:35:00,7162.75,7163.25,7150.25,7154.5,33677.0
2026-04-28 10:40:00,7154.5,7160.5,7150.5,7158.5,22860.0
2026-04-28 10:45:00,7158.75,7160.75,7152.25,7154.75,24060.0
2026-04-28 10:50:00,7154.5,7155.25,7146.25,7150.25,23601.0
2026-04-28 10:55:00,7150.5,7159.25,7147.0,7159.0,35315.0
2026-04-28 11:00:00,7158.75,7164.75,7158.25,7160.0,24846.0
2026-04-28 11:05:00,7160.25,7161.75,7152.5,7154.75,16083.0
2026-04-28 11:10:00,7154.75,7161.25,7154.25,7160.5,13244.0
2026-04-28 11:15:00,7160.75,7162.0,7156.5,7160.25,10757.0
2026-04-28 11:20:00,7160.25,7160.75,7153.5,7156.25,11773.0
2026-04-28 11:25:00,7156.5,7156.75,7152.0,7152.75,11275.0
2026-04-28 11:30:00,7153.0,7153.25,7148.0,7150.5,17682.0
2026-04-28 11:35:00,7150.5,7155.5,7148.0,7152.5,12437.0
2026-04-28 11:40:00,7152.5,7154.75,7151.0,7151.75,8617.0
2026-04-28 11:45:00,7151.75,7154.0,7147.75,7149.75,12246.0
2026-04-28 11:50:00,7149.5,7153.0,7149.25,7152.5,8191.0
2026-04-28 11:55:00,7152.5,7154.25,7149.25,7153.75,7659.0
2026-04-28 12:00:00,7153.75,7157.0,7151.75,7155.25,11857.0
2026-04-28 12:05:00,7155.0,7158.75,7155.0,7156.5,10377.0
2026-04-28 12:10:00,7156.75,7158.5,7154.75,7158.25,5496.0
2026-04-28 12:15:00,7158.25,7158.5,7154.5,7157.25,7501.0
2026-04-28 12:20:00,7157.5,7159.5,7156.5,7158.5,8087.0
2026-04-28 12:25:00,7158.75,7159.75,7156.0,7157.25,6815.0
2026-04-28 12:30:00,7157.25,7158.25,7151.75,7151.75,7908.0
2026-04-28 12:35:00,7151.75,7153.25,7149.25,7150.75,9059.0
2026-04-28 12:40:00,7150.5,7152.5,7147.25,7148.75,9584.0
2026-04-28 12:45:00,7148.75,7151.5,7147.5,7151.25,9041.0
2026-04-28 12:50:00,7151.25,7158.0,7149.0,7156.25,15331.0
2026-04-28 12:55:00,7156.5,7157.25,7153.0,7155.5,6746.0
2026-04-28 13:00:00,7155.5,7157.5,7149.25,7150.25,7866.0
2026-04-28 13:05:00,7150.25,7152.75,7148.0,7152.25,8080.0
2026-04-28 13:10:00,7152.25,7153.75,7149.75,7153.5,8027.0
2026-04-28 13:15:00,7153.25,7153.75,7149.0,7150.0,5052.0
2026-04-28 13:20:00,7150.0,7152.5,7149.75,7152.5,4699.0
2026-04-28 13:25:00,7152.5,7156.75,7151.75,7154.75,7554.0
2026-04-28 13:30:00,7155.0,7159.0,7154.75,7158.5,7584.0
2026-04-28 13:35:00,7158.5,7162.0,7158.25,7160.0,10073.0
2026-04-28 13:40:00,7159.75,7163.75,7159.0,7161.25,10071.0
2026-04-28 13:45:00,7161.25,7163.25,7160.75,7161.0,6914.0
2026-04-28 13:50:00,7161.25,7163.0,7159.5,7162.5,6726.0
2026-04-28 13:55:00,7162.5,7165.5,7162.25,7164.5,6807.0
2026-04-28 14:00:00,7164.5,7165.5,7162.0,7163.0,6741.0
2026-04-28 14:05:00,7162.75,7165.0,7161.5,7164.0,6774.0
2026-04-28 14:10:00,7164.0,7165.25,7162.25,7164.5,5607.0
2026-04-28 14:15:00,7164.25,7169.0,7164.25,7168.25,9008.0
2026-04-28 14:20:00,7168.25,7170.5,7165.75,7168.25,18253.0
2026-04-28 14:25:00,7168.25,7169.75,7166.0,7167.5,7595.0
2026-04-28 14:30:00,7167.5,7167.75,7163.5,7164.75,8815.0
2026-04-28 14:35:00,7164.5,7165.0,7162.0,7164.5,5987.0
2026-04-28 14:40:00,7164.25,7167.75,7164.25,7167.5,6510.0
2026-04-28 14:45:00,7167.75,7168.5,7166.5,7168.0,4878.0
2026-04-28 14:50:00,7167.75,7170.0,7166.75,7169.5,4761.0
2026-04-28 14:55:00,7169.5,7170.0,7166.5,7169.25,5969.0
2026-04-28 15:00:00,7169.25,7171.0,7168.25,7170.0,8160.0
2026-04-28 15:05:00,7170.0,7174.25,7170.0,7173.5,8210.0
2026-04-28 15:10:00,7173.5,7176.25,7172.25,7173.25,9381.0
2026-04-28 15:15:00,7173.25,7173.5,7169.75,7170.5,10049.0
2026-04-28 15:20:00,7170.5,7172.25,7168.25,7170.75,7820.0
2026-04-28 15:25:00,7170.75,7171.75,7169.25,7170.25,4408.0
2026-04-28 15:30:00,7170.25,7170.75,7166.5,7166.75,8352.0
2026-04-28 15:35:00,7166.75,7170.0,7166.25,7169.75,8941.0
2026-04-28 15:40:00,7169.75,7172.5,7169.5,7171.0,7702.0
2026-04-28 15:45:00,7170.75,7172.25,7169.75,7171.75,7836.0
2026-04-28 15:50:00,7171.75,7174.5,7168.25,7171.25,22747.0
2026-04-28 15:55:00,7171.5,7173.5,7168.75,7171.5,68243.0
2026-04-28 16:00:00,7171.5,7172.25,7167.5,7169.25,18332.0
2026-04-29 09:30:00,7163.25,7165.0,7152.5,7154.25,38776.0
2026-04-29 09:35:00,7154.5,7159.75,7152.75,7158.5,21904.0
2026-04-29 09:40:00,7158.75,7159.5,7153.25,7153.25,13903.0
2026-04-29 09:45:00,7153.5,7155.75,7149.5,7152.75,19334.0
2026-04-29 09:50:00,7152.75,7160.5,7152.25,7159.25,17828.0
2026-04-29 09:55:00,7159.5,7163.5,7158.75,7160.75,16483.0
2026-04-29 10:00:00,7160.75,7161.25,7155.75,7160.5,15177.0
2026-04-29 10:05:00,7160.5,7162.0,7158.5,7161.75,12391.0
2026-04-29 10:10:00,7161.5,7166.0,7160.5,7164.75,13997.0
2026-04-29 10:15:00,7164.75,7167.0,7162.75,7163.5,13390.0
2026-04-29 10:20:00,7163.5,7167.5,7162.75,7166.75,9881.0
2026-04-29 10:25:00,7167.0,7169.75,7166.5,7168.0,11288.0
2026-04-29 10:30:00,7168.25,7172.75,7166.25,7172.25,15050.0
2026-04-29 10:35:00,7172.25,7175.25,7171.5,7172.0,12707.0
2026-04-29 10:40:00,7172.0,7172.5,7170.0,7171.75,9829.0
2026-04-29 10:45:00,7172.0,7172.5,7168.25,7168.25,10365.0
2026-04-29 10:50:00,7168.25,7170.5,7167.5,7169.75,9478.0
2026-04-29 10:55:00,7169.75,7169.75,7167.25,7168.0,7920.0
2026-04-29 11:00:00,7167.75,7168.5,7162.5,7164.5,14680.0
2026-04-29 11:05:00,7164.25,7165.5,7159.25,7159.5,12590.0
2026-04-29 11:10:00,7159.25,7160.0,7154.75,7155.75,17474.0
2026-04-29 11:15:00,7155.75,7162.0,7154.25,7160.0,16165.0
2026-04-29 11:20:00,7160.0,7162.75,7159.25,7161.5,8642.0
2026-04-29 11:25:00,7161.25,7164.5,7159.25,7162.0,10996.0
2026-04-29 11:30:00,7161.75,7164.0,7158.25,7161.75,13834.0
2026-04-29 11:35:00,7161.75,7162.75,7158.5,7160.0,9676.0
2026-04-29 11:40:00,7159.75,7161.0,7157.25,7159.0,7625.0
2026-04-29 11:45:00,7158.75,7162.75,7158.5,7162.0,7234.0
2026-04-29 11:50:00,7162.0,7163.75,7145.25,7148.75,40451.0
2026-04-29 11:55:00,7148.75,7154.75,7145.25,7153.5,25349.0
2026-04-29 12:00:00,7153.75,7158.0,7152.25,7157.75,12230.0
2026-04-29 12:05:00,7157.75,7160.25,7155.5,7158.0,9301.0
2026-04-29 12:10:00,7158.0,7160.75,7155.5,7155.75,8040.0
2026-04-29 12:15:00,7155.75,7158.75,7151.5,7152.25,8434.0
2026-04-29 12:20:00,7152.25,7156.25,7151.75,7155.5,7418.0
2026-04-29 12:25:00,7155.75,7156.75,7149.0,7150.75,7415.0
2026-04-29 12:30:00,7150.75,7150.75,7142.0,7144.0,19420.0
2026-04-29 12:35:00,7144.0,7148.25,7143.0,7147.5,12888.0
2026-04-29 12:40:00,7147.75,7152.0,7147.75,7150.75,8668.0
2026-04-29 12:45:00,7151.0,7152.5,7148.75,7151.25,7487.0
2026-04-29 12:50:00,7151.0,7153.75,7149.75,7151.0,5854.0
2026-04-29 12:55:00,7151.25,7152.0,7147.25,7150.25,7303.0
2026-04-29 13:00:00,7150.0,7150.75,7145.25,7148.5,8790.0
2026-04-29 13:05:00,7148.5,7151.0,7147.5,7150.0,5560.0
2026-04-29 13:10:00,7150.0,7151.5,7148.25,7149.75,5062.0
2026-04-29 13:15:00,7149.75,7151.0,7147.0,7149.5,5977.0
2026-04-29 13:20:00,7149.25,7154.75,7149.25,7150.5,14575.0
2026-04-29 13:25:00,7150.5,7152.5,7148.5,7152.25,5762.0
2026-04-29 13:30:00,7152.5,7155.75,7151.75,7153.0,11071.0
2026-04-29 13:35:00,7153.0,7154.75,7152.5,7153.75,4504.0
2026-04-29 13:40:00,7154.0,7154.5,7151.0,7153.5,4430.0
2026-04-29 13:45:00,7153.5,7160.5,7153.0,7158.0,11463.0
2026-04-29 13:50:00,7158.0,7160.75,7156.0,7156.5,7891.0
2026-04-29 13:55:00,7156.75,7159.5,7155.5,7159.25,3883.0
2026-04-29 14:00:00,7159.25,7160.25,7146.0,7147.75,12718.0
2026-04-29 14:05:00,7147.75,7152.0,7140.5,7141.75,18528.0
2026-04-29 14:10:00,7141.5,7145.5,7137.5,7143.5,16227.0
2026-04-29 14:15:00,7143.75,7152.5,7142.75,7148.75,12209.0
2026-04-29 14:20:00,7148.5,7152.5,7147.5,7148.75,8592.0
2026-04-29 14:25:00,7148.75,7149.0,7144.5,7145.75,6710.0
2026-04-29 14:30:00,7145.75,7146.75,7140.5,7143.75,9226.0
2026-04-29 14:35:00,7143.75,7155.25,7143.0,7147.25,19869.0
2026-04-29 14:40:00,7147.25,7147.75,7139.75,7140.25,12740.0
2026-04-29 14:45:00,7140.25,7149.25,7137.0,7148.0,14535.0
2026-04-29 14:50:00,7148.25,7153.5,7148.25,7149.25,10271.0
2026-04-29 14:55:00,7149.25,7160.0,7148.75,7158.75,12435.0
2026-04-29 15:00:00,7159.0,7161.25,7155.75,7157.0,11997.0
2026-04-29 15:05:00,7157.0,7159.0,7153.0,7157.75,12788.0
2026-04-29 15:10:00,7157.75,7166.25,7156.5,7165.5,12898.0
2026-04-29 15:15:00,7165.75,7168.25,7163.75,7166.0,11516.0
2026-04-29 15:20:00,7166.0,7166.5,7162.0,7165.25,8461.0
2026-04-29 15:25:00,7165.5,7166.5,7162.0,7162.0,7664.0
2026-04-29 15:30:00,7162.0,7162.5,7154.0,7157.25,15280.0
2026-04-29 15:35:00,7157.25,7163.75,7156.0,7163.5,11188.0
2026-04-29 15:40:00,7163.5,7164.25,7157.75,7159.0,7885.0
2026-04-29 15:45:00,7159.0,7162.5,7158.5,7161.0,8066.0
2026-04-29 15:50:00,7160.75,7164.25,7157.5,7163.75,20153.0
2026-04-29 15:55:00,7163.75,7170.75,7159.0,7170.25,72315.0
2026-04-29 16:00:00,7170.25,7190.75,7154.75,7178.0,39004.0
2026-04-30 09:30:00,7200.0,7200.75,7180.75,7181.25,44263.0
2026-04-30 09:35:00,7181.25,7183.5,7170.75,7171.0,35523.0
2026-04-30 09:40:00,7171.25,7182.25,7166.75,7181.5,28216.0
2026-04-30 09:45:00,7181.25,7185.0,7173.25,7177.75,26586.0
2026-04-30 09:50:00,7178.0,7181.0,7166.75,7167.25,23569.0
2026-04-30 09:55:00,7167.0,7168.25,7160.25,7165.25,25474.0
2026-04-30 10:00:00,7165.25,7175.0,7164.75,7171.75,26125.0
2026-04-30 10:05:00,7171.75,7175.5,7159.25,7164.75,25616.0
2026-04-30 10:10:00,7164.75,7172.5,7161.25,7169.25,19386.0
2026-04-30 10:15:00,7169.5,7169.75,7157.25,7168.5,22565.0
2026-04-30 10:20:00,7168.5,7176.5,7168.25,7172.5,17034.0
2026-04-30 10:25:00,7172.5,7174.0,7165.75,7173.25,16831.0
2026-04-30 10:30:00,7173.25,7181.25,7168.25,7171.5,25863.0
2026-04-30 10:35:00,7171.5,7173.0,7164.75,7166.25,16988.0
2026-04-30 10:40:00,7166.5,7177.0,7166.5,7175.5,16375.0
2026-04-30 10:45:00,7175.5,7184.5,7175.25,7181.5,17491.0
2026-04-30 10:50:00,7181.5,7192.25,7180.25,7190.5,21247.0
2026-04-30 10:55:00,7190.25,7194.75,7190.0,7192.0,17639.0
2026-04-30 11:00:00,7192.0,7198.0,7190.75,7192.25,20527.0
2026-04-30 11:05:00,7192.0,7197.5,7188.75,7197.25,19522.0
2026-04-30 11:10:00,7197.25,7198.75,7192.0,7196.5,14555.0
2026-04-30 11:15:00,7196.75,7198.25,7193.25,7195.5,11272.0
2026-04-30 11:20:00,7195.5,7196.5,7191.0,7196.0,11252.0
2026-04-30 11:25:00,7196.25,7199.5,7195.0,7197.75,13826.0
2026-04-30 11:30:00,7197.5,7203.0,7197.25,7197.75,17457.0
2026-04-30 11:35:00,7197.5,7197.75,7192.0,7193.25,13983.0
2026-04-30 11:40:00,7193.25,7194.25,7190.75,7192.5,9694.0
2026-04-30 11:45:00,7192.25,7194.0,7187.75,7194.0,11401.0
2026-04-30 11:50:00,7194.0,7201.0,7193.25,7200.75,10530.0
2026-04-30 11:55:00,7200.75,7204.25,7199.25,7199.25,12427.0
2026-04-30 12:00:00,7199.5,7200.25,7194.25,7198.75,11109.0
2026-04-30 12:05:00,7199.0,7203.0,7198.75,7200.75,7530.0
2026-04-30 12:10:00,7200.5,7207.5,7199.75,7206.75,11288.0
2026-04-30 12:15:00,7206.5,7207.25,7202.5,7205.25,8153.0
2026-04-30 12:20:00,7205.25,7206.25,7202.5,7203.0,7654.0
2026-04-30 12:25:00,7202.75,7206.0,7201.0,7205.5,7566.0
2026-04-30 12:30:00,7205.5,7207.0,7203.75,7204.25,6557.0
2026-04-30 12:35:00,7204.0,7205.5,7202.5,7205.25,6092.0
2026-04-30 12:40:00,7205.25,7206.0,7199.5,7201.0,7059.0
2026-04-30 12:45:00,7201.25,7202.5,7198.0,7201.75,10914.0
2026-04-30 12:50:00,7201.5,7201.75,7195.25,7197.25,7855.0
2026-04-30 12:55:00,7197.25,7197.5,7192.5,7197.0,11573.0
2026-04-30 13:00:00,7197.25,7205.25,7196.75,7203.25,13601.0
2026-04-30 13:05:00,7203.25,7206.25,7202.0,7205.75,6025.0
2026-04-30 13:10:00,7205.75,7210.0,7205.0,7209.0,9668.0
2026-04-30 13:15:00,7209.0,7209.0,7205.5,7208.25,7219.0
2026-04-30 13:20:00,7208.25,7211.25,7206.0,7210.5,7976.0
2026-04-30 13:25:00,7210.75,7213.0,7208.25,7212.0,7411.0
2026-04-30 13:30:00,7212.0,7220.75,7212.0,7216.0,20353.0
2026-04-30 13:35:00,7216.25,7219.0,7216.25,7218.75,7132.0
2026-04-30 13:40:00,7218.5,7219.0,7216.5,7218.25,6223.0
2026-04-30 13:45:00,7218.25,7222.5,7218.0,7221.5,10269.0
2026-04-30 13:50:00,7221.5,7222.25,7219.5,7220.75,7056.0
2026-04-30 13:55:00,7221.0,7225.5,7220.25,7224.75,7506.0
2026-04-30 14:00:00,7224.75,7233.25,7224.25,7231.75,22984.0
2026-04-30 14:05:00,7232.0,7232.0,7228.75,7229.25,11080.0
2026-04-30 14:10:00,7229.25,7232.5,7228.5,7231.5,9705.0
2026-04-30 14:15:00,7231.75,7235.0,7231.5,7232.5,11095.0
2026-04-30 14:20:00,7232.5,7233.5,7230.5,7231.0,9182.0
2026-04-30 14:25:00,7231.0,7232.75,7230.0,7232.5,7777.0
2026-04-30 14:30:00,7232.5,7237.25,7232.25,7234.75,10856.0
2026-04-30 14:35:00,7234.5,7239.5,7234.5,7238.75,12504.0
2026-04-30 14:40:00,7238.75,7240.75,7238.5,7239.5,8539.0
2026-04-30 14:45:00,7239.25,7241.25,7239.0,7240.25,5996.0
2026-04-30 14:50:00,7240.25,7242.0,7238.0,7238.5,9876.0
2026-04-30 14:55:00,7238.75,7239.75,7236.5,7237.5,7627.0
2026-04-30 15:00:00,7237.5,7242.0,7236.25,7241.25,10749.0
2026-04-30 15:05:00,7241.25,7245.0,7240.0,7242.75,10517.0
2026-04-30 15:10:00,7242.75,7247.5,7242.25,7246.5,13227.0
2026-04-30 15:15:00,7246.5,7248.0,7245.0,7245.25,9680.0
2026-04-30 15:20:00,7245.25,7247.0,7243.75,7246.75,8381.0
2026-04-30 15:25:00,7246.75,7247.75,7244.25,7245.0,8008.0
2026-04-30 15:30:00,7245.0,7245.25,7241.25,7243.75,13202.0
2026-04-30 15:35:00,7243.5,7246.5,7242.5,7246.0,9052.0
2026-04-30 15:40:00,7245.75,7248.5,7242.75,7248.25,11872.0
2026-04-30 15:45:00,7248.0,7249.75,7245.75,7249.25,13006.0
2026-04-30 15:50:00,7249.0,7251.25,7242.25,7246.75,37019.0
2026-04-30 15:55:00,7246.75,7251.75,7237.25,7238.25,144810.0
2026-04-30 16:00:00,7238.25,7245.25,7238.0,7241.5,42881.0
2026-05-01 09:30:00,7264.5,7275.0,7258.75,7274.5,41637.0
2026-05-01 09:35:00,7274.75,7277.25,7272.25,7272.25,22522.0
2026-05-01 09:40:00,7272.5,7277.5,7271.5,7276.25,20459.0
2026-05-01 09:45:00,7276.5,7277.0,7270.75,7273.25,20713.0
2026-05-01 09:50:00,7273.25,7280.25,7270.25,7277.25,27076.0
2026-05-01 09:55:00,7277.5,7293.25,7277.25,7293.25,30211.0
2026-05-01 10:00:00,7293.0,7298.5,7290.75,7295.25,22870.0
2026-05-01 10:05:00,7295.5,7295.5,7289.5,7292.25,18880.0
2026-05-01 10:10:00,7292.5,7298.5,7290.5,7296.5,17078.0
2026-05-01 10:15:00,7296.5,7298.5,7293.75,7296.75,15017.0
2026-05-01 10:20:00,7296.5,7300.75,7296.5,7297.5,13552.0
2026-05-01 10:25:00,7297.5,7298.0,7293.75,7294.5,14196.0
2026-05-01 10:30:00,7294.5,7294.75,7283.0,7284.5,24013.0
2026-05-01 10:35:00,7284.75,7285.5,7274.5,7280.25,28954.0
2026-05-01 10:40:00,7280.25,7284.75,7276.25,7281.25,20895.0
2026-05-01 10:45:00,7281.0,7285.5,7279.5,7283.0,12454.0
2026-05-01 10:50:00,7282.75,7284.5,7277.75,7280.0,12802.0
2026-05-01 10:55:00,7280.0,7283.25,7278.5,7278.5,10551.0
2026-05-01 11:00:00,7278.75,7279.5,7272.0,7274.5,20008.0
2026-05-01 11:05:00,7274.75,7278.25,7272.75,7277.75,11930.0
2026-05-01 11:10:00,7277.75,7281.5,7274.75,7281.25,11866.0
2026-05-01 11:15:00,7281.25,7283.25,7279.0,7281.5,10584.0
2026-05-01 11:20:00,7281.25,7285.25,7281.0,7284.5,8795.0
2026-05-01 11:25:00,7284.5,7285.25,7281.25,7284.25,8158.0
2026-05-01 11:30:00,7284.5,7286.75,7283.0,7284.25,7932.0
2026-05-01 11:35:00,7284.0,7292.25,7283.5,7289.25,11968.0
2026-05-01 11:40:00,7289.5,7292.25,7289.25,7291.75,8813.0
2026-05-01 11:45:00,7292.0,7295.5,7291.5,7294.5,7786.0
2026-05-01 11:50:00,7294.75,7295.75,7278.5,7286.75,27000.0
2026-05-01 11:55:00,7287.0,7289.5,7284.0,7285.25,7999.0
2026-05-01 12:00:00,7285.25,7287.75,7284.25,7285.25,7030.0
2026-05-01 12:05:00,7285.5,7286.0,7276.25,7277.25,9612.0
2026-05-01 12:10:00,7277.25,7279.25,7275.25,7276.75,11387.0
2026-05-01 12:15:00,7276.5,7282.0,7276.25,7281.5,9520.0
2026-05-01 12:20:00,7281.75,7283.25,7272.0,7277.0,18644.0
2026-05-01 12:25:00,7277.0,7277.75,7270.25,7272.75,14662.0
2026-05-01 12:30:00,7272.75,7274.25,7267.75,7271.5,12662.0
2026-05-01 12:35:00,7271.5,7274.75,7269.5,7274.25,8525.0
2026-05-01 12:40:00,7274.0,7274.75,7268.0,7268.0,8115.0
2026-05-01 12:45:00,7268.0,7270.75,7266.0,7268.25,9644.0
2026-05-01 12:50:00,7268.25,7273.25,7266.75,7273.0,9453.0
2026-05-01 12:55:00,7272.75,7275.0,7269.75,7270.25,8056.0
2026-05-01 13:00:00,7270.0,7276.0,7269.75,7272.75,9683.0
2026-05-01 13:05:00,7272.75,7275.25,7272.25,7273.25,4113.0
2026-05-01 13:10:00,7273.25,7276.75,7273.25,7276.5,4223.0
2026-05-01 13:15:00,7276.25,7278.5,7274.25,7278.0,7201.0
2026-05-01 13:20:00,7278.25,7280.5,7277.5,7278.75,5623.0
2026-05-01 13:25:00,7279.0,7281.0,7278.25,7280.75,3412.0
2026-05-01 13:30:00,7280.75,7282.25,7280.25,7280.75,4370.0
2026-05-01 13:35:00,7281.0,7281.25,7277.5,7279.25,6743.0
2026-05-01 13:40:00,7279.5,7281.75,7279.5,7280.25,4670.0
2026-05-01 13:45:00,7280.25,7281.0,7279.25,7279.75,3770.0
2026-05-01 13:50:00,7279.75,7283.75,7279.0,7281.25,11040.0
2026-05-01 13:55:00,7281.25,7282.5,7279.25,7279.5,5210.0
2026-05-01 14:00:00,7279.5,7280.75,7276.0,7276.5,7214.0
2026-05-01 14:05:00,7276.5,7277.0,7273.0,7276.0,9244.0
2026-05-01 14:10:00,7276.0,7276.5,7268.75,7269.5,8061.0
2026-05-01 14:15:00,7269.75,7271.5,7266.25,7269.5,9229.0
2026-05-01 14:20:00,7269.5,7272.5,7268.5,7272.0,7191.0
2026-05-01 14:25:00,7272.25,7273.75,7270.0,7272.75,8389.0
2026-05-01 14:30:00,7272.75,7273.5,7266.5,7267.0,12043.0
2026-05-01 14:35:00,7267.0,7267.5,7263.5,7264.75,9199.0
2026-05-01 14:40:00,7264.75,7266.0,7262.25,7263.25,6655.0
2026-05-01 14:45:00,7263.25,7264.5,7259.0,7262.75,11866.0
2026-05-01 14:50:00,7262.5,7264.75,7261.0,7261.5,6055.0
2026-05-01 14:55:00,7261.75,7264.25,7261.0,7262.75,7774.0
2026-05-01 15:00:00,7262.75,7267.25,7262.0,7265.25,9839.0
2026-05-01 15:05:00,7265.25,7269.25,7265.25,7269.25,7844.0
2026-05-01 15:10:00,7268.75,7272.5,7267.75,7271.75,6777.0
2026-05-01 15:15:00,7271.75,7274.25,7271.0,7273.0,8089.0
2026-05-01 15:20:00,7273.25,7274.0,7271.75,7273.75,7536.0
2026-05-01 15:25:00,7273.5,7277.0,7273.5,7275.25,7499.0
2026-05-01 15:30:00,7275.5,7276.5,7271.25,7273.75,10192.0
2026-05-01 15:35:00,7273.5,7275.0,7271.75,7274.5,7061.0
2026-05-01 15:40:00,7274.5,7275.25,7271.0,7272.5,8600.0
2026-05-01 15:45:00,7272.5,7273.0,7269.5,7271.0,11789.0
2026-05-01 15:50:00,7270.75,7272.75,7262.75,7264.25,29104.0
2026-05-01 15:55:00,7264.0,7264.5,7255.5,7257.5,77716.0
2026-05-01 16:00:00,7257.5,7258.25,7254.75,7255.0,22494.0
2026-05-04 09:30:00,7250.75,7252.5,7242.25,7249.0,33805.0
2026-05-04 09:35:00,7248.75,7252.0,7244.0,7248.0,18067.0
2026-05-04 09:40:00,7248.25,7253.0,7245.75,7249.25,15111.0
2026-05-04 09:45:00,7249.25,7256.25,7248.0,7253.75,17973.0
2026-05-04 09:50:00,7253.75,7256.25,7250.75,7254.25,14376.0
2026-05-04 09:55:00,7254.25,7257.75,7250.75,7257.75,10610.0
2026-05-04 10:00:00,7257.5,7257.75,7252.25,7252.5,12904.0
2026-05-04 10:05:00,7252.5,7256.5,7248.0,7250.5,21243.0
2026-05-04 10:10:00,7250.5,7261.75,7249.5,7259.5,17997.0
2026-05-04 10:15:00,7259.75,7264.25,7258.5,7264.0,13366.0
2026-05-04 10:20:00,7264.0,7267.0,7262.25,7263.25,13629.0
2026-05-04 10:25:00,7263.0,7265.75,7260.5,7262.25,9412.0
2026-05-04 10:30:00,7262.25,7268.75,7261.0,7266.0,11871.0
2026-05-04 10:35:00,7266.0,7270.0,7264.75,7267.75,12155.0
2026-05-04 10:40:00,7267.75,7270.75,7267.75,7269.0,9213.0
2026-05-04 10:45:00,7269.25,7270.5,7266.75,7267.5,9433.0
2026-05-04 10:50:00,7267.75,7271.0,7267.5,7269.0,6662.0
2026-05-04 10:55:00,7269.25,7270.25,7257.0,7258.75,25527.0
2026-05-04 11:00:00,7259.0,7264.25,7252.0,7259.0,28387.0
2026-05-04 11:05:00,7259.0,7261.25,7254.0,7257.5,16359.0
2026-05-04 11:10:00,7257.25,7258.5,7249.75,7252.25,17303.0
2026-05-04 11:15:00,7252.0,7254.5,7235.25,7237.5,32265.0
2026-05-04 11:20:00,7237.25,7238.25,7223.75,7226.5,55537.0
2026-05-04 11:25:00,7226.5,7237.25,7225.0,7234.0,31643.0
2026-05-04 11:30:00,7234.0,7235.0,7224.5,7230.25,26231.0
2026-05-04 11:35:00,7230.25,7235.0,7223.0,7228.0,28409.0
2026-05-04 11:40:00,7227.75,7234.0,7222.25,7232.5,21054.0
2026-05-04 11:45:00,7232.25,7232.75,7224.0,7225.0,18285.0
2026-05-04 11:50:00,7225.0,7231.25,7218.75,7229.75,25845.0
2026-05-04 11:55:00,7229.5,7232.5,7223.75,7225.25,15812.0
2026-05-04 12:00:00,7225.25,7227.0,7218.75,7221.75,13684.0
2026-05-04 12:05:00,7221.75,7222.75,7199.5,7210.0,45323.0
2026-05-04 12:10:00,7210.0,7215.25,7204.25,7208.5,20609.0
2026-05-04 12:15:00,7208.75,7225.5,7204.0,7221.25,32945.0
2026-05-04 12:20:00,7221.25,7228.25,7219.5,7224.0,21380.0
2026-05-04 12:25:00,7223.75,7227.75,7218.0,7219.25,14326.0
2026-05-04 12:30:00,7219.5,7226.25,7217.75,7225.25,12891.0
2026-05-04 12:35:00,7225.0,7225.75,7215.5,7217.75,14125.0
2026-05-04 12:40:00,7218.0,7222.75,7217.5,7218.25,9185.0
2026-05-04 12:45:00,7218.5,7220.5,7216.0,7218.75,8449.0
2026-05-04 12:50:00,7218.5,7219.5,7212.75,7216.0,13724.0
2026-05-04 12:55:00,7216.0,7218.5,7214.0,7215.0,8347.0
2026-05-04 13:00:00,7214.75,7222.0,7214.25,7220.25,15827.0
2026-05-04 13:05:00,7220.25,7224.75,7219.5,7224.0,11328.0
2026-05-04 13:10:00,7224.0,7226.25,7221.0,7224.0,7321.0
2026-05-04 13:15:00,7224.0,7235.0,7222.0,7232.5,21508.0
2026-05-04 13:20:00,7232.5,7236.25,7230.75,7234.5,9660.0
2026-05-04 13:25:00,7234.75,7235.75,7231.5,7235.25,7811.0
2026-05-04 13:30:00,7235.5,7235.75,7230.5,7230.75,8077.0
2026-05-04 13:35:00,7230.75,7231.25,7225.25,7230.5,11441.0
2026-05-04 13:40:00,7230.5,7232.75,7228.0,7231.5,6133.0
2026-05-04 13:45:00,7231.75,7233.25,7230.25,7232.5,4925.0
2026-05-04 13:50:00,7232.75,7236.0,7232.25,7233.25,7546.0
2026-05-04 13:55:00,7233.25,7235.5,7232.75,7232.75,5235.0
2026-05-04 14:00:00,7233.0,7239.0,7232.25,7238.75,10879.0
2026-05-04 14:05:00,7238.5,7239.5,7235.0,7236.5,8003.0
2026-05-04 14:10:00,7236.25,7237.0,7233.75,7234.0,6062.0
2026-05-04 14:15:00,7234.0,7234.25,7231.0,7231.75,7953.0
2026-05-04 14:20:00,7231.75,7232.25,7224.75,7226.25,11270.0
2026-05-04 14:25:00,7226.25,7227.75,7221.0,7227.0,12203.0
2026-05-04 14:30:00,7227.0,7228.0,7223.5,7225.5,9196.0
2026-05-04 14:35:00,7225.5,7225.5,7222.0,7224.5,8943.0
2026-05-04 14:40:00,7224.25,7225.25,7219.25,7219.75,5783.0
2026-05-04 14:45:00,7219.75,7224.25,7217.5,7224.0,9396.0
2026-05-04 14:50:00,7224.0,7225.0,7218.5,7220.5,12023.0
2026-05-04 14:55:00,7220.25,7225.0,7219.75,7223.75,8410.0
2026-05-04 15:00:00,7224.0,7224.5,7220.5,7222.75,6918.0
2026-05-04 15:05:00,7222.5,7231.5,7222.0,7228.25,26426.0
2026-05-04 15:10:00,7228.0,7229.5,7226.75,7229.5,6482.0
2026-05-04 15:15:00,7229.5,7231.0,7228.0,7228.25,6834.0
2026-05-04 15:20:00,7228.25,7229.25,7226.25,7228.0,5794.0
2026-05-04 15:25:00,7228.25,7229.75,7223.25,7226.75,11928.0
2026-05-04 15:30:00,7226.75,7229.75,7226.25,7229.0,7135.0
2026-05-04 15:35:00,7229.0,7231.5,7228.25,7228.75,6446.0
2026-05-04 15:40:00,7228.75,7229.75,7225.75,7226.5,7120.0
2026-05-04 15:45:00,7226.5,7231.0,7225.0,7230.5,9933.0
2026-05-04 15:50:00,7230.5,7230.75,7223.25,7225.0,21153.0
2026-05-04 15:55:00,7225.0,7231.5,7223.25,7231.25,58886.0
2026-05-04 16:00:00,7231.0,7231.5,7225.5,7225.75,16387.0
2026-05-05 09:30:00,7267.5,7272.0,7264.25,7271.75,30677.0
2026-05-05 09:35:00,7272.0,7274.0,7268.0,7269.5,19066.0
2026-05-05 09:40:00,7269.5,7273.0,7267.0,7271.5,15126.0
2026-05-05 09:45:00,7271.5,7275.25,7270.0,7270.75,20499.0
2026-05-05 09:50:00,7270.75,7277.25,7270.5,7272.75,21865.0
2026-05-05 09:55:00,7272.75,7275.0,7272.0,7275.0,10770.0
2026-05-05 10:00:00,7275.0,7277.25,7270.5,7277.0,16240.0
2026-05-05 10:05:00,7277.0,7282.0,7275.75,7281.25,16585.0
2026-05-05 10:10:00,7281.5,7283.5,7270.75,7272.25,34384.0
2026-05-05 10:15:00,7272.25,7276.75,7266.75,7270.75,45667.0
2026-05-05 10:20:00,7270.5,7281.75,7269.0,7280.75,22176.0
2026-05-05 10:25:00,7280.75,7286.25,7280.25,7282.5,18100.0
2026-05-05 10:30:00,7282.5,7283.5,7277.5,7279.5,13074.0
2026-05-05 10:35:00,7279.5,7281.0,7274.75,7276.0,14445.0
2026-05-05 10:40:00,7276.0,7280.0,7275.5,7276.25,13127.0
2026-05-05 10:45:00,7276.25,7278.0,7273.0,7276.25,12373.0
2026-05-05 10:50:00,7276.25,7278.5,7274.0,7278.5,9191.0
2026-05-05 10:55:00,7278.5,7281.0,7278.0,7280.75,8614.0
2026-05-05 11:00:00,7280.5,7284.5,7279.25,7284.0,12895.0
2026-05-05 11:05:00,7284.25,7285.75,7282.0,7282.5,11843.0
2026-05-05 11:10:00,7282.5,7285.75,7282.25,7284.75,8063.0
2026-05-05 11:15:00,7284.75,7285.75,7282.75,7283.0,8572.0
2026-05-05 11:20:00,7283.25,7284.25,7280.25,7280.75,10103.0
2026-05-05 11:25:00,7280.75,7284.25,7280.25,7284.25,8086.0
2026-05-05 11:30:00,7284.25,7284.75,7278.5,7279.0,10292.0
2026-05-05 11:35:00,7279.0,7281.5,7278.75,7280.75,9130.0
2026-05-05 11:40:00,7280.75,7281.0,7279.0,7280.75,5373.0
2026-05-05 11:45:00,7280.5,7283.5,7280.5,7282.25,7592.0
2026-05-05 11:50:00,7282.25,7283.5,7280.75,7281.5,6563.0
2026-05-05 11:55:00,7281.5,7281.5,7278.75,7279.5,7046.0
2026-05-05 12:00:00,7279.75,7283.0,7279.25,7282.25,6165.0
2026-05-05 12:05:00,7282.25,7284.75,7282.25,7284.0,6248.0
2026-05-05 12:10:00,7284.0,7285.25,7284.0,7284.0,3915.0
2026-05-05 12:15:00,7284.25,7285.5,7283.0,7285.25,5017.0
2026-05-05 12:20:00,7285.25,7288.0,7284.75,7286.5,7440.0
2026-05-05 12:25:00,7286.5,7287.5,7279.0,7285.25,11673.0
2026-05-05 12:30:00,7285.25,7285.5,7282.5,7284.0,6176.0
2026-05-05 12:35:00,7284.25,7286.0,7283.25,7283.5,4644.0
2026-05-05 12:40:00,7283.5,7284.5,7281.75,7283.5,5993.0
2026-05-05 12:45:00,7283.75,7286.75,7282.75,7285.5,5073.0
2026-05-05 12:50:00,7285.5,7286.0,7284.0,7284.5,3333.0
2026-05-05 12:55:00,7284.5,7286.0,7283.75,7284.0,4141.0
2026-05-05 13:00:00,7284.0,7285.0,7282.5,7284.25,4619.0
2026-05-05 13:05:00,7284.25,7284.75,7280.25,7281.5,5473.0
2026-05-05 13:10:00,7281.5,7282.75,7280.25,7281.75,4611.0
2026-05-05 13:15:00,7282.0,7285.75,7281.75,7285.0,6698.0
2026-05-05 13:20:00,7285.0,7286.0,7283.75,7285.0,5364.0
2026-05-05 13:25:00,7285.0,7288.0,7285.0,7287.75,4667.0
2026-05-05 13:30:00,7287.75,7289.0,7286.25,7287.5,6901.0
2026-05-05 13:35:00,7287.25,7289.5,7287.0,7287.5,4788.0
2026-05-05 13:40:00,7287.5,7288.5,7287.0,7287.5,3449.0
2026-05-05 13:45:00,7287.75,7288.75,7287.75,7288.0,2852.0
2026-05-05 13:50:00,7288.25,7291.25,7288.0,7290.25,7250.0
2026-05-05 13:55:00,7290.0,7291.5,7289.25,7289.25,5145.0
2026-05-05 14:00:00,7289.25,7291.0,7289.0,7291.0,3840.0
2026-05-05 14:05:00,7291.0,7292.75,7290.25,7291.5,7781.0
2026-05-05 14:10:00,7291.75,7295.75,7291.25,7295.5,7607.0
2026-05-05 14:15:00,7295.5,7296.25,7293.75,7294.0,6069.0
2026-05-05 14:20:00,7294.0,7295.75,7294.0,7294.0,5436.0
2026-05-05 14:25:00,7294.25,7295.75,7293.5,7293.75,4455.0
2026-05-05 14:30:00,7294.0,7294.5,7291.75,7291.75,6234.0
2026-05-05 14:35:00,7292.0,7293.25,7290.5,7290.5,3983.0
2026-05-05 14:40:00,7290.5,7292.25,7290.25,7291.75,5118.0
2026-05-05 14:45:00,7291.75,7293.75,7291.5,7293.0,4521.0
2026-05-05 14:50:00,7293.25,7294.0,7290.5,7292.0,5911.0
2026-05-05 14:55:00,7292.25,7293.0,7291.75,7292.75,4148.0
2026-05-05 15:00:00,7292.75,7294.5,7292.25,7294.25,6140.0
2026-05-05 15:05:00,7294.25,7296.75,7294.0,7296.75,6779.0
2026-05-05 15:10:00,7296.5,7299.5,7296.25,7296.75,10406.0
2026-05-05 15:15:00,7296.75,7298.25,7294.75,7298.0,8673.0
2026-05-05 15:20:00,7298.25,7299.0,7296.5,7298.75,6698.0
2026-05-05 15:25:00,7298.75,7299.75,7296.5,7296.5,8682.0
2026-05-05 15:30:00,7296.5,7298.5,7295.75,7296.25,7093.0
2026-05-05 15:35:00,7296.25,7297.75,7294.0,7297.0,8090.0
2026-05-05 15:40:00,7297.25,7297.5,7295.25,7297.0,7046.0
2026-05-05 15:45:00,7297.0,7297.5,7294.0,7294.0,7553.0
2026-05-05 15:50:00,7294.0,7294.0,7285.0,7286.75,44878.0
2026-05-05 15:55:00,7286.75,7288.25,7282.5,7287.0,71289.0
2026-05-05 16:00:00,7286.75,7289.5,7286.0,7289.0,17433.0
2026-05-06 09:30:00,7331.0,7341.0,7327.25,7340.75,37357.0
2026-05-06 09:35:00,7341.0,7345.0,7339.25,7340.0,24443.0
2026-05-06 09:40:00,7340.25,7341.75,7337.5,7340.75,17877.0
2026-05-06 09:45:00,7341.0,7344.5,7338.5,7340.25,21608.0
2026-05-06 09:50:00,7340.25,7347.0,7331.5,7346.0,27431.0
2026-05-06 09:55:00,7346.0,7347.5,7340.75,7346.0,17170.0
2026-05-06 10:00:00,7346.0,7349.5,7342.75,7343.5,19925.0
2026-05-06 10:05:00,7343.5,7347.75,7336.25,7347.0,28373.0
2026-05-06 10:10:00,7347.0,7352.0,7346.5,7350.25,20286.0
2026-05-06 10:15:00,7350.25,7352.0,7345.0,7347.0,23449.0
2026-05-06 10:20:00,7347.0,7352.5,7346.5,7352.0,15355.0
2026-05-06 10:25:00,7352.0,7356.5,7349.5,7350.0,20274.0
2026-05-06 10:30:00,7350.0,7359.5,7349.75,7359.25,19106.0
2026-05-06 10:35:00,7359.25,7362.75,7358.5,7362.0,15593.0
2026-05-06 10:40:00,7362.25,7369.5,7361.75,7368.25,30913.0
2026-05-06 10:45:00,7368.25,7370.0,7364.5,7367.25,22393.0
2026-05-06 10:50:00,7367.5,7369.25,7366.0,7369.0,13236.0
2026-05-06 10:55:00,7369.0,7372.0,7368.75,7371.25,13700.0
2026-05-06 11:00:00,7371.5,7374.75,7370.5,7373.25,16702.0
2026-05-06 11:05:00,7373.25,7375.0,7367.75,7368.5,15671.0
2026-05-06 11:10:00,7368.5,7371.75,7363.75,7367.0,18913.0
2026-05-06 11:15:00,7367.0,7372.0,7365.0,7371.75,15247.0
2026-05-06 11:20:00,7371.75,7373.5,7371.0,7372.0,12511.0
2026-05-06 11:25:00,7372.0,7372.75,7369.5,7370.0,10437.0
2026-05-06 11:30:00,7370.0,7371.0,7367.5,7369.25,14399.0
2026-05-06 11:35:00,7369.25,7370.0,7364.0,7364.25,11475.0
2026-05-06 11:40:00,7364.25,7366.75,7358.75,7362.75,24588.0
2026-05-06 11:45:00,7362.75,7366.75,7361.25,7364.75,14311.0
2026-05-06 11:50:00,7365.0,7367.25,7362.75,7367.0,8562.0
2026-05-06 11:55:00,7367.0,7368.5,7365.25,7365.75,7381.0
2026-05-06 12:00:00,7365.75,7368.5,7364.0,7367.5,8459.0
2026-05-06 12:05:00,7367.5,7369.0,7364.75,7365.75,6615.0
2026-05-06 12:10:00,7365.75,7369.25,7365.25,7368.5,5596.0
2026-05-06 12:15:00,7368.5,7369.5,7367.5,7367.75,5792.0
2026-05-06 12:20:00,7367.5,7368.75,7366.75,7368.0,4345.0
2026-05-06 12:25:00,7368.0,7369.75,7366.25,7367.0,5276.0
2026-05-06 12:30:00,7366.75,7367.75,7365.75,7367.0,5035.0
2026-05-06 12:35:00,7366.75,7367.0,7364.0,7366.0,5469.0
2026-05-06 12:40:00,7366.0,7367.5,7364.75,7365.25,4351.0
2026-05-06 12:45:00,7365.5,7365.75,7360.75,7362.75,8614.0
2026-05-06 12:50:00,7362.75,7363.5,7357.75,7358.25,11137.0
2026-05-06 12:55:00,7358.25,7362.25,7354.5,7359.0,16397.0
2026-05-06 13:00:00,7359.25,7362.0,7355.5,7362.0,9550.0
2026-05-06 13:05:00,7362.0,7365.25,7361.25,7364.0,6359.0
2026-05-06 13:10:00,7364.0,7366.75,7363.25,7364.5,8350.0
2026-05-06 13:15:00,7364.5,7366.0,7363.0,7365.0,5179.0
2026-05-06 13:20:00,7365.0,7367.75,7364.5,7365.75,5361.0
2026-05-06 13:25:00,7366.0,7366.75,7364.5,7366.0,4144.0
2026-05-06 13:30:00,7366.0,7368.25,7365.75,7366.75,4059.0
2026-05-06 13:35:00,7366.75,7368.75,7365.75,7365.75,4365.0
2026-05-06 13:40:00,7366.0,7368.25,7364.75,7368.25,5293.0
2026-05-06 13:45:00,7368.25,7369.5,7367.5,7368.0,3827.0
2026-05-06 13:50:00,7368.0,7370.0,7367.25,7369.25,3795.0
2026-05-06 13:55:00,7369.25,7371.0,7368.75,7371.0,4111.0
2026-05-06 14:00:00,7371.0,7372.75,7369.75,7371.75,9752.0
2026-05-06 14:05:00,7371.75,7375.0,7371.5,7374.75,9393.0
2026-05-06 14:10:00,7374.75,7375.5,7373.0,7374.5,8748.0
2026-05-06 14:15:00,7374.75,7380.0,7374.5,7378.5,13369.0
2026-05-06 14:20:00,7378.75,7381.75,7378.25,7380.5,9915.0
2026-05-06 14:25:00,7380.5,7381.25,7379.25,7380.0,7600.0
2026-05-06 14:30:00,7380.25,7382.0,7378.5,7382.0,7419.0
2026-05-06 14:35:00,7381.75,7384.5,7380.75,7381.75,9621.0
2026-05-06 14:40:00,7381.75,7382.0,7379.75,7379.75,6543.0
2026-05-06 14:45:00,7380.0,7381.25,7377.25,7378.0,8415.0
2026-05-06 14:50:00,7378.0,7380.75,7376.75,7380.25,8379.0
2026-05-06 14:55:00,7380.25,7381.25,7379.25,7379.25,7564.0
2026-05-06 15:00:00,7379.25,7384.25,7379.0,7383.0,11404.0
2026-05-06 15:05:00,7383.25,7387.25,7382.25,7385.25,11069.0
2026-05-06 15:10:00,7385.25,7388.0,7385.0,7387.5,9424.0
2026-05-06 15:15:00,7387.25,7388.5,7385.75,7387.75,9651.0
2026-05-06 15:20:00,7388.0,7390.0,7387.0,7388.25,9859.0
2026-05-06 15:25:00,7388.5,7389.5,7386.0,7388.5,10617.0
2026-05-06 15:30:00,7388.25,7388.5,7385.25,7386.25,10168.0
2026-05-06 15:35:00,7386.25,7390.0,7385.75,7389.5,9179.0
2026-05-06 15:40:00,7389.5,7390.0,7386.5,7386.75,10154.0
2026-05-06 15:45:00,7386.75,7389.75,7385.75,7386.75,11689.0
2026-05-06 15:50:00,7386.5,7395.75,7386.5,7394.5,44484.0
2026-05-06 15:55:00,7394.25,7395.75,7386.5,7387.0,101768.0
2026-05-06 16:00:00,7387.0,7391.25,7385.0,7388.5,34587.0
2026-05-07 09:30:00,7399.25,7400.25,7393.25,7394.0,27883.0
2026-05-07 09:35:00,7394.0,7395.0,7391.0,7393.75,23789.0
2026-05-07 09:40:00,7393.75,7394.5,7390.0,7391.0,18844.0
2026-05-07 09:45:00,7391.0,7393.0,7384.25,7385.25,27366.0
2026-05-07 09:50:00,7385.25,7389.0,7383.75,7388.75,20613.0
2026-05-07 09:55:00,7388.75,7391.5,7385.25,7387.75,18841.0
2026-05-07 10:00:00,7387.75,7394.25,7387.25,7393.75,19430.0
2026-05-07 10:05:00,7393.75,7397.5,7392.0,7395.25,17072.0
2026-05-07 10:10:00,7395.5,7396.75,7393.0,7393.25,14083.0
2026-05-07 10:15:00,7393.25,7396.0,7389.0,7394.0,22735.0
2026-05-07 10:20:00,7394.0,7398.75,7393.5,7394.5,15543.0
2026-05-07 10:25:00,7394.5,7397.5,7393.5,7393.75,11215.0
2026-05-07 10:30:00,7394.0,7396.75,7393.0,7396.0,13011.0
2026-05-07 10:35:00,7396.0,7400.25,7393.75,7400.25,17544.0
2026-05-07 10:40:00,7400.25,7401.75,7398.75,7400.25,13687.0
2026-05-07 10:45:00,7400.25,7404.0,7398.25,7400.5,14015.0
2026-05-07 10:50:00,7400.5,7405.75,7400.0,7405.75,10575.0
2026-05-07 10:55:00,7405.75,7409.5,7405.75,7409.25,13511.0
2026-05-07 11:00:00,7409.5,7410.0,7405.5,7407.0,12057.0
2026-05-07 11:05:00,7407.0,7407.0,7400.25,7404.75,14605.0
2026-05-07 11:10:00,7404.75,7406.25,7400.75,7401.5,11949.0
2026-05-07 11:15:00,7401.5,7404.5,7401.0,7402.5,9168.0
2026-05-07 11:20:00,7402.25,7404.0,7398.0,7399.25,18079.0
2026-05-07 11:25:00,7399.25,7400.75,7391.25,7397.5,25249.0
2026-05-07 11:30:00,7397.5,7404.75,7396.75,7403.75,17757.0
2026-05-07 11:35:00,7403.5,7404.25,7400.5,7400.75,12453.0
2026-05-07 11:40:00,7400.75,7403.5,7398.75,7401.25,8851.0
2026-05-07 11:45:00,7401.0,7402.5,7396.25,7396.75,9151.0
2026-05-07 11:50:00,7396.75,7398.0,7393.5,7397.0,12892.0
2026-05-07 11:55:00,7396.75,7397.25,7386.0,7388.0,19336.0
2026-05-07 12:00:00,7388.0,7388.5,7381.25,7382.0,26596.0
2026-05-07 12:05:00,7382.0,7382.25,7377.25,7381.75,22366.0
2026-05-07 12:10:00,7381.75,7382.0,7374.25,7375.0,21399.0
2026-05-07 12:15:00,7375.0,7375.0,7366.0,7367.0,36505.0
2026-05-07 12:20:00,7367.0,7375.75,7365.75,7375.0,23567.0
2026-05-07 12:25:00,7375.25,7382.5,7375.25,7382.0,18730.0
2026-05-07 12:30:00,7381.75,7386.5,7379.25,7384.5,15514.0
2026-05-07 12:35:00,7384.25,7384.5,7375.0,7375.5,14610.0
2026-05-07 12:40:00,7375.5,7380.0,7373.25,7375.75,13632.0
2026-05-07 12:45:00,7375.75,7377.0,7371.75,7372.75,11039.0
2026-05-07 12:50:00,7372.75,7373.5,7368.25,7372.0,15327.0
2026-05-07 12:55:00,7372.0,7373.25,7364.0,7368.5,16524.0
2026-05-07 13:00:00,7368.5,7370.75,7365.0,7368.25,13691.0
2026-05-07 13:05:00,7368.5,7374.75,7366.0,7370.0,14073.0
2026-05-07 13:10:00,7370.0,7371.5,7364.75,7368.0,12882.0
2026-05-07 13:15:00,7368.0,7368.0,7360.25,7362.0,15888.0
2026-05-07 13:20:00,7361.75,7370.25,7359.5,7369.5,17908.0
2026-05-07 13:25:00,7369.75,7373.75,7345.75,7354.25,58546.0
2026-05-07 13:30:00,7354.5,7360.0,7350.0,7358.0,22664.0
2026-05-07 13:35:00,7358.25,7364.75,7355.25,7362.0,16343.0
2026-05-07 13:40:00,7362.0,7365.25,7354.75,7356.0,11792.0
2026-05-07 13:45:00,7355.75,7357.25,7351.75,7353.75,10346.0
2026-05-07 13:50:00,7353.75,7356.0,7349.5,7352.75,15422.0
2026-05-07 13:55:00,7352.75,7366.25,7351.25,7365.25,27218.0
2026-05-07 14:00:00,7365.25,7366.75,7359.5,7363.0,17163.0
2026-05-07 14:05:00,7363.0,7369.75,7360.5,7362.0,14284.0
2026-05-07 14:10:00,7362.0,7365.5,7358.75,7364.5,10696.0
2026-05-07 14:15:00,7364.75,7370.5,7364.25,7366.75,9555.0
2026-05-07 14:20:00,7367.0,7368.75,7362.5,7363.0,8116.0
2026-05-07 14:25:00,7363.0,7363.5,7359.75,7361.25,9655.0
2026-05-07 14:30:00,7361.0,7367.5,7360.5,7365.5,8592.0
2026-05-07 14:35:00,7365.75,7367.25,7357.75,7362.25,11318.0
2026-05-07 14:40:00,7362.5,7363.5,7347.5,7351.25,18989.0
2026-05-07 14:45:00,7351.25,7355.5,7345.5,7350.0,20245.0
2026-05-07 14:50:00,7350.25,7355.75,7347.25,7353.75,14513.0
2026-05-07 14:55:00,7353.75,7360.25,7351.5,7359.75,19303.0
2026-05-07 15:00:00,7359.75,7362.75,7355.0,7357.25,9811.0
2026-05-07 15:05:00,7357.25,7360.75,7355.75,7357.75,8875.0
2026-05-07 15:10:00,7357.5,7363.75,7356.5,7360.25,10021.0
2026-05-07 15:15:00,7360.5,7361.75,7351.75,7354.5,18068.0
2026-05-07 15:20:00,7354.5,7355.75,7349.5,7350.25,12966.0
2026-05-07 15:25:00,7350.5,7356.5,7348.5,7354.0,14482.0
2026-05-07 15:30:00,7353.75,7359.5,7352.5,7358.25,11372.0
2026-05-07 15:35:00,7358.0,7362.75,7356.75,7362.0,10761.0
2026-05-07 15:40:00,7362.0,7363.5,7358.75,7361.25,10136.0
2026-05-07 15:45:00,7361.5,7362.75,7358.0,7361.0,14099.0
2026-05-07 15:50:00,7361.0,7367.5,7354.75,7357.75,41225.0
2026-05-07 15:55:00,7358.0,7365.0,7356.25,7364.25,89609.0
2026-05-07 16:00:00,7364.25,7378.75,7355.0,7373.5,48275.0
2026-05-08 09:30:00,7395.75,7399.75,7393.25,7399.25,28598.0
2026-05-08 09:35:00,7399.5,7401.25,7394.75,7395.75,18997.0
2026-05-08 09:40:00,7395.75,7399.5,7391.75,7399.5,19890.0
2026-05-08 09:45:00,7399.5,7409.5,7399.25,7407.5,22502.0
2026-05-08 09:50:00,7407.25,7410.75,7405.25,7406.5,17285.0
2026-05-08 09:55:00,7406.5,7413.75,7405.5,7413.5,11535.0
2026-05-08 10:00:00,7413.5,7416.0,7409.25,7414.75,23071.0
2026-05-08 10:05:00,7414.75,7415.25,7409.75,7412.75,16644.0
2026-05-08 10:10:00,7412.75,7416.0,7409.5,7415.25,18693.0
2026-05-08 10:15:00,7415.25,7417.25,7412.5,7416.0,14531.0
2026-05-08 10:20:00,7416.25,7420.25,7415.25,7419.75,17068.0
2026-05-08 10:25:00,7419.75,7422.75,7414.25,7415.25,19970.0
2026-05-08 10:30:00,7415.25,7415.5,7410.5,7412.25,15697.0
2026-05-08 10:35:00,7412.25,7416.75,7408.25,7416.75,15106.0
2026-05-08 10:40:00,7416.5,7418.75,7414.75,7418.5,11328.0
2026-05-08 10:45:00,7418.75,7422.0,7416.75,7419.0,12534.0
2026-05-08 10:50:00,7419.0,7420.25,7417.25,7420.0,8612.0
2026-05-08 10:55:00,7420.0,7421.5,7417.5,7417.75,10126.0
2026-05-08 11:00:00,7417.75,7420.5,7417.0,7417.75,10873.0
2026-05-08 11:05:00,7417.75,7420.75,7414.0,7414.25,12859.0
2026-05-08 11:10:00,7414.25,7416.5,7411.5,7412.75,10138.0
2026-05-08 11:15:00,7412.75,7413.0,7407.25,7411.0,14098.0
2026-05-08 11:20:00,7410.75,7416.75,7409.75,7412.5,12577.0
2026-05-08 11:25:00,7412.75,7416.25,7411.5,7416.0,8251.0
2026-05-08 11:30:00,7416.0,7417.0,7410.0,7416.5,15435.0
2026-05-08 11:35:00,7416.5,7420.5,7415.75,7419.75,11992.0
2026-05-08 11:40:00,7419.75,7420.5,7412.5,7414.5,13204.0
2026-05-08 11:45:00,7414.5,7420.5,7413.25,7417.75,12630.0
2026-05-08 11:50:00,7417.75,7418.75,7414.5,7417.0,7489.0
2026-05-08 11:55:00,7417.25,7418.25,7413.75,7416.0,7073.0
2026-05-08 12:00:00,7415.75,7419.75,7415.5,7418.25,10368.0
2026-05-08 12:05:00,7418.25,7422.25,7418.0,7419.5,9458.0
2026-05-08 12:10:00,7419.5,7421.5,7417.75,7420.75,5671.0
2026-05-08 12:15:00,7420.75,7422.25,7419.5,7419.5,6061.0
2026-05-08 12:20:00,7419.5,7421.25,7419.0,7420.75,4101.0
2026-05-08 12:25:00,7420.75,7424.25,7419.75,7422.25,7900.0
2026-05-08 12:30:00,7422.5,7423.25,7419.75,7421.5,5390.0
2026-05-08 12:35:00,7421.5,7422.75,7418.75,7420.5,6924.0
2026-05-08 12:40:00,7420.75,7421.25,7415.0,7415.25,9353.0
2026-05-08 12:45:00,7415.25,7420.25,7415.0,7420.0,7726.0
2026-05-08 12:50:00,7420.25,7420.25,7416.75,7417.25,6424.0
2026-05-08 12:55:00,7417.5,7417.75,7415.5,7415.75,7135.0
2026-05-08 13:00:00,7415.75,7422.0,7414.75,7421.5,10585.0
2026-05-08 13:05:00,7421.5,7423.0,7418.25,7420.0,8827.0
2026-05-08 13:10:00,7420.25,7420.25,7418.0,7418.5,4585.0
2026-05-08 13:15:00,7418.5,7422.0,7418.5,7422.0,4765.0
2026-05-08 13:20:00,7422.0,7424.0,7420.75,7423.0,6654.0
2026-05-08 13:25:00,7423.0,7425.0,7423.0,7423.5,8244.0
2026-05-08 13:30:00,7423.5,7424.75,7422.5,7423.75,4914.0
2026-05-08 13:35:00,7423.75,7426.0,7421.25,7421.25,6292.0
2026-05-08 13:40:00,7421.25,7422.25,7419.5,7419.75,6041.0
2026-05-08 13:45:00,7419.75,7423.0,7418.75,7419.25,6783.0
2026-05-08 13:50:00,7419.5,7420.75,7417.5,7420.5,7907.0
2026-05-08 13:55:00,7420.5,7421.75,7418.5,7418.75,4496.0
2026-05-08 14:00:00,7418.75,7427.75,7418.5,7422.75,19343.0
2026-05-08 14:05:00,7422.75,7424.0,7420.0,7420.75,5277.0
2026-05-08 14:10:00,7421.0,7425.5,7420.25,7425.0,7400.0
2026-05-08 14:15:00,7424.75,7426.5,7423.75,7424.5,6154.0
2026-05-08 14:20:00,7424.5,7426.0,7424.0,7424.75,3800.0
2026-05-08 14:25:00,7424.75,7425.25,7423.25,7424.0,4445.0
2026-05-08 14:30:00,7424.25,7426.75,7422.75,7422.75,6153.0
2026-05-08 14:35:00,7422.75,7423.75,7421.25,7421.5,4518.0
2026-05-08 14:40:00,7421.5,7422.5,7419.0,7419.25,6175.0
2026-05-08 14:45:00,7419.25,7419.25,7415.0,7416.0,10716.0
2026-05-08 14:50:00,7416.25,7417.0,7411.0,7412.5,11739.0
2026-05-08 14:55:00,7412.25,7414.25,7407.5,7410.75,18286.0
2026-05-08 15:00:00,7410.5,7414.75,7410.0,7412.75,9186.0
2026-05-08 15:05:00,7412.75,7417.25,7411.25,7415.25,9011.0
2026-05-08 15:10:00,7415.0,7416.75,7413.75,7414.75,5375.0
2026-05-08 15:15:00,7414.75,7418.25,7414.25,7418.0,6797.0
2026-05-08 15:20:00,7418.0,7418.75,7415.75,7416.25,9126.0
2026-05-08 15:25:00,7416.25,7417.5,7412.75,7412.75,8281.0
2026-05-08 15:30:00,7413.0,7417.25,7411.5,7416.75,8397.0
2026-05-08 15:35:00,7417.0,7419.0,7415.25,7417.5,8734.0
2026-05-08 15:40:00,7417.75,7420.75,7417.5,7419.75,13725.0
2026-05-08 15:45:00,7419.75,7421.5,7418.25,7418.5,11028.0
2026-05-08 15:50:00,7418.25,7421.5,7417.25,7421.0,22820.0
2026-05-08 15:55:00,7420.75,7422.0,7417.0,7421.25,88064.0
2026-05-08 16:00:00,7421.25,7425.0,7418.5,7423.5,34114.0
2026-05-11 09:30:00,7410.0,7424.75,7410.0,7424.5,37240.0
2026-05-11 09:35:00,7424.75,7424.75,7419.5,7421.25,20221.0
2026-05-11 09:40:00,7421.5,7429.5,7420.5,7429.5,17959.0
2026-05-11 09:45:00,7429.5,7437.25,7429.0,7433.75,22673.0
2026-05-11 09:50:00,7433.75,7437.0,7430.0,7431.0,16409.0
2026-05-11 09:55:00,7431.0,7433.75,7429.0,7432.75,18199.0
2026-05-11 10:00:00,7432.5,7433.75,7430.75,7431.5,12499.0
2026-05-11 10:05:00,7431.5,7434.75,7430.5,7433.5,10476.0
2026-05-11 10:10:00,7433.75,7436.5,7431.25,7436.5,10637.0
2026-05-11 10:15:00,7436.5,7441.0,7435.75,7441.0,16676.0
2026-05-11 10:20:00,7440.75,7441.75,7439.75,7441.25,11338.0
2026-05-11 10:25:00,7441.25,7442.0,7430.25,7430.25,19691.0
2026-05-11 10:30:00,7430.25,7433.0,7421.5,7430.5,33892.0
2026-05-11 10:35:00,7430.5,7434.0,7428.25,7432.0,18287.0
2026-05-11 10:40:00,7432.0,7437.0,7431.75,7435.75,11138.0
2026-05-11 10:45:00,7435.75,7437.75,7432.5,7436.75,12506.0
2026-05-11 10:50:00,7436.75,7444.75,7436.25,7444.25,20487.0
2026-05-11 10:55:00,7444.25,7445.75,7440.25,7443.0,12400.0
2026-05-11 11:00:00,7442.75,7443.75,7440.5,7442.5,8779.0
2026-05-11 11:05:00,7442.25,7443.0,7440.5,7442.25,6787.0
2026-05-11 11:10:00,7442.25,7442.75,7436.75,7437.5,10261.0
2026-05-11 11:15:00,7437.5,7441.25,7435.75,7441.25,9380.0
2026-05-11 11:20:00,7441.0,7444.25,7440.0,7444.0,7360.0
2026-05-11 11:25:00,7444.0,7447.25,7443.25,7447.0,10240.0
2026-05-11 11:30:00,7447.0,7448.0,7444.75,7445.25,11820.0
2026-05-11 11:35:00,7445.5,7447.0,7443.75,7447.0,8622.0
2026-05-11 11:40:00,7447.0,7448.25,7443.25,7444.75,12601.0
2026-05-11 11:45:00,7445.0,7446.75,7443.5,7445.5,13315.0
2026-05-11 11:50:00,7445.25,7448.75,7443.5,7448.0,7147.0
2026-05-11 11:55:00,7448.25,7449.75,7447.0,7448.5,6752.0
2026-05-11 12:00:00,7448.25,7449.25,7446.5,7447.0,6215.0
2026-05-11 12:05:00,7447.0,7448.0,7446.5,7446.75,4848.0
2026-05-11 12:10:00,7447.0,7448.25,7446.25,7447.25,4517.0
2026-05-11 12:15:00,7447.25,7448.25,7446.0,7446.75,5835.0
2026-05-11 12:20:00,7446.5,7449.25,7445.5,7449.25,6339.0
2026-05-11 12:25:00,7449.0,7450.5,7448.75,7449.5,7244.0
2026-05-11 12:30:00,7449.5,7450.5,7448.0,7449.0,5311.0
2026-05-11 12:35:00,7449.0,7449.75,7447.0,7447.0,4419.0
2026-05-11 12:40:00,7447.0,7447.5,7434.25,7442.75,32830.0
2026-05-11 12:45:00,7442.75,7445.25,7441.0,7441.25,10686.0
2026-05-11 12:50:00,7441.25,7442.5,7438.5,7439.25,8918.0
2026-05-11 12:55:00,7439.25,7441.0,7436.5,7439.5,8772.0
2026-05-11 13:00:00,7439.5,7442.0,7439.5,7441.25,6952.0
2026-05-11 13:05:00,7441.25,7442.75,7439.5,7440.5,4645.0
2026-05-11 13:10:00,7440.5,7440.5,7436.0,7436.75,7323.0
2026-05-11 13:15:00,7436.5,7437.5,7434.75,7435.5,8301.0
2026-05-11 13:20:00,7435.75,7442.5,7435.0,7442.0,9464.0
2026-05-11 13:25:00,7442.0,7444.75,7441.5,7444.0,7727.0
2026-05-11 13:30:00,7444.0,7448.5,7444.0,7447.5,9070.0
2026-05-11 13:35:00,7447.75,7450.5,7447.0,7449.0,7743.0
2026-05-11 13:40:00,7449.25,7453.0,7448.25,7452.5,7861.0
2026-05-11 13:45:00,7452.75,7454.75,7449.25,7449.75,8424.0
2026-05-11 13:50:00,7450.0,7450.75,7448.25,7448.75,5786.0
2026-05-11 13:55:00,7448.75,7450.25,7447.75,7448.0,5569.0
2026-05-11 14:00:00,7448.25,7452.75,7448.0,7452.5,6391.0
2026-05-11 14:05:00,7452.5,7452.75,7451.25,7451.75,3702.0
2026-05-11 14:10:00,7452.0,7452.0,7449.0,7449.75,5511.0
2026-05-11 14:15:00,7449.5,7450.25,7448.75,7449.25,3951.0
2026-05-11 14:20:00,7449.5,7451.5,7447.0,7449.25,9762.0
2026-05-11 14:25:00,7449.25,7449.75,7448.5,7449.5,3728.0
2026-05-11 14:30:00,7449.75,7449.75,7446.75,7447.0,5370.0
2026-05-11 14:35:00,7447.0,7448.0,7443.75,7444.0,5968.0
2026-05-11 14:40:00,7444.0,7445.25,7442.25,7443.75,9370.0
2026-05-11 14:45:00,7443.75,7444.0,7441.0,7441.25,7771.0
2026-05-11 14:50:00,7441.5,7441.75,7438.75,7439.75,8901.0
2026-05-11 14:55:00,7439.5,7440.25,7431.0,7431.25,16277.0
2026-05-11 15:00:00,7431.5,7434.5,7428.25,7429.0,17337.0
2026-05-11 15:05:00,7429.0,7436.25,7428.0,7435.5,13539.0
2026-05-11 15:10:00,7435.5,7438.0,7432.75,7434.0,11418.0
2026-05-11 15:15:00,7433.75,7434.25,7430.0,7431.75,9466.0
2026-05-11 15:20:00,7432.0,7432.5,7427.5,7430.25,10477.0
2026-05-11 15:25:00,7430.25,7433.0,7429.0,7431.25,10223.0
2026-05-11 15:30:00,7431.25,7435.0,7429.5,7432.25,11540.0
2026-05-11 15:35:00,7432.5,7433.0,7430.0,7432.5,9690.0
2026-05-11 15:40:00,7432.75,7433.75,7428.25,7428.5,9811.0
2026-05-11 15:45:00,7428.25,7433.25,7427.75,7433.0,12480.0
2026-05-11 15:50:00,7432.75,7437.0,7431.5,7435.5,19037.0
2026-05-11 15:55:00,7435.25,7439.0,7433.5,7438.75,73407.0
2026-05-11 16:00:00,7439.0,7440.25,7435.25,7436.25,19336.0
2026-05-12 09:30:00,7414.0,7417.5,7406.75,7408.75,34408.0
2026-05-12 09:35:00,7408.75,7408.75,7400.25,7405.75,26839.0
2026-05-12 09:40:00,7405.75,7413.0,7403.0,7412.25,24552.0
2026-05-12 09:45:00,7412.5,7414.0,7401.0,7402.75,25936.0
2026-05-12 09:50:00,7402.75,7409.5,7399.25,7403.75,21076.0
2026-05-12 09:55:00,7403.75,7404.25,7393.5,7396.25,30718.0
2026-05-12 10:00:00,7396.0,7398.25,7391.5,7396.0,30217.0
2026-05-12 10:05:00,7396.0,7401.25,7394.75,7398.0,21183.0
2026-05-12 10:10:00,7398.25,7406.5,7395.5,7406.0,20953.0
2026-05-12 10:15:00,7406.25,7408.75,7402.5,7407.0,17606.0
2026-05-12 10:20:00,7406.75,7407.75,7399.5,7400.75,15499.0
2026-05-12 10:25:00,7400.75,7403.5,7390.5,7394.25,22961.0
2026-05-12 10:30:00,7394.25,7394.75,7380.25,7385.25,36334.0
2026-05-12 10:35:00,7385.25,7391.75,7380.0,7391.5,24987.0
2026-05-12 10:40:00,7391.5,7397.0,7387.75,7391.25,20963.0
2026-05-12 10:45:00,7391.25,7391.5,7385.25,7386.0,18021.0
2026-05-12 10:50:00,7386.0,7388.0,7381.75,7385.25,17796.0
2026-05-12 10:55:00,7385.0,7386.5,7381.75,7383.0,13396.0
2026-05-12 11:00:00,7383.0,7384.25,7378.5,7379.75,19498.0
2026-05-12 11:05:00,7379.75,7385.5,7377.5,7385.0,18679.0
2026-05-12 11:10:00,7385.0,7385.5,7376.75,7377.25,12959.0
2026-05-12 11:15:00,7377.25,7377.5,7371.25,7374.75,22455.0
2026-05-12 11:20:00,7374.75,7375.75,7364.5,7366.0,21375.0
2026-05-12 11:25:00,7365.75,7369.5,7363.25,7368.25,23460.0
2026-05-12 11:30:00,7368.25,7375.25,7366.0,7373.5,22532.0
2026-05-12 11:35:00,7373.5,7378.0,7370.0,7376.25,14677.0
2026-05-12 11:40:00,7376.0,7380.75,7373.25,7380.25,12454.0
2026-05-12 11:45:00,7380.5,7382.75,7377.75,7378.5,11574.0
2026-05-12 11:50:00,7378.25,7380.0,7375.75,7376.25,11233.0
2026-05-12 11:55:00,7376.0,7377.5,7368.75,7369.75,14201.0
2026-05-12 12:00:00,7370.0,7378.5,7366.25,7377.5,18824.0
2026-05-12 12:05:00,7377.5,7378.5,7371.75,7373.0,9086.0
2026-05-12 12:10:00,7372.75,7380.0,7372.0,7378.5,9396.0
2026-05-12 12:15:00,7378.5,7379.25,7375.25,7375.5,7161.0
2026-05-12 12:20:00,7375.5,7377.75,7370.75,7373.25,8760.0
2026-05-12 12:25:00,7373.5,7375.25,7371.75,7372.5,8065.0
2026-05-12 12:30:00,7372.5,7373.25,7367.0,7370.5,11316.0
2026-05-12 12:35:00,7370.5,7375.5,7370.5,7373.0,8938.0
2026-05-12 12:40:00,7373.0,7375.0,7368.0,7369.5,8863.0
2026-05-12 12:45:00,7369.25,7371.0,7363.75,7366.5,11200.0
2026-05-12 12:50:00,7366.25,7368.5,7363.5,7365.25,10632.0
2026-05-12 12:55:00,7365.0,7367.5,7363.5,7366.25,8179.0
2026-05-12 13:00:00,7366.25,7375.0,7365.25,7373.75,11613.0
2026-05-12 13:05:00,7373.75,7379.25,7373.5,7375.5,13017.0
2026-05-12 13:10:00,7375.25,7378.75,7374.75,7378.5,9306.0
2026-05-12 13:15:00,7378.25,7386.25,7378.25,7386.0,13074.0
2026-05-12 13:20:00,7385.75,7395.75,7385.75,7390.75,19930.0
2026-05-12 13:25:00,7390.5,7391.0,7386.25,7388.75,14303.0
2026-05-12 13:30:00,7388.75,7395.25,7386.75,7394.75,14911.0
2026-05-12 13:35:00,7394.5,7394.75,7387.5,7391.75,12427.0
2026-05-12 13:40:00,7391.75,7395.0,7391.0,7393.0,8429.0
2026-05-12 13:45:00,7393.25,7394.25,7389.0,7391.75,8042.0
2026-05-12 13:50:00,7392.0,7396.5,7390.25,7396.25,10364.0
2026-05-12 13:55:00,7396.5,7397.25,7392.25,7396.0,12607.0
2026-05-12 14:00:00,7396.0,7397.75,7392.5,7397.0,17906.0
2026-05-12 14:05:00,7397.0,7397.25,7392.5,7394.5,7979.0
2026-05-12 14:10:00,7394.25,7396.75,7391.75,7395.75,8128.0
2026-05-12 14:15:00,7395.75,7398.5,7395.25,7397.25,9169.0
2026-05-12 14:20:00,7397.25,7403.5,7397.0,7403.0,12764.0
2026-05-12 14:25:00,7403.0,7410.0,7403.0,7407.0,24900.0
2026-05-12 14:30:00,7407.0,7409.75,7405.5,7406.25,11853.0
2026-05-12 14:35:00,7406.0,7409.25,7403.5,7406.0,9787.0
2026-05-12 14:40:00,7405.75,7408.5,7405.25,7407.5,5895.0
2026-05-12 14:45:00,7407.5,7408.0,7402.75,7405.5,9638.0
2026-05-12 14:50:00,7405.75,7408.75,7404.0,7407.25,7682.0
2026-05-12 14:55:00,7407.25,7410.5,7404.5,7405.25,10124.0
2026-05-12 15:00:00,7405.25,7408.5,7404.75,7407.75,6851.0
2026-05-12 15:05:00,7407.75,7411.5,7405.75,7409.75,9875.0
2026-05-12 15:10:00,7409.5,7418.5,7409.5,7416.25,14414.0
2026-05-12 15:15:00,7416.5,7419.5,7414.75,7415.25,11601.0
2026-05-12 15:20:00,7415.25,7415.75,7410.5,7414.75,9910.0
2026-05-12 15:25:00,7414.75,7416.5,7414.5,7416.0,6009.0
2026-05-12 15:30:00,7416.0,7425.75,7415.75,7424.0,14102.0
2026-05-12 15:35:00,7424.0,7424.5,7422.0,7423.0,11676.0
2026-05-12 15:40:00,7423.0,7425.75,7421.0,7425.0,10157.0
2026-05-12 15:45:00,7424.75,7427.0,7422.5,7425.75,13315.0
2026-05-12 15:50:00,7425.75,7433.75,7425.75,7428.75,35045.0
2026-05-12 15:55:00,7428.5,7431.0,7424.5,7428.0,103702.0
2026-05-12 16:00:00,7428.25,7428.75,7418.5,7419.25,30048.0
2026-05-13 09:30:00,7429.25,7429.5,7416.75,7420.25,35733.0
2026-05-13 09:35:00,7420.5,7420.5,7411.0,7412.0,24709.0
2026-05-13 09:40:00,7412.25,7419.0,7409.5,7413.5,25939.0
2026-05-13 09:45:00,7413.5,7413.5,7399.0,7408.0,34632.0
2026-05-13 09:50:00,7407.75,7414.5,7404.0,7414.25,21782.0
2026-05-13 09:55:00,7414.25,7417.0,7408.5,7413.5,21217.0
2026-05-13 10:00:00,7413.25,7418.75,7412.25,7416.5,20325.0
2026-05-13 10:05:00,7416.5,7419.25,7414.5,7415.5,16184.0
2026-05-13 10:10:00,7415.25,7421.75,7414.0,7420.5,14880.0
2026-05-13 10:15:00,7420.25,7422.0,7416.0,7417.25,14156.0
2026-05-13 10:20:00,7417.5,7429.25,7416.75,7428.5,16786.0
2026-05-13 10:25:00,7428.5,7432.0,7426.5,7427.5,18029.0
2026-05-13 10:30:00,7427.5,7431.0,7425.5,7431.0,12607.0
2026-05-13 10:35:00,7431.25,7431.5,7422.0,7424.0,15390.0
2026-05-13 10:40:00,7424.0,7430.0,7422.0,7428.25,12091.0
2026-05-13 10:45:00,7428.5,7430.25,7425.25,7429.25,9374.0
2026-05-13 10:50:00,7429.5,7434.25,7428.0,7433.25,11600.0
2026-05-13 10:55:00,7433.5,7434.5,7430.75,7433.0,9628.0
2026-05-13 11:00:00,7433.0,7438.25,7432.75,7436.25,14244.0
2026-05-13 11:05:00,7436.25,7436.5,7432.75,7435.75,10523.0
2026-05-13 11:10:00,7435.75,7436.75,7431.25,7434.0,8178.0
2026-05-13 11:15:00,7434.0,7437.25,7434.0,7437.25,5794.0
2026-05-13 11:20:00,7437.25,7438.25,7435.5,7436.75,8188.0
2026-05-13 11:25:00,7436.75,7438.0,7433.75,7437.25,8502.0
2026-05-13 11:30:00,7437.25,7440.75,7434.0,7440.75,12027.0
2026-05-13 11:35:00,7440.5,7442.75,7439.75,7442.25,9526.0
2026-05-13 11:40:00,7442.5,7447.0,7442.5,7445.75,13305.0
2026-05-13 11:45:00,7445.75,7445.75,7443.0,7443.25,9136.0
2026-05-13 11:50:00,7443.25,7444.75,7440.0,7443.75,10019.0
2026-05-13 11:55:00,7444.0,7444.0,7440.0,7442.0,7484.0
2026-05-13 12:00:00,7442.0,7446.75,7439.75,7446.25,8968.0
2026-05-13 12:05:00,7446.5,7448.25,7444.0,7448.0,8342.0
2026-05-13 12:10:00,7448.0,7451.5,7447.25,7451.25,10555.0
2026-05-13 12:15:00,7451.25,7453.25,7449.5,7452.0,10566.0
2026-05-13 12:20:00,7452.0,7463.75,7451.25,7461.25,17426.0
2026-05-13 12:25:00,7461.5,7464.75,7457.75,7462.5,17791.0
2026-05-13 12:30:00,7462.25,7463.5,7458.75,7462.5,14659.0
2026-05-13 12:35:00,7462.5,7463.5,7460.75,7462.0,9733.0
2026-05-13 12:40:00,7461.75,7463.0,7460.75,7461.0,6837.0
2026-05-13 12:45:00,7461.0,7462.5,7459.0,7460.0,7788.0
2026-05-13 12:50:00,7460.25,7463.75,7459.75,7463.25,7977.0
2026-05-13 12:55:00,7463.5,7467.75,7463.25,7465.25,12625.0
2026-05-13 13:00:00,7465.5,7470.75,7465.5,7469.25,8296.0
2026-05-13 13:05:00,7469.25,7474.0,7469.0,7471.75,8768.0
2026-05-13 13:10:00,7472.0,7474.0,7470.5,7471.5,7334.0
2026-05-13 13:15:00,7471.5,7472.75,7468.75,7469.75,7805.0
2026-05-13 13:20:00,7469.75,7471.5,7468.25,7468.5,6250.0
2026-05-13 13:25:00,7468.5,7473.0,7467.75,7471.0,6490.0
2026-05-13 13:30:00,7470.75,7471.75,7467.5,7467.75,6936.0
2026-05-13 13:35:00,7467.5,7470.0,7466.5,7468.75,6477.0
2026-05-13 13:40:00,7468.5,7471.5,7468.5,7471.0,4924.0
2026-05-13 13:45:00,7471.0,7472.5,7470.25,7470.5,5567.0
2026-05-13 13:50:00,7470.5,7472.5,7470.0,7470.25,3363.0
2026-05-13 13:55:00,7470.0,7470.5,7466.0,7466.25,5959.0
2026-05-13 14:00:00,7466.25,7472.25,7465.75,7472.0,7361.0
2026-05-13 14:05:00,7472.0,7473.75,7470.75,7472.75,6547.0
2026-05-13 14:10:00,7472.5,7478.75,7472.25,7478.25,10607.0
2026-05-13 14:15:00,7478.25,7483.75,7478.25,7481.0,17165.0
2026-05-13 14:20:00,7481.0,7483.75,7480.25,7481.5,7865.0
2026-05-13 14:25:00,7481.5,7482.75,7480.0,7480.25,5993.0
2026-05-13 14:30:00,7480.25,7480.25,7476.5,7478.25,9345.0
2026-05-13 14:35:00,7478.0,7478.25,7473.25,7475.75,8712.0
2026-05-13 14:40:00,7475.75,7477.25,7473.25,7473.25,6522.0
2026-05-13 14:45:00,7473.5,7477.25,7473.0,7475.5,8538.0
2026-05-13 14:50:00,7475.5,7478.5,7474.5,7477.25,10070.0
2026-05-13 14:55:00,7477.5,7477.5,7470.75,7471.5,9846.0
2026-05-13 15:00:00,7471.5,7476.5,7471.25,7476.25,9586.0
2026-05-13 15:05:00,7476.25,7478.75,7473.75,7478.25,8725.0
2026-05-13 15:10:00,7478.0,7480.5,7477.75,7480.25,8353.0
2026-05-13 15:15:00,7480.5,7482.25,7478.25,7481.25,7232.0
2026-05-13 15:20:00,7481.25,7482.0,7475.5,7476.0,8163.0
2026-05-13 15:25:00,7476.25,7479.75,7475.0,7479.75,8774.0
2026-05-13 15:30:00,7479.75,7480.25,7475.5,7476.5,8295.0
2026-05-13 15:35:00,7476.75,7479.5,7475.0,7478.75,7301.0
2026-05-13 15:40:00,7478.75,7480.0,7477.75,7479.75,6267.0
2026-05-13 15:45:00,7479.75,7481.25,7478.25,7479.0,8705.0
2026-05-13 15:50:00,7479.0,7479.0,7468.0,7470.0,33798.0
2026-05-13 15:55:00,7470.0,7471.25,7467.75,7468.5,68548.0
2026-05-13 16:00:00,7468.5,7472.0,7466.5,7469.25,22455.0
2026-05-14 09:30:00,7481.0,7492.75,7479.75,7492.5,33276.0
2026-05-14 09:35:00,7492.25,7498.5,7487.0,7497.25,19769.0
2026-05-14 09:40:00,7497.25,7500.5,7496.75,7498.25,21317.0
2026-05-14 09:45:00,7498.25,7503.25,7496.25,7501.25,24964.0
2026-05-14 09:50:00,7501.25,7503.25,7493.25,7494.5,20887.0
2026-05-14 09:55:00,7494.25,7499.0,7485.75,7488.5,22792.0
2026-05-14 10:00:00,7488.5,7497.0,7486.75,7497.0,17786.0
2026-05-14 10:05:00,7497.0,7499.25,7492.25,7494.5,16956.0
2026-05-14 10:10:00,7494.75,7500.75,7492.25,7499.25,13536.0
2026-05-14 10:15:00,7499.25,7505.5,7498.75,7505.0,12966.0
2026-05-14 10:20:00,7505.0,7508.0,7502.75,7503.75,17036.0
2026-05-14 10:25:00,7503.5,7504.0,7499.25,7503.75,15892.0
2026-05-14 10:30:00,7503.75,7504.75,7501.5,7504.0,11602.0
2026-05-14 10:35:00,7504.0,7511.0,7502.0,7510.75,12183.0
2026-05-14 10:40:00,7510.75,7514.75,7509.75,7514.5,17183.0
2026-05-14 10:45:00,7514.5,7517.25,7514.5,7517.0,16090.0
2026-05-14 10:50:00,7517.0,7520.0,7514.75,7518.0,20536.0
2026-05-14 10:55:00,7518.0,7520.0,7515.5,7516.5,13762.0
2026-05-14 11:00:00,7516.5,7522.75,7515.75,7520.5,14673.0
2026-05-14 11:05:00,7520.5,7523.25,7520.0,7522.25,12283.0
2026-05-14 11:10:00,7522.25,7525.0,7521.5,7525.0,10022.0
2026-05-14 11:15:00,7525.0,7530.25,7525.0,7529.25,13733.0
2026-05-14 11:20:00,7529.0,7532.5,7528.0,7529.5,15053.0
2026-05-14 11:25:00,7529.5,7533.0,7529.5,7530.0,13601.0
2026-05-14 11:30:00,7529.75,7533.0,7529.0,7531.25,11194.0
2026-05-14 11:35:00,7531.5,7531.75,7526.75,7529.5,13636.0
2026-05-14 11:40:00,7529.25,7533.0,7528.0,7532.25,10562.0
2026-05-14 11:45:00,7532.25,7532.5,7530.5,7532.25,9011.0
2026-05-14 11:50:00,7532.5,7532.75,7530.75,7531.25,10136.0
2026-05-14 11:55:00,7531.25,7537.5,7531.25,7537.25,12917.0
2026-05-14 12:00:00,7537.0,7539.5,7536.25,7539.0,11406.0
2026-05-14 12:05:00,7539.0,7540.0,7536.25,7536.5,10630.0
2026-05-14 12:10:00,7536.25,7538.25,7533.75,7534.25,11640.0
2026-05-14 12:15:00,7534.0,7538.0,7533.75,7534.75,9308.0
2026-05-14 12:20:00,7534.75,7538.0,7530.75,7531.0,12283.0
2026-05-14 12:25:00,7531.0,7532.0,7522.75,7524.25,21743.0
2026-05-14 12:30:00,7524.5,7527.0,7518.0,7520.75,21047.0
2026-05-14 12:35:00,7520.5,7525.75,7520.0,7525.75,14554.0
2026-05-14 12:40:00,7525.75,7527.75,7522.25,7522.75,11437.0
2026-05-14 12:45:00,7522.75,7526.75,7518.75,7525.0,18029.0
2026-05-14 12:50:00,7525.0,7525.0,7519.25,7522.0,9553.0
2026-05-14 12:55:00,7522.0,7522.75,7515.75,7522.75,13000.0
2026-05-14 13:00:00,7522.5,7527.5,7522.25,7526.0,9606.0
2026-05-14 13:05:00,7526.0,7526.25,7518.5,7518.5,10772.0
2026-05-14 13:10:00,7518.5,7522.25,7513.75,7515.0,12972.0
2026-05-14 13:15:00,7515.0,7516.25,7508.25,7509.0,20406.0
2026-05-14 13:20:00,7509.0,7513.75,7507.0,7511.25,16041.0
2026-05-14 13:25:00,7511.5,7514.0,7507.25,7513.5,13639.0
2026-05-14 13:30:00,7513.5,7517.75,7511.0,7514.75,12941.0
2026-05-14 13:35:00,7515.0,7522.0,7514.75,7520.75,9603.0
2026-05-14 13:40:00,7521.0,7523.75,7518.25,7521.5,9290.0
2026-05-14 13:45:00,7521.75,7526.75,7521.5,7525.75,9252.0
2026-05-14 13:50:00,7525.75,7527.0,7522.75,7523.25,7574.0
2026-05-14 13:55:00,7523.25,7526.0,7521.0,7521.5,6692.0
2026-05-14 14:00:00,7521.5,7521.5,7511.0,7513.25,18317.0
2026-05-14 14:05:00,7513.25,7518.0,7512.0,7517.5,11096.0
2026-05-14 14:10:00,7517.75,7522.75,7516.0,7522.75,11114.0
2026-05-14 14:15:00,7522.5,7527.5,7522.0,7527.0,9525.0
2026-05-14 14:20:00,7527.25,7527.5,7522.5,7524.5,8574.0
2026-05-14 14:25:00,7524.5,7525.25,7518.0,7519.75,10171.0
2026-05-14 14:30:00,7520.0,7525.25,7519.75,7522.25,7068.0
2026-05-14 14:35:00,7522.25,7524.25,7519.75,7522.0,6194.0
2026-05-14 14:40:00,7522.0,7524.25,7517.75,7521.75,5836.0
2026-05-14 14:45:00,7522.0,7525.25,7519.5,7524.75,7603.0
2026-05-14 14:50:00,7524.75,7525.5,7522.0,7524.0,6925.0
2026-05-14 14:55:00,7524.0,7528.0,7523.25,7527.5,8797.0
2026-05-14 15:00:00,7527.5,7531.0,7527.5,7529.0,10113.0
2026-05-14 15:05:00,7529.25,7531.0,7526.25,7530.25,6664.0
2026-05-14 15:10:00,7530.25,7531.25,7526.0,7528.5,8662.0
2026-05-14 15:15:00,7528.25,7530.5,7528.0,7528.75,5818.0
2026-05-14 15:20:00,7528.75,7530.75,7527.25,7528.5,7059.0
2026-05-14 15:25:00,7528.5,7529.25,7524.25,7525.0,9824.0
2026-05-14 15:30:00,7525.25,7529.75,7524.0,7527.75,8965.0
2026-05-14 15:35:00,7527.5,7529.75,7525.25,7528.5,7682.0
2026-05-14 15:40:00,7528.5,7531.25,7527.75,7529.75,8338.0
2026-05-14 15:45:00,7529.5,7530.5,7526.75,7527.5,10242.0
2026-05-14 15:50:00,7527.75,7529.0,7522.5,7526.25,26939.0
2026-05-14 15:55:00,7526.5,7527.25,7522.5,7526.0,69635.0
2026-05-14 16:00:00,7526.0,7530.0,7525.75,7529.25,23547.0
2026-05-15 09:30:00,7459.5,7462.0,7434.0,7442.75,60473.0
2026-05-15 09:35:00,7443.0,7443.25,7431.5,7432.25,36431.0
2026-05-15 09:40:00,7432.25,7442.0,7427.0,7427.5,34299.0
2026-05-15 09:45:00,7427.5,7437.75,7420.25,7437.25,41651.0
2026-05-15 09:50:00,7437.25,7447.75,7429.0,7445.25,34155.0
2026-05-15 09:55:00,7445.5,7451.0,7430.5,7432.25,30476.0
2026-05-15 10:00:00,7432.5,7441.5,7430.25,7434.5,29810.0
2026-05-15 10:05:00,7434.5,7441.5,7432.25,7437.75,24762.0
2026-05-15 10:10:00,7437.75,7452.25,7436.75,7452.0,25632.0
2026-05-15 10:15:00,7452.0,7463.0,7448.5,7460.75,31238.0
2026-05-15 10:20:00,7461.0,7467.75,7459.0,7459.5,30471.0
2026-05-15 10:25:00,7459.5,7460.25,7448.75,7452.25,29959.0
2026-05-15 10:30:00,7452.5,7462.25,7451.75,7461.75,26964.0
2026-05-15 10:35:00,7461.75,7463.75,7456.5,7459.5,16549.0
2026-05-15 10:40:00,7459.5,7463.25,7457.5,7461.5,16633.0
2026-05-15 10:45:00,7461.25,7462.25,7449.25,7452.0,20509.0
2026-05-15 10:50:00,7452.0,7455.75,7444.25,7455.5,25898.0
2026-05-15 10:55:00,7455.25,7457.75,7449.25,7450.5,15489.0
2026-05-15 11:00:00,7450.5,7455.25,7444.25,7448.75,17799.0
2026-05-15 11:05:00,7448.5,7454.25,7442.0,7454.25,16581.0
2026-05-15 11:10:00,7454.25,7455.25,7446.0,7449.75,15195.0
2026-05-15 11:15:00,7449.75,7454.5,7448.0,7453.5,11154.0
2026-05-15 11:20:00,7453.5,7458.75,7452.0,7453.75,13160.0
2026-05-15 11:25:00,7453.75,7455.5,7448.5,7453.5,14455.0
2026-05-15 11:30:00,7453.25,7460.5,7453.0,7454.5,18328.0
2026-05-15 11:35:00,7454.25,7459.75,7450.75,7451.25,13995.0
2026-05-15 11:40:00,7451.25,7453.75,7438.75,7442.0,17632.0
2026-05-15 11:45:00,7442.0,7444.75,7438.25,7439.5,14659.0
2026-05-15 11:50:00,7439.5,7439.75,7433.5,7436.0,18200.0
2026-05-15 11:55:00,7436.0,7444.5,7431.75,7443.75,19600.0
2026-05-15 12:00:00,7443.75,7447.25,7438.5,7440.5,16200.0
2026-05-15 12:05:00,7440.25,7445.25,7437.25,7444.5,11798.0
2026-05-15 12:10:00,7444.25,7445.25,7438.0,7445.0,9688.0
2026-05-15 12:15:00,7444.75,7444.75,7439.25,7443.5,7983.0
2026-05-15 12:20:00,7443.5,7453.25,7442.75,7452.5,10127.0
2026-05-15 12:25:00,7452.5,7454.75,7449.25,7454.0,11642.0
2026-05-15 12:30:00,7454.0,7455.75,7450.75,7454.75,10031.0
2026-05-15 12:35:00,7455.0,7455.25,7451.25,7454.0,7616.0
2026-05-15 12:40:00,7454.0,7457.25,7451.25,7456.25,7573.0
2026-05-15 12:45:00,7456.5,7458.0,7454.0,7454.5,7527.0
2026-05-15 12:50:00,7454.5,7457.0,7443.0,7444.5,10956.0
2026-05-15 12:55:00,7444.5,7452.25,7444.25,7450.25,9643.0
2026-05-15 13:00:00,7450.5,7452.5,7447.5,7451.5,8557.0
2026-05-15 13:05:00,7451.75,7458.0,7450.5,7456.25,8745.0
2026-05-15 13:10:00,7456.25,7458.25,7455.0,7457.25,5758.0
2026-05-15 13:15:00,7457.5,7458.75,7453.5,7458.75,7079.0
2026-05-15 13:20:00,7458.5,7466.0,7457.75,7465.75,12972.0
2026-05-15 13:25:00,7465.75,7470.5,7465.75,7466.5,13195.0
2026-05-15 13:30:00,7466.5,7469.5,7465.5,7469.0,10162.0
2026-05-15 13:35:00,7469.25,7469.75,7464.25,7467.5,8142.0
2026-05-15 13:40:00,7467.25,7468.0,7461.5,7465.25,7516.0
2026-05-15 13:45:00,7465.0,7467.25,7463.25,7464.0,6639.0
2026-05-15 13:50:00,7464.25,7468.25,7464.0,7467.75,5813.0
2026-05-15 13:55:00,7467.75,7471.0,7466.0,7470.75,7345.0
2026-05-15 14:00:00,7470.75,7473.5,7470.25,7472.0,9258.0
2026-05-15 14:05:00,7471.75,7475.75,7470.75,7471.0,10973.0
2026-05-15 14:10:00,7471.0,7472.75,7470.0,7471.0,6736.0
2026-05-15 14:15:00,7470.75,7471.5,7456.75,7458.75,17175.0
2026-05-15 14:20:00,7458.5,7467.75,7457.5,7463.25,12756.0
2026-05-15 14:25:00,7463.0,7465.25,7456.0,7458.25,10445.0
2026-05-15 14:30:00,7458.25,7459.25,7445.25,7449.25,20236.0
2026-05-15 14:35:00,7449.0,7456.0,7449.0,7455.75,11428.0
2026-05-15 14:40:00,7455.5,7455.5,7450.0,7454.75,7808.0
2026-05-15 14:45:00,7454.75,7455.5,7449.75,7453.25,6494.0
2026-05-15 14:50:00,7453.0,7458.0,7451.5,7457.75,9600.0
2026-05-15 14:55:00,7457.5,7459.75,7453.0,7457.0,9919.0
2026-05-15 15:00:00,7457.0,7458.5,7449.0,7449.75,10345.0
2026-05-15 15:05:00,7449.5,7451.75,7446.75,7448.0,12289.0
2026-05-15 15:10:00,7448.0,7448.25,7443.75,7447.0,12194.0
2026-05-15 15:15:00,7446.75,7448.0,7441.0,7445.5,11895.0
2026-05-15 15:20:00,7445.5,7448.5,7443.0,7443.0,11340.0
2026-05-15 15:25:00,7443.0,7444.75,7442.25,7442.75,9375.0
2026-05-15 15:30:00,7442.5,7447.75,7442.25,7445.0,12984.0
2026-05-15 15:35:00,7445.0,7449.0,7442.0,7447.75,9286.0
2026-05-15 15:40:00,7448.0,7449.5,7440.5,7441.5,14533.0
2026-05-15 15:45:00,7441.5,7445.75,7439.25,7444.0,16996.0
2026-05-15 15:50:00,7444.0,7444.0,7429.5,7431.0,32345.0
2026-05-15 15:55:00,7431.0,7434.75,7427.0,7432.5,119854.0
2026-05-15 16:00:00,7432.25,7433.0,7415.25,7420.5,45270.0
2026-05-18 09:30:00,7438.25,7440.75,7424.75,7425.75,39200.0
2026-05-18 09:35:00,7425.5,7429.5,7422.5,7427.0,28288.0
2026-05-18 09:40:00,7427.25,7431.5,7419.5,7420.0,35107.0
2026-05-18 09:45:00,7420.0,7433.0,7415.25,7428.5,36493.0
2026-05-18 09:50:00,7428.25,7449.25,7428.25,7449.0,29500.0
2026-05-18 09:55:00,7449.25,7454.25,7444.25,7445.75,29026.0
2026-05-18 10:00:00,7445.75,7445.75,7428.75,7431.5,29517.0
2026-05-18 10:05:00,7431.5,7444.0,7425.75,7443.75,33115.0
2026-05-18 10:10:00,7443.75,7447.0,7435.75,7439.25,26296.0
2026-05-18 10:15:00,7439.0,7447.5,7438.0,7445.75,18825.0
2026-05-18 10:20:00,7445.75,7448.0,7435.5,7440.25,20283.0
2026-05-18 10:25:00,7440.25,7444.0,7432.25,7435.25,18924.0
2026-05-18 10:30:00,7435.0,7438.5,7411.5,7414.5,31828.0
2026-05-18 10:35:00,7414.25,7421.5,7404.25,7419.5,34492.0
2026-05-18 10:40:00,7419.5,7427.5,7411.25,7423.0,24006.0
2026-05-18 10:45:00,7423.0,7424.25,7412.5,7415.25,21099.0
2026-05-18 10:50:00,7415.25,7428.0,7414.25,7422.0,21523.0
2026-05-18 10:55:00,7421.75,7426.0,7420.0,7423.0,15212.0
2026-05-18 11:00:00,7423.0,7430.5,7407.5,7413.25,36688.0
2026-05-18 11:05:00,7413.0,7416.75,7407.5,7408.0,17713.0
2026-05-18 11:10:00,7407.75,7415.0,7404.75,7412.25,19250.0
2026-05-18 11:15:00,7412.25,7414.25,7399.25,7403.25,15909.0
2026-05-18 11:20:00,7403.25,7407.25,7399.5,7403.5,17982.0
2026-05-18 11:25:00,7403.5,7409.0,7395.25,7396.25,17431.0
2026-05-18 11:30:00,7396.25,7405.75,7391.75,7405.25,19829.0
2026-05-18 11:35:00,7405.25,7413.0,7404.5,7408.0,16371.0
2026-05-18 11:40:00,7408.0,7414.0,7401.75,7402.5,12486.0
2026-05-18 11:45:00,7402.25,7410.0,7401.25,7404.75,10916.0
2026-05-18 11:50:00,7405.0,7409.75,7399.75,7409.0,10653.0
2026-05-18 11:55:00,7408.75,7411.75,7401.5,7403.0,11192.0
2026-05-18 12:00:00,7403.0,7405.0,7396.75,7398.75,14439.0
2026-05-18 12:05:00,7398.75,7404.5,7397.75,7402.25,9626.0
2026-05-18 12:10:00,7402.25,7409.25,7401.75,7409.25,12445.0
2026-05-18 12:15:00,7409.0,7413.5,7408.0,7412.0,11180.0
2026-05-18 12:20:00,7412.0,7419.0,7405.0,7407.75,22345.0
2026-05-18 12:25:00,7408.0,7408.75,7384.75,7388.25,28790.0
2026-05-18 12:30:00,7388.25,7398.25,7381.75,7394.25,22965.0
2026-05-18 12:35:00,7394.25,7401.0,7393.0,7397.0,12841.0
2026-05-18 12:40:00,7397.25,7397.75,7390.5,7391.25,11412.0
2026-05-18 12:45:00,7391.25,7395.5,7391.0,7394.5,8158.0
2026-05-18 12:50:00,7394.5,7408.75,7394.25,7408.0,18123.0
2026-05-18 12:55:00,7408.0,7413.5,7403.75,7404.75,18882.0
2026-05-18 13:00:00,7405.0,7409.75,7399.25,7408.75,14428.0
2026-05-18 13:05:00,7408.5,7413.25,7406.5,7410.0,11960.0
2026-05-18 13:10:00,7410.25,7414.75,7407.25,7407.5,8203.0
2026-05-18 13:15:00,7407.25,7414.0,7405.5,7412.25,8491.0
2026-05-18 13:20:00,7412.25,7412.5,7406.0,7408.75,6961.0
2026-05-18 13:25:00,7408.5,7413.75,7406.75,7413.5,6310.0
2026-05-18 13:30:00,7413.5,7414.0,7406.25,7408.25,7900.0
2026-05-18 13:35:00,7408.0,7408.25,7402.0,7404.25,10895.0
2026-05-18 13:40:00,7404.0,7411.25,7403.0,7407.75,9194.0
2026-05-18 13:45:00,7408.0,7409.25,7403.25,7406.25,7435.0
2026-05-18 13:50:00,7406.25,7413.0,7405.75,7409.25,7212.0
2026-05-18 13:55:00,7409.25,7411.75,7407.0,7410.0,5106.0
2026-05-18 14:00:00,7410.0,7411.25,7397.75,7398.25,12685.0
2026-05-18 14:05:00,7398.5,7400.75,7393.5,7395.5,10923.0
2026-05-18 14:10:00,7395.75,7397.75,7390.0,7390.25,10841.0
2026-05-18 14:15:00,7390.5,7391.25,7381.5,7384.5,15789.0
2026-05-18 14:20:00,7384.25,7386.0,7380.75,7383.0,13184.0
2026-05-18 14:25:00,7382.75,7387.0,7376.5,7387.0,18589.0
2026-05-18 14:30:00,7387.0,7391.75,7384.75,7387.5,13496.0
2026-05-18 14:35:00,7387.5,7390.75,7383.5,7383.5,9205.0
2026-05-18 14:40:00,7383.5,7385.75,7379.25,7385.5,10852.0
2026-05-18 14:45:00,7385.5,7387.25,7378.75,7379.0,9990.0
2026-05-18 14:50:00,7379.0,7381.0,7374.25,7377.0,15461.0
2026-05-18 14:55:00,7377.0,7381.25,7373.5,7376.5,13575.0
2026-05-18 15:00:00,7376.5,7420.5,7376.0,7404.25,59305.0
2026-05-18 15:05:00,7404.5,7411.0,7395.5,7403.0,30408.0
2026-05-18 15:10:00,7403.0,7407.25,7398.75,7400.75,18108.0
2026-05-18 15:15:00,7400.75,7405.25,7395.5,7397.25,16994.0
2026-05-18 15:20:00,7397.5,7402.0,7391.5,7392.0,12940.0
2026-05-18 15:25:00,7392.25,7395.75,7386.5,7395.0,12201.0
2026-05-18 15:30:00,7395.0,7403.5,7392.75,7400.75,12971.0
2026-05-18 15:35:00,7401.0,7410.75,7400.75,7410.25,13909.0
2026-05-18 15:40:00,7410.25,7419.0,7410.0,7418.5,20785.0
2026-05-18 15:45:00,7418.25,7425.25,7415.75,7423.5,19560.0
2026-05-18 15:50:00,7423.5,7427.75,7418.75,7425.0,27868.0
2026-05-18 15:55:00,7425.0,7428.0,7418.5,7426.5,70882.0
2026-05-18 16:00:00,7426.5,7428.25,7420.0,7420.0,23740.0
2026-05-19 09:30:00,7386.75,7392.25,7380.5,7384.5,41479.0
2026-05-19 09:35:00,7384.5,7396.0,7377.5,7393.25,37446.0
2026-05-19 09:40:00,7393.0,7394.0,7373.5,7375.0,37676.0
2026-05-19 09:45:00,7375.0,7392.5,7370.0,7384.75,44498.0
2026-05-19 09:50:00,7384.75,7399.0,7381.0,7397.0,28439.0
2026-05-19 09:55:00,7397.0,7402.0,7391.0,7392.0,28881.0
2026-05-19 10:00:00,7392.5,7393.0,7378.75,7388.75,34266.0
2026-05-19 10:05:00,7388.75,7390.0,7367.25,7372.25,38410.0
2026-05-19 10:10:00,7372.25,7378.0,7367.0,7368.0,32214.0
2026-05-19 10:15:00,7368.0,7370.5,7362.5,7364.25,28753.0
2026-05-19 10:20:00,7364.5,7366.75,7356.25,7366.0,34738.0
2026-05-19 10:25:00,7366.0,7370.0,7360.25,7363.25,28119.0
2026-05-19 10:30:00,7363.25,7372.5,7359.25,7361.75,24805.0
2026-05-19 10:35:00,7361.75,7371.25,7361.5,7368.75,19488.0
2026-05-19 10:40:00,7369.0,7374.0,7363.5,7366.5,20703.0
2026-05-19 10:45:00,7366.5,7368.5,7354.25,7358.25,20560.0
2026-05-19 10:50:00,7358.25,7362.25,7354.75,7358.0,18792.0
2026-05-19 10:55:00,7357.75,7371.0,7357.0,7370.75,18757.0
2026-05-19 11:00:00,7370.75,7375.0,7366.75,7373.0,18058.0
2026-05-19 11:05:00,7373.0,7374.0,7365.5,7371.75,18779.0
2026-05-19 11:10:00,7371.5,7376.25,7371.5,7374.5,15951.0
2026-05-19 11:15:00,7374.75,7378.75,7368.75,7369.0,17572.0
2026-05-19 11:20:00,7369.0,7371.25,7358.5,7359.0,18270.0
2026-05-19 11:25:00,7359.0,7365.5,7355.75,7361.25,19554.0
2026-05-19 11:30:00,7361.25,7372.0,7359.25,7365.25,19291.0
2026-05-19 11:35:00,7365.25,7374.75,7362.75,7373.0,15013.0
2026-05-19 11:40:00,7373.0,7378.5,7370.5,7374.25,16376.0
2026-05-19 11:45:00,7374.5,7378.0,7370.75,7378.0,10018.0
2026-05-19 11:50:00,7377.75,7378.5,7370.25,7372.75,11076.0
2026-05-19 11:55:00,7372.5,7372.5,7364.5,7368.75,12502.0
2026-05-19 12:00:00,7368.75,7379.0,7368.0,7375.75,14550.0
2026-05-19 12:05:00,7375.75,7376.25,7364.75,7365.25,11454.0
2026-05-19 12:10:00,7365.0,7367.5,7361.75,7366.75,11394.0
2026-05-19 12:15:00,7367.0,7376.5,7366.5,7376.0,11331.0
2026-05-19 12:20:00,7375.75,7379.75,7372.5,7379.75,9721.0
2026-05-19 12:25:00,7379.75,7386.5,7379.75,7384.0,18214.0
2026-05-19 12:30:00,7384.0,7390.5,7382.25,7387.5,18602.0
2026-05-19 12:35:00,7387.5,7390.0,7383.5,7389.5,11887.0
2026-05-19 12:40:00,7389.5,7393.5,7389.25,7393.25,12926.0
2026-05-19 12:45:00,7393.25,7395.5,7391.25,7394.0,12469.0
2026-05-19 12:50:00,7394.0,7400.25,7392.25,7399.0,13677.0
2026-05-19 12:55:00,7399.25,7402.0,7398.0,7400.25,13767.0
2026-05-19 13:00:00,7400.25,7406.25,7398.25,7405.25,12670.0
2026-05-19 13:05:00,7405.25,7406.25,7402.5,7405.25,10019.0
2026-05-19 13:10:00,7405.25,7409.25,7404.5,7407.75,10101.0
2026-05-19 13:15:00,7407.75,7412.75,7407.5,7412.0,11890.0
2026-05-19 13:20:00,7411.75,7415.25,7409.75,7414.25,12701.0
2026-05-19 13:25:00,7414.25,7415.0,7406.25,7409.0,15229.0
2026-05-19 13:30:00,7409.0,7414.75,7406.5,7406.5,11565.0
2026-05-19 13:35:00,7406.75,7411.5,7406.0,7411.25,9521.0
2026-05-19 13:40:00,7411.25,7413.5,7408.75,7410.25,10405.0
2026-05-19 13:45:00,7410.25,7410.5,7402.0,7406.25,12832.0
2026-05-19 13:50:00,7406.5,7406.5,7399.25,7403.5,11501.0
2026-05-19 13:55:00,7403.75,7407.0,7402.0,7406.75,9407.0
2026-05-19 14:00:00,7406.75,7409.25,7404.75,7408.0,10437.0
2026-05-19 14:05:00,7408.0,7410.5,7405.5,7410.0,7792.0
2026-05-19 14:10:00,7410.0,7411.75,7408.5,7408.75,7709.0
2026-05-19 14:15:00,7408.5,7410.0,7404.5,7407.0,8128.0
2026-05-19 14:20:00,7406.75,7407.25,7397.5,7401.5,15942.0
2026-05-19 14:25:00,7401.5,7406.25,7396.75,7397.5,13934.0
2026-05-19 14:30:00,7397.5,7401.5,7394.25,7399.5,13775.0
2026-05-19 14:35:00,7399.5,7402.25,7395.0,7395.75,9278.0
2026-05-19 14:40:00,7395.5,7397.75,7394.0,7397.0,9728.0
2026-05-19 14:45:00,7397.0,7397.25,7392.0,7395.5,8583.0
2026-05-19 14:50:00,7395.5,7395.75,7387.5,7387.75,9419.0
2026-05-19 14:55:00,7387.5,7387.5,7380.0,7383.0,17849.0
2026-05-19 15:00:00,7382.75,7388.0,7382.0,7384.5,12905.0
2026-05-19 15:05:00,7384.5,7393.25,7383.25,7391.0,11967.0
2026-05-19 15:10:00,7391.25,7399.5,7390.75,7399.0,10375.0
2026-05-19 15:15:00,7399.25,7400.5,7392.0,7392.0,10019.0
2026-05-19 15:20:00,7392.0,7393.5,7380.75,7380.75,12831.0
2026-05-19 15:25:00,7380.75,7387.5,7377.5,7386.5,13817.0
2026-05-19 15:30:00,7386.5,7389.25,7381.75,7382.0,10436.0
2026-05-19 15:35:00,7382.0,7383.75,7378.5,7380.75,9028.0
2026-05-19 15:40:00,7380.75,7381.0,7376.5,7377.5,12019.0
2026-05-19 15:45:00,7377.5,7379.5,7375.0,7377.25,12925.0
2026-05-19 15:50:00,7377.0,7378.0,7366.5,7367.75,26104.0
2026-05-19 15:55:00,7368.0,7379.5,7365.0,7377.5,120739.0
2026-05-19 16:00:00,7377.75,7378.25,7369.5,7370.5,28749.0
2026-05-20 09:30:00,7394.75,7399.0,7389.0,7394.5,37863.0
2026-05-20 09:35:00,7394.5,7394.5,7380.75,7387.0,33620.0
2026-05-20 09:40:00,7387.0,7400.0,7384.5,7398.25,26488.0
2026-05-20 09:45:00,7398.0,7410.5,7397.25,7398.5,29797.0
2026-05-20 09:50:00,7398.5,7404.75,7391.25,7398.0,24585.0
2026-05-20 09:55:00,7398.25,7401.25,7395.0,7399.5,16174.0
2026-05-20 10:00:00,7399.75,7401.0,7388.75,7389.75,20463.0
2026-05-20 10:05:00,7389.75,7391.25,7384.0,7385.5,16068.0
2026-05-20 10:10:00,7385.75,7397.75,7376.75,7391.25,37526.0
2026-05-20 10:15:00,7391.25,7423.75,7390.0,7411.5,55328.0
2026-05-20 10:20:00,7411.75,7420.25,7405.0,7407.25,36444.0
2026-05-20 10:25:00,7407.5,7417.75,7403.25,7417.75,23649.0
2026-05-20 10:30:00,7417.5,7428.75,7417.5,7420.5,35402.0
2026-05-20 10:35:00,7420.5,7422.75,7412.75,7418.0,23532.0
2026-05-20 10:40:00,7417.75,7421.5,7414.75,7421.5,14456.0
2026-05-20 10:45:00,7421.5,7423.5,7414.5,7418.75,16583.0
2026-05-20 10:50:00,7419.0,7426.75,7417.25,7426.0,15336.0
2026-05-20 10:55:00,7425.75,7433.75,7424.25,7430.75,24206.0
2026-05-20 11:00:00,7430.75,7434.0,7426.25,7427.0,17537.0
2026-05-20 11:05:00,7427.0,7429.0,7424.5,7427.5,12776.0
2026-05-20 11:10:00,7427.5,7428.5,7425.0,7426.5,8675.0
2026-05-20 11:15:00,7426.5,7458.0,7426.5,7442.5,73138.0
2026-05-20 11:20:00,7442.5,7446.25,7438.75,7440.5,22483.0
2026-05-20 11:25:00,7440.5,7441.5,7430.25,7431.0,22900.0
2026-05-20 11:30:00,7431.5,7438.25,7431.25,7438.25,17639.0
2026-05-20 11:35:00,7438.25,7440.5,7437.0,7438.0,11911.0
2026-05-20 11:40:00,7438.0,7443.25,7435.5,7442.0,12256.0
2026-05-20 11:45:00,7442.0,7446.5,7440.75,7446.5,8515.0
2026-05-20 11:50:00,7446.5,7448.5,7443.75,7446.0,10520.0
2026-05-20 11:55:00,7446.0,7446.5,7438.0,7441.25,18058.0
2026-05-20 12:00:00,7441.5,7442.75,7437.5,7441.5,9196.0
2026-05-20 12:05:00,7441.5,7444.25,7439.0,7440.5,6715.0
2026-05-20 12:10:00,7440.5,7442.0,7437.25,7439.75,7436.0
2026-05-20 12:15:00,7439.5,7440.25,7434.0,7435.75,9398.0
2026-05-20 12:20:00,7435.75,7436.5,7427.5,7430.75,20398.0
2026-05-20 12:25:00,7430.5,7430.5,7424.0,7428.0,15151.0
2026-05-20 12:30:00,7428.25,7432.5,7424.5,7425.75,13566.0
2026-05-20 12:35:00,7425.75,7429.5,7423.75,7427.25,9113.0
2026-05-20 12:40:00,7427.25,7438.25,7426.5,7438.0,13246.0
2026-05-20 12:45:00,7437.75,7439.0,7426.75,7430.0,14301.0
2026-05-20 12:50:00,7430.0,7433.75,7430.0,7433.25,7265.0
2026-05-20 12:55:00,7433.25,7434.75,7425.5,7432.5,10799.0
2026-05-20 13:00:00,7432.75,7436.0,7428.5,7429.75,8737.0
2026-05-20 13:05:00,7429.75,7430.75,7427.25,7428.75,7017.0
2026-05-20 13:10:00,7429.0,7440.0,7426.25,7435.25,16895.0
2026-05-20 13:15:00,7435.0,7438.25,7433.75,7436.0,8274.0
2026-05-20 13:20:00,7436.0,7438.5,7433.75,7435.0,6700.0
2026-05-20 13:25:00,7435.0,7442.5,7434.75,7440.25,11310.0
2026-05-20 13:30:00,7440.5,7443.0,7436.75,7438.75,10096.0
2026-05-20 13:35:00,7438.75,7446.0,7438.0,7443.0,11797.0
2026-05-20 13:40:00,7442.75,7443.5,7439.75,7441.5,5592.0
2026-05-20 13:45:00,7441.5,7442.25,7438.0,7440.25,5474.0
2026-05-20 13:50:00,7440.25,7441.0,7435.0,7435.0,7444.0
2026-05-20 13:55:00,7435.25,7438.25,7434.75,7437.25,4114.0
2026-05-20 14:00:00,7437.5,7441.0,7432.0,7439.75,9869.0
2026-05-20 14:05:00,7439.5,7443.75,7438.25,7439.25,6103.0
2026-05-20 14:10:00,7439.25,7440.5,7437.0,7439.25,5639.0
2026-05-20 14:15:00,7439.25,7441.75,7438.5,7439.5,5304.0
2026-05-20 14:20:00,7439.5,7440.75,7435.25,7435.75,6343.0
2026-05-20 14:25:00,7435.75,7440.0,7435.0,7439.75,7725.0
2026-05-20 14:30:00,7439.5,7443.0,7439.5,7442.5,5852.0
2026-05-20 14:35:00,7442.5,7447.25,7441.5,7446.0,8220.0
2026-05-20 14:40:00,7446.25,7446.5,7436.25,7436.75,9813.0
2026-05-20 14:45:00,7436.5,7441.25,7435.25,7439.5,9125.0
2026-05-20 14:50:00,7439.5,7441.5,7437.25,7439.25,5627.0
2026-05-20 14:55:00,7439.25,7441.75,7439.25,7440.25,5416.0
2026-05-20 15:00:00,7440.5,7446.0,7440.0,7440.75,9458.0
2026-05-20 15:05:00,7441.0,7442.75,7439.5,7440.75,7068.0
2026-05-20 15:10:00,7440.75,7444.5,7439.0,7444.25,5862.0
2026-05-20 15:15:00,7444.0,7446.5,7442.75,7445.5,5746.0
2026-05-20 15:20:00,7445.5,7448.5,7444.5,7446.0,6615.0
2026-05-20 15:25:00,7446.25,7447.5,7445.5,7447.0,5811.0
2026-05-20 15:30:00,7447.0,7448.5,7444.25,7447.25,6923.0
2026-05-20 15:35:00,7447.5,7455.0,7447.5,7452.75,13372.0
2026-05-20 15:40:00,7452.75,7453.5,7450.5,7451.25,8458.0
2026-05-20 15:45:00,7451.0,7453.0,7448.75,7449.75,9837.0
2026-05-20 15:50:00,7449.75,7453.75,7444.5,7449.0,20622.0
2026-05-20 15:55:00,7448.75,7453.0,7446.75,7451.75,65367.0
2026-05-20 16:00:00,7451.75,7452.0,7445.0,7447.0,24154.0
2026-05-21 09:30:00,7423.75,7424.5,7413.25,7422.25,39928.0
2026-05-21 09:35:00,7422.5,7423.0,7412.0,7413.75,28202.0
2026-05-21 09:40:00,7414.0,7419.75,7411.25,7413.25,19796.0
2026-05-21 09:45:00,7413.75,7420.75,7410.5,7412.5,22835.0
2026-05-21 09:50:00,7412.5,7435.0,7412.0,7433.5,46809.0
2026-05-21 09:55:00,7433.25,7439.5,7428.25,7435.5,26972.0
2026-05-21 10:00:00,7435.25,7443.75,7433.75,7438.0,23454.0
2026-05-21 10:05:00,7438.0,7441.75,7433.75,7441.5,17218.0
2026-05-21 10:10:00,7441.5,7442.25,7429.5,7431.5,22751.0
2026-05-21 10:15:00,7431.25,7432.75,7419.5,7419.75,30592.0
2026-05-21 10:20:00,7419.5,7421.75,7411.5,7416.0,30824.0
2026-05-21 10:25:00,7416.0,7423.75,7414.5,7422.25,18530.0
2026-05-21 10:30:00,7422.25,7430.25,7418.5,7421.75,18115.0
2026-05-21 10:35:00,7421.75,7428.75,7421.0,7426.5,14321.0
2026-05-21 10:40:00,7426.5,7427.75,7417.0,7422.75,14881.0
2026-05-21 10:45:00,7422.75,7425.5,7413.5,7418.5,15800.0
2026-05-21 10:50:00,7418.75,7423.5,7414.25,7423.25,15158.0
2026-05-21 10:55:00,7423.25,7430.0,7421.5,7426.75,13235.0
2026-05-21 11:00:00,7426.75,7428.75,7420.75,7422.5,15593.0
2026-05-21 11:05:00,7422.5,7423.0,7410.0,7414.0,23332.0
2026-05-21 11:10:00,7414.0,7430.75,7408.5,7427.0,35149.0
2026-05-21 11:15:00,7427.0,7429.0,7424.0,7427.0,16276.0
2026-05-21 11:20:00,7426.75,7431.0,7424.25,7426.0,17341.0
2026-05-21 11:25:00,7426.0,7428.25,7424.0,7425.25,14382.0
2026-05-21 11:30:00,7425.0,7427.25,7415.0,7416.75,16918.0
2026-05-21 11:35:00,7416.75,7427.0,7415.25,7426.75,14333.0
2026-05-21 11:40:00,7427.0,7430.75,7424.5,7428.5,12399.0
2026-05-21 11:45:00,7428.5,7434.5,7428.25,7434.25,11497.0
2026-05-21 11:50:00,7434.25,7435.75,7431.25,7432.5,9607.0
2026-05-21 11:55:00,7432.5,7434.0,7429.25,7430.0,8594.0
2026-05-21 12:00:00,7430.25,7436.5,7430.0,7434.75,12831.0
2026-05-21 12:05:00,7434.75,7437.0,7431.0,7436.75,8376.0
2026-05-21 12:10:00,7436.75,7436.75,7429.5,7431.75,14234.0
2026-05-21 12:15:00,7431.75,7432.75,7427.5,7429.0,7993.0
2026-05-21 12:20:00,7428.75,7430.75,7420.75,7425.25,11472.0
2026-05-21 12:25:00,7425.25,7426.5,7422.25,7425.25,7469.0
2026-05-21 12:30:00,7425.25,7429.0,7423.5,7427.5,7538.0
2026-05-21 12:35:00,7427.5,7429.0,7420.75,7424.5,7930.0
2026-05-21 12:40:00,7424.5,7427.25,7422.25,7426.5,5479.0
2026-05-21 12:45:00,7426.5,7429.0,7419.75,7422.0,8551.0
2026-05-21 12:50:00,7422.0,7424.75,7418.0,7423.25,7868.0
2026-05-21 12:55:00,7423.25,7426.5,7422.5,7426.25,7574.0
2026-05-21 13:00:00,7426.25,7430.5,7426.25,7427.75,6985.0
2026-05-21 13:05:00,7427.5,7430.0,7427.0,7427.75,5247.0
2026-05-21 13:10:00,7427.5,7449.25,7427.25,7442.25,44242.0
2026-05-21 13:15:00,7442.25,7462.0,7440.75,7454.75,41208.0
2026-05-21 13:20:00,7454.75,7468.0,7447.75,7457.5,36096.0
2026-05-21 13:25:00,7457.25,7460.5,7455.25,7459.0,13579.0
2026-05-21 13:30:00,7459.0,7464.25,7457.0,7460.25,15058.0
2026-05-21 13:35:00,7460.5,7466.25,7460.0,7465.5,10248.0
2026-05-21 13:40:00,7465.25,7474.0,7465.25,7473.0,18723.0
2026-05-21 13:45:00,7473.0,7476.25,7469.0,7475.75,13659.0
2026-05-21 13:50:00,7475.75,7484.25,7473.5,7483.5,18584.0
2026-05-21 13:55:00,7483.5,7486.75,7474.25,7474.5,20583.0
2026-05-21 14:00:00,7474.5,7478.75,7466.0,7467.0,24748.0
2026-05-21 14:05:00,7467.25,7474.0,7464.75,7472.0,16452.0
2026-05-21 14:10:00,7472.0,7472.75,7465.0,7466.25,15581.0
2026-05-21 14:15:00,7466.25,7469.75,7463.0,7469.5,12652.0
2026-05-21 14:20:00,7469.25,7473.25,7467.75,7473.0,10233.0
2026-05-21 14:25:00,7473.0,7473.75,7469.5,7471.0,8107.0
2026-05-21 14:30:00,7470.75,7473.0,7468.5,7470.5,8855.0
2026-05-21 14:35:00,7470.5,7471.5,7466.5,7468.25,7073.0
2026-05-21 14:40:00,7468.5,7474.5,7468.25,7472.5,7322.0
2026-05-21 14:45:00,7472.5,7474.0,7458.5,7461.25,23185.0
2026-05-21 14:50:00,7461.0,7467.25,7440.25,7440.75,35592.0
2026-05-21 14:55:00,7440.75,7447.75,7438.0,7447.75,25898.0
2026-05-21 15:00:00,7447.5,7456.5,7447.25,7456.0,14049.0
2026-05-21 15:05:00,7456.25,7462.25,7450.0,7461.75,16417.0
2026-05-21 15:10:00,7461.75,7463.0,7457.75,7462.75,9853.0
2026-05-21 15:15:00,7462.75,7466.0,7461.75,7465.25,9504.0
2026-05-21 15:20:00,7465.25,7466.5,7461.5,7464.0,7495.0
2026-05-21 15:25:00,7464.0,7466.5,7461.25,7464.5,9832.0
2026-05-21 15:30:00,7464.25,7466.5,7460.75,7461.5,7847.0
2026-05-21 15:35:00,7461.5,7466.0,7461.5,7464.75,6447.0
2026-05-21 15:40:00,7464.75,7467.75,7458.5,7461.5,10702.0
2026-05-21 15:45:00,7461.25,7466.0,7459.25,7463.75,9898.0
2026-05-21 15:50:00,7464.0,7467.75,7456.75,7460.5,23784.0
2026-05-21 15:55:00,7460.5,7469.75,7457.5,7465.0,82337.0
2026-05-21 16:00:00,7465.25,7469.5,7463.25,7466.75,17954.0
2026-05-22 09:30:00,7496.75,7508.0,7491.0,7506.5,33462.0
2026-05-22 09:35:00,7506.5,7514.25,7504.75,7512.75,22643.0
2026-05-22 09:40:00,7512.75,7516.25,7504.0,7508.5,31383.0
2026-05-22 09:45:00,7508.25,7515.75,7504.75,7508.25,21085.0
2026-05-22 09:50:00,7508.5,7509.0,7500.5,7507.25,18269.0
2026-05-22 09:55:00,7507.0,7510.0,7501.75,7509.75,12819.0
2026-05-22 10:00:00,7510.0,7510.0,7492.0,7496.25,24415.0
2026-05-22 10:05:00,7496.25,7496.25,7486.0,7495.5,22736.0
2026-05-22 10:10:00,7495.5,7497.75,7489.25,7489.75,14397.0
2026-05-22 10:15:00,7490.0,7495.0,7488.0,7488.75,13487.0
2026-05-22 10:20:00,7488.75,7490.25,7478.75,7484.0,19001.0
2026-05-22 10:25:00,7484.0,7491.5,7482.75,7491.25,16001.0
2026-05-22 10:30:00,7491.25,7494.5,7488.5,7493.75,15105.0
2026-05-22 10:35:00,7493.75,7497.5,7493.0,7494.75,12013.0
2026-05-22 10:40:00,7494.75,7499.75,7493.75,7498.0,9922.0
2026-05-22 10:45:00,7498.0,7499.0,7492.0,7496.0,11687.0
2026-05-22 10:50:00,7495.75,7496.75,7493.25,7496.5,8453.0
2026-05-22 10:55:00,7496.5,7501.75,7495.25,7499.5,10559.0
2026-05-22 11:00:00,7499.5,7503.25,7498.75,7502.5,9087.0
2026-05-22 11:05:00,7502.5,7506.0,7501.25,7505.0,9734.0
2026-05-22 11:10:00,7505.0,7505.75,7501.5,7504.75,7503.0
2026-05-22 11:15:00,7504.75,7509.25,7503.25,7508.75,8678.0
2026-05-22 11:20:00,7509.0,7509.25,7505.25,7507.0,8606.0
2026-05-22 11:25:00,7507.0,7513.75,7505.25,7513.5,11690.0
2026-05-22 11:30:00,7513.5,7515.25,7509.75,7510.75,13661.0
2026-05-22 11:35:00,7510.75,7513.5,7509.25,7511.25,8138.0
2026-05-22 11:40:00,7511.25,7512.5,7509.0,7512.0,6135.0
2026-05-22 11:45:00,7512.25,7513.0,7507.75,7508.5,7680.0
2026-05-22 11:50:00,7508.5,7512.0,7508.25,7510.75,7494.0
2026-05-22 11:55:00,7510.75,7511.75,7509.0,7510.75,6800.0
2026-05-22 12:00:00,7510.75,7512.25,7506.75,7510.5,10000.0
2026-05-22 12:05:00,7510.5,7511.0,7507.0,7507.75,6178.0
2026-05-22 12:10:00,7508.0,7510.25,7506.0,7508.5,6643.0
2026-05-22 12:15:00,7508.25,7508.5,7503.5,7503.75,9413.0
2026-05-22 12:20:00,7503.5,7508.0,7502.75,7504.25,5716.0
2026-05-22 12:25:00,7504.0,7508.25,7503.0,7508.25,7200.0
2026-05-22 12:30:00,7508.25,7511.0,7504.25,7504.75,8495.0
2026-05-22 12:35:00,7504.5,7507.75,7502.75,7504.5,5396.0
2026-05-22 12:40:00,7504.5,7507.25,7503.5,7504.5,4651.0
2026-05-22 12:45:00,7504.5,7510.0,7504.5,7506.0,6304.0
2026-05-22 12:50:00,7506.25,7509.5,7505.0,7509.25,4514.0
2026-05-22 12:55:00,7509.25,7509.25,7505.25,7507.25,5747.0
2026-05-22 13:00:00,7507.25,7512.5,7507.0,7512.5,6260.0
2026-05-22 13:05:00,7512.5,7513.5,7511.0,7512.0,5324.0
2026-05-22 13:10:00,7511.75,7513.0,7510.0,7510.5,5766.0
2026-05-22 13:15:00,7510.75,7512.5,7501.75,7502.5,9039.0
2026-05-22 13:20:00,7502.75,7508.5,7501.5,7508.0,10164.0
2026-05-22 13:25:00,7508.0,7522.5,7507.5,7522.25,35199.0
2026-05-22 13:30:00,7522.0,7524.0,7513.0,7513.75,22881.0
2026-05-22 13:35:00,7514.0,7519.0,7512.25,7517.25,9076.0
2026-05-22 13:40:00,7517.5,7518.0,7513.5,7514.75,7029.0
2026-05-22 13:45:00,7514.75,7515.5,7511.25,7511.5,6424.0
2026-05-22 13:50:00,7511.5,7512.5,7505.25,7507.5,10772.0
2026-05-22 13:55:00,7507.5,7510.75,7507.0,7508.25,5897.0
2026-05-22 14:00:00,7508.25,7511.5,7502.5,7505.75,13760.0
2026-05-22 14:05:00,7505.75,7508.75,7505.25,7507.75,4905.0
2026-05-22 14:10:00,7507.5,7509.0,7504.25,7506.5,4985.0
2026-05-22 14:15:00,7506.5,7509.25,7503.75,7507.5,6862.0
2026-05-22 14:20:00,7507.75,7510.0,7506.75,7509.75,4554.0
2026-05-22 14:25:00,7509.75,7510.25,7506.0,7507.0,5037.0
2026-05-22 14:30:00,7507.25,7508.0,7504.75,7506.75,4504.0
2026-05-22 14:35:00,7507.0,7508.75,7502.25,7506.0,11817.0
2026-05-22 14:40:00,7505.75,7509.0,7505.5,7507.5,6185.0
2026-05-22 14:45:00,7507.75,7509.0,7503.5,7505.0,6291.0
2026-05-22 14:50:00,7504.75,7508.75,7504.25,7507.75,5117.0
2026-05-22 14:55:00,7507.75,7507.75,7505.25,7505.5,3658.0
2026-05-22 15:00:00,7505.5,7506.75,7496.0,7499.75,17638.0
2026-05-22 15:05:00,7499.75,7500.5,7495.5,7498.75,8268.0
2026-05-22 15:10:00,7498.75,7500.5,7495.75,7498.0,6679.0
2026-05-22 15:15:00,7498.0,7498.75,7494.5,7497.75,8036.0
2026-05-22 15:20:00,7497.75,7498.0,7493.75,7496.0,7590.0
2026-05-22 15:25:00,7495.75,7496.25,7489.0,7489.75,8824.0
2026-05-22 15:30:00,7490.0,7493.5,7486.5,7492.25,13503.0
2026-05-22 15:35:00,7492.25,7495.5,7490.75,7492.75,8082.0
2026-05-22 15:40:00,7492.75,7494.0,7487.5,7490.5,8127.0
2026-05-22 15:45:00,7490.75,7491.0,7483.75,7489.0,11518.0
2026-05-22 15:50:00,7489.0,7492.0,7484.5,7489.0,16418.0
2026-05-22 15:55:00,7488.75,7497.0,7488.5,7490.5,57219.0
2026-05-22 16:00:00,7490.5,7492.25,7487.25,7490.25,20149.0
2026-05-26 09:30:00,7534.0,7538.25,7527.25,7528.25,37514.0
2026-05-26 09:35:00,7528.25,7533.75,7525.0,7531.25,23028.0
2026-05-26 09:40:00,7531.25,7540.75,7530.25,7540.0,21664.0
2026-05-26 09:45:00,7540.0,7545.0,7539.75,7543.5,18871.0
2026-05-26 09:50:00,7543.5,7544.0,7529.5,7535.0,31165.0
2026-05-26 09:55:00,7535.25,7541.5,7534.5,7541.5,15532.0
2026-05-26 10:00:00,7541.5,7545.5,7539.0,7544.75,16754.0
2026-05-26 10:05:00,7545.0,7548.25,7544.5,7547.0,14067.0
2026-05-26 10:10:00,7547.0,7548.5,7544.5,7548.25,13426.0
2026-05-26 10:15:00,7548.25,7550.25,7545.25,7549.75,11908.0
2026-05-26 10:20:00,7549.75,7552.0,7548.25,7549.25,13496.0
2026-05-26 10:25:00,7549.25,7552.75,7546.75,7549.75,13434.0
2026-05-26 10:30:00,7549.5,7551.75,7547.25,7548.0,13173.0
2026-05-26 10:35:00,7547.75,7555.25,7547.5,7551.25,15639.0
2026-05-26 10:40:00,7551.25,7555.25,7551.0,7554.25,9451.0
2026-05-26 10:45:00,7554.25,7554.75,7551.0,7551.0,10214.0
2026-05-26 10:50:00,7551.0,7554.25,7548.0,7549.25,9457.0
2026-05-26 10:55:00,7549.5,7549.75,7545.75,7547.75,12349.0
2026-05-26 11:00:00,7548.0,7548.75,7540.0,7541.5,18930.0
2026-05-26 11:05:00,7541.5,7543.5,7537.25,7542.75,16731.0
2026-05-26 11:10:00,7542.5,7543.5,7538.5,7539.5,13356.0
2026-05-26 11:15:00,7539.5,7539.5,7534.0,7537.5,15633.0
2026-05-26 11:20:00,7537.5,7538.25,7533.25,7535.25,13746.0
2026-05-26 11:25:00,7535.25,7537.75,7530.75,7532.0,13186.0
2026-05-26 11:30:00,7532.0,7533.75,7528.75,7532.0,13893.0
2026-05-26 11:35:00,7531.75,7533.5,7525.25,7532.0,14095.0
2026-05-26 11:40:00,7532.0,7532.5,7526.0,7527.25,12910.0
2026-05-26 11:45:00,7527.25,7527.75,7523.0,7524.5,14792.0
2026-05-26 11:50:00,7524.25,7525.75,7517.25,7518.75,17084.0
2026-05-26 11:55:00,7518.75,7524.0,7517.0,7523.25,15731.0
2026-05-26 12:00:00,7523.0,7527.75,7523.0,7525.75,11833.0
2026-05-26 12:05:00,7525.75,7527.5,7521.5,7522.25,7874.0
2026-05-26 12:10:00,7522.25,7525.0,7519.75,7522.5,8710.0
2026-05-26 12:15:00,7522.5,7527.25,7521.5,7526.5,6491.0
2026-05-26 12:20:00,7526.75,7528.5,7525.0,7527.75,6592.0
2026-05-26 12:25:00,7528.0,7531.25,7527.25,7530.75,7545.0
2026-05-26 12:30:00,7531.0,7534.0,7530.25,7533.25,11394.0
2026-05-26 12:35:00,7533.25,7534.0,7530.5,7530.5,6197.0
2026-05-26 12:40:00,7530.5,7530.75,7525.5,7526.0,7721.0
2026-05-26 12:45:00,7526.0,7528.0,7522.0,7522.0,9474.0
2026-05-26 12:50:00,7522.25,7526.0,7522.0,7525.75,7358.0
2026-05-26 12:55:00,7525.75,7526.25,7523.0,7523.5,5250.0
2026-05-26 13:00:00,7523.5,7528.0,7522.5,7524.75,7564.0
2026-05-26 13:05:00,7524.75,7526.5,7523.25,7524.75,5331.0
2026-05-26 13:10:00,7524.75,7527.5,7523.5,7526.25,4731.0
2026-05-26 13:15:00,7526.25,7526.75,7520.75,7521.25,6044.0
2026-05-26 13:20:00,7521.25,7523.75,7520.0,7520.75,6694.0
2026-05-26 13:25:00,7520.75,7521.75,7518.5,7519.75,7193.0
2026-05-26 13:30:00,7519.75,7524.25,7518.25,7524.0,6625.0
2026-05-26 13:35:00,7524.0,7525.0,7521.75,7522.0,5394.0
2026-05-26 13:40:00,7522.0,7523.25,7519.5,7522.0,4869.0
2026-05-26 13:45:00,7522.0,7526.25,7522.0,7525.75,4445.0
2026-05-26 13:50:00,7525.75,7526.75,7524.0,7524.25,4657.0
2026-05-26 13:55:00,7524.0,7524.75,7521.25,7524.0,5652.0
2026-05-26 14:00:00,7523.75,7526.0,7521.5,7525.5,5387.0
2026-05-26 14:05:00,7525.5,7527.75,7524.75,7527.5,4920.0
2026-05-26 14:10:00,7527.5,7530.75,7527.5,7530.0,6444.0
2026-05-26 14:15:00,7530.25,7533.0,7530.0,7533.0,7615.0
2026-05-26 14:20:00,7533.25,7533.75,7531.0,7532.25,6378.0
2026-05-26 14:25:00,7532.5,7533.5,7529.5,7530.0,5813.0
2026-05-26 14:30:00,7530.0,7533.75,7530.0,7533.25,5583.0
2026-05-26 14:35:00,7533.25,7533.25,7529.75,7530.5,5305.0
2026-05-26 14:40:00,7530.75,7530.75,7527.5,7527.5,5901.0
2026-05-26 14:45:00,7527.5,7529.25,7526.25,7526.75,6551.0
2026-05-26 14:50:00,7526.75,7529.5,7525.25,7527.5,6218.0
2026-05-26 14:55:00,7527.25,7528.25,7523.75,7524.75,6644.0
2026-05-26 15:00:00,7524.5,7526.5,7522.0,7525.5,9541.0
2026-05-26 15:05:00,7525.75,7528.0,7524.25,7527.75,5890.0
2026-05-26 15:10:00,7527.5,7528.0,7525.0,7525.5,5712.0
2026-05-26 15:15:00,7525.25,7528.5,7525.25,7527.75,6125.0
2026-05-26 15:20:00,7527.75,7529.25,7526.75,7528.75,6123.0
2026-05-26 15:25:00,7528.5,7529.25,7527.5,7528.75,6746.0
2026-05-26 15:30:00,7528.5,7533.25,7528.5,7532.75,7954.0
2026-05-26 15:35:00,7533.0,7536.25,7532.25,7536.0,9455.0
2026-05-26 15:40:00,7535.75,7539.0,7535.25,7538.75,11096.0
2026-05-26 15:45:00,7538.75,7541.0,7537.0,7539.25,12666.0
2026-05-26 15:50:00,7539.25,7542.5,7537.75,7540.5,19036.0
2026-05-26 15:55:00,7540.25,7541.0,7534.25,7539.25,66404.0
2026-05-26 16:00:00,7539.25,7540.75,7536.75,7537.25,24042.0
2026-05-27 09:30:00,7541.75,7546.25,7539.0,7542.0,35500.0
2026-05-27 09:35:00,7542.0,7544.75,7535.75,7538.75,27187.0
2026-05-27 09:40:00,7538.5,7538.75,7525.5,7528.25,29455.0
2026-05-27 09:45:00,7528.25,7534.5,7526.25,7529.0,28282.0
2026-05-27 09:50:00,7529.0,7537.75,7528.25,7534.25,24731.0
2026-05-27 09:55:00,7534.25,7538.25,7531.5,7538.0,19349.0
2026-05-27 10:00:00,7538.0,7546.25,7535.0,7545.5,23148.0
2026-05-27 10:05:00,7545.75,7546.25,7534.5,7539.25,22814.0
2026-05-27 10:10:00,7539.25,7542.25,7535.5,7541.5,14272.0
2026-05-27 10:15:00,7541.5,7546.75,7539.75,7545.75,13161.0
2026-05-27 10:20:00,7545.75,7547.0,7534.0,7534.75,24828.0
2026-05-27 10:25:00,7534.75,7535.0,7528.75,7533.75,23010.0
2026-05-27 10:30:00,7533.75,7539.5,7525.75,7536.75,32680.0
2026-05-27 10:35:00,7536.5,7543.0,7534.5,7542.75,16707.0
2026-05-27 10:40:00,7542.75,7543.5,7535.25,7537.5,14773.0
2026-05-27 10:45:00,7537.75,7538.75,7532.75,7532.75,11931.0
2026-05-27 10:50:00,7533.0,7537.25,7532.75,7536.25,9954.0
2026-05-27 10:55:00,7536.25,7536.25,7528.0,7530.0,14016.0
2026-05-27 11:00:00,7530.0,7534.0,7527.0,7530.75,16992.0
2026-05-27 11:05:00,7530.5,7534.75,7528.5,7533.25,8749.0
2026-05-27 11:10:00,7533.0,7534.75,7531.0,7531.5,7850.0
2026-05-27 11:15:00,7531.5,7531.75,7524.25,7524.75,11359.0
2026-05-27 11:20:00,7524.5,7528.0,7522.0,7527.5,13654.0
2026-05-27 11:25:00,7527.25,7528.75,7525.0,7528.5,10096.0
2026-05-27 11:30:00,7528.75,7535.0,7528.0,7531.5,18216.0
2026-05-27 11:35:00,7531.5,7532.25,7524.0,7524.25,11791.0
2026-05-27 11:40:00,7524.25,7527.75,7518.5,7519.25,17735.0
2026-05-27 11:45:00,7519.25,7523.75,7516.5,7520.0,18323.0
2026-05-27 11:50:00,7520.0,7526.0,7518.5,7523.75,14138.0
2026-05-27 11:55:00,7523.75,7525.75,7520.75,7524.25,8029.0
2026-05-27 12:00:00,7524.25,7526.25,7519.0,7521.0,13416.0
2026-05-27 12:05:00,7521.0,7528.0,7520.5,7528.0,8272.0
2026-05-27 12:10:00,7528.0,7530.5,7527.25,7529.0,8300.0
2026-05-27 12:15:00,7529.0,7531.5,7526.5,7527.0,7975.0
2026-05-27 12:20:00,7527.0,7531.0,7526.75,7530.25,5898.0
2026-05-27 12:25:00,7530.25,7530.5,7528.0,7529.5,6445.0
2026-05-27 12:30:00,7529.75,7533.25,7527.75,7531.0,6055.0
2026-05-27 12:35:00,7531.25,7534.75,7531.0,7533.75,5794.0
2026-05-27 12:40:00,7534.0,7537.5,7534.0,7535.5,7359.0
2026-05-27 12:45:00,7535.75,7538.25,7534.75,7538.0,7883.0
2026-05-27 12:50:00,7538.25,7539.75,7533.5,7534.25,8185.0
2026-05-27 12:55:00,7534.0,7534.25,7529.25,7531.0,8280.0
2026-05-27 13:00:00,7531.0,7532.0,7527.75,7528.5,7521.0
2026-05-27 13:05:00,7528.75,7529.75,7515.0,7516.25,16702.0
2026-05-27 13:10:00,7516.0,7522.0,7515.75,7522.0,14371.0
2026-05-27 13:15:00,7522.0,7527.0,7520.5,7526.0,8676.0
2026-05-27 13:20:00,7526.0,7527.75,7525.25,7527.5,5998.0
2026-05-27 13:25:00,7527.25,7528.25,7524.25,7524.75,5575.0
2026-05-27 13:30:00,7524.75,7529.25,7524.5,7529.0,5428.0
2026-05-27 13:35:00,7529.0,7532.5,7528.5,7529.75,7915.0
2026-05-27 13:40:00,7530.0,7530.5,7526.5,7527.25,6204.0
2026-05-27 13:45:00,7527.0,7528.0,7525.0,7527.75,6124.0
2026-05-27 13:50:00,7528.0,7532.0,7528.0,7532.0,5504.0
2026-05-27 13:55:00,7532.0,7533.75,7530.25,7530.75,6652.0
2026-05-27 14:00:00,7530.5,7531.25,7526.5,7528.5,6910.0
2026-05-27 14:05:00,7528.25,7531.75,7526.5,7531.5,5500.0
2026-05-27 14:10:00,7531.5,7534.0,7530.5,7533.5,4789.0
2026-05-27 14:15:00,7533.75,7537.5,7532.25,7536.75,7089.0
2026-05-27 14:20:00,7536.75,7539.5,7536.0,7539.0,6600.0
2026-05-27 14:25:00,7539.0,7541.5,7538.5,7540.5,8174.0
2026-05-27 14:30:00,7540.5,7542.5,7539.25,7540.25,8096.0
2026-05-27 14:35:00,7540.25,7541.0,7537.75,7541.0,6516.0
2026-05-27 14:40:00,7541.0,7542.75,7539.75,7541.75,5277.0
2026-05-27 14:45:00,7541.75,7544.0,7541.5,7541.5,6368.0
2026-05-27 14:50:00,7541.75,7544.25,7540.25,7542.0,8308.0
2026-05-27 14:55:00,7542.25,7543.75,7541.25,7542.0,4844.0
2026-05-27 15:00:00,7542.0,7543.75,7539.5,7543.25,7875.0
2026-05-27 15:05:00,7543.25,7545.25,7542.0,7543.75,6276.0
2026-05-27 15:10:00,7543.75,7544.25,7542.25,7543.0,5389.0
2026-05-27 15:15:00,7543.0,7543.75,7541.5,7542.5,5288.0
2026-05-27 15:20:00,7542.5,7543.5,7540.25,7541.0,5367.0
2026-05-27 15:25:00,7541.0,7541.0,7536.75,7539.5,8796.0
2026-05-27 15:30:00,7539.25,7541.5,7537.25,7539.25,11215.0
2026-05-27 15:35:00,7539.5,7542.75,7539.25,7541.75,6364.0
2026-05-27 15:40:00,7541.75,7542.75,7538.75,7542.5,6213.0
2026-05-27 15:45:00,7542.75,7542.75,7537.25,7537.25,8599.0
2026-05-27 15:50:00,7537.25,7541.5,7535.25,7538.25,19028.0
2026-05-27 15:55:00,7538.25,7541.5,7537.0,7539.75,69852.0
2026-05-27 16:00:00,7539.75,7542.0,7538.5,7540.5,17522.0
2026-05-28 09:30:00,7535.25,7537.25,7527.75,7530.25,24448.0
2026-05-28 09:35:00,7530.0,7530.25,7525.75,7527.0,18481.0
2026-05-28 09:40:00,7527.25,7530.25,7525.25,7528.5,13828.0
2026-05-28 09:45:00,7528.75,7532.0,7526.25,7527.25,16677.0
2026-05-28 09:50:00,7527.25,7537.0,7526.25,7532.0,24002.0
2026-05-28 09:55:00,7531.75,7536.0,7530.5,7535.75,10957.0
2026-05-28 10:00:00,7535.75,7539.75,7533.25,7536.5,19291.0
2026-05-28 10:05:00,7536.25,7540.25,7533.5,7540.0,13493.0
2026-05-28 10:10:00,7540.0,7574.0,7535.0,7564.5,62175.0
2026-05-28 10:15:00,7564.5,7569.0,7555.0,7564.5,31354.0
2026-05-28 10:20:00,7564.5,7566.25,7553.25,7557.75,24227.0
2026-05-28 10:25:00,7557.5,7562.0,7556.5,7561.25,14083.0
2026-05-28 10:30:00,7561.5,7563.75,7552.75,7553.0,19170.0
2026-05-28 10:35:00,7553.0,7556.75,7551.25,7553.25,16061.0
2026-05-28 10:40:00,7553.25,7559.0,7552.25,7558.5,13549.0
2026-05-28 10:45:00,7558.5,7562.25,7552.0,7557.5,23916.0
2026-05-28 10:50:00,7557.5,7563.5,7557.25,7561.75,12777.0
2026-05-28 10:55:00,7561.75,7563.25,7557.75,7562.75,12666.0
2026-05-28 11:00:00,7562.75,7571.5,7561.5,7571.5,21509.0
2026-05-28 11:05:00,7571.75,7573.5,7568.5,7569.75,14880.0
2026-05-28 11:10:00,7569.75,7570.75,7566.75,7567.0,10078.0
2026-05-28 11:15:00,7567.25,7569.75,7565.0,7568.5,8907.0
2026-05-28 11:20:00,7568.5,7571.75,7567.75,7570.75,8121.0
2026-05-28 11:25:00,7571.0,7575.75,7570.5,7573.5,12736.0
2026-05-28 11:30:00,7573.5,7575.0,7571.75,7574.0,9747.0
2026-05-28 11:35:00,7574.25,7576.5,7572.75,7575.25,9491.0
2026-05-28 11:40:00,7575.25,7575.5,7572.75,7574.25,7592.0
2026-05-28 11:45:00,7574.25,7575.75,7572.25,7572.75,8243.0
2026-05-28 11:50:00,7573.0,7576.5,7573.0,7574.25,5671.0
2026-05-28 11:55:00,7574.25,7577.0,7573.25,7574.75,6126.0
2026-05-28 12:00:00,7574.75,7575.25,7570.75,7573.0,7768.0
2026-05-28 12:05:00,7573.25,7575.25,7573.0,7574.75,5392.0
2026-05-28 12:10:00,7574.75,7576.25,7574.0,7576.0,5333.0
2026-05-28 12:15:00,7576.0,7579.75,7574.0,7579.0,10727.0
2026-05-28 12:20:00,7578.75,7582.75,7576.5,7580.75,9770.0
2026-05-28 12:25:00,7580.5,7581.75,7577.5,7578.0,7337.0
2026-05-28 12:30:00,7578.0,7578.5,7576.0,7576.75,6303.0
2026-05-28 12:35:00,7576.75,7577.5,7574.5,7576.0,5603.0
2026-05-28 12:40:00,7576.0,7578.75,7575.75,7578.5,5734.0
2026-05-28 12:45:00,7578.25,7579.5,7577.0,7577.25,5736.0
2026-05-28 12:50:00,7577.25,7578.5,7576.5,7577.25,5039.0
2026-05-28 12:55:00,7577.25,7582.25,7577.0,7581.0,5956.0
2026-05-28 13:00:00,7581.0,7582.75,7580.25,7581.25,6454.0
2026-05-28 13:05:00,7581.25,7582.5,7578.25,7578.5,6167.0
2026-05-28 13:10:00,7578.5,7579.25,7576.5,7576.75,5704.0
2026-05-28 13:15:00,7577.0,7577.75,7574.75,7575.5,7400.0
2026-05-28 13:20:00,7575.5,7579.25,7575.25,7578.75,6761.0
2026-05-28 13:25:00,7578.5,7579.25,7576.0,7576.5,4999.0
2026-05-28 13:30:00,7576.75,7578.5,7575.5,7576.25,6854.0
2026-05-28 13:35:00,7576.0,7578.5,7575.0,7578.5,4216.0
2026-05-28 13:40:00,7578.5,7579.75,7577.5,7579.0,3744.0
2026-05-28 13:45:00,7579.0,7582.5,7578.5,7582.0,7833.0
2026-05-28 13:50:00,7582.0,7583.75,7581.25,7582.5,7863.0
2026-05-28 13:55:00,7582.5,7582.5,7580.25,7581.0,6095.0
2026-05-28 14:00:00,7581.0,7583.0,7580.0,7582.75,5691.0
2026-05-28 14:05:00,7582.75,7583.0,7581.0,7581.0,5895.0
2026-05-28 14:10:00,7581.0,7581.25,7578.75,7579.25,8462.0
2026-05-28 14:15:00,7579.25,7582.25,7578.0,7580.25,14202.0
2026-05-28 14:20:00,7580.25,7582.25,7579.25,7582.0,5622.0
2026-05-28 14:25:00,7582.25,7582.5,7581.25,7581.75,5878.0
2026-05-28 14:30:00,7581.75,7582.0,7578.75,7579.0,6150.0
2026-05-28 14:35:00,7579.0,7579.25,7577.0,7577.5,6642.0
2026-05-28 14:40:00,7577.5,7579.25,7576.75,7577.75,6036.0
2026-05-28 14:45:00,7577.75,7578.25,7576.0,7576.75,5405.0
2026-05-28 14:50:00,7577.0,7579.5,7576.0,7579.25,5347.0
2026-05-28 14:55:00,7579.0,7580.25,7576.5,7576.75,4768.0
2026-05-28 15:00:00,7576.5,7578.25,7575.25,7578.0,6560.0
2026-05-28 15:05:00,7578.0,7579.25,7577.75,7578.0,5137.0
2026-05-28 15:10:00,7578.25,7579.5,7576.25,7576.75,5736.0
2026-05-28 15:15:00,7576.75,7578.75,7576.0,7577.25,7187.0
2026-05-28 15:20:00,7577.5,7580.0,7576.75,7579.75,7001.0
2026-05-28 15:25:00,7579.75,7582.25,7579.75,7582.25,7847.0
2026-05-28 15:30:00,7582.0,7585.25,7581.5,7584.0,12519.0
2026-05-28 15:35:00,7584.0,7586.5,7583.0,7586.25,9536.0
2026-05-28 15:40:00,7586.25,7586.5,7582.25,7582.25,10144.0
2026-05-28 15:45:00,7582.25,7584.75,7581.75,7582.25,10397.0
2026-05-28 15:50:00,7582.25,7584.0,7579.75,7582.75,22876.0
2026-05-28 15:55:00,7582.75,7584.25,7580.5,7581.75,66060.0
2026-05-28 16:00:00,7582.0,7585.75,7580.0,7585.25,16184.0
2026-05-29 09:30:00,7590.5,7594.5,7586.75,7591.75,33883.0
2026-05-29 09:35:00,7591.5,7598.75,7591.25,7598.75,19063.0
2026-05-29 09:40:00,7598.75,7606.0,7597.0,7605.75,20332.0
2026-05-29 09:45:00,7605.75,7608.75,7603.75,7607.0,23229.0
2026-05-29 09:50:00,7607.25,7610.0,7604.0,7609.75,14667.0
2026-05-29 09:55:00,7609.75,7609.75,7606.25,7609.0,11391.0
2026-05-29 10:00:00,7608.75,7611.5,7606.25,7607.75,18140.0
2026-05-29 10:05:00,7607.5,7609.0,7603.5,7604.0,14736.0
2026-05-29 10:10:00,7604.0,7608.5,7602.75,7604.0,14184.0
2026-05-29 10:15:00,7604.25,7604.25,7595.75,7598.5,24665.0
2026-05-29 10:20:00,7598.25,7600.75,7593.25,7593.5,19250.0
2026-05-29 10:25:00,7593.25,7598.0,7589.25,7597.0,31394.0
2026-05-29 10:30:00,7596.75,7599.75,7592.75,7599.75,21136.0
2026-05-29 10:35:00,7599.75,7600.25,7586.75,7587.0,23510.0
2026-05-29 10:40:00,7586.75,7590.25,7581.75,7582.75,29497.0
2026-05-29 10:45:00,7582.25,7584.0,7577.5,7580.5,25450.0
2026-05-29 10:50:00,7580.5,7598.25,7579.5,7588.75,46621.0
2026-05-29 10:55:00,7588.75,7595.75,7588.5,7590.75,14866.0
2026-05-29 11:00:00,7591.0,7594.75,7589.25,7594.0,12984.0
2026-05-29 11:05:00,7593.75,7598.25,7590.5,7597.25,14384.0
2026-05-29 11:10:00,7597.25,7603.5,7597.25,7603.5,17405.0
2026-05-29 11:15:00,7603.25,7604.75,7599.0,7599.0,14210.0
2026-05-29 11:20:00,7599.25,7600.75,7593.25,7599.25,12549.0
2026-05-29 11:25:00,7599.0,7603.5,7595.5,7598.25,15124.0
2026-05-29 11:30:00,7598.5,7603.0,7597.75,7600.25,15422.0
2026-05-29 11:35:00,7600.25,7603.5,7598.0,7602.0,14923.0
2026-05-29 11:40:00,7602.0,7604.0,7595.25,7597.5,16899.0
2026-05-29 11:45:00,7597.25,7599.0,7593.25,7597.0,9637.0
2026-05-29 11:50:00,7596.75,7599.5,7594.5,7597.0,7700.0
2026-05-29 11:55:00,7596.75,7597.75,7593.5,7594.75,6654.0
2026-05-29 12:00:00,7594.75,7600.0,7593.75,7599.5,6900.0
2026-05-29 12:05:00,7599.75,7603.25,7598.75,7603.0,5816.0
2026-05-29 12:10:00,7603.25,7605.25,7602.25,7603.25,8952.0
2026-05-29 12:15:00,7603.25,7604.0,7598.5,7599.0,6455.0
2026-05-29 12:20:00,7598.75,7603.25,7598.25,7600.5,6977.0
2026-05-29 12:25:00,7600.5,7600.5,7597.25,7598.0,6197.0
2026-05-29 12:30:00,7598.0,7604.5,7595.25,7603.25,17650.0
2026-05-29 12:35:00,7603.25,7607.75,7602.5,7607.25,15553.0
2026-05-29 12:40:00,7607.25,7608.5,7604.25,7605.25,9080.0
2026-05-29 12:45:00,7605.0,7606.0,7601.75,7602.0,9318.0
2026-05-29 12:50:00,7602.0,7602.25,7598.0,7600.0,7391.0
2026-05-29 12:55:00,7599.75,7600.5,7595.5,7598.25,9609.0
2026-05-29 13:00:00,7598.0,7600.5,7596.0,7596.5,7854.0
2026-05-29 13:05:00,7596.75,7598.75,7595.25,7597.75,6258.0
2026-05-29 13:10:00,7597.75,7599.75,7595.5,7597.75,7211.0
2026-05-29 13:15:00,7597.75,7600.25,7596.75,7598.5,4971.0
2026-05-29 13:20:00,7598.5,7599.25,7592.0,7596.75,18002.0
2026-05-29 13:25:00,7597.0,7597.25,7593.25,7596.0,6993.0
2026-05-29 13:30:00,7596.25,7597.25,7593.5,7595.0,7483.0
2026-05-29 13:35:00,7595.25,7596.25,7592.75,7594.0,5722.0
2026-05-29 13:40:00,7593.75,7595.0,7590.25,7590.75,6104.0
2026-05-29 13:45:00,7591.0,7592.0,7590.0,7591.25,6927.0
2026-05-29 13:50:00,7591.0,7593.25,7588.5,7588.5,9055.0
2026-05-29 13:55:00,7588.5,7588.75,7582.5,7583.5,14570.0
2026-05-29 14:00:00,7583.25,7588.25,7581.75,7588.0,12337.0
2026-05-29 14:05:00,7588.0,7590.0,7587.25,7590.0,7313.0
2026-05-29 14:10:00,7590.0,7591.75,7585.75,7588.0,8995.0
2026-05-29 14:15:00,7588.0,7590.0,7586.25,7589.75,8409.0
2026-05-29 14:20:00,7589.75,7592.75,7589.5,7592.75,7267.0
2026-05-29 14:25:00,7592.75,7594.75,7591.0,7593.5,6089.0
2026-05-29 14:30:00,7593.5,7598.25,7593.5,7597.5,8124.0
2026-05-29 14:35:00,7597.25,7598.0,7594.5,7596.5,6992.0
2026-05-29 14:40:00,7596.5,7597.5,7593.75,7594.75,5978.0
2026-05-29 14:45:00,7594.75,7594.75,7584.75,7588.75,24690.0
2026-05-29 14:50:00,7588.75,7590.5,7585.25,7587.5,9400.0
2026-05-29 14:55:00,7587.25,7589.25,7584.5,7585.25,9183.0
2026-05-29 15:00:00,7585.25,7590.0,7583.75,7589.25,10452.0
2026-05-29 15:05:00,7589.25,7593.75,7589.0,7593.25,7988.0
2026-05-29 15:10:00,7593.0,7595.75,7592.25,7594.5,9148.0
2026-05-29 15:15:00,7594.5,7595.25,7590.25,7592.5,15340.0
2026-05-29 15:20:00,7592.5,7596.75,7591.5,7595.5,10404.0
2026-05-29 15:25:00,7595.5,7599.5,7593.75,7599.25,10331.0
2026-05-29 15:30:00,7599.5,7603.0,7599.0,7602.75,13538.0
2026-05-29 15:35:00,7602.75,7605.75,7601.25,7605.0,15453.0
2026-05-29 15:40:00,7605.25,7607.0,7602.5,7602.5,15926.0
2026-05-29 15:45:00,7602.5,7604.25,7600.25,7602.75,13839.0
2026-05-29 15:50:00,7602.75,7604.0,7594.5,7596.25,39427.0
2026-05-29 15:55:00,7596.25,7599.0,7593.0,7594.5,162022.0
2026-05-29 16:00:00,7594.75,7598.75,7593.25,7598.25,39374.0
2026-06-01 09:30:00,7583.0,7590.0,7576.25,7586.0,37617.0
2026-06-01 09:35:00,7585.75,7594.75,7584.5,7591.25,21654.0
2026-06-01 09:40:00,7591.5,7595.0,7587.25,7591.25,15574.0
2026-06-01 09:45:00,7591.5,7596.0,7590.75,7592.75,16529.0
2026-06-01 09:50:00,7592.75,7596.75,7588.25,7589.75,18789.0
2026-06-01 09:55:00,7589.75,7590.5,7583.25,7584.75,14991.0
2026-06-01 10:00:00,7585.25,7589.75,7581.5,7585.0,25309.0
2026-06-01 10:05:00,7584.75,7594.0,7583.25,7592.25,19762.0
2026-06-01 10:10:00,7592.0,7592.75,7583.5,7587.75,16023.0
2026-06-01 10:15:00,7587.75,7596.25,7585.25,7587.5,26471.0
2026-06-01 10:20:00,7587.25,7593.75,7586.75,7590.25,15295.0
2026-06-01 10:25:00,7590.25,7591.75,7585.5,7587.0,17643.0
2026-06-01 10:30:00,7587.0,7590.25,7583.5,7585.75,14964.0
2026-06-01 10:35:00,7585.75,7587.75,7581.5,7582.5,12936.0
2026-06-01 10:40:00,7582.25,7588.0,7581.0,7586.25,9552.0
2026-06-01 10:45:00,7586.25,7588.25,7583.25,7585.0,9086.0
2026-06-01 10:50:00,7585.0,7587.25,7582.0,7583.75,9268.0
2026-06-01 10:55:00,7583.75,7585.0,7581.25,7585.0,7440.0
2026-06-01 11:00:00,7585.0,7587.0,7582.75,7586.25,9459.0
2026-06-01 11:05:00,7586.5,7591.25,7583.25,7588.5,16360.0
2026-06-01 11:10:00,7588.5,7589.5,7585.0,7587.5,9410.0
2026-06-01 11:15:00,7587.5,7589.25,7586.25,7587.0,8801.0
2026-06-01 11:20:00,7587.0,7592.25,7586.75,7590.75,7452.0
2026-06-01 11:25:00,7591.0,7591.75,7588.0,7589.75,7752.0
2026-06-01 11:30:00,7589.75,7601.75,7589.5,7598.5,45424.0
2026-06-01 11:35:00,7598.75,7602.75,7598.25,7602.5,15289.0
2026-06-01 11:40:00,7602.25,7603.0,7600.0,7601.25,11133.0
2026-06-01 11:45:00,7601.5,7601.75,7597.0,7597.5,9630.0
2026-06-01 11:50:00,7597.5,7600.25,7596.25,7598.5,8906.0
2026-06-01 11:55:00,7598.25,7598.75,7595.0,7595.5,9672.0
2026-06-01 12:00:00,7595.5,7600.75,7595.5,7597.0,12535.0
2026-06-01 12:05:00,7597.0,7597.5,7595.0,7596.25,5340.0
2026-06-01 12:10:00,7596.25,7596.5,7591.25,7593.5,15692.0
2026-06-01 12:15:00,7593.5,7594.5,7587.0,7592.0,13243.0
2026-06-01 12:20:00,7591.75,7595.75,7591.25,7595.5,6567.0
2026-06-01 12:25:00,7595.5,7596.75,7593.75,7596.25,7634.0
2026-06-01 12:30:00,7596.25,7601.0,7596.0,7599.75,15721.0
2026-06-01 12:35:00,7599.5,7600.75,7597.5,7600.0,7380.0
2026-06-01 12:40:00,7600.0,7601.0,7598.75,7599.0,4923.0
2026-06-01 12:45:00,7599.0,7599.75,7596.5,7599.5,6062.0
2026-06-01 12:50:00,7599.5,7607.5,7598.75,7607.0,19800.0
2026-06-01 12:55:00,7606.75,7609.25,7605.75,7607.75,15299.0
2026-06-01 13:00:00,7607.75,7608.5,7602.5,7602.5,14572.0
2026-06-01 13:05:00,7602.75,7604.5,7598.75,7599.5,10077.0
2026-06-01 13:10:00,7599.5,7602.5,7599.25,7601.25,6006.0
2026-06-01 13:15:00,7601.5,7602.5,7599.5,7602.0,5189.0
2026-06-01 13:20:00,7601.75,7605.5,7601.25,7604.5,6503.0
2026-06-01 13:25:00,7604.25,7614.0,7603.0,7613.75,13529.0
2026-06-01 13:30:00,7614.0,7616.0,7606.75,7608.0,25135.0
2026-06-01 13:35:00,7608.0,7614.25,7607.0,7613.0,13431.0
2026-06-01 13:40:00,7613.0,7632.25,7612.0,7623.5,34706.0
2026-06-01 13:45:00,7623.5,7629.75,7623.25,7625.0,18916.0
2026-06-01 13:50:00,7624.75,7628.5,7623.75,7628.0,10491.0
2026-06-01 13:55:00,7628.0,7628.25,7623.25,7624.25,9081.0
2026-06-01 14:00:00,7624.25,7625.5,7623.75,7624.75,6242.0
2026-06-01 14:05:00,7625.0,7626.25,7624.0,7625.75,7121.0
2026-06-01 14:10:00,7625.75,7627.0,7622.0,7622.75,6795.0
2026-06-01 14:15:00,7623.0,7626.75,7622.25,7626.75,5829.0
2026-06-01 14:20:00,7626.5,7627.5,7626.0,7627.0,5661.0
2026-06-01 14:25:00,7627.0,7628.25,7626.5,7627.25,5629.0
2026-06-01 14:30:00,7627.25,7627.5,7624.25,7626.25,4614.0
2026-06-01 14:35:00,7626.25,7627.5,7625.0,7626.0,3671.0
2026-06-01 14:40:00,7625.75,7628.0,7624.75,7627.75,4957.0
2026-06-01 14:45:00,7627.75,7627.75,7624.5,7625.0,3892.0
2026-06-01 14:50:00,7624.75,7625.75,7623.5,7625.0,4550.0
2026-06-01 14:55:00,7625.0,7627.25,7624.25,7624.25,4464.0
2026-06-01 15:00:00,7624.25,7625.75,7622.75,7625.5,7088.0
2026-06-01 15:05:00,7625.5,7626.0,7622.75,7625.25,6715.0
2026-06-01 15:10:00,7625.25,7625.5,7623.25,7623.5,5632.0
2026-06-01 15:15:00,7623.5,7624.75,7622.75,7623.5,5220.0
2026-06-01 15:20:00,7623.25,7625.0,7623.0,7625.0,4344.0
2026-06-01 15:25:00,7625.0,7626.5,7624.25,7625.75,5473.0
2026-06-01 15:30:00,7625.5,7625.75,7621.0,7621.25,8870.0
2026-06-01 15:35:00,7621.25,7622.25,7619.25,7620.5,13290.0
2026-06-01 15:40:00,7620.75,7620.75,7617.75,7619.0,9013.0
2026-06-01 15:45:00,7618.75,7620.0,7614.75,7615.75,15220.0
2026-06-01 15:50:00,7615.5,7616.75,7610.75,7611.5,22236.0
2026-06-01 15:55:00,7611.75,7614.5,7610.5,7613.75,76522.0
2026-06-01 16:00:00,7613.75,7615.5,7613.0,7615.0,17308.0
2026-06-02 09:30:00,7598.25,7605.25,7596.5,7602.5,33264.0
2026-06-02 09:35:00,7602.5,7603.75,7597.5,7597.75,17523.0
2026-06-02 09:40:00,7598.0,7601.25,7595.5,7601.0,17931.0
2026-06-02 09:45:00,7601.25,7604.5,7600.75,7604.25,14183.0
2026-06-02 09:50:00,7604.25,7605.25,7602.0,7602.75,14332.0
2026-06-02 09:55:00,7603.0,7604.5,7601.5,7603.75,11055.0
2026-06-02 10:00:00,7603.5,7605.75,7600.0,7605.5,14948.0
2026-06-02 10:05:00,7605.5,7607.0,7603.75,7606.75,11533.0
2026-06-02 10:10:00,7606.5,7611.75,7606.5,7609.5,16468.0
2026-06-02 10:15:00,7609.5,7611.25,7607.75,7610.75,14123.0
2026-06-02 10:20:00,7610.75,7612.5,7606.75,7608.0,15491.0
2026-06-02 10:25:00,7607.75,7610.5,7603.0,7604.75,18248.0
2026-06-02 10:30:00,7605.0,7613.25,7604.75,7613.0,14191.0
2026-06-02 10:35:00,7613.25,7616.0,7612.25,7613.0,12511.0
2026-06-02 10:40:00,7613.0,7617.25,7611.75,7617.0,10631.0
2026-06-02 10:45:00,7616.75,7620.75,7616.0,7620.5,12369.0
2026-06-02 10:50:00,7620.75,7624.0,7620.0,7623.25,12693.0
2026-06-02 10:55:00,7623.5,7625.25,7621.5,7625.25,11479.0
2026-06-02 11:00:00,7625.25,7625.75,7622.0,7622.5,12478.0
2026-06-02 11:05:00,7622.75,7629.5,7621.75,7629.0,14831.0
2026-06-02 11:10:00,7629.25,7630.25,7626.25,7628.0,13733.0
2026-06-02 11:15:00,7628.0,7630.0,7627.5,7629.5,8596.0
2026-06-02 11:20:00,7629.5,7632.0,7628.75,7630.25,11860.0
2026-06-02 11:25:00,7630.25,7631.0,7626.5,7627.0,11517.0
2026-06-02 11:30:00,7626.75,7627.25,7624.75,7626.0,12957.0
2026-06-02 11:35:00,7626.0,7628.5,7625.25,7625.75,8997.0
2026-06-02 11:40:00,7625.75,7626.25,7623.75,7624.75,8573.0
2026-06-02 11:45:00,7624.75,7627.25,7623.5,7625.25,7868.0
2026-06-02 11:50:00,7625.25,7626.25,7623.5,7624.75,5756.0
2026-06-02 11:55:00,7624.75,7626.5,7623.75,7624.75,5511.0
2026-06-02 12:00:00,7624.75,7625.25,7621.75,7623.0,8154.0
2026-06-02 12:05:00,7623.0,7626.5,7622.75,7625.25,10480.0
2026-06-02 12:10:00,7625.0,7627.75,7624.25,7626.75,6570.0
2026-06-02 12:15:00,7626.5,7626.75,7622.75,7623.25,7155.0
2026-06-02 12:20:00,7623.0,7624.0,7620.0,7623.25,9004.0
2026-06-02 12:25:00,7623.25,7623.5,7620.5,7621.25,5171.0
2026-06-02 12:30:00,7621.25,7623.25,7620.0,7620.25,6007.0
2026-06-02 12:35:00,7620.25,7621.25,7618.75,7620.25,7725.0
2026-06-02 12:40:00,7620.0,7622.25,7620.0,7620.75,5223.0
2026-06-02 12:45:00,7621.0,7624.75,7620.5,7624.5,5308.0
2026-06-02 12:50:00,7624.5,7626.25,7624.0,7624.25,5725.0
2026-06-02 12:55:00,7624.5,7627.25,7624.0,7626.5,5954.0
2026-06-02 13:00:00,7626.5,7627.0,7624.75,7626.75,5751.0
2026-06-02 13:05:00,7626.75,7627.5,7624.0,7625.5,6566.0
2026-06-02 13:10:00,7625.25,7626.75,7623.75,7626.75,3946.0
2026-06-02 13:15:00,7626.75,7626.75,7620.5,7621.75,9374.0
2026-06-02 13:20:00,7621.5,7623.0,7618.75,7619.25,8891.0
2026-06-02 13:25:00,7619.5,7619.5,7617.0,7618.0,7887.0
2026-06-02 13:30:00,7618.0,7621.25,7617.5,7618.25,7399.0
2026-06-02 13:35:00,7618.25,7619.0,7615.75,7615.75,7101.0
2026-06-02 13:40:00,7615.75,7620.0,7615.5,7618.75,5926.0
2026-06-02 13:45:00,7618.75,7620.5,7618.25,7620.25,4681.0
2026-06-02 13:50:00,7620.25,7621.0,7618.75,7619.0,4857.0
2026-06-02 13:55:00,7619.0,7619.0,7616.25,7616.5,4418.0
2026-06-02 14:00:00,7616.75,7618.5,7616.0,7617.0,5861.0
2026-06-02 14:05:00,7616.75,7619.75,7616.75,7619.5,4453.0
2026-06-02 14:10:00,7619.5,7621.25,7618.0,7618.5,6552.0
2026-06-02 14:15:00,7618.25,7618.75,7616.5,7617.25,4746.0
2026-06-02 14:20:00,7617.25,7619.0,7616.5,7617.75,4634.0
2026-06-02 14:25:00,7618.0,7618.75,7616.75,7617.5,4839.0
2026-06-02 14:30:00,7617.5,7620.25,7617.25,7618.25,5070.0
2026-06-02 14:35:00,7618.25,7618.25,7614.75,7615.25,7442.0
2026-06-02 14:40:00,7615.0,7617.0,7614.25,7616.25,6571.0
2026-06-02 14:45:00,7616.5,7618.25,7615.75,7618.0,4492.0
2026-06-02 14:50:00,7618.0,7619.0,7616.5,7617.75,5386.0
2026-06-02 14:55:00,7617.5,7619.75,7617.25,7619.0,6122.0
2026-06-02 15:00:00,7619.0,7622.25,7618.75,7621.75,7144.0
2026-06-02 15:05:00,7621.75,7622.25,7620.5,7622.0,5646.0
2026-06-02 15:10:00,7622.0,7622.75,7620.25,7620.5,5688.0
2026-06-02 15:15:00,7620.5,7622.0,7620.0,7621.25,5134.0
2026-06-02 15:20:00,7621.25,7623.5,7621.0,7623.5,5791.0
2026-06-02 15:25:00,7623.5,7623.75,7620.75,7621.5,6596.0
2026-06-02 15:30:00,7621.5,7623.0,7621.0,7622.75,5503.0
2026-06-02 15:35:00,7622.75,7623.0,7621.25,7621.5,4258.0
2026-06-02 15:40:00,7621.5,7622.25,7620.0,7620.25,5950.0
2026-06-02 15:45:00,7620.0,7623.0,7619.5,7622.75,10229.0
2026-06-02 15:50:00,7622.75,7625.25,7621.0,7623.75,18318.0
2026-06-02 15:55:00,7623.75,7625.25,7622.25,7623.5,66557.0
2026-06-02 16:00:00,7623.5,7627.5,7623.25,7627.5,18954.0
2026-06-03 09:30:00,7608.5,7614.75,7606.75,7609.25,28929.0
2026-06-03 09:35:00,7609.5,7609.5,7602.75,7606.0,25877.0
2026-06-03 09:40:00,7606.0,7606.0,7592.0,7592.5,27655.0
2026-06-03 09:45:00,7592.25,7594.5,7575.25,7578.25,43489.0
2026-06-03 09:50:00,7578.25,7589.75,7574.0,7585.0,36206.0
2026-06-03 09:55:00,7585.25,7590.0,7584.25,7586.25,17868.0
2026-06-03 10:00:00,7586.5,7593.75,7585.0,7590.5,23330.0
2026-06-03 10:05:00,7590.5,7592.5,7588.25,7591.5,14997.0
2026-06-03 10:10:00,7591.25,7596.5,7591.25,7596.25,14225.0
2026-06-03 10:15:00,7596.0,7597.0,7587.5,7589.25,20562.0
2026-06-03 10:20:00,7589.25,7593.25,7586.5,7590.25,14188.0
2026-06-03 10:25:00,7590.0,7595.25,7590.0,7595.0,9967.0
2026-06-03 10:30:00,7594.75,7597.0,7592.0,7593.0,12702.0
2026-06-03 10:35:00,7593.0,7597.25,7590.75,7596.25,10548.0
2026-06-03 10:40:00,7596.25,7596.5,7591.5,7591.5,7943.0
2026-06-03 10:45:00,7591.5,7592.25,7586.25,7587.25,14574.0
2026-06-03 10:50:00,7587.25,7591.5,7583.75,7589.75,13165.0
2026-06-03 10:55:00,7589.75,7590.25,7586.5,7588.75,7104.0
2026-06-03 11:00:00,7589.0,7592.25,7588.5,7590.0,8479.0
2026-06-03 11:05:00,7590.0,7590.25,7585.5,7588.75,9323.0
2026-06-03 11:10:00,7588.75,7591.75,7586.75,7587.25,6574.0
2026-06-03 11:15:00,7587.25,7589.75,7585.75,7587.75,6896.0
2026-06-03 11:20:00,7588.0,7589.25,7580.5,7582.75,11189.0
2026-06-03 11:25:00,7582.5,7589.0,7580.5,7588.5,13534.0
2026-06-03 11:30:00,7588.5,7590.0,7581.75,7583.25,12186.0
2026-06-03 11:35:00,7583.5,7584.75,7578.75,7580.5,13086.0
2026-06-03 11:40:00,7580.5,7581.5,7578.0,7579.0,11432.0
2026-06-03 11:45:00,7579.0,7580.25,7574.75,7579.25,13750.0
2026-06-03 11:50:00,7579.0,7582.75,7577.0,7580.0,9434.0
2026-06-03 11:55:00,7579.75,7581.25,7578.0,7579.25,6225.0
2026-06-03 12:00:00,7579.25,7581.5,7576.75,7580.75,8464.0
2026-06-03 12:05:00,7580.5,7582.0,7576.75,7577.75,9851.0
2026-06-03 12:10:00,7577.75,7581.25,7577.5,7579.75,5981.0
2026-06-03 12:15:00,7579.5,7579.5,7573.0,7576.0,10930.0
2026-06-03 12:20:00,7576.0,7576.75,7567.75,7568.25,12929.0
2026-06-03 12:25:00,7568.0,7571.5,7565.75,7570.0,17569.0
2026-06-03 12:30:00,7570.0,7573.5,7569.25,7571.0,10776.0
2026-06-03 12:35:00,7571.0,7571.0,7565.75,7566.0,8993.0
2026-06-03 12:40:00,7565.75,7567.75,7562.5,7567.5,13158.0
2026-06-03 12:45:00,7567.5,7573.25,7567.25,7572.75,11213.0
2026-06-03 12:50:00,7572.75,7575.0,7570.5,7572.75,13880.0
2026-06-03 12:55:00,7572.5,7578.75,7571.0,7578.25,14383.0
2026-06-03 13:00:00,7578.0,7578.5,7573.0,7573.75,8809.0
2026-06-03 13:05:00,7573.75,7578.75,7572.25,7576.0,12333.0
2026-06-03 13:10:00,7576.25,7576.75,7568.0,7569.75,10930.0
2026-06-03 13:15:00,7569.75,7571.0,7567.0,7568.5,8179.0
2026-06-03 13:20:00,7568.75,7572.5,7568.25,7572.25,6202.0
2026-06-03 13:25:00,7572.5,7573.75,7570.25,7573.25,5959.0
2026-06-03 13:30:00,7573.25,7576.25,7568.75,7576.0,9358.0
2026-06-03 13:35:00,7576.25,7578.75,7574.75,7577.0,6731.0
2026-06-03 13:40:00,7577.0,7581.0,7576.5,7579.0,6142.0
2026-06-03 13:45:00,7579.25,7580.5,7577.75,7579.5,6200.0
2026-06-03 13:50:00,7579.25,7583.75,7579.25,7583.75,8331.0
2026-06-03 13:55:00,7583.75,7585.0,7582.5,7583.0,6609.0
2026-06-03 14:00:00,7583.0,7583.75,7581.25,7583.0,7600.0
2026-06-03 14:05:00,7583.0,7583.0,7579.75,7581.0,5204.0
2026-06-03 14:10:00,7581.0,7582.25,7578.5,7580.5,4832.0
2026-06-03 14:15:00,7580.5,7582.25,7577.25,7582.25,6706.0
2026-06-03 14:20:00,7582.0,7584.5,7578.0,7584.5,8460.0
2026-06-03 14:25:00,7584.5,7587.75,7584.0,7587.25,10477.0
2026-06-03 14:30:00,7587.25,7588.0,7584.25,7584.75,8459.0
2026-06-03 14:35:00,7584.75,7586.5,7582.5,7584.75,8591.0
2026-06-03 14:40:00,7584.75,7585.0,7583.0,7584.5,5805.0
2026-06-03 14:45:00,7584.5,7586.5,7583.25,7583.5,4486.0
2026-06-03 14:50:00,7583.25,7585.0,7582.25,7583.5,5992.0
2026-06-03 14:55:00,7583.5,7585.0,7582.75,7583.5,5169.0
2026-06-03 15:00:00,7583.5,7583.5,7575.75,7578.0,15031.0
2026-06-03 15:05:00,7577.75,7581.25,7577.75,7578.5,7848.0
2026-06-03 15:10:00,7578.75,7579.25,7574.25,7577.5,9435.0
2026-06-03 15:15:00,7577.5,7581.75,7576.25,7578.75,11269.0
2026-06-03 15:20:00,7578.5,7579.25,7574.25,7574.5,9575.0
2026-06-03 15:25:00,7574.5,7576.0,7573.5,7575.75,8148.0
2026-06-03 15:30:00,7575.75,7577.0,7573.5,7575.5,10549.0
2026-06-03 15:35:00,7575.5,7581.75,7574.75,7581.0,11205.0
2026-06-03 15:40:00,7580.75,7582.75,7579.75,7580.5,12090.0
2026-06-03 15:45:00,7580.5,7582.5,7578.75,7581.25,11320.0
2026-06-03 15:50:00,7581.25,7582.25,7573.5,7574.0,38674.0
2026-06-03 15:55:00,7574.0,7577.0,7568.5,7572.5,101915.0
2026-06-03 16:00:00,7572.5,7573.25,7567.25,7569.5,26065.0
2026-06-04 09:30:00,7548.25,7557.5,7541.75,7556.5,39375.0
2026-06-04 09:35:00,7556.25,7561.5,7551.75,7556.75,26407.0
2026-06-04 09:40:00,7557.0,7557.5,7547.0,7548.25,21463.0
2026-06-04 09:45:00,7548.25,7556.0,7543.5,7553.25,20267.0
2026-06-04 09:50:00,7553.25,7561.5,7549.5,7555.25,19911.0
2026-06-04 09:55:00,7555.5,7564.5,7553.0,7559.5,18982.0
2026-06-04 10:00:00,7559.25,7562.5,7553.0,7553.25,17845.0
2026-06-04 10:05:00,7553.5,7556.0,7549.75,7554.5,20388.0
2026-06-04 10:10:00,7554.25,7564.25,7554.0,7561.75,20233.0
2026-06-04 10:15:00,7561.75,7564.75,7559.25,7559.5,13983.0
2026-06-04 10:20:00,7559.5,7569.5,7558.25,7569.5,14463.0
2026-06-04 10:25:00,7569.5,7570.5,7566.75,7568.0,15889.0
2026-06-04 10:30:00,7567.75,7569.5,7563.5,7567.5,15704.0
2026-06-04 10:35:00,7567.5,7568.0,7562.25,7564.25,15645.0
2026-06-04 10:40:00,7564.25,7569.75,7564.25,7566.0,12950.0
2026-06-04 10:45:00,7565.75,7570.0,7561.25,7564.75,11996.0
2026-06-04 10:50:00,7565.0,7567.25,7562.75,7566.25,8014.0
2026-06-04 10:55:00,7566.25,7569.75,7565.5,7569.75,8850.0
2026-06-04 11:00:00,7569.5,7575.0,7569.5,7572.75,16914.0
2026-06-04 11:05:00,7572.75,7582.75,7572.25,7581.5,14280.0
2026-06-04 11:10:00,7581.5,7584.0,7579.25,7583.25,13836.0
2026-06-04 11:15:00,7583.5,7587.5,7582.5,7584.5,12381.0
2026-06-04 11:20:00,7584.5,7585.75,7581.25,7585.25,11318.0
2026-06-04 11:25:00,7585.25,7586.75,7583.25,7586.5,9483.0
2026-06-04 11:30:00,7586.5,7587.5,7582.75,7584.25,10142.0
2026-06-04 11:35:00,7584.0,7585.5,7582.5,7584.25,7683.0
2026-06-04 11:40:00,7584.25,7585.25,7579.5,7580.75,8223.0
2026-06-04 11:45:00,7580.75,7582.25,7575.75,7577.0,11858.0
2026-06-04 11:50:00,7577.0,7581.75,7575.5,7580.25,10267.0
2026-06-04 11:55:00,7580.25,7582.5,7578.5,7581.0,6874.0
2026-06-04 12:00:00,7581.25,7583.25,7579.5,7582.0,5697.0
2026-06-04 12:05:00,7582.25,7591.5,7581.75,7589.75,10732.0
2026-06-04 12:10:00,7590.0,7592.0,7589.0,7590.25,7280.0
2026-06-04 12:15:00,7590.25,7593.75,7590.25,7592.0,7538.0
2026-06-04 12:20:00,7592.0,7595.0,7591.25,7594.5,6872.0
2026-06-04 12:25:00,7594.5,7594.5,7591.75,7593.5,5670.0
2026-06-04 12:30:00,7593.5,7593.5,7588.5,7591.5,11094.0
2026-06-04 12:35:00,7591.5,7596.75,7590.75,7595.5,9949.0
2026-06-04 12:40:00,7595.5,7596.75,7594.0,7596.0,6489.0
2026-06-04 12:45:00,7595.75,7596.5,7593.5,7595.25,5555.0
2026-06-04 12:50:00,7595.25,7597.5,7595.25,7596.75,7117.0
2026-06-04 12:55:00,7596.75,7597.5,7595.75,7596.5,4212.0
2026-06-04 13:00:00,7596.5,7597.5,7594.0,7595.25,7190.0
2026-06-04 13:05:00,7595.5,7597.75,7594.0,7597.25,5113.0
2026-06-04 13:10:00,7597.25,7598.0,7595.25,7596.5,6470.0
2026-06-04 13:15:00,7596.5,7597.0,7595.0,7596.75,3996.0
2026-06-04 13:20:00,7596.5,7597.0,7594.25,7596.5,5462.0
2026-06-04 13:25:00,7596.5,7600.0,7596.25,7599.5,7552.0
2026-06-04 13:30:00,7599.25,7602.5,7598.75,7600.5,11381.0
2026-06-04 13:35:00,7600.5,7600.75,7598.25,7599.25,5668.0
2026-06-04 13:40:00,7599.0,7601.25,7599.0,7600.75,3745.0
2026-06-04 13:45:00,7600.75,7602.25,7599.25,7602.25,3596.0
2026-06-04 13:50:00,7602.25,7603.0,7601.0,7601.75,4620.0
2026-06-04 13:55:00,7602.0,7605.5,7601.5,7604.75,6899.0
2026-06-04 14:00:00,7604.75,7607.0,7603.75,7605.75,10789.0
2026-06-04 14:05:00,7605.75,7606.75,7604.75,7605.5,5779.0
2026-06-04 14:10:00,7605.5,7606.5,7604.75,7604.75,4839.0
2026-06-04 14:15:00,7605.0,7607.0,7603.5,7606.75,6503.0
2026-06-04 14:20:00,7606.75,7607.5,7605.5,7606.25,5999.0
2026-06-04 14:25:00,7606.0,7607.5,7605.5,7606.0,4339.0
2026-06-04 14:30:00,7606.0,7607.0,7604.0,7606.0,4996.0
2026-06-04 14:35:00,7606.0,7607.5,7605.25,7606.25,5691.0
2026-06-04 14:40:00,7606.0,7606.5,7605.0,7605.75,3553.0
2026-06-04 14:45:00,7606.0,7608.0,7604.75,7606.75,5545.0
2026-06-04 14:50:00,7607.0,7607.5,7606.0,7606.5,3374.0
2026-06-04 14:55:00,7606.5,7606.5,7603.0,7604.5,7067.0
2026-06-04 15:00:00,7604.5,7607.25,7604.25,7607.25,5291.0
2026-06-04 15:05:00,7607.25,7609.0,7606.75,7607.25,7351.0
2026-06-04 15:10:00,7607.5,7607.75,7605.0,7606.0,6410.0
2026-06-04 15:15:00,7606.25,7606.25,7604.0,7605.25,6436.0
2026-06-04 15:20:00,7605.0,7608.25,7604.75,7608.0,6940.0
2026-06-04 15:25:00,7608.0,7611.25,7607.5,7611.0,8461.0
2026-06-04 15:30:00,7611.0,7611.5,7609.25,7609.75,8109.0
2026-06-04 15:35:00,7609.75,7611.0,7609.0,7610.25,6663.0
2026-06-04 15:40:00,7610.25,7610.25,7606.0,7606.5,9651.0
2026-06-04 15:45:00,7606.25,7607.5,7604.5,7606.75,11027.0
2026-06-04 15:50:00,7606.5,7609.0,7602.25,7604.25,23340.0
2026-06-04 15:55:00,7604.25,7604.5,7598.25,7599.75,86290.0
2026-06-04 16:00:00,7599.75,7602.0,7594.25,7595.0,21893.0
2026-06-05 09:30:00,7548.0,7553.0,7540.75,7550.5,41899.0
2026-06-05 09:35:00,7550.5,7550.5,7535.0,7540.0,31309.0
2026-06-05 09:40:00,7540.25,7540.75,7526.5,7527.25,32960.0
2026-06-05 09:45:00,7527.25,7531.0,7517.5,7518.5,35944.0
2026-06-05 09:50:00,7518.5,7525.5,7518.25,7524.0,38922.0
2026-06-05 09:55:00,7524.25,7525.0,7510.5,7511.25,27662.0
2026-06-05 10:00:00,7511.25,7520.25,7505.75,7514.0,52791.0
2026-06-05 10:05:00,7513.75,7522.5,7508.5,7522.0,32977.0
2026-06-05 10:10:00,7522.25,7526.5,7517.25,7525.0,27168.0
2026-06-05 10:15:00,7525.0,7533.5,7524.75,7533.0,25079.0
2026-06-05 10:20:00,7533.25,7533.25,7521.0,7521.25,21943.0
2026-06-05 10:25:00,7521.25,7521.75,7512.75,7516.25,19126.0
2026-06-05 10:30:00,7516.25,7528.75,7515.0,7528.25,21805.0
2026-06-05 10:35:00,7528.25,7531.5,7524.75,7526.0,19710.0
2026-06-05 10:40:00,7526.0,7527.5,7516.25,7519.75,19059.0
2026-06-05 10:45:00,7519.5,7522.25,7515.0,7518.0,18422.0
2026-06-05 10:50:00,7518.0,7522.25,7516.5,7520.5,16107.0
2026-06-05 10:55:00,7520.5,7525.0,7518.75,7523.0,13003.0
2026-06-05 11:00:00,7523.0,7526.25,7515.75,7519.25,16079.0
2026-06-05 11:05:00,7519.25,7520.75,7512.5,7513.5,14333.0
2026-06-05 11:10:00,7513.5,7516.5,7507.25,7507.5,15061.0
2026-06-05 11:15:00,7507.25,7511.75,7506.25,7510.75,14444.0
2026-06-05 11:20:00,7510.75,7512.25,7499.75,7503.5,24007.0
2026-06-05 11:25:00,7503.25,7508.0,7502.75,7505.75,13876.0
2026-06-05 11:30:00,7505.5,7509.0,7500.75,7501.0,15319.0
2026-06-05 11:35:00,7501.0,7503.75,7491.75,7492.5,20502.0
2026-06-05 11:40:00,7492.5,7495.25,7488.25,7490.0,25146.0
2026-06-05 11:45:00,7490.0,7494.25,7486.25,7488.25,21446.0
2026-06-05 11:50:00,7488.0,7493.25,7487.0,7492.0,15066.0
2026-06-05 11:55:00,7491.75,7493.75,7488.5,7490.25,11340.0
2026-06-05 12:00:00,7490.0,7490.5,7484.25,7485.25,18234.0
2026-06-05 12:05:00,7485.25,7485.5,7475.0,7476.75,21177.0
2026-06-05 12:10:00,7476.75,7483.0,7474.25,7479.0,18664.0
2026-06-05 12:15:00,7478.75,7479.0,7470.5,7472.25,17093.0
2026-06-05 12:20:00,7472.25,7479.0,7471.0,7475.5,15701.0
2026-06-05 12:25:00,7475.75,7480.0,7471.5,7471.75,14665.0
2026-06-05 12:30:00,7471.75,7472.5,7462.75,7466.75,21627.0
2026-06-05 12:35:00,7466.5,7470.0,7461.75,7466.75,19313.0
2026-06-05 12:40:00,7466.5,7468.5,7453.25,7456.5,22373.0
2026-06-05 12:45:00,7456.5,7460.25,7449.0,7460.25,28858.0
2026-06-05 12:50:00,7460.0,7470.75,7457.0,7470.0,26916.0
2026-06-05 12:55:00,7470.0,7470.5,7464.25,7469.75,16929.0
2026-06-05 13:00:00,7469.75,7470.25,7457.25,7463.25,18521.0
2026-06-05 13:05:00,7463.0,7463.25,7457.5,7459.5,12398.0
2026-06-05 13:10:00,7459.25,7461.25,7453.75,7458.5,13484.0
2026-06-05 13:15:00,7458.5,7459.75,7452.25,7457.25,11682.0
2026-06-05 13:20:00,7457.0,7466.0,7452.0,7465.0,15685.0
2026-06-05 13:25:00,7465.0,7465.5,7458.25,7464.75,14824.0
2026-06-05 13:30:00,7464.75,7467.0,7459.75,7466.5,13456.0
2026-06-05 13:35:00,7466.75,7474.25,7466.5,7473.75,15867.0
2026-06-05 13:40:00,7473.75,7477.75,7460.75,7462.5,19420.0
2026-06-05 13:45:00,7462.75,7468.0,7460.75,7464.25,14570.0
2026-06-05 13:50:00,7464.25,7466.25,7462.0,7465.75,11687.0
2026-06-05 13:55:00,7465.5,7472.0,7464.5,7471.25,10355.0
2026-06-05 14:00:00,7471.5,7472.5,7458.25,7458.5,16213.0
2026-06-05 14:05:00,7458.25,7460.75,7455.25,7456.5,13667.0
2026-06-05 14:10:00,7456.75,7458.75,7445.5,7445.75,16171.0
2026-06-05 14:15:00,7445.75,7446.25,7437.5,7438.75,24547.0
2026-06-05 14:20:00,7438.75,7444.5,7438.0,7439.75,18568.0
2026-06-05 14:25:00,7439.5,7440.0,7429.5,7433.25,22563.0
2026-06-05 14:30:00,7433.25,7435.75,7428.0,7431.0,17245.0
2026-06-05 14:35:00,7430.75,7432.5,7425.25,7430.5,18341.0
2026-06-05 14:40:00,7430.25,7431.0,7421.75,7424.75,22896.0
2026-06-05 14:45:00,7424.75,7424.75,7410.25,7420.75,33259.0
2026-06-05 14:50:00,7420.75,7423.5,7409.25,7414.0,23527.0
2026-06-05 14:55:00,7413.75,7426.5,7412.0,7416.25,32262.0
2026-06-05 15:00:00,7416.25,7418.0,7407.0,7415.0,24397.0
2026-06-05 15:05:00,7415.0,7415.75,7399.5,7404.5,22399.0
2026-06-05 15:10:00,7404.5,7405.25,7393.5,7396.75,23985.0
2026-06-05 15:15:00,7396.75,7396.75,7379.75,7387.75,35588.0
2026-06-05 15:20:00,7387.75,7393.5,7383.25,7393.5,30493.0
2026-06-05 15:25:00,7393.75,7409.75,7393.25,7409.0,35044.0
2026-06-05 15:30:00,7409.0,7410.0,7397.0,7404.0,28375.0
2026-06-05 15:35:00,7404.0,7413.0,7402.5,7411.75,27490.0
2026-06-05 15:40:00,7411.75,7412.5,7394.5,7402.75,38043.0
2026-06-05 15:45:00,7402.75,7414.75,7401.0,7412.5,29203.0
2026-06-05 15:50:00,7412.25,7423.0,7409.0,7416.5,46788.0
2026-06-05 15:55:00,7416.25,7416.5,7397.25,7400.25,127885.0
2026-06-05 16:00:00,7400.25,7401.5,7374.0,7378.25,62798.0
2026-06-08 09:30:00,7457.5,7469.25,7445.0,7445.5,48330.0
2026-06-08 09:35:00,7445.5,7450.25,7439.0,7439.25,33657.0
2026-06-08 09:40:00,7439.25,7454.0,7438.0,7450.5,32116.0
2026-06-08 09:45:00,7450.5,7458.5,7444.0,7448.75,28705.0
2026-06-08 09:50:00,7448.75,7460.5,7442.25,7455.25,23359.0
2026-06-08 09:55:00,7455.25,7456.75,7431.0,7431.5,27568.0
2026-06-08 10:00:00,7431.25,7446.75,7429.0,7435.0,30006.0
2026-06-08 10:05:00,7434.75,7448.5,7433.5,7446.25,21176.0
2026-06-08 10:10:00,7446.5,7448.0,7437.25,7439.5,19301.0
2026-06-08 10:15:00,7439.25,7441.25,7431.5,7438.75,17943.0
2026-06-08 10:20:00,7438.75,7446.75,7434.75,7444.5,16900.0
2026-06-08 10:25:00,7444.5,7453.25,7442.25,7448.0,20379.0
2026-06-08 10:30:00,7447.75,7452.75,7445.5,7451.75,15529.0
2026-06-08 10:35:00,7451.75,7459.75,7450.0,7455.5,22005.0
2026-06-08 10:40:00,7455.25,7458.0,7442.0,7448.25,19769.0
2026-06-08 10:45:00,7448.25,7466.0,7448.25,7458.75,23185.0
2026-06-08 10:50:00,7458.75,7466.5,7455.75,7464.0,14796.0
2026-06-08 10:55:00,7464.0,7473.5,7459.25,7473.25,14365.0
2026-06-08 11:00:00,7473.0,7476.5,7469.0,7469.5,16867.0
2026-06-08 11:05:00,7469.25,7476.75,7468.5,7474.25,14083.0
2026-06-08 11:10:00,7474.5,7475.25,7469.75,7470.5,10249.0
2026-06-08 11:15:00,7470.75,7475.5,7467.0,7471.25,18339.0
2026-06-08 11:20:00,7471.5,7474.25,7464.25,7472.25,14479.0
2026-06-08 11:25:00,7472.25,7472.25,7453.75,7455.25,18606.0
2026-06-08 11:30:00,7455.25,7456.5,7440.75,7444.0,27032.0
2026-06-08 11:35:00,7443.75,7458.75,7441.25,7457.5,17896.0
2026-06-08 11:40:00,7457.25,7461.5,7454.0,7459.5,14487.0
2026-06-08 11:45:00,7459.5,7466.0,7455.25,7456.25,15128.0
2026-06-08 11:50:00,7456.0,7464.25,7456.0,7457.75,11412.0
2026-06-08 11:55:00,7457.75,7457.75,7447.0,7450.0,13604.0
2026-06-08 12:00:00,7450.0,7455.0,7444.25,7451.0,13298.0
2026-06-08 12:05:00,7450.75,7454.5,7447.0,7448.75,9860.0
2026-06-08 12:10:00,7448.75,7455.0,7445.75,7453.0,9061.0
2026-06-08 12:15:00,7453.25,7459.75,7452.5,7459.5,8858.0
2026-06-08 12:20:00,7459.5,7462.25,7450.75,7452.5,12249.0
2026-06-08 12:25:00,7452.75,7457.0,7443.25,7443.75,10401.0
2026-06-08 12:30:00,7444.0,7448.5,7441.25,7442.0,11369.0
2026-06-08 12:35:00,7441.75,7446.75,7437.25,7440.0,12520.0
2026-06-08 12:40:00,7439.75,7445.75,7438.25,7443.25,9577.0
2026-06-08 12:45:00,7443.25,7452.0,7442.25,7447.0,8969.0
2026-06-08 12:50:00,7447.25,7449.5,7444.5,7446.25,8409.0
2026-06-08 12:55:00,7446.25,7447.25,7441.0,7441.5,7560.0
2026-06-08 13:00:00,7441.5,7442.0,7425.5,7429.75,17384.0
2026-06-08 13:05:00,7429.75,7437.25,7428.0,7430.75,13557.0
2026-06-08 13:10:00,7430.75,7432.25,7423.0,7431.5,14266.0
2026-06-08 13:15:00,7431.5,7434.25,7423.0,7425.75,12568.0
2026-06-08 13:20:00,7425.75,7431.0,7423.5,7427.0,12443.0
2026-06-08 13:25:00,7427.0,7443.0,7425.75,7442.5,14802.0
2026-06-08 13:30:00,7442.5,7446.5,7432.25,7438.0,16737.0
2026-06-08 13:35:00,7438.25,7439.5,7427.75,7434.25,12568.0
2026-06-08 13:40:00,7434.0,7435.75,7426.0,7426.25,11850.0
2026-06-08 13:45:00,7426.25,7436.25,7425.75,7436.25,10942.0
2026-06-08 13:50:00,7436.5,7439.75,7432.0,7437.25,8257.0
2026-06-08 13:55:00,7437.5,7438.25,7431.25,7433.75,7754.0
2026-06-08 14:00:00,7433.75,7441.75,7433.5,7438.5,11336.0
2026-06-08 14:05:00,7438.5,7445.5,7438.25,7441.5,9499.0
2026-06-08 14:10:00,7441.5,7443.5,7432.75,7435.25,10717.0
2026-06-08 14:15:00,7435.0,7440.5,7434.75,7438.25,7196.0
2026-06-08 14:20:00,7438.5,7441.75,7435.0,7440.0,7600.0
2026-06-08 14:25:00,7440.0,7443.25,7438.0,7441.75,6449.0
2026-06-08 14:30:00,7442.0,7447.0,7440.0,7440.25,9418.0
2026-06-08 14:35:00,7440.25,7443.5,7431.0,7432.0,9572.0
2026-06-08 14:40:00,7432.0,7436.0,7430.0,7431.5,9842.0
2026-06-08 14:45:00,7431.5,7438.0,7431.5,7432.25,8164.0
2026-06-08 14:50:00,7432.5,7436.5,7431.25,7435.25,6483.0
2026-06-08 14:55:00,7435.25,7437.75,7431.0,7432.0,7808.0
2026-06-08 15:00:00,7432.0,7434.25,7427.5,7432.0,9954.0
2026-06-08 15:05:00,7432.0,7434.25,7424.0,7424.0,8847.0
2026-06-08 15:10:00,7424.25,7424.5,7414.75,7414.75,18184.0
2026-06-08 15:15:00,7414.75,7418.5,7411.5,7414.75,17573.0
2026-06-08 15:20:00,7414.5,7419.5,7406.0,7407.5,16145.0
2026-06-08 15:25:00,7407.5,7415.0,7403.75,7414.5,16448.0
2026-06-08 15:30:00,7414.5,7424.25,7413.5,7417.25,19226.0
2026-06-08 15:35:00,7417.25,7421.25,7413.0,7416.0,15365.0
2026-06-08 15:40:00,7416.0,7419.75,7411.25,7415.75,16422.0
2026-06-08 15:45:00,7415.75,7421.5,7413.75,7415.5,14276.0
2026-06-08 15:50:00,7415.75,7422.5,7410.5,7414.75,27335.0
2026-06-08 15:55:00,7414.75,7418.25,7412.0,7415.75,74812.0
2026-06-08 16:00:00,7415.75,7418.75,7411.25,7417.5,20084.0
2026-06-09 09:30:00,7458.75,7463.75,7454.5,7458.25,32686.0
2026-06-09 09:35:00,7458.5,7470.75,7456.75,7466.0,27371.0
2026-06-09 09:40:00,7466.0,7475.25,7463.25,7475.25,24696.0
2026-06-09 09:45:00,7475.25,7491.0,7474.25,7489.25,35006.0
2026-06-09 09:50:00,7489.5,7490.0,7473.0,7473.5,34221.0
2026-06-09 09:55:00,7473.5,7476.75,7464.0,7465.5,27912.0
2026-06-09 10:00:00,7465.25,7472.25,7459.5,7463.0,31308.0
2026-06-09 10:05:00,7462.75,7469.25,7460.5,7461.25,24617.0
2026-06-09 10:10:00,7461.25,7461.75,7436.0,7437.25,40426.0
2026-06-09 10:15:00,7437.0,7441.0,7415.5,7422.5,50132.0
2026-06-09 10:20:00,7422.75,7441.75,7415.25,7441.0,43371.0
2026-06-09 10:25:00,7440.75,7443.25,7429.5,7433.5,28315.0
2026-06-09 10:30:00,7433.25,7439.0,7424.75,7433.75,25741.0
2026-06-09 10:35:00,7433.5,7437.0,7426.25,7430.75,21380.0
2026-06-09 10:40:00,7430.75,7434.0,7405.5,7407.75,28837.0
2026-06-09 10:45:00,7407.75,7410.5,7371.75,7374.25,54660.0
2026-06-09 10:50:00,7374.25,7387.5,7367.5,7387.0,43143.0
2026-06-09 10:55:00,7387.25,7399.5,7379.75,7399.0,28198.0
2026-06-09 11:00:00,7399.0,7402.75,7390.75,7391.5,25129.0
2026-06-09 11:05:00,7391.25,7401.5,7384.25,7400.75,21051.0
2026-06-09 11:10:00,7400.75,7405.75,7390.0,7396.5,19606.0
2026-06-09 11:15:00,7396.75,7398.75,7383.25,7383.75,17301.0
2026-06-09 11:20:00,7383.75,7388.5,7362.5,7362.5,26289.0
2026-06-09 11:25:00,7362.75,7363.25,7328.5,7331.5,46470.0
2026-06-09 11:30:00,7331.75,7339.5,7326.0,7334.0,46717.0
2026-06-09 11:35:00,7334.0,7339.25,7327.25,7336.25,36984.0
2026-06-09 11:40:00,7336.0,7346.25,7333.75,7339.5,27257.0
2026-06-09 11:45:00,7339.75,7343.5,7337.25,7341.25,19972.0
2026-06-09 11:50:00,7341.0,7349.0,7332.0,7332.75,27464.0
2026-06-09 11:55:00,7332.75,7334.25,7311.0,7312.25,39721.0
2026-06-09 12:00:00,7312.25,7327.25,7311.0,7317.75,32254.0
2026-06-09 12:05:00,7317.5,7319.0,7299.25,7304.5,38003.0
2026-06-09 12:10:00,7304.5,7315.0,7299.5,7307.0,30795.0
2026-06-09 12:15:00,7307.0,7307.25,7278.75,7281.0,47962.0
2026-06-09 12:20:00,7280.75,7297.0,7274.75,7296.25,41855.0
2026-06-09 12:25:00,7296.0,7303.0,7290.25,7295.0,27368.0
2026-06-09 12:30:00,7295.0,7307.5,7285.0,7294.25,34282.0
2026-06-09 12:35:00,7294.25,7305.5,7250.5,7255.0,53665.0
2026-06-09 12:40:00,7255.25,7270.5,7247.25,7268.0,46712.0
2026-06-09 12:45:00,7268.0,7279.25,7262.5,7270.0,28032.0
2026-06-09 12:50:00,7269.75,7276.0,7257.75,7258.25,24421.0
2026-06-09 12:55:00,7258.0,7288.25,7257.0,7287.5,21984.0
2026-06-09 13:00:00,7287.25,7308.25,7285.25,7305.25,26905.0
2026-06-09 13:05:00,7305.25,7310.0,7296.75,7304.0,19009.0
2026-06-09 13:10:00,7303.75,7312.0,7292.75,7307.25,17378.0
2026-06-09 13:15:00,7307.0,7321.75,7300.5,7320.5,19363.0
2026-06-09 13:20:00,7320.5,7334.5,7316.75,7326.0,24647.0
2026-06-09 13:25:00,7326.0,7333.75,7320.25,7329.0,13518.0
2026-06-09 13:30:00,7328.75,7338.75,7323.5,7338.75,14649.0
2026-06-09 13:35:00,7338.5,7347.25,7331.75,7342.5,17230.0
2026-06-09 13:40:00,7342.5,7361.5,7340.5,7351.0,21653.0
2026-06-09 13:45:00,7351.25,7353.75,7331.0,7333.5,27810.0
2026-06-09 13:50:00,7333.5,7353.25,7333.5,7346.5,18128.0
2026-06-09 13:55:00,7346.5,7353.0,7345.5,7347.5,10424.0
2026-06-09 14:00:00,7347.75,7354.75,7342.5,7347.25,12693.0
2026-06-09 14:05:00,7347.25,7359.5,7345.0,7357.5,12903.0
2026-06-09 14:10:00,7357.5,7357.75,7346.75,7354.25,11633.0
2026-06-09 14:15:00,7354.0,7367.0,7347.25,7366.25,13557.0
2026-06-09 14:20:00,7366.0,7373.5,7358.5,7372.5,15318.0
2026-06-09 14:25:00,7372.5,7373.5,7361.0,7373.0,11073.0
2026-06-09 14:30:00,7373.25,7384.0,7370.25,7379.0,17559.0
2026-06-09 14:35:00,7378.75,7384.75,7375.75,7381.75,10778.0
2026-06-09 14:40:00,7381.5,7382.0,7364.75,7366.0,17158.0
2026-06-09 14:45:00,7366.25,7377.5,7365.25,7377.25,16052.0
2026-06-09 14:50:00,7377.5,7384.0,7373.0,7378.5,12720.0
2026-06-09 14:55:00,7378.75,7393.5,7378.0,7389.5,15418.0
2026-06-09 15:00:00,7389.25,7396.25,7383.0,7395.0,16920.0
2026-06-09 15:05:00,7394.75,7398.75,7385.75,7386.75,13671.0
2026-06-09 15:10:00,7386.5,7386.75,7373.25,7374.75,15913.0
2026-06-09 15:15:00,7375.0,7376.25,7356.5,7358.5,24486.0
2026-06-09 15:20:00,7358.5,7365.25,7353.75,7361.5,19939.0
2026-06-09 15:25:00,7361.25,7370.5,7356.75,7367.75,14273.0
2026-06-09 15:30:00,7367.5,7372.0,7362.25,7367.25,15267.0
2026-06-09 15:35:00,7367.5,7368.75,7357.25,7357.5,15874.0
2026-06-09 15:40:00,7357.75,7360.75,7347.75,7356.25,22071.0
2026-06-09 15:45:00,7356.0,7360.0,7347.25,7352.5,16864.0
2026-06-09 15:50:00,7352.5,7384.75,7352.5,7383.75,43175.0
2026-06-09 15:55:00,7383.5,7395.5,7382.5,7391.75,104618.0
2026-06-09 16:00:00,7391.75,7399.0,7384.0,7399.0,36596.0
2026-06-10 09:30:00,7354.75,7360.5,7338.5,7338.5,32725.0
2026-06-10 09:35:00,7338.5,7373.0,7335.25,7366.5,35522.0
2026-06-10 09:40:00,7366.5,7382.5,7353.0,7382.25,29298.0
2026-06-10 09:45:00,7382.0,7390.5,7373.75,7387.0,32947.0
2026-06-10 09:50:00,7386.75,7387.0,7367.5,7377.0,25433.0
2026-06-10 09:55:00,7377.25,7387.5,7373.25,7378.0,17940.0
2026-06-10 10:00:00,7378.0,7393.75,7370.75,7386.5,21668.0
2026-06-10 10:05:00,7386.25,7394.5,7379.5,7392.0,16308.0
2026-06-10 10:10:00,7392.0,7396.75,7385.25,7387.5,22744.0
2026-06-10 10:15:00,7387.75,7391.75,7378.5,7385.75,18642.0
2026-06-10 10:20:00,7385.75,7404.75,7382.5,7403.0,17165.0
2026-06-10 10:25:00,7403.0,7404.75,7386.75,7392.75,19189.0
2026-06-10 10:30:00,7392.5,7399.0,7378.25,7399.0,18748.0
2026-06-10 10:35:00,7399.0,7400.0,7380.5,7386.0,14306.0
2026-06-10 10:40:00,7385.75,7393.25,7376.25,7376.5,12227.0
2026-06-10 10:45:00,7376.5,7381.75,7365.25,7370.0,21146.0
2026-06-10 10:50:00,7370.25,7377.5,7362.25,7366.75,23257.0
2026-06-10 10:55:00,7366.5,7370.25,7343.0,7349.25,30481.0
2026-06-10 11:00:00,7349.0,7364.75,7339.5,7351.5,24886.0
2026-06-10 11:05:00,7351.5,7353.25,7337.75,7338.25,18482.0
2026-06-10 11:10:00,7338.25,7341.0,7326.75,7327.5,29928.0
2026-06-10 11:15:00,7327.5,7328.0,7315.5,7322.25,25760.0
2026-06-10 11:20:00,7322.25,7344.25,7320.75,7339.0,23499.0
2026-06-10 11:25:00,7338.5,7346.25,7334.25,7334.75,16028.0
2026-06-10 11:30:00,7334.75,7343.75,7325.5,7330.5,17783.0
2026-06-10 11:35:00,7330.75,7337.25,7321.0,7328.5,14334.0
2026-06-10 11:40:00,7328.25,7346.5,7324.25,7343.0,15054.0
2026-06-10 11:45:00,7343.0,7348.5,7309.75,7320.25,38202.0
2026-06-10 11:50:00,7320.0,7337.0,7305.0,7328.25,31984.0
2026-06-10 11:55:00,7328.5,7342.0,7321.25,7340.25,15680.0
2026-06-10 12:00:00,7340.25,7346.0,7331.0,7336.0,13848.0
2026-06-10 12:05:00,7335.75,7341.25,7325.75,7329.5,12169.0
2026-06-10 12:10:00,7329.5,7329.75,7319.5,7323.0,11997.0
2026-06-10 12:15:00,7323.0,7331.5,7321.75,7326.0,9473.0
2026-06-10 12:20:00,7325.75,7329.75,7319.5,7321.75,9405.0
2026-06-10 12:25:00,7321.75,7330.0,7320.75,7327.25,7538.0
2026-06-10 12:30:00,7327.25,7337.0,7320.5,7336.5,10519.0
2026-06-10 12:35:00,7336.75,7344.0,7330.75,7340.25,12790.0
2026-06-10 12:40:00,7340.25,7343.5,7324.5,7328.75,10013.0
2026-06-10 12:45:00,7329.0,7329.0,7314.5,7320.0,12939.0
2026-06-10 12:50:00,7320.0,7331.0,7317.25,7322.75,11159.0
2026-06-10 12:55:00,7322.75,7326.0,7315.25,7324.0,8767.0
2026-06-10 13:00:00,7324.0,7334.5,7320.25,7332.0,9711.0
2026-06-10 13:05:00,7332.0,7332.5,7316.0,7317.0,10986.0
2026-06-10 13:10:00,7317.0,7317.75,7307.5,7310.5,10496.0
2026-06-10 13:15:00,7310.25,7315.0,7307.25,7310.25,8052.0
2026-06-10 13:20:00,7310.0,7316.25,7308.0,7315.75,7215.0
2026-06-10 13:25:00,7315.25,7318.75,7311.0,7317.0,8032.0
2026-06-10 13:30:00,7316.75,7317.5,7304.5,7309.25,9372.0
2026-06-10 13:35:00,7309.25,7309.25,7301.25,7302.25,8878.0
2026-06-10 13:40:00,7302.25,7306.5,7299.0,7300.25,11944.0
2026-06-10 13:45:00,7300.5,7327.25,7299.25,7324.0,21993.0
2026-06-10 13:50:00,7323.75,7326.25,7310.0,7320.5,15483.0
2026-06-10 13:55:00,7320.5,7328.75,7318.25,7327.25,9288.0
2026-06-10 14:00:00,7327.25,7338.5,7325.75,7337.5,13259.0
2026-06-10 14:05:00,7337.5,7338.5,7325.0,7325.75,9546.0
2026-06-10 14:10:00,7325.75,7333.25,7325.0,7328.0,6114.0
2026-06-10 14:15:00,7328.0,7333.5,7315.0,7318.0,9242.0
2026-06-10 14:20:00,7318.25,7325.25,7313.5,7319.75,9683.0
2026-06-10 14:25:00,7320.0,7322.0,7314.5,7316.0,7021.0
2026-06-10 14:30:00,7316.25,7316.5,7309.0,7311.0,7787.0
2026-06-10 14:35:00,7311.0,7312.0,7302.0,7306.0,12333.0
2026-06-10 14:40:00,7306.0,7309.25,7301.5,7305.75,8308.0
2026-06-10 14:45:00,7305.75,7306.25,7299.5,7299.75,8399.0
2026-06-10 14:50:00,7299.75,7302.0,7290.5,7298.0,18146.0
2026-06-10 14:55:00,7298.0,7299.5,7290.5,7295.25,12499.0
2026-06-10 15:00:00,7295.0,7302.0,7289.0,7294.25,14343.0
2026-06-10 15:05:00,7294.25,7302.25,7290.75,7298.75,11461.0
2026-06-10 15:10:00,7298.75,7299.25,7288.75,7291.5,11863.0
2026-06-10 15:15:00,7291.75,7293.25,7284.0,7286.25,11248.0
2026-06-10 15:20:00,7286.0,7286.25,7278.75,7282.5,15489.0
2026-06-10 15:25:00,7282.25,7283.75,7276.0,7281.25,16366.0
2026-06-10 15:30:00,7281.0,7292.75,7278.0,7291.0,19059.0
2026-06-10 15:35:00,7291.0,7298.0,7287.75,7296.25,14203.0
2026-06-10 15:40:00,7296.25,7298.75,7287.75,7294.0,15626.0
2026-06-10 15:45:00,7293.75,7295.75,7284.0,7290.0,13303.0
2026-06-10 15:50:00,7290.0,7300.75,7275.5,7290.0,32610.0
2026-06-10 15:55:00,7290.0,7294.25,7275.25,7276.0,78786.0
2026-06-10 16:00:00,7276.0,7278.75,7267.0,7273.5,29935.0
2026-06-11 09:30:00,7307.75,7311.0,7290.5,7292.5,42470.0
2026-06-11 09:35:00,7292.5,7302.75,7287.75,7292.5,40159.0
2026-06-11 09:40:00,7292.5,7296.5,7283.0,7291.25,31142.0
2026-06-11 09:45:00,7291.25,7317.5,7287.25,7305.5,40189.0
2026-06-11 09:50:00,7305.75,7335.5,7305.75,7330.5,33552.0
2026-06-11 09:55:00,7330.25,7335.5,7314.0,7317.0,28582.0
2026-06-11 10:00:00,7317.25,7335.75,7314.75,7330.5,27245.0
2026-06-11 10:05:00,7330.5,7330.5,7317.25,7320.25,25853.0
2026-06-11 10:10:00,7320.25,7321.75,7297.25,7298.25,34381.0
2026-06-11 10:15:00,7298.25,7304.5,7289.0,7290.5,26556.0
2026-06-11 10:20:00,7290.25,7316.25,7289.0,7311.25,39226.0
2026-06-11 10:25:00,7311.25,7317.5,7296.25,7308.0,24325.0
2026-06-11 10:30:00,7308.0,7313.5,7296.5,7303.0,23940.0
2026-06-11 10:35:00,7302.75,7320.25,7300.75,7311.0,21781.0
2026-06-11 10:40:00,7311.0,7318.5,7304.75,7305.5,16748.0
2026-06-11 10:45:00,7305.25,7309.5,7298.0,7301.25,16441.0
2026-06-11 10:50:00,7301.0,7302.25,7290.25,7292.75,13570.0
2026-06-11 10:55:00,7292.75,7293.0,7270.25,7275.5,26078.0
2026-06-11 11:00:00,7275.5,7282.75,7263.0,7278.5,26952.0
2026-06-11 11:05:00,7278.75,7292.75,7272.25,7286.0,23212.0
2026-06-11 11:10:00,7285.5,7298.0,7284.0,7293.0,18614.0
2026-06-11 11:15:00,7293.0,7303.5,7286.25,7292.75,18104.0
2026-06-11 11:20:00,7292.75,7307.0,7290.75,7301.75,15301.0
2026-06-11 11:25:00,7302.0,7305.75,7291.0,7291.25,11547.0
2026-06-11 11:30:00,7291.0,7297.75,7286.5,7294.75,14660.0
2026-06-11 11:35:00,7294.75,7309.0,7293.25,7304.25,15128.0
2026-06-11 11:40:00,7304.25,7314.25,7293.5,7298.0,17751.0
2026-06-11 11:45:00,7298.0,7303.75,7292.25,7296.75,11243.0
2026-06-11 11:50:00,7296.75,7297.5,7289.25,7292.0,10255.0
2026-06-11 11:55:00,7292.25,7303.25,7287.5,7300.25,16173.0
2026-06-11 12:00:00,7300.25,7309.75,7295.0,7299.5,12354.0
2026-06-11 12:05:00,7299.5,7312.0,7296.25,7309.75,12118.0
2026-06-11 12:10:00,7309.75,7321.0,7307.75,7318.5,16123.0
2026-06-11 12:15:00,7318.5,7323.0,7312.5,7317.0,10831.0
2026-06-11 12:20:00,7317.25,7319.75,7304.25,7305.0,15276.0
2026-06-11 12:25:00,7305.0,7307.25,7297.25,7298.0,15906.0
2026-06-11 12:30:00,7298.0,7318.0,7293.5,7312.75,21272.0
2026-06-11 12:35:00,7312.75,7318.75,7304.75,7306.75,12258.0
2026-06-11 12:40:00,7307.0,7308.75,7302.75,7305.75,7450.0
2026-06-11 12:45:00,7305.5,7308.75,7300.5,7302.5,8756.0
2026-06-11 12:50:00,7302.5,7303.5,7290.0,7291.0,12021.0
2026-06-11 12:55:00,7291.0,7292.0,7284.5,7284.75,11068.0
2026-06-11 13:00:00,7285.0,7292.25,7275.0,7278.0,18435.0
2026-06-11 13:05:00,7278.0,7288.5,7277.25,7287.25,15463.0
2026-06-11 13:10:00,7287.5,7292.0,7281.5,7282.75,13859.0
2026-06-11 13:15:00,7282.75,7285.75,7273.5,7276.25,14056.0
2026-06-11 13:20:00,7276.25,7281.5,7271.75,7280.0,10427.0
2026-06-11 13:25:00,7279.75,7346.5,7278.75,7345.0,39479.0
2026-06-11 13:30:00,7345.25,7371.5,7342.0,7362.5,63095.0
2026-06-11 13:35:00,7362.5,7366.5,7352.25,7363.0,30798.0
2026-06-11 13:40:00,7362.75,7386.5,7358.25,7382.25,32829.0
2026-06-11 13:45:00,7382.5,7385.75,7365.0,7368.0,25308.0
2026-06-11 13:50:00,7368.25,7369.0,7354.0,7363.25,18591.0
2026-06-11 13:55:00,7363.25,7371.25,7357.25,7369.25,17551.0
2026-06-11 14:00:00,7369.25,7376.25,7347.75,7352.5,25060.0
2026-06-11 14:05:00,7352.5,7359.25,7344.75,7352.0,14929.0
2026-06-11 14:10:00,7351.75,7363.0,7350.75,7362.75,11822.0
2026-06-11 14:15:00,7362.75,7377.75,7361.0,7375.5,17490.0
2026-06-11 14:20:00,7375.5,7375.5,7358.0,7365.5,21979.0
2026-06-11 14:25:00,7365.0,7369.5,7361.75,7364.75,11166.0
2026-06-11 14:30:00,7364.75,7373.75,7362.75,7365.5,10256.0
2026-06-11 14:35:00,7365.25,7369.5,7361.0,7363.0,9136.0
2026-06-11 14:40:00,7363.0,7370.5,7360.5,7369.25,8209.0
2026-06-11 14:45:00,7369.25,7379.5,7367.75,7378.5,16627.0
2026-06-11 14:50:00,7378.5,7383.25,7377.0,7377.5,10558.0
2026-06-11 14:55:00,7377.5,7380.0,7371.75,7377.5,12625.0
2026-06-11 15:00:00,7377.75,7387.0,7377.0,7384.0,16151.0
2026-06-11 15:05:00,7383.75,7385.25,7373.0,7381.5,17337.0
2026-06-11 15:10:00,7381.5,7392.5,7380.5,7389.25,21030.0
2026-06-11 15:15:00,7389.5,7394.5,7387.0,7394.0,13677.0
2026-06-11 15:20:00,7393.75,7396.75,7391.0,7393.25,14988.0
2026-06-11 15:25:00,7393.25,7402.0,7391.75,7399.25,18612.0
2026-06-11 15:30:00,7399.25,7417.75,7398.75,7416.0,36416.0
2026-06-11 15:35:00,7416.0,7420.0,7407.5,7409.0,21595.0
2026-06-11 15:40:00,7409.0,7418.25,7406.25,7413.75,19504.0
2026-06-11 15:45:00,7413.5,7413.5,7398.5,7399.25,23378.0
2026-06-11 15:50:00,7399.25,7404.75,7392.5,7401.75,34751.0
2026-06-11 15:55:00,7401.5,7403.5,7393.25,7394.5,113470.0
2026-06-11 16:00:00,7394.5,7401.75,7390.25,7397.5,35905.0
2026-06-12 09:30:00,7423.75,7424.75,7395.75,7401.5,52464.0
2026-06-12 09:35:00,7401.5,7411.25,7399.5,7408.5,26217.0
2026-06-12 09:40:00,7408.5,7409.5,7374.0,7375.5,48500.0
2026-06-12 09:45:00,7375.5,7382.75,7366.5,7372.5,33651.0
2026-06-12 09:50:00,7372.75,7382.25,7368.0,7377.25,24336.0
2026-06-12 09:55:00,7377.25,7390.75,7374.75,7383.0,22632.0
2026-06-12 10:00:00,7383.25,7407.5,7380.25,7404.25,36701.0
2026-06-12 10:05:00,7404.25,7419.0,7399.5,7418.5,31709.0
2026-06-12 10:10:00,7418.25,7421.75,7404.25,7409.5,27878.0
2026-06-12 10:15:00,7409.5,7427.75,7409.25,7420.0,24697.0
2026-06-12 10:20:00,7420.0,7424.75,7405.5,7408.25,21368.0
2026-06-12 10:25:00,7408.0,7418.5,7408.0,7412.5,18258.0
2026-06-12 10:30:00,7412.25,7421.75,7409.0,7414.75,22416.0
2026-06-12 10:35:00,7414.75,7428.75,7414.0,7421.0,20981.0
2026-06-12 10:40:00,7421.0,7421.25,7395.75,7396.5,25180.0
2026-06-12 10:45:00,7396.5,7403.5,7388.5,7391.0,28327.0
2026-06-12 10:50:00,7391.0,7434.75,7390.5,7433.5,45322.0
2026-06-12 10:55:00,7433.5,7443.5,7426.25,7440.5,32283.0
2026-06-12 11:00:00,7440.75,7446.5,7433.0,7437.5,21111.0
2026-06-12 11:05:00,7437.75,7445.25,7435.75,7441.25,16037.0
2026-06-12 11:10:00,7441.25,7450.5,7438.5,7448.25,18294.0
2026-06-12 11:15:00,7448.5,7453.75,7442.75,7453.5,15412.0
2026-06-12 11:20:00,7453.5,7461.5,7449.25,7459.75,19767.0
2026-06-12 11:25:00,7459.75,7461.75,7455.0,7458.75,18210.0
2026-06-12 11:30:00,7458.5,7459.25,7444.25,7444.5,23987.0
2026-06-12 11:35:00,7444.75,7455.5,7430.25,7436.5,27470.0
2026-06-12 11:40:00,7436.75,7437.75,7424.75,7426.5,17262.0
2026-06-12 11:45:00,7426.25,7435.75,7411.0,7412.25,22367.0
2026-06-12 11:50:00,7412.0,7429.5,7408.5,7426.25,23730.0
2026-06-12 11:55:00,7426.5,7427.0,7401.25,7405.75,21423.0
2026-06-12 12:00:00,7405.75,7411.75,7398.25,7406.25,26548.0
2026-06-12 12:05:00,7406.0,7416.0,7401.25,7413.25,15850.0
2026-06-12 12:10:00,7413.0,7439.5,7406.5,7427.5,25254.0
2026-06-12 12:15:00,7427.25,7439.0,7420.0,7423.25,18932.0
2026-06-12 12:20:00,7423.0,7428.0,7416.75,7424.25,11640.0
2026-06-12 12:25:00,7424.0,7429.0,7418.5,7423.25,9296.0
2026-06-12 12:30:00,7423.25,7428.5,7419.5,7427.25,7787.0
2026-06-12 12:35:00,7427.0,7428.75,7419.25,7424.25,9021.0
2026-06-12 12:40:00,7424.0,7431.75,7420.0,7422.0,10919.0
2026-06-12 12:45:00,7421.75,7431.25,7421.0,7430.5,8559.0
2026-06-12 12:50:00,7430.25,7432.5,7426.0,7427.5,9085.0
2026-06-12 12:55:00,7427.5,7433.25,7420.0,7432.25,11648.0
2026-06-12 13:00:00,7432.25,7438.25,7431.25,7437.5,9429.0
2026-06-12 13:05:00,7437.5,7447.0,7435.5,7439.5,15292.0
2026-06-12 13:10:00,7439.75,7440.75,7429.0,7437.0,8639.0
2026-06-12 13:15:00,7437.25,7443.25,7434.5,7442.25,9331.0
2026-06-12 13:20:00,7442.25,7444.75,7439.0,7441.0,8470.0
2026-06-12 13:25:00,7441.25,7443.0,7433.75,7438.25,7958.0
2026-06-12 13:30:00,7438.5,7439.75,7430.75,7431.75,10057.0
2026-06-12 13:35:00,7431.75,7437.25,7430.5,7434.5,8038.0
2026-06-12 13:40:00,7434.25,7438.0,7431.75,7434.0,8073.0
2026-06-12 13:45:00,7434.25,7438.75,7433.25,7435.75,7363.0
2026-06-12 13:50:00,7436.0,7438.0,7434.0,7436.0,8702.0
2026-06-12 13:55:00,7436.0,7436.0,7426.25,7430.5,9801.0
2026-06-12 14:00:00,7430.5,7432.5,7426.5,7428.25,9307.0
2026-06-12 14:05:00,7428.25,7430.0,7422.5,7427.0,9520.0
2026-06-12 14:10:00,7427.0,7438.0,7426.25,7427.5,12359.0
2026-06-12 14:15:00,7427.5,7430.0,7422.0,7424.0,9895.0
2026-06-12 14:20:00,7424.0,7427.0,7421.75,7425.0,7204.0
2026-06-12 14:25:00,7425.0,7431.25,7422.5,7430.0,10046.0
2026-06-12 14:30:00,7430.25,7436.25,7429.75,7434.0,7949.0
2026-06-12 14:35:00,7434.25,7435.5,7432.0,7435.5,9496.0
2026-06-12 14:40:00,7435.5,7441.25,7435.5,7440.0,9324.0
2026-06-12 14:45:00,7440.25,7441.0,7435.25,7437.5,8987.0
2026-06-12 14:50:00,7437.75,7439.75,7432.75,7438.5,9346.0
2026-06-12 14:55:00,7438.5,7438.5,7427.25,7428.0,11005.0
2026-06-12 15:00:00,7428.0,7438.25,7427.25,7437.5,10782.0
2026-06-12 15:05:00,7437.5,7439.75,7433.25,7435.5,10261.0
2026-06-12 15:10:00,7435.75,7436.25,7430.25,7432.0,9774.0
2026-06-12 15:15:00,7432.0,7434.5,7427.5,7434.25,10038.0
2026-06-12 15:20:00,7434.25,7435.5,7431.75,7434.25,9379.0
2026-06-12 15:25:00,7434.25,7437.75,7431.25,7432.0,11841.0
2026-06-12 15:30:00,7432.0,7433.75,7423.0,7423.25,14775.0
2026-06-12 15:35:00,7423.25,7435.5,7418.75,7424.0,16950.0
2026-06-12 15:40:00,7424.25,7429.75,7421.75,7426.25,15748.0
2026-06-12 15:45:00,7426.0,7428.75,7422.75,7426.75,13739.0
2026-06-12 15:50:00,7427.0,7430.5,7425.75,7430.25,19306.0
2026-06-12 15:55:00,7430.0,7437.5,7429.5,7433.75,69850.0
2026-06-12 16:00:00,7433.5,7439.5,7433.0,7437.25,24845.0
2026-06-15 09:30:00,7599.25,7612.0,7598.5,7608.0,50512.0
2026-06-15 09:35:00,7608.25,7616.0,7607.75,7612.0,33838.0
2026-06-15 09:40:00,7612.0,7614.25,7606.75,7609.5,31373.0
2026-06-15 09:45:00,7609.75,7620.5,7609.5,7619.25,35427.0
2026-06-15 09:50:00,7619.5,7622.5,7617.25,7618.25,22465.0
2026-06-15 09:55:00,7618.5,7622.0,7613.25,7614.25,26313.0
2026-06-15 10:00:00,7614.25,7621.0,7611.5,7617.75,31819.0
2026-06-15 10:05:00,7618.0,7620.75,7610.0,7613.0,24731.0
2026-06-15 10:10:00,7613.25,7614.0,7605.5,7611.0,30724.0
2026-06-15 10:15:00,7611.0,7614.5,7606.5,7613.75,26195.0
2026-06-15 10:20:00,7613.75,7615.75,7607.25,7610.75,23476.0
2026-06-15 10:25:00,7611.0,7618.0,7610.5,7617.25,28344.0
2026-06-15 10:30:00,7617.25,7618.25,7610.0,7612.75,24789.0
2026-06-15 10:35:00,7612.75,7616.5,7611.25,7614.5,22951.0
2026-06-15 10:40:00,7614.5,7615.0,7611.5,7613.75,20096.0
2026-06-15 10:45:00,7613.75,7619.25,7613.75,7615.75,20511.0
2026-06-15 10:50:00,7615.75,7621.5,7615.75,7620.25,22083.0
2026-06-15 10:55:00,7620.25,7625.0,7619.0,7623.0,25917.0
2026-06-15 11:00:00,7623.25,7629.0,7623.0,7627.25,31894.0
2026-06-15 11:05:00,7627.5,7629.0,7624.75,7628.0,20821.0
2026-06-15 11:10:00,7628.25,7629.25,7625.25,7628.0,20424.0
2026-06-15 11:15:00,7628.25,7629.5,7626.0,7627.5,15564.0
2026-06-15 11:20:00,7627.5,7632.0,7627.0,7629.5,24619.0
2026-06-15 11:25:00,7629.75,7634.0,7629.25,7632.75,27732.0
2026-06-15 11:30:00,7633.0,7636.0,7629.25,7630.0,26597.0
2026-06-15 11:35:00,7630.25,7635.0,7629.75,7634.0,17294.0
2026-06-15 11:40:00,7633.75,7637.0,7633.0,7636.0,17946.0
2026-06-15 11:45:00,7636.0,7642.25,7636.0,7641.5,16198.0
2026-06-15 11:50:00,7641.5,7643.0,7640.0,7641.75,14540.0
2026-06-15 11:55:00,7641.5,7644.5,7640.0,7643.25,14132.0
2026-06-15 12:00:00,7643.25,7648.75,7643.0,7646.0,21485.0
2026-06-15 12:05:00,7646.25,7647.0,7644.0,7644.75,16816.0
2026-06-15 12:10:00,7644.75,7646.75,7642.0,7643.25,16970.0
2026-06-15 12:15:00,7643.5,7645.0,7641.0,7643.25,15659.0
2026-06-15 12:20:00,7643.25,7646.5,7642.75,7646.0,13497.0
2026-06-15 12:25:00,7646.0,7647.5,7644.25,7646.75,14145.0
2026-06-15 12:30:00,7646.75,7648.25,7643.75,7644.0,15281.0
2026-06-15 12:35:00,7644.0,7645.25,7639.75,7641.0,13552.0
2026-06-15 12:40:00,7641.0,7644.25,7639.5,7641.0,16401.0
2026-06-15 12:45:00,7641.0,7641.0,7636.75,7638.5,12352.0
2026-06-15 12:50:00,7638.75,7641.5,7638.25,7638.75,17888.0
2026-06-15 12:55:00,7639.0,7641.5,7637.5,7640.5,20789.0
2026-06-15 13:00:00,7640.25,7642.25,7634.75,7639.75,21555.0
2026-06-15 13:05:00,7639.75,7641.25,7632.5,7635.75,16385.0
2026-06-15 13:10:00,7635.5,7641.0,7635.0,7639.75,11706.0
2026-06-15 13:15:00,7639.5,7644.0,7638.75,7641.75,11600.0
2026-06-15 13:20:00,7641.75,7644.75,7640.75,7643.5,17672.0
2026-06-15 13:25:00,7643.75,7646.5,7642.25,7643.5,18263.0
2026-06-15 13:30:00,7643.25,7645.25,7639.0,7641.25,15081.0
2026-06-15 13:35:00,7641.25,7643.75,7640.75,7642.25,11615.0
2026-06-15 13:40:00,7642.25,7642.5,7638.75,7639.5,10087.0
2026-06-15 13:45:00,7639.75,7640.5,7637.5,7639.25,10397.0
2026-06-15 13:50:00,7639.25,7640.0,7635.75,7636.0,12858.0
2026-06-15 13:55:00,7636.0,7636.25,7632.0,7633.5,14169.0
2026-06-15 14:00:00,7633.75,7635.0,7628.0,7629.75,18880.0
2026-06-15 14:05:00,7629.5,7633.75,7628.25,7631.5,15146.0
2026-06-15 14:10:00,7631.5,7634.0,7631.0,7633.5,17962.0
2026-06-15 14:15:00,7633.5,7635.5,7632.5,7632.75,11262.0
2026-06-15 14:20:00,7632.5,7633.25,7630.5,7631.25,13434.0
2026-06-15 14:25:00,7631.25,7632.75,7628.0,7628.75,14512.0
2026-06-15 14:30:00,7628.75,7631.5,7625.75,7629.75,13374.0
2026-06-15 14:35:00,7630.0,7634.5,7629.0,7633.75,12129.0
2026-06-15 14:40:00,7634.0,7635.25,7631.75,7634.25,10774.0
2026-06-15 14:45:00,7634.0,7636.25,7633.0,7633.75,10488.0
2026-06-15 14:50:00,7634.0,7634.75,7632.0,7633.25,7733.0
2026-06-15 14:55:00,7633.0,7634.5,7630.5,7631.5,9761.0
2026-06-15 15:00:00,7631.75,7632.25,7629.0,7629.75,13609.0
2026-06-15 15:05:00,7629.75,7631.5,7628.5,7630.25,11674.0
2026-06-15 15:10:00,7630.0,7632.75,7628.5,7632.0,12369.0
2026-06-15 15:15:00,7631.75,7634.5,7630.75,7631.5,10515.0
2026-06-15 15:20:00,7631.5,7631.75,7627.75,7628.25,11740.0
2026-06-15 15:25:00,7628.5,7629.25,7624.75,7625.0,12877.0
2026-06-15 15:30:00,7625.0,7628.25,7623.25,7624.25,17613.0
2026-06-15 15:35:00,7624.5,7625.5,7622.75,7624.75,14446.0
2026-06-15 15:40:00,7624.75,7626.75,7623.75,7625.5,18263.0
2026-06-15 15:45:00,7625.25,7631.25,7624.75,7629.25,26177.0
2026-06-15 15:50:00,7629.5,7629.5,7620.25,7621.75,49358.0
2026-06-15 15:55:00,7621.75,7631.25,7616.5,7630.0,152355.0
2026-06-15 16:00:00,7630.25,7631.75,7628.5,7629.25,40604.0
2026-06-16 09:30:00,7627.75,7636.75,7624.25,7634.5,38793.0
2026-06-16 09:35:00,7634.75,7636.5,7629.75,7629.75,26543.0
2026-06-16 09:40:00,7630.0,7635.25,7628.5,7630.5,24741.0
2026-06-16 09:45:00,7630.5,7636.25,7628.75,7633.5,26650.0
2026-06-16 09:50:00,7633.5,7635.25,7630.0,7631.25,21347.0
2026-06-16 09:55:00,7631.5,7632.5,7621.75,7622.75,27547.0
2026-06-16 10:00:00,7622.75,7629.5,7622.25,7628.25,26333.0
2026-06-16 10:05:00,7628.5,7632.75,7623.5,7632.75,22280.0
2026-06-16 10:10:00,7633.0,7634.0,7628.0,7630.5,21655.0
2026-06-16 10:15:00,7630.25,7632.75,7620.25,7621.75,25722.0
2026-06-16 10:20:00,7621.75,7625.25,7613.0,7617.25,31347.0
2026-06-16 10:25:00,7617.25,7621.25,7612.25,7612.25,27300.0
2026-06-16 10:30:00,7612.0,7612.5,7604.0,7606.75,37341.0
2026-06-16 10:35:00,7606.75,7617.75,7606.25,7617.75,25240.0
2026-06-16 10:40:00,7617.5,7621.5,7614.25,7614.25,22744.0
2026-06-16 10:45:00,7614.25,7616.0,7611.5,7612.75,20611.0
2026-06-16 10:50:00,7612.75,7619.0,7612.5,7614.0,26174.0
2026-06-16 10:55:00,7614.0,7615.75,7606.5,7611.0,21572.0
2026-06-16 11:00:00,7611.0,7616.25,7610.25,7615.0,18468.0
2026-06-16 11:05:00,7615.0,7618.0,7611.75,7616.0,17492.0
2026-06-16 11:10:00,7616.0,7619.25,7612.5,7616.0,18487.0
2026-06-16 11:15:00,7615.75,7618.25,7611.5,7611.75,15925.0
2026-06-16 11:20:00,7612.0,7614.25,7607.5,7611.0,23823.0
2026-06-16 11:25:00,7610.75,7612.75,7604.5,7608.0,23937.0
2026-06-16 11:30:00,7608.0,7614.75,7608.0,7613.5,20810.0
2026-06-16 11:35:00,7613.5,7616.25,7608.0,7610.0,17998.0
2026-06-16 11:40:00,7610.25,7611.75,7605.75,7606.75,20339.0
2026-06-16 11:45:00,7607.0,7608.5,7599.0,7604.5,25326.0
2026-06-16 11:50:00,7604.25,7614.75,7602.5,7614.0,25418.0
2026-06-16 11:55:00,7614.25,7616.75,7609.5,7610.0,23593.0
2026-06-16 12:00:00,7609.75,7619.0,7609.5,7615.75,18224.0
2026-06-16 12:05:00,7616.0,7619.5,7615.25,7617.75,15861.0
2026-06-16 12:10:00,7617.75,7622.25,7616.25,7619.0,16530.0
2026-06-16 12:15:00,7619.25,7621.25,7615.5,7618.75,11806.0
2026-06-16 12:20:00,7619.0,7621.75,7616.75,7617.75,11376.0
2026-06-16 12:25:00,7617.75,7618.75,7614.25,7616.25,13740.0
2026-06-16 12:30:00,7616.0,7617.0,7607.0,7607.25,14088.0
2026-06-16 12:35:00,7607.25,7611.0,7606.75,7610.25,12677.0
2026-06-16 12:40:00,7610.25,7615.0,7608.25,7613.25,15161.0
2026-06-16 12:45:00,7613.0,7615.0,7610.0,7610.5,11577.0
2026-06-16 12:50:00,7610.75,7613.75,7607.25,7608.75,12122.0
2026-06-16 12:55:00,7609.0,7610.75,7606.0,7610.5,12970.0
2026-06-16 13:00:00,7610.25,7610.5,7604.75,7607.75,12496.0
2026-06-16 13:05:00,7607.75,7608.0,7604.75,7607.5,8657.0
2026-06-16 13:10:00,7607.5,7611.5,7606.75,7609.25,11164.0
2026-06-16 13:15:00,7609.25,7611.25,7604.25,7604.5,8910.0
2026-06-16 13:20:00,7604.75,7607.5,7602.0,7607.0,14942.0
2026-06-16 13:25:00,7607.0,7608.25,7604.25,7605.75,7471.0
2026-06-16 13:30:00,7605.5,7606.75,7603.25,7605.0,10514.0
2026-06-16 13:35:00,7605.0,7605.75,7598.75,7600.75,9484.0
2026-06-16 13:40:00,7601.0,7606.0,7599.0,7603.75,11537.0
2026-06-16 13:45:00,7603.5,7605.75,7601.25,7605.5,12776.0
2026-06-16 13:50:00,7605.75,7610.0,7604.0,7609.75,12828.0
2026-06-16 13:55:00,7609.75,7611.5,7605.25,7605.75,11683.0
2026-06-16 14:00:00,7605.5,7607.5,7604.0,7606.25,10890.0
2026-06-16 14:05:00,7606.0,7607.0,7603.5,7604.25,8810.0
2026-06-16 14:10:00,7604.0,7606.25,7603.75,7604.5,10273.0
2026-06-16 14:15:00,7604.75,7605.5,7601.75,7603.5,17610.0
2026-06-16 14:20:00,7603.5,7606.0,7602.5,7604.25,8085.0
2026-06-16 14:25:00,7604.25,7607.5,7604.0,7605.25,8262.0
2026-06-16 14:30:00,7605.25,7606.25,7602.25,7602.75,9260.0
2026-06-16 14:35:00,7602.75,7606.5,7601.5,7604.75,10269.0
2026-06-16 14:40:00,7604.75,7606.0,7603.5,7605.0,6275.0
2026-06-16 14:45:00,7605.25,7606.75,7602.0,7602.0,6613.0
2026-06-16 14:50:00,7602.25,7604.0,7601.5,7602.5,5381.0
2026-06-16 14:55:00,7602.5,7604.5,7600.5,7602.0,9291.0
2026-06-16 15:00:00,7602.0,7603.0,7597.75,7601.5,12753.0
2026-06-16 15:05:00,7601.5,7601.75,7597.25,7598.0,9158.0
2026-06-16 15:10:00,7598.0,7599.25,7592.5,7593.75,14760.0
2026-06-16 15:15:00,7593.75,7594.25,7584.75,7594.0,21539.0
2026-06-16 15:20:00,7594.0,7599.0,7592.5,7598.25,13877.0
2026-06-16 15:25:00,7598.25,7600.0,7594.0,7596.25,13081.0
2026-06-16 15:30:00,7596.25,7597.25,7590.5,7590.75,14339.0
2026-06-16 15:35:00,7590.75,7595.0,7588.0,7588.75,12976.0
2026-06-16 15:40:00,7588.5,7594.5,7587.5,7594.25,14107.0
2026-06-16 15:45:00,7594.25,7595.0,7590.0,7592.5,16866.0
2026-06-16 15:50:00,7592.5,7597.75,7589.25,7595.25,26254.0
2026-06-16 15:55:00,7595.25,7596.75,7583.0,7588.0,99841.0
2026-06-16 16:00:00,7588.0,7589.0,7581.5,7583.75,33501.0
2026-06-17 09:30:00,7595.75,7596.0,7584.75,7589.5,33435.0
2026-06-17 09:35:00,7589.5,7593.25,7585.0,7586.25,21994.0
2026-06-17 09:40:00,7586.5,7598.0,7583.25,7598.0,23291.0
2026-06-17 09:45:00,7598.0,7600.25,7593.75,7594.0,21207.0
2026-06-17 09:50:00,7593.75,7597.5,7591.5,7596.0,16598.0
2026-06-17 09:55:00,7596.0,7596.25,7581.0,7581.0,18880.0
2026-06-17 10:00:00,7581.25,7589.0,7578.5,7587.0,24598.0
2026-06-17 10:05:00,7587.0,7593.25,7582.25,7589.25,17217.0
2026-06-17 10:10:00,7589.25,7595.0,7585.25,7594.75,14645.0
2026-06-17 10:15:00,7594.75,7598.25,7593.25,7595.75,15570.0
2026-06-17 10:20:00,7595.75,7604.25,7593.75,7603.75,14740.0
2026-06-17 10:25:00,7603.75,7603.75,7597.25,7599.25,14766.0
2026-06-17 10:30:00,7599.25,7599.75,7586.25,7590.25,16100.0
2026-06-17 10:35:00,7590.0,7590.75,7582.25,7582.75,17369.0
2026-06-17 10:40:00,7582.75,7586.0,7574.0,7584.0,25091.0
2026-06-17 10:45:00,7584.0,7588.75,7560.5,7576.25,48118.0
2026-06-17 10:50:00,7576.0,7584.5,7572.5,7582.5,20060.0
2026-06-17 10:55:00,7582.5,7582.75,7571.25,7572.5,14292.0
2026-06-17 11:00:00,7572.25,7577.5,7571.0,7574.5,14526.0
2026-06-17 11:05:00,7574.5,7577.0,7568.0,7569.5,14271.0
2026-06-17 11:10:00,7569.25,7579.75,7569.25,7578.25,12337.0
2026-06-17 11:15:00,7578.25,7584.75,7575.5,7580.25,16391.0
2026-06-17 11:20:00,7580.25,7583.25,7578.25,7581.0,11963.0
2026-06-17 11:25:00,7581.0,7582.5,7578.25,7582.25,11049.0
2026-06-17 11:30:00,7582.0,7590.0,7580.0,7588.0,11169.0
2026-06-17 11:35:00,7588.0,7590.5,7585.25,7589.5,9566.0
2026-06-17 11:40:00,7589.5,7590.5,7584.25,7586.25,8595.0
2026-06-17 11:45:00,7586.25,7589.75,7585.5,7589.25,7953.0
2026-06-17 11:50:00,7589.5,7591.25,7585.75,7587.0,6695.0
2026-06-17 11:55:00,7586.75,7590.75,7585.75,7588.75,7467.0
2026-06-17 12:00:00,7589.0,7592.0,7589.0,7590.0,5709.0
2026-06-17 12:05:00,7590.0,7590.5,7587.5,7588.75,6032.0
2026-06-17 12:10:00,7588.75,7589.0,7585.5,7588.75,4630.0
2026-06-17 12:15:00,7588.75,7592.25,7587.0,7592.0,8404.0
2026-06-17 12:20:00,7592.0,7593.25,7590.0,7592.25,4434.0
2026-06-17 12:25:00,7592.25,7593.25,7590.0,7590.25,4849.0
2026-06-17 12:30:00,7590.25,7591.25,7585.5,7586.0,8769.0
2026-06-17 12:35:00,7586.0,7588.75,7584.25,7588.0,6716.0
2026-06-17 12:40:00,7588.0,7588.0,7581.75,7584.75,7108.0
2026-06-17 12:45:00,7585.0,7585.0,7581.75,7583.25,6804.0
2026-06-17 12:50:00,7583.0,7585.75,7582.0,7582.5,4897.0
2026-06-17 12:55:00,7582.75,7585.5,7581.5,7582.75,6082.0
2026-06-17 13:00:00,7582.5,7583.0,7575.75,7577.25,8541.0
2026-06-17 13:05:00,7577.25,7579.0,7568.5,7576.5,15830.0
2026-06-17 13:10:00,7576.5,7579.0,7574.75,7575.25,7632.0
2026-06-17 13:15:00,7575.0,7576.25,7572.0,7576.25,9572.0
2026-06-17 13:20:00,7576.0,7578.75,7573.0,7575.75,6822.0
2026-06-17 13:25:00,7575.75,7579.75,7574.25,7578.25,7304.0
2026-06-17 13:30:00,7578.25,7578.25,7572.5,7573.5,8147.0
2026-06-17 13:35:00,7573.5,7579.0,7572.75,7577.5,7161.0
2026-06-17 13:40:00,7577.5,7577.75,7573.75,7574.25,5254.0
2026-06-17 13:45:00,7574.25,7578.0,7573.0,7577.25,7356.0
2026-06-17 13:50:00,7577.25,7587.25,7576.5,7585.0,9856.0
2026-06-17 13:55:00,7584.75,7589.75,7582.5,7588.75,6829.0
2026-06-17 14:00:00,7588.25,7590.75,7531.25,7531.75,48449.0
2026-06-17 14:05:00,7531.75,7549.0,7514.5,7546.5,53883.0
2026-06-17 14:10:00,7546.5,7551.75,7539.75,7546.25,26308.0
2026-06-17 14:15:00,7546.0,7560.25,7545.75,7556.75,21558.0
2026-06-17 14:20:00,7556.75,7558.5,7540.0,7542.0,18963.0
2026-06-17 14:25:00,7542.0,7545.75,7533.75,7542.75,20900.0
2026-06-17 14:30:00,7542.5,7562.5,7535.75,7537.25,40919.0
2026-06-17 14:35:00,7537.25,7569.25,7537.25,7560.75,25148.0
2026-06-17 14:40:00,7561.0,7584.25,7557.0,7580.25,27725.0
2026-06-17 14:45:00,7580.25,7580.75,7566.25,7568.75,18154.0
2026-06-17 14:50:00,7568.5,7574.25,7562.0,7564.0,16538.0
2026-06-17 14:55:00,7564.0,7564.25,7531.5,7540.75,26092.0
2026-06-17 15:00:00,7540.5,7552.0,7536.5,7541.25,27660.0
2026-06-17 15:05:00,7541.25,7548.5,7536.25,7538.0,18599.0
2026-06-17 15:10:00,7538.0,7551.5,7524.25,7547.0,27232.0
2026-06-17 15:15:00,7547.0,7548.5,7521.25,7521.5,20130.0
2026-06-17 15:20:00,7521.5,7522.0,7497.25,7498.25,41504.0
2026-06-17 15:25:00,7498.25,7513.75,7497.25,7500.25,27107.0
2026-06-17 15:30:00,7500.25,7503.75,7488.0,7489.0,30833.0
2026-06-17 15:35:00,7489.0,7500.0,7472.25,7475.5,32780.0
2026-06-17 15:40:00,7475.25,7485.25,7473.25,7479.75,37050.0
2026-06-17 15:45:00,7479.75,7497.75,7478.5,7489.0,29601.0
2026-06-17 15:50:00,7488.75,7493.75,7474.0,7481.25,39004.0
2026-06-17 15:55:00,7481.25,7498.75,7480.0,7492.5,88099.0
2026-06-17 16:00:00,7492.25,7504.5,7492.0,7497.75,28919.0
2026-06-18 09:30:00,7577.25,7581.5,7557.25,7557.75,52702.0
2026-06-18 09:35:00,7557.75,7559.25,7541.5,7544.0,39963.0
2026-06-18 09:40:00,7544.0,7549.0,7537.0,7538.25,26422.0
2026-06-18 09:45:00,7538.5,7550.0,7535.5,7549.25,26675.0
2026-06-18 09:50:00,7549.25,7554.75,7542.5,7543.0,24843.0
2026-06-18 09:55:00,7543.0,7547.5,7535.75,7544.0,21292.0
2026-06-18 10:00:00,7544.25,7550.5,7540.75,7545.75,22502.0
2026-06-18 10:05:00,7545.75,7558.25,7543.0,7554.5,19531.0
2026-06-18 10:10:00,7554.75,7555.5,7542.0,7545.25,16766.0
2026-06-18 10:15:00,7545.0,7561.5,7539.0,7558.25,20715.0
2026-06-18 10:20:00,7558.25,7566.25,7552.5,7561.25,20298.0
2026-06-18 10:25:00,7561.5,7563.5,7548.5,7550.5,18600.0
2026-06-18 10:30:00,7550.5,7555.5,7541.25,7555.5,20793.0
2026-06-18 10:35:00,7555.5,7563.5,7551.25,7562.5,18449.0
2026-06-18 10:40:00,7562.5,7564.5,7555.75,7558.5,17915.0
2026-06-18 10:45:00,7558.5,7570.75,7558.25,7568.5,14807.0
2026-06-18 10:50:00,7568.5,7568.5,7560.25,7564.25,15226.0
2026-06-18 10:55:00,7564.25,7570.5,7563.25,7566.25,9420.0
2026-06-18 11:00:00,7566.5,7567.5,7557.25,7562.5,14916.0
2026-06-18 11:05:00,7562.5,7564.5,7559.25,7561.5,9924.0
2026-06-18 11:10:00,7561.5,7568.75,7559.0,7559.0,12484.0
2026-06-18 11:15:00,7559.25,7561.5,7553.5,7554.75,12322.0
2026-06-18 11:20:00,7554.75,7559.25,7551.25,7553.75,12387.0
2026-06-18 11:25:00,7553.5,7559.75,7549.25,7551.75,13303.0
2026-06-18 11:30:00,7551.5,7556.25,7548.0,7553.5,16315.0
2026-06-18 11:35:00,7553.5,7553.75,7541.0,7546.75,15710.0
2026-06-18 11:40:00,7546.75,7551.5,7543.25,7546.0,11746.0
2026-06-18 11:45:00,7545.75,7551.0,7541.0,7549.5,12922.0
2026-06-18 11:50:00,7549.25,7561.75,7549.25,7557.75,12707.0
2026-06-18 11:55:00,7557.75,7563.25,7557.75,7560.5,11509.0
2026-06-18 12:00:00,7560.25,7563.75,7556.25,7557.5,11863.0
2026-06-18 12:05:00,7557.25,7562.75,7555.0,7558.75,9604.0
2026-06-18 12:10:00,7558.5,7561.5,7556.5,7559.75,7424.0
2026-06-18 12:15:00,7560.0,7562.0,7557.0,7559.5,7459.0
2026-06-18 12:20:00,7559.5,7566.75,7559.25,7561.75,8978.0
2026-06-18 12:25:00,7561.75,7565.25,7560.75,7564.0,5580.0
2026-06-18 12:30:00,7564.25,7564.25,7560.5,7563.0,6748.0
2026-06-18 12:35:00,7563.0,7570.5,7561.0,7569.5,10291.0
2026-06-18 12:40:00,7569.5,7570.25,7567.0,7567.75,6693.0
2026-06-18 12:45:00,7567.75,7568.5,7565.75,7567.0,6617.0
2026-06-18 12:50:00,7567.0,7567.25,7560.5,7561.75,8144.0
2026-06-18 12:55:00,7562.0,7564.25,7559.25,7564.0,7517.0
2026-06-18 13:00:00,7564.0,7570.0,7561.5,7569.75,6789.0
2026-06-18 13:05:00,7569.5,7574.5,7569.0,7572.0,9196.0
2026-06-18 13:10:00,7571.75,7575.25,7571.0,7573.25,6640.0
2026-06-18 13:15:00,7573.25,7579.0,7572.25,7577.25,8481.0
2026-06-18 13:20:00,7577.25,7578.5,7572.25,7572.25,7067.0
2026-06-18 13:25:00,7572.5,7573.75,7571.0,7572.75,6068.0
2026-06-18 13:30:00,7573.0,7577.0,7572.75,7575.0,6731.0
2026-06-18 13:35:00,7575.0,7575.0,7569.75,7570.25,5064.0
2026-06-18 13:40:00,7570.5,7572.25,7569.5,7570.5,6161.0
2026-06-18 13:45:00,7570.5,7571.75,7568.25,7569.5,4469.0
2026-06-18 13:50:00,7569.5,7572.75,7568.5,7569.25,4637.0
2026-06-18 13:55:00,7569.25,7569.5,7566.75,7567.0,5905.0
2026-06-18 14:00:00,7567.0,7568.0,7562.0,7563.25,9144.0
2026-06-18 14:05:00,7563.5,7565.5,7562.25,7563.25,6559.0
2026-06-18 14:10:00,7563.25,7566.75,7562.5,7563.75,5870.0
2026-06-18 14:15:00,7563.5,7565.5,7561.0,7563.5,7260.0
2026-06-18 14:20:00,7563.25,7566.75,7562.0,7564.25,6011.0
2026-06-18 14:25:00,7564.25,7566.0,7561.75,7562.75,5740.0
2026-06-18 14:30:00,7562.75,7563.5,7560.5,7561.75,6381.0
2026-06-18 14:35:00,7561.5,7562.25,7559.5,7560.25,6482.0
2026-06-18 14:40:00,7560.25,7563.25,7559.25,7562.75,5561.0
2026-06-18 14:45:00,7562.5,7566.0,7562.25,7565.75,6863.0
2026-06-18 14:50:00,7565.75,7567.25,7563.25,7564.5,7565.0
2026-06-18 14:55:00,7564.5,7565.75,7560.5,7561.5,7303.0
2026-06-18 15:00:00,7561.5,7562.25,7556.0,7557.25,9495.0
2026-06-18 15:05:00,7557.25,7558.25,7555.75,7556.25,7618.0
2026-06-18 15:10:00,7556.25,7556.5,7549.0,7552.25,13582.0
2026-06-18 15:15:00,7552.25,7556.5,7549.5,7556.0,9357.0
2026-06-18 15:20:00,7556.0,7559.25,7555.25,7556.25,7718.0
2026-06-18 15:25:00,7556.5,7560.0,7556.0,7557.75,6971.0
2026-06-18 15:30:00,7557.75,7560.0,7553.75,7559.5,11046.0
2026-06-18 15:35:00,7559.75,7567.5,7559.5,7567.25,13036.0
2026-06-18 15:40:00,7567.25,7571.75,7566.25,7571.25,14085.0
2026-06-18 15:45:00,7571.0,7573.0,7567.0,7568.75,17204.0
2026-06-18 15:50:00,7568.75,7578.0,7566.0,7574.5,31593.0
2026-06-18 15:55:00,7574.5,7580.75,7564.25,7564.5,125175.0
2026-06-18 16:00:00,7564.5,7572.5,7562.25,7572.5,31571.0
2026-06-22 09:30:00,7573.0,7590.25,7571.5,7578.0,35405.0
2026-06-22 09:35:00,7578.25,7595.5,7576.75,7595.25,22732.0
2026-06-22 09:40:00,7595.5,7596.75,7576.0,7578.5,27696.0
2026-06-22 09:45:00,7578.75,7595.5,7576.75,7592.0,25034.0
2026-06-22 09:50:00,7592.0,7592.75,7586.5,7587.25,18966.0
2026-06-22 09:55:00,7587.5,7596.5,7584.25,7596.25,16086.0
2026-06-22 10:00:00,7596.25,7597.5,7591.0,7593.25,15592.0
2026-06-22 10:05:00,7593.5,7597.0,7590.5,7596.75,13999.0
2026-06-22 10:10:00,7596.5,7599.25,7589.0,7589.75,14383.0
2026-06-22 10:15:00,7590.0,7591.0,7579.25,7581.25,18610.0
2026-06-22 10:20:00,7581.25,7581.75,7569.75,7571.5,20636.0
2026-06-22 10:25:00,7571.5,7574.75,7560.25,7561.25,27524.0
2026-06-22 10:30:00,7561.25,7562.25,7546.25,7550.75,37948.0
2026-06-22 10:35:00,7550.75,7556.0,7545.5,7550.5,23567.0
2026-06-22 10:40:00,7550.5,7553.5,7540.0,7541.0,23021.0
2026-06-22 10:45:00,7541.0,7549.25,7540.5,7544.0,27646.0
2026-06-22 10:50:00,7544.0,7546.5,7532.0,7534.5,20677.0
2026-06-22 10:55:00,7534.25,7545.0,7527.25,7543.0,25044.0
2026-06-22 11:00:00,7542.75,7550.0,7541.25,7546.5,15214.0
2026-06-22 11:05:00,7546.25,7546.75,7536.25,7538.75,16764.0
2026-06-22 11:10:00,7538.75,7544.5,7536.25,7540.5,14864.0
2026-06-22 11:15:00,7540.5,7545.75,7535.5,7537.75,16831.0
2026-06-22 11:20:00,7537.75,7545.75,7534.75,7544.0,15890.0
2026-06-22 11:25:00,7544.0,7547.0,7537.75,7539.75,18035.0
2026-06-22 11:30:00,7539.75,7546.25,7537.5,7542.0,18292.0
2026-06-22 11:35:00,7542.25,7548.0,7540.5,7547.5,13358.0
2026-06-22 11:40:00,7547.75,7558.0,7547.75,7554.75,13275.0
2026-06-22 11:45:00,7555.0,7559.25,7539.0,7540.5,16743.0
2026-06-22 11:50:00,7540.75,7546.0,7540.5,7542.0,13026.0
2026-06-22 11:55:00,7542.0,7547.5,7540.25,7542.5,11636.0
2026-06-22 12:00:00,7542.5,7544.25,7532.25,7533.75,14668.0
2026-06-22 12:05:00,7533.5,7539.75,7532.5,7538.25,11481.0
2026-06-22 12:10:00,7538.25,7546.5,7537.75,7546.25,10900.0
2026-06-22 12:15:00,7546.25,7547.25,7541.0,7546.0,10111.0
2026-06-22 12:20:00,7546.0,7550.25,7540.0,7541.75,10653.0
2026-06-22 12:25:00,7541.75,7546.0,7540.0,7544.25,9937.0
2026-06-22 12:30:00,7544.5,7545.25,7539.0,7539.75,7666.0
2026-06-22 12:35:00,7539.75,7541.5,7537.0,7540.25,6869.0
2026-06-22 12:40:00,7540.5,7542.25,7536.75,7539.75,7950.0
2026-06-22 12:45:00,7540.0,7546.25,7538.0,7546.25,9630.0
2026-06-22 12:50:00,7546.0,7548.75,7545.0,7547.5,8140.0
2026-06-22 12:55:00,7547.25,7549.75,7543.0,7546.0,11356.0
2026-06-22 13:00:00,7546.25,7547.0,7542.25,7544.75,5999.0
2026-06-22 13:05:00,7544.5,7544.75,7535.5,7538.25,8499.0
2026-06-22 13:10:00,7538.25,7542.25,7537.75,7542.25,5533.0
2026-06-22 13:15:00,7542.0,7547.0,7542.0,7546.75,6829.0
2026-06-22 13:20:00,7546.5,7549.0,7543.25,7545.25,4992.0
2026-06-22 13:25:00,7545.25,7546.25,7542.75,7543.25,5193.0
2026-06-22 13:30:00,7543.25,7544.5,7539.0,7541.0,7043.0
2026-06-22 13:35:00,7540.75,7541.0,7535.5,7540.5,7099.0
2026-06-22 13:40:00,7540.25,7541.75,7538.5,7539.25,3933.0
2026-06-22 13:45:00,7539.5,7544.5,7538.25,7544.0,5938.0
2026-06-22 13:50:00,7544.0,7549.5,7543.0,7548.25,7002.0
2026-06-22 13:55:00,7548.25,7548.25,7542.75,7542.75,5398.0
2026-06-22 14:00:00,7543.0,7544.75,7538.5,7541.0,7366.0
2026-06-22 14:05:00,7540.75,7545.25,7540.75,7545.25,5132.0
2026-06-22 14:10:00,7545.0,7546.75,7542.75,7545.5,3947.0
2026-06-22 14:15:00,7545.5,7549.5,7545.5,7548.25,5226.0
2026-06-22 14:20:00,7548.5,7553.75,7547.75,7550.0,8895.0
2026-06-22 14:25:00,7550.0,7550.5,7544.25,7547.25,7134.0
2026-06-22 14:30:00,7547.25,7551.5,7545.0,7546.0,8224.0
2026-06-22 14:35:00,7546.25,7548.0,7544.75,7545.0,4961.0
2026-06-22 14:40:00,7545.0,7546.0,7540.5,7541.0,6525.0
2026-06-22 14:45:00,7541.0,7544.5,7539.75,7543.75,6644.0
2026-06-22 14:50:00,7543.75,7544.5,7533.0,7536.75,10248.0
2026-06-22 14:55:00,7536.5,7536.5,7531.5,7533.0,9160.0
2026-06-22 15:00:00,7533.0,7539.75,7532.5,7537.0,12138.0
2026-06-22 15:05:00,7537.0,7537.25,7528.5,7532.5,8926.0
2026-06-22 15:10:00,7532.75,7537.0,7531.0,7535.5,6358.0
2026-06-22 15:15:00,7535.5,7538.0,7533.75,7537.25,8069.0
2026-06-22 15:20:00,7537.25,7538.25,7532.5,7533.5,6502.0
2026-06-22 15:25:00,7533.5,7534.5,7530.25,7530.5,8709.0
2026-06-22 15:30:00,7530.25,7536.25,7530.25,7533.75,10195.0
2026-06-22 15:35:00,7533.5,7534.0,7531.25,7532.5,8845.0
2026-06-22 15:40:00,7532.25,7533.25,7528.0,7529.5,10557.0
2026-06-22 15:45:00,7529.5,7535.5,7528.75,7535.25,11932.0
2026-06-22 15:50:00,7535.25,7545.25,7533.25,7543.75,25068.0
2026-06-22 15:55:00,7543.75,7545.75,7535.75,7540.25,89299.0
2026-06-22 16:00:00,7540.25,7547.0,7539.0,7545.25,21105.0
2026-06-23 09:30:00,7429.5,7434.5,7415.25,7432.5,52511.0
2026-06-23 09:35:00,7432.75,7439.5,7416.75,7437.0,39117.0
2026-06-23 09:40:00,7436.75,7447.0,7430.5,7442.5,27344.0
2026-06-23 09:45:00,7442.25,7463.5,7438.25,7457.75,35535.0
2026-06-23 09:50:00,7457.75,7465.75,7457.25,7460.0,28187.0
2026-06-23 09:55:00,7459.75,7466.5,7454.75,7465.25,29459.0
2026-06-23 10:00:00,7465.25,7478.25,7463.75,7474.75,31445.0
2026-06-23 10:05:00,7474.75,7480.5,7470.75,7478.75,24173.0
2026-06-23 10:10:00,7478.75,7485.25,7476.25,7484.0,26589.0
2026-06-23 10:15:00,7484.0,7487.5,7480.0,7486.25,20764.0
2026-06-23 10:20:00,7486.25,7491.0,7479.5,7483.0,23519.0
2026-06-23 10:25:00,7483.0,7484.75,7475.75,7483.75,22611.0
2026-06-23 10:30:00,7483.75,7486.0,7472.25,7476.0,21417.0
2026-06-23 10:35:00,7476.0,7482.5,7470.0,7470.5,20825.0
2026-06-23 10:40:00,7470.5,7476.0,7466.25,7468.25,22726.0
2026-06-23 10:45:00,7468.25,7470.25,7461.5,7467.75,21985.0
2026-06-23 10:50:00,7467.75,7474.0,7462.25,7466.0,19406.0
2026-06-23 10:55:00,7466.0,7467.75,7459.75,7464.75,15553.0
2026-06-23 11:00:00,7464.75,7468.5,7458.5,7459.75,17777.0
2026-06-23 11:05:00,7459.75,7461.25,7450.5,7454.0,18518.0
2026-06-23 11:10:00,7454.25,7456.75,7451.0,7455.25,13145.0
2026-06-23 11:15:00,7455.25,7457.0,7445.5,7446.75,15348.0
2026-06-23 11:20:00,7446.5,7449.5,7439.75,7440.0,15034.0
2026-06-23 11:25:00,7440.0,7443.0,7436.25,7440.0,19530.0
2026-06-23 11:30:00,7439.75,7446.75,7438.0,7443.5,17301.0
2026-06-23 11:35:00,7443.75,7449.25,7436.75,7438.75,16741.0
2026-06-23 11:40:00,7438.75,7445.75,7435.75,7444.25,15100.0
2026-06-23 11:45:00,7444.0,7449.25,7441.75,7444.75,13136.0
2026-06-23 11:50:00,7445.0,7456.5,7443.25,7453.0,15038.0
2026-06-23 11:55:00,7453.0,7455.75,7447.5,7453.75,11644.0
2026-06-23 12:00:00,7454.0,7462.0,7452.5,7461.0,13171.0
2026-06-23 12:05:00,7461.0,7466.75,7459.75,7466.25,13897.0
2026-06-23 12:10:00,7466.25,7471.5,7466.25,7469.25,10292.0
2026-06-23 12:15:00,7469.5,7471.25,7464.0,7464.5,10819.0
2026-06-23 12:20:00,7464.75,7469.25,7460.75,7468.25,10164.0
2026-06-23 12:25:00,7468.25,7470.5,7465.25,7469.0,7257.0
2026-06-23 12:30:00,7469.0,7470.0,7464.5,7465.75,7871.0
2026-06-23 12:35:00,7466.0,7470.75,7465.0,7470.0,7320.0
2026-06-23 12:40:00,7470.25,7475.25,7470.25,7474.0,9672.0
2026-06-23 12:45:00,7474.0,7474.75,7466.25,7469.0,8210.0
2026-06-23 12:50:00,7469.0,7469.25,7464.5,7468.5,8983.0
2026-06-23 12:55:00,7468.75,7472.0,7465.25,7469.75,9078.0
2026-06-23 13:00:00,7469.75,7470.25,7461.5,7462.75,8416.0
2026-06-23 13:05:00,7462.75,7465.5,7460.5,7464.75,7274.0
2026-06-23 13:10:00,7464.75,7473.0,7464.5,7469.0,10614.0
2026-06-23 13:15:00,7468.75,7471.25,7464.5,7466.75,9028.0
2026-06-23 13:20:00,7466.75,7476.5,7466.25,7474.5,9339.0
2026-06-23 13:25:00,7474.25,7475.0,7470.25,7471.0,8797.0
2026-06-23 13:30:00,7470.75,7473.25,7466.0,7473.25,9717.0
2026-06-23 13:35:00,7473.25,7475.75,7470.25,7471.25,7081.0
2026-06-23 13:40:00,7471.0,7472.5,7466.25,7467.25,6328.0
2026-06-23 13:45:00,7467.25,7470.5,7466.0,7468.5,7499.0
2026-06-23 13:50:00,7468.5,7469.0,7455.5,7456.25,12197.0
2026-06-23 13:55:00,7456.0,7457.5,7452.5,7453.25,11836.0
2026-06-23 14:00:00,7453.25,7461.25,7451.75,7456.25,13802.0
2026-06-23 14:05:00,7456.0,7457.0,7448.75,7453.25,9106.0
2026-06-23 14:10:00,7453.5,7456.0,7452.5,7453.75,8687.0
2026-06-23 14:15:00,7453.75,7455.75,7450.25,7451.5,8710.0
2026-06-23 14:20:00,7451.5,7454.5,7447.75,7453.0,9475.0
2026-06-23 14:25:00,7453.0,7453.0,7448.75,7449.75,8167.0
2026-06-23 14:30:00,7449.5,7451.0,7446.5,7447.0,8210.0
2026-06-23 14:35:00,7446.75,7448.5,7444.25,7445.0,8275.0
2026-06-23 14:40:00,7445.0,7445.0,7433.0,7433.75,18789.0
2026-06-23 14:45:00,7433.75,7435.75,7430.25,7435.25,17623.0
2026-06-23 14:50:00,7435.5,7441.25,7428.75,7433.0,16832.0
2026-06-23 14:55:00,7432.75,7438.25,7429.25,7436.0,12247.0
2026-06-23 15:00:00,7436.0,7446.5,7433.75,7446.0,15322.0
2026-06-23 15:05:00,7445.75,7452.25,7438.5,7440.5,18065.0
2026-06-23 15:10:00,7440.75,7445.25,7438.0,7441.0,10903.0
2026-06-23 15:15:00,7441.0,7442.5,7434.0,7434.25,10496.0
2026-06-23 15:20:00,7434.25,7448.5,7433.5,7444.5,15247.0
2026-06-23 15:25:00,7444.75,7449.75,7442.75,7446.75,15578.0
2026-06-23 15:30:00,7446.75,7449.25,7440.25,7446.75,13597.0
2026-06-23 15:35:00,7446.75,7448.5,7442.75,7442.75,14826.0
2026-06-23 15:40:00,7443.0,7444.25,7438.25,7442.0,14121.0
2026-06-23 15:45:00,7442.25,7444.5,7436.25,7444.25,16217.0
2026-06-23 15:50:00,7444.25,7453.0,7442.0,7452.5,29827.0
2026-06-23 15:55:00,7452.75,7452.75,7433.0,7434.75,103388.0
2026-06-23 16:00:00,7434.75,7437.0,7431.5,7436.0,26440.0
2026-06-24 09:30:00,7447.25,7466.75,7438.25,7463.5,45085.0
2026-06-24 09:35:00,7463.5,7468.0,7456.25,7458.5,26733.0
2026-06-24 09:40:00,7458.5,7460.5,7442.25,7452.75,30592.0
2026-06-24 09:45:00,7452.5,7457.75,7437.75,7450.0,33472.0
2026-06-24 09:50:00,7450.0,7472.25,7449.75,7468.25,30590.0
2026-06-24 09:55:00,7468.25,7468.75,7453.25,7454.75,22426.0
2026-06-24 10:00:00,7454.5,7459.0,7447.75,7450.5,25820.0
2026-06-24 10:05:00,7450.5,7460.5,7447.75,7453.0,25861.0
2026-06-24 10:10:00,7453.0,7457.75,7447.0,7451.25,22945.0
2026-06-24 10:15:00,7451.0,7455.0,7442.5,7444.0,19396.0
2026-06-24 10:20:00,7444.25,7460.25,7436.5,7458.5,30563.0
2026-06-24 10:25:00,7458.5,7466.0,7455.5,7461.0,20307.0
2026-06-24 10:30:00,7461.0,7469.0,7460.75,7465.5,18279.0
2026-06-24 10:35:00,7465.75,7468.0,7458.25,7458.75,16302.0
2026-06-24 10:40:00,7459.0,7473.5,7457.5,7472.75,19358.0
2026-06-24 10:45:00,7472.75,7486.0,7471.75,7479.5,26487.0
2026-06-24 10:50:00,7479.75,7487.25,7479.75,7480.75,17906.0
2026-06-24 10:55:00,7481.0,7494.25,7478.0,7493.75,20080.0
2026-06-24 11:00:00,7493.75,7496.5,7488.0,7490.0,21703.0
2026-06-24 11:05:00,7490.0,7490.75,7479.25,7481.0,17571.0
2026-06-24 11:10:00,7481.0,7485.25,7476.25,7481.75,17783.0
2026-06-24 11:15:00,7481.75,7490.75,7480.5,7489.0,13190.0
2026-06-24 11:20:00,7489.0,7490.5,7483.5,7484.25,12464.0
2026-06-24 11:25:00,7484.25,7493.75,7478.25,7493.75,17951.0
2026-06-24 11:30:00,7493.5,7496.5,7485.75,7489.25,17092.0
2026-06-24 11:35:00,7489.25,7492.25,7483.25,7485.75,12463.0
2026-06-24 11:40:00,7485.5,7487.5,7478.25,7481.75,14183.0
2026-06-24 11:45:00,7481.75,7483.75,7474.5,7483.25,16409.0
2026-06-24 11:50:00,7483.25,7489.75,7483.25,7485.25,11849.0
2026-06-24 11:55:00,7485.0,7487.25,7478.0,7480.25,10375.0
2026-06-24 12:00:00,7480.25,7483.0,7475.75,7477.5,13042.0
2026-06-24 12:05:00,7477.5,7481.25,7474.5,7478.0,11612.0
2026-06-24 12:10:00,7478.0,7485.5,7476.0,7481.25,11777.0
2026-06-24 12:15:00,7481.5,7485.0,7478.0,7480.0,8483.0
2026-06-24 12:20:00,7480.0,7484.25,7477.0,7483.0,7886.0
2026-06-24 12:25:00,7483.0,7483.0,7476.75,7477.75,8063.0
2026-06-24 12:30:00,7477.75,7477.75,7471.5,7473.25,12633.0
2026-06-24 12:35:00,7473.25,7476.0,7461.25,7461.75,17321.0
2026-06-24 12:40:00,7461.75,7462.25,7455.0,7459.75,24556.0
2026-06-24 12:45:00,7459.5,7461.75,7455.5,7459.25,15356.0
2026-06-24 12:50:00,7459.5,7464.5,7454.0,7454.0,12194.0
2026-06-24 12:55:00,7454.0,7456.25,7450.75,7453.0,10144.0
2026-06-24 13:00:00,7453.0,7461.25,7451.25,7460.25,9216.0
2026-06-24 13:05:00,7460.25,7460.75,7442.5,7445.5,12822.0
2026-06-24 13:10:00,7445.75,7450.0,7442.25,7444.0,14329.0
2026-06-24 13:15:00,7444.0,7447.75,7431.0,7433.75,20988.0
2026-06-24 13:20:00,7433.75,7434.25,7426.0,7426.75,19274.0
2026-06-24 13:25:00,7426.75,7428.25,7415.75,7416.75,20455.0
2026-06-24 13:30:00,7416.75,7422.25,7407.75,7418.25,29496.0
2026-06-24 13:35:00,7418.5,7424.5,7412.0,7420.25,18568.0
2026-06-24 13:40:00,7420.25,7423.5,7413.25,7414.75,14628.0
2026-06-24 13:45:00,7414.75,7421.75,7410.25,7420.0,15711.0
2026-06-24 13:50:00,7420.0,7421.75,7416.25,7421.0,11674.0
2026-06-24 13:55:00,7421.25,7427.25,7412.5,7414.0,15407.0
2026-06-24 14:00:00,7414.25,7425.25,7413.0,7421.5,16045.0
2026-06-24 14:05:00,7421.5,7429.5,7421.25,7426.0,14318.0
2026-06-24 14:10:00,7426.0,7427.5,7421.0,7424.75,12797.0
2026-06-24 14:15:00,7424.75,7435.75,7424.75,7433.75,17796.0
2026-06-24 14:20:00,7433.75,7439.75,7431.75,7439.75,15547.0
2026-06-24 14:25:00,7439.5,7443.25,7437.75,7440.0,14582.0
2026-06-24 14:30:00,7440.0,7442.25,7436.0,7439.0,13180.0
2026-06-24 14:35:00,7439.0,7439.5,7431.25,7432.75,11542.0
2026-06-24 14:40:00,7432.75,7434.25,7425.25,7429.25,12858.0
2026-06-24 14:45:00,7429.25,7429.25,7410.75,7414.25,15942.0
2026-06-24 14:50:00,7414.0,7418.25,7408.25,7417.75,21339.0
2026-06-24 14:55:00,7417.5,7424.5,7412.5,7415.5,16172.0
2026-06-24 15:00:00,7415.5,7425.25,7409.5,7422.0,18371.0
2026-06-24 15:05:00,7422.25,7422.25,7404.75,7409.5,18561.0
2026-06-24 15:10:00,7409.25,7413.25,7404.25,7412.25,14241.0
2026-06-24 15:15:00,7412.25,7413.25,7407.75,7412.0,10861.0
2026-06-24 15:20:00,7412.0,7414.75,7408.75,7414.75,10531.0
2026-06-24 15:25:00,7414.75,7419.75,7413.75,7416.25,13043.0
2026-06-24 15:30:00,7416.0,7418.5,7411.25,7413.25,16845.0
2026-06-24 15:35:00,7413.5,7416.25,7410.0,7414.0,12931.0
2026-06-24 15:40:00,7414.0,7417.25,7405.25,7411.0,15591.0
2026-06-24 15:45:00,7411.25,7418.5,7410.5,7417.25,16118.0
2026-06-24 15:50:00,7417.0,7427.5,7411.25,7426.75,27969.0
2026-06-24 15:55:00,7426.75,7431.5,7417.75,7428.25,78107.0
2026-06-24 16:00:00,7428.0,7451.25,7421.25,7450.75,31961.0
2026-06-25 09:30:00,7485.75,7490.5,7464.5,7469.75,45437.0
2026-06-25 09:35:00,7469.5,7477.0,7465.5,7466.5,28473.0
2026-06-25 09:40:00,7466.25,7467.75,7436.25,7438.75,39932.0
2026-06-25 09:45:00,7439.0,7444.0,7410.5,7424.5,62803.0
2026-06-25 09:50:00,7424.5,7432.0,7399.5,7401.5,49791.0
2026-06-25 09:55:00,7401.5,7407.0,7390.5,7393.25,53419.0
2026-06-25 10:00:00,7393.25,7430.25,7392.5,7427.75,51780.0
2026-06-25 10:05:00,7427.75,7445.75,7427.75,7444.75,44627.0
2026-06-25 10:10:00,7445.0,7454.25,7436.25,7437.25,42331.0
2026-06-25 10:15:00,7437.25,7453.0,7427.5,7452.25,33376.0
2026-06-25 10:20:00,7452.0,7462.0,7441.25,7446.5,31822.0
2026-06-25 10:25:00,7446.25,7455.75,7444.25,7451.0,21098.0
2026-06-25 10:30:00,7450.75,7467.75,7449.25,7460.5,23997.0
2026-06-25 10:35:00,7460.5,7465.5,7452.25,7463.0,16389.0
2026-06-25 10:40:00,7463.0,7464.0,7444.25,7450.75,17556.0
2026-06-25 10:45:00,7450.75,7463.0,7444.0,7460.5,14733.0
2026-06-25 10:50:00,7460.25,7475.75,7457.25,7474.5,18607.0
2026-06-25 10:55:00,7474.5,7474.5,7446.75,7449.5,23184.0
2026-06-25 11:00:00,7449.25,7459.5,7445.5,7458.75,14482.0
2026-06-25 11:05:00,7458.75,7462.25,7441.5,7444.0,16294.0
2026-06-25 11:10:00,7444.25,7445.5,7422.75,7426.0,17960.0
2026-06-25 11:15:00,7426.0,7435.0,7414.25,7432.75,20917.0
2026-06-25 11:20:00,7432.5,7444.75,7426.0,7441.5,15249.0
2026-06-25 11:25:00,7441.5,7445.0,7433.75,7439.25,11921.0
2026-06-25 11:30:00,7439.25,7451.5,7437.5,7438.25,15229.0
2026-06-25 11:35:00,7438.5,7446.0,7438.25,7438.25,8221.0
2026-06-25 11:40:00,7438.25,7445.5,7435.5,7443.75,8497.0
2026-06-25 11:45:00,7443.75,7454.75,7439.0,7440.25,9521.0
2026-06-25 11:50:00,7440.25,7446.0,7436.75,7442.5,7042.0
2026-06-25 11:55:00,7442.5,7446.0,7436.25,7437.5,6630.0
2026-06-25 12:00:00,7437.75,7440.5,7432.5,7438.0,8216.0
2026-06-25 12:05:00,7438.0,7450.5,7436.0,7449.75,9025.0
2026-06-25 12:10:00,7449.75,7458.25,7448.5,7453.5,10155.0
2026-06-25 12:15:00,7453.5,7458.75,7450.25,7451.25,10549.0
2026-06-25 12:20:00,7451.25,7453.75,7438.5,7440.5,11320.0
2026-06-25 12:25:00,7440.75,7442.25,7435.25,7437.75,8530.0
2026-06-25 12:30:00,7437.75,7438.25,7425.0,7429.25,12553.0
2026-06-25 12:35:00,7429.25,7431.25,7422.0,7422.75,9761.0
2026-06-25 12:40:00,7422.75,7425.0,7415.75,7417.75,10711.0
2026-06-25 12:45:00,7417.75,7424.0,7409.75,7423.0,16902.0
2026-06-25 12:50:00,7422.75,7425.75,7417.5,7422.0,9975.0
2026-06-25 12:55:00,7422.25,7422.5,7415.5,7420.25,6585.0
2026-06-25 13:00:00,7420.25,7425.0,7419.5,7419.75,5528.0
2026-06-25 13:05:00,7419.75,7423.5,7416.5,7421.75,4867.0
2026-06-25 13:10:00,7422.0,7432.5,7422.0,7427.25,8589.0
2026-06-25 13:15:00,7427.25,7438.0,7420.0,7420.0,10382.0
2026-06-25 13:20:00,7420.25,7426.25,7415.75,7424.0,9011.0
2026-06-25 13:25:00,7424.0,7431.75,7423.5,7427.75,7810.0
2026-06-25 13:30:00,7427.75,7430.5,7421.0,7424.25,6663.0
2026-06-25 13:35:00,7424.5,7430.75,7423.5,7428.25,6545.0
2026-06-25 13:40:00,7428.25,7433.0,7420.25,7421.5,7641.0
2026-06-25 13:45:00,7421.5,7421.75,7411.25,7413.25,8701.0
2026-06-25 13:50:00,7413.25,7423.0,7410.75,7420.5,7913.0
2026-06-25 13:55:00,7420.5,7431.0,7418.25,7429.5,8970.0
2026-06-25 14:00:00,7429.5,7431.0,7408.25,7414.25,17068.0
2026-06-25 14:05:00,7414.75,7431.25,7411.75,7429.25,12279.0
2026-06-25 14:10:00,7429.5,7435.5,7424.25,7427.5,11308.0
2026-06-25 14:15:00,7427.75,7449.75,7425.0,7443.75,14455.0
2026-06-25 14:20:00,7443.75,7448.25,7437.5,7444.5,10756.0
2026-06-25 14:25:00,7444.5,7456.75,7444.5,7454.25,11174.0
2026-06-25 14:30:00,7454.25,7454.5,7435.25,7435.5,12652.0
2026-06-25 14:35:00,7435.5,7442.75,7431.25,7440.0,10974.0
2026-06-25 14:40:00,7440.0,7440.75,7434.0,7434.75,6309.0
2026-06-25 14:45:00,7434.75,7434.75,7422.25,7431.0,9504.0
2026-06-25 14:50:00,7431.0,7439.5,7429.25,7432.5,7154.0
2026-06-25 14:55:00,7432.5,7436.5,7430.5,7434.5,5803.0
2026-06-25 15:00:00,7434.25,7435.0,7422.75,7425.5,7218.0
2026-06-25 15:05:00,7425.25,7428.0,7423.25,7426.25,7152.0
2026-06-25 15:10:00,7426.25,7427.75,7418.75,7419.25,7750.0
2026-06-25 15:15:00,7419.5,7422.25,7414.25,7418.25,9987.0
2026-06-25 15:20:00,7418.25,7422.75,7416.0,7422.5,9351.0
2026-06-25 15:25:00,7422.5,7424.75,7416.25,7419.75,8602.0
2026-06-25 15:30:00,7419.5,7420.75,7413.5,7417.5,10206.0
2026-06-25 15:35:00,7417.25,7417.5,7412.75,7416.75,10100.0
2026-06-25 15:40:00,7416.75,7419.25,7411.5,7415.75,11807.0
2026-06-25 15:45:00,7415.5,7416.5,7409.5,7413.5,13623.0
2026-06-25 15:50:00,7413.5,7422.25,7409.0,7421.25,18246.0
2026-06-25 15:55:00,7421.25,7430.0,7414.5,7428.75,73725.0
2026-06-25 16:00:00,7428.75,7451.75,7427.75,7440.25,35271.0
2026-06-26 09:30:00,7381.0,7388.25,7360.0,7370.25,38994.0
2026-06-26 09:35:00,7370.25,7383.0,7367.25,7373.0,27156.0
2026-06-26 09:40:00,7372.75,7386.25,7368.75,7384.25,22464.0
2026-06-26 09:45:00,7384.25,7390.25,7371.25,7378.5,26971.0
2026-06-26 09:50:00,7378.75,7388.75,7377.25,7385.75,18151.0
2026-06-26 09:55:00,7386.0,7405.75,7384.0,7401.5,22282.0
2026-06-26 10:00:00,7401.25,7415.75,7398.75,7415.0,21959.0
2026-06-26 10:05:00,7415.0,7424.75,7414.25,7423.0,21679.0
2026-06-26 10:10:00,7423.0,7428.0,7417.25,7425.5,19544.0
2026-06-26 10:15:00,7425.5,7429.5,7418.0,7419.75,16480.0
2026-06-26 10:20:00,7420.0,7436.25,7418.25,7428.0,18331.0
2026-06-26 10:25:00,7428.0,7433.0,7426.0,7428.5,12781.0
2026-06-26 10:30:00,7428.75,7433.0,7424.0,7427.25,13000.0
2026-06-26 10:35:00,7427.5,7428.0,7415.0,7415.25,12813.0
2026-06-26 10:40:00,7415.25,7424.5,7409.25,7415.25,16923.0
2026-06-26 10:45:00,7415.25,7427.5,7413.75,7422.25,13059.0
2026-06-26 10:50:00,7422.25,7426.0,7415.25,7419.0,11658.0
2026-06-26 10:55:00,7418.75,7423.5,7411.75,7418.0,11047.0
2026-06-26 11:00:00,7418.0,7428.0,7418.0,7421.75,12073.0
2026-06-26 11:05:00,7422.0,7425.25,7416.0,7424.5,9559.0
2026-06-26 11:10:00,7424.25,7426.0,7412.75,7414.25,8942.0
2026-06-26 11:15:00,7414.5,7426.25,7409.5,7424.25,16437.0
2026-06-26 11:20:00,7424.25,7432.5,7422.0,7431.75,14064.0
2026-06-26 11:25:00,7431.5,7440.75,7430.5,7440.75,13413.0
2026-06-26 11:30:00,7440.5,7450.0,7437.5,7439.0,22318.0
2026-06-26 11:35:00,7439.25,7453.75,7439.25,7451.75,13472.0
2026-06-26 11:40:00,7451.75,7459.5,7449.25,7456.5,13254.0
2026-06-26 11:45:00,7456.5,7458.5,7449.0,7449.5,11649.0
2026-06-26 11:50:00,7449.5,7454.25,7435.0,7439.0,20735.0
2026-06-26 11:55:00,7439.25,7452.5,7437.5,7447.5,10585.0
2026-06-26 12:00:00,7447.75,7449.0,7444.75,7447.25,8321.0
2026-06-26 12:05:00,7447.0,7448.0,7434.5,7436.25,8252.0
2026-06-26 12:10:00,7436.0,7438.75,7431.25,7434.75,7905.0
2026-06-26 12:15:00,7434.75,7440.25,7431.25,7433.75,8375.0
2026-06-26 12:20:00,7433.75,7435.25,7420.75,7425.75,17710.0
2026-06-26 12:25:00,7425.5,7429.75,7424.25,7427.25,7508.0
2026-06-26 12:30:00,7427.25,7440.5,7427.25,7440.0,8643.0
2026-06-26 12:35:00,7440.0,7441.5,7435.5,7437.75,6190.0
2026-06-26 12:40:00,7437.75,7439.75,7433.25,7433.75,5387.0
2026-06-26 12:45:00,7433.75,7437.75,7432.0,7437.25,5449.0
2026-06-26 12:50:00,7437.25,7442.75,7436.5,7439.5,6186.0
2026-06-26 12:55:00,7439.75,7439.75,7436.0,7438.25,4310.0
2026-06-26 13:00:00,7438.25,7445.75,7435.0,7442.75,6920.0
2026-06-26 13:05:00,7442.75,7451.75,7442.5,7450.0,7639.0
2026-06-26 13:10:00,7449.75,7452.25,7442.75,7444.5,5541.0
2026-06-26 13:15:00,7444.5,7445.25,7436.5,7438.0,5177.0
2026-06-26 13:20:00,7437.75,7439.75,7432.75,7434.0,6303.0
2026-06-26 13:25:00,7433.75,7443.25,7431.25,7440.75,6866.0
2026-06-26 13:30:00,7440.75,7447.75,7437.5,7439.5,7852.0
2026-06-26 13:35:00,7439.5,7439.75,7433.25,7433.75,4768.0
2026-06-26 13:40:00,7433.5,7439.0,7429.25,7436.0,7449.0
2026-06-26 13:45:00,7436.0,7437.75,7431.75,7432.0,4335.0
2026-06-26 13:50:00,7432.25,7436.75,7431.25,7434.5,4926.0
2026-06-26 13:55:00,7434.25,7434.5,7427.75,7430.0,5620.0
2026-06-26 14:00:00,7430.25,7437.5,7429.5,7435.75,6391.0
2026-06-26 14:05:00,7436.0,7439.5,7433.75,7435.0,6099.0
2026-06-26 14:10:00,7434.75,7438.0,7432.0,7433.75,5217.0
2026-06-26 14:15:00,7434.0,7435.75,7425.5,7427.5,7509.0
2026-06-26 14:20:00,7427.25,7430.25,7425.5,7428.75,8236.0
2026-06-26 14:25:00,7428.5,7430.0,7420.25,7421.25,9613.0
2026-06-26 14:30:00,7421.5,7429.75,7420.75,7427.75,9214.0
2026-06-26 14:35:00,7427.5,7428.0,7420.75,7422.25,6794.0
2026-06-26 14:40:00,7422.0,7424.5,7420.5,7420.75,6158.0
2026-06-26 14:45:00,7420.75,7420.75,7410.0,7412.75,13039.0
2026-06-26 14:50:00,7413.0,7413.25,7408.75,7410.25,11995.0
2026-06-26 14:55:00,7410.25,7414.0,7405.25,7409.0,11279.0
2026-06-26 15:00:00,7408.75,7413.5,7406.75,7407.0,10545.0
2026-06-26 15:05:00,7407.25,7417.5,7406.5,7416.25,10440.0
2026-06-26 15:10:00,7416.0,7421.0,7412.75,7420.75,9554.0
2026-06-26 15:15:00,7420.5,7422.75,7417.0,7420.75,10991.0
2026-06-26 15:20:00,7420.5,7422.0,7411.0,7416.0,13424.0
2026-06-26 15:25:00,7415.75,7418.0,7414.25,7415.0,9194.0
2026-06-26 15:30:00,7415.25,7421.25,7410.5,7419.25,10760.0
2026-06-26 15:35:00,7419.5,7420.75,7415.5,7416.0,8352.0
2026-06-26 15:40:00,7416.25,7426.75,7415.75,7426.0,10437.0
2026-06-26 15:45:00,7426.0,7431.75,7420.5,7423.75,15548.0
2026-06-26 15:50:00,7423.5,7429.5,7418.5,7425.0,24642.0
2026-06-26 15:55:00,7424.75,7429.25,7369.75,7375.5,106918.0
2026-06-26 16:00:00,7379.75,7408.75,7368.5,7400.0,51812.0
2026-06-29 09:30:00,7457.0,7479.0,7444.5,7478.25,50339.0
2026-06-29 09:35:00,7478.0,7478.25,7460.25,7471.25,32794.0
2026-06-29 09:40:00,7471.5,7483.5,7464.25,7483.5,25305.0
2026-06-29 09:45:00,7483.5,7488.25,7478.5,7479.0,29156.0
2026-06-29 09:50:00,7479.25,7490.0,7474.0,7479.5,25554.0
2026-06-29 09:55:00,7479.5,7480.75,7453.75,7458.5,38572.0
2026-06-29 10:00:00,7458.5,7460.75,7448.25,7450.0,39242.0
2026-06-29 10:05:00,7450.0,7450.75,7435.25,7439.5,35052.0
2026-06-29 10:10:00,7439.5,7442.5,7415.5,7415.75,35714.0
2026-06-29 10:15:00,7415.5,7428.25,7409.0,7425.75,39515.0
2026-06-29 10:20:00,7426.0,7434.75,7421.5,7430.25,26115.0
2026-06-29 10:25:00,7430.25,7450.75,7430.0,7449.25,27913.0
2026-06-29 10:30:00,7449.5,7465.75,7448.0,7463.0,34849.0
2026-06-29 10:35:00,7462.75,7466.5,7457.75,7460.5,26491.0
2026-06-29 10:40:00,7460.75,7467.75,7457.25,7459.75,21599.0
2026-06-29 10:45:00,7459.75,7460.25,7447.75,7455.75,23830.0
2026-06-29 10:50:00,7455.5,7472.5,7455.0,7469.0,21782.0
2026-06-29 10:55:00,7468.75,7469.0,7460.5,7468.0,17160.0
2026-06-29 11:00:00,7468.0,7469.5,7461.25,7462.75,16622.0
2026-06-29 11:05:00,7462.75,7464.75,7459.25,7461.25,12444.0
2026-06-29 11:10:00,7461.25,7464.0,7454.75,7464.0,16894.0
2026-06-29 11:15:00,7464.25,7467.0,7458.5,7459.0,10012.0
2026-06-29 11:20:00,7459.0,7464.5,7453.0,7456.5,12594.0
2026-06-29 11:25:00,7456.75,7467.75,7454.75,7467.0,11054.0
2026-06-29 11:30:00,7467.0,7469.5,7464.75,7465.75,13772.0
2026-06-29 11:35:00,7465.5,7471.0,7461.5,7469.75,11187.0
2026-06-29 11:40:00,7470.0,7474.75,7466.75,7474.25,11328.0
2026-06-29 11:45:00,7474.5,7474.5,7467.5,7469.0,13360.0
2026-06-29 11:50:00,7469.0,7471.75,7467.5,7470.5,9253.0
2026-06-29 11:55:00,7470.5,7475.75,7468.0,7475.0,8964.0
2026-06-29 12:00:00,7475.25,7479.5,7474.75,7479.0,13246.0
2026-06-29 12:05:00,7479.25,7481.75,7476.5,7478.25,12251.0
2026-06-29 12:10:00,7478.5,7480.0,7474.75,7475.5,7736.0
2026-06-29 12:15:00,7475.25,7478.0,7474.75,7476.0,6349.0
2026-06-29 12:20:00,7476.25,7478.25,7474.0,7478.25,6998.0
2026-06-29 12:25:00,7478.0,7479.0,7473.0,7473.75,6193.0
2026-06-29 12:30:00,7474.0,7475.75,7470.0,7471.5,8019.0
2026-06-29 12:35:00,7471.5,7474.75,7470.25,7474.75,6900.0
2026-06-29 12:40:00,7474.5,7476.25,7473.25,7475.5,6169.0
2026-06-29 12:45:00,7475.5,7476.5,7472.0,7475.0,5355.0
2026-06-29 12:50:00,7475.25,7480.0,7474.25,7479.25,7791.0
2026-06-29 12:55:00,7479.0,7479.5,7476.5,7477.25,5131.0
2026-06-29 13:00:00,7477.25,7481.25,7477.25,7480.75,5285.0
2026-06-29 13:05:00,7480.75,7484.5,7480.5,7483.75,6036.0
2026-06-29 13:10:00,7483.5,7492.75,7483.25,7490.5,11128.0
2026-06-29 13:15:00,7490.5,7493.25,7489.25,7491.5,10261.0
2026-06-29 13:20:00,7491.5,7494.75,7485.5,7485.75,11940.0
2026-06-29 13:25:00,7485.75,7492.25,7485.0,7491.75,8195.0
2026-06-29 13:30:00,7491.75,7496.75,7490.0,7493.25,10148.0
2026-06-29 13:35:00,7493.0,7494.75,7490.0,7493.25,6164.0
2026-06-29 13:40:00,7493.25,7494.75,7492.75,7493.0,5499.0
2026-06-29 13:45:00,7493.25,7496.25,7491.25,7495.0,6027.0
2026-06-29 13:50:00,7495.25,7498.75,7494.0,7495.75,7264.0
2026-06-29 13:55:00,7495.75,7497.25,7491.75,7494.0,5988.0
2026-06-29 14:00:00,7494.0,7498.0,7492.25,7496.25,7672.0
2026-06-29 14:05:00,7496.0,7498.0,7494.5,7495.25,5417.0
2026-06-29 14:10:00,7495.0,7497.25,7494.25,7495.75,4732.0
2026-06-29 14:15:00,7495.75,7496.25,7493.5,7494.0,5368.0
2026-06-29 14:20:00,7494.0,7495.75,7491.75,7494.0,5703.0
2026-06-29 14:25:00,7494.0,7494.0,7491.25,7492.0,5121.0
2026-06-29 14:30:00,7492.25,7497.25,7491.5,7496.25,6889.0
2026-06-29 14:35:00,7496.25,7499.5,7495.25,7498.0,7103.0
2026-06-29 14:40:00,7498.0,7500.75,7496.75,7499.75,7220.0
2026-06-29 14:45:00,7500.0,7502.0,7498.75,7499.5,6909.0
2026-06-29 14:50:00,7499.5,7499.75,7496.75,7498.5,5771.0
2026-06-29 14:55:00,7498.5,7499.0,7495.5,7496.75,6158.0
2026-06-29 15:00:00,7497.0,7499.25,7494.75,7496.0,6777.0
2026-06-29 15:05:00,7495.75,7499.25,7495.0,7497.5,6967.0
2026-06-29 15:10:00,7497.5,7497.75,7494.75,7495.5,6629.0
2026-06-29 15:15:00,7495.25,7497.5,7493.0,7495.75,7373.0
2026-06-29 15:20:00,7495.75,7500.5,7495.75,7499.0,8124.0
2026-06-29 15:25:00,7499.0,7499.75,7497.75,7498.0,6652.0
2026-06-29 15:30:00,7498.0,7498.5,7493.5,7494.0,8171.0
2026-06-29 15:35:00,7494.0,7496.75,7493.75,7496.25,5911.0
2026-06-29 15:40:00,7496.25,7498.75,7493.5,7495.5,9823.0
2026-06-29 15:45:00,7495.5,7497.5,7495.0,7497.25,8300.0
2026-06-29 15:50:00,7497.25,7499.5,7491.5,7492.5,19277.0
2026-06-29 15:55:00,7492.5,7505.0,7492.0,7496.75,91794.0
2026-06-29 16:00:00,7497.0,7499.0,7491.75,7495.25,28834.0
2026-06-30 09:30:00,7500.0,7506.75,7495.75,7500.25,29261.0
2026-06-30 09:35:00,7500.25,7508.0,7498.25,7501.75,21964.0
2026-06-30 09:40:00,7501.5,7510.5,7499.25,7506.0,18999.0
2026-06-30 09:45:00,7506.0,7510.25,7503.5,7507.0,15811.0
2026-06-30 09:50:00,7507.0,7522.0,7505.75,7518.75,22602.0
2026-06-30 09:55:00,7518.75,7528.0,7518.5,7526.75,15683.0
2026-06-30 10:00:00,7526.75,7532.75,7515.5,7532.5,25227.0
2026-06-30 10:05:00,7532.5,7532.5,7521.0,7522.75,16704.0
2026-06-30 10:10:00,7523.0,7526.25,7519.0,7523.75,15962.0
2026-06-30 10:15:00,7523.5,7526.25,7520.5,7523.25,13869.0
2026-06-30 10:20:00,7523.25,7532.25,7522.0,7530.5,11924.0
2026-06-30 10:25:00,7530.5,7533.5,7527.5,7532.5,11197.0
2026-06-30 10:30:00,7532.5,7541.5,7532.0,7541.25,15828.0
2026-06-30 10:35:00,7541.25,7541.75,7531.0,7533.5,14786.0
2026-06-30 10:40:00,7533.25,7537.25,7529.0,7535.75,13452.0
2026-06-30 10:45:00,7535.5,7535.75,7523.75,7526.25,15059.0
2026-06-30 10:50:00,7526.0,7530.0,7520.25,7521.0,14847.0
2026-06-30 10:55:00,7521.0,7524.5,7516.75,7520.5,17876.0
2026-06-30 11:00:00,7520.5,7530.75,7520.0,7529.25,15666.0
2026-06-30 11:05:00,7529.25,7532.75,7525.5,7531.75,10197.0
2026-06-30 11:10:00,7532.0,7536.75,7530.75,7535.75,9897.0
2026-06-30 11:15:00,7535.5,7536.25,7531.0,7533.0,9717.0
2026-06-30 11:20:00,7533.0,7540.0,7533.0,7539.25,10408.0
2026-06-30 11:25:00,7539.25,7541.5,7537.75,7540.5,10412.0
2026-06-30 11:30:00,7540.5,7542.5,7538.25,7542.25,10327.0
2026-06-30 11:35:00,7542.25,7542.75,7536.25,7537.0,9555.0
2026-06-30 11:40:00,7537.0,7540.25,7535.5,7537.75,6832.0
2026-06-30 11:45:00,7537.75,7544.5,7537.75,7541.5,8605.0
2026-06-30 11:50:00,7541.5,7545.0,7540.0,7544.0,8919.0
2026-06-30 11:55:00,7544.0,7547.75,7543.25,7545.75,10230.0
2026-06-30 12:00:00,7545.5,7549.5,7545.25,7548.0,8298.0
2026-06-30 12:05:00,7548.25,7552.25,7547.75,7548.5,8809.0
2026-06-30 12:10:00,7548.5,7551.0,7548.0,7550.5,6424.0
2026-06-30 12:15:00,7550.5,7555.25,7549.5,7551.75,8601.0
2026-06-30 12:20:00,7551.75,7553.0,7550.0,7552.0,5707.0
2026-06-30 12:25:00,7552.0,7552.0,7550.0,7550.5,5245.0
2026-06-30 12:30:00,7550.75,7551.75,7548.75,7549.75,6639.0
2026-06-30 12:35:00,7549.75,7552.0,7548.75,7551.75,4579.0
2026-06-30 12:40:00,7552.0,7553.75,7551.0,7553.0,5034.0
2026-06-30 12:45:00,7553.25,7555.75,7552.25,7555.25,7082.0
2026-06-30 12:50:00,7555.5,7558.25,7554.0,7557.25,8716.0
2026-06-30 12:55:00,7557.0,7557.75,7554.25,7555.75,6275.0
2026-06-30 13:00:00,7555.75,7559.25,7555.5,7557.5,7268.0
2026-06-30 13:05:00,7557.75,7558.5,7556.0,7556.5,5368.0
2026-06-30 13:10:00,7556.75,7557.0,7553.25,7553.75,5555.0
2026-06-30 13:15:00,7553.5,7555.0,7552.5,7554.0,5311.0
2026-06-30 13:20:00,7554.0,7556.25,7553.0,7554.25,5272.0
2026-06-30 13:25:00,7554.25,7554.75,7550.75,7552.25,6722.0
2026-06-30 13:30:00,7552.5,7554.0,7550.25,7553.25,5472.0
2026-06-30 13:35:00,7553.0,7553.5,7548.5,7549.25,5514.0
2026-06-30 13:40:00,7549.25,7553.5,7549.0,7553.5,4948.0
2026-06-30 13:45:00,7553.5,7554.0,7550.5,7551.25,5072.0
2026-06-30 13:50:00,7551.0,7553.5,7550.25,7551.75,4400.0
2026-06-30 13:55:00,7552.0,7553.0,7551.25,7552.0,3240.0
2026-06-30 14:00:00,7552.25,7556.0,7551.0,7554.0,7105.0
2026-06-30 14:05:00,7554.25,7555.25,7550.5,7554.0,6388.0
2026-06-30 14:10:00,7553.75,7555.75,7553.25,7555.0,4235.0
2026-06-30 14:15:00,7555.25,7557.25,7554.25,7556.75,5168.0
2026-06-30 14:20:00,7557.0,7558.25,7556.0,7556.0,5332.0
2026-06-30 14:25:00,7556.25,7556.5,7554.5,7555.25,5504.0
2026-06-30 14:30:00,7555.5,7556.0,7553.25,7554.25,4935.0
2026-06-30 14:35:00,7554.25,7556.0,7554.0,7554.75,3887.0
2026-06-30 14:40:00,7554.75,7558.25,7554.75,7557.25,5183.0
2026-06-30 14:45:00,7557.0,7561.0,7555.75,7560.75,7484.0
2026-06-30 14:50:00,7560.75,7561.75,7557.25,7558.5,7062.0
2026-06-30 14:55:00,7558.75,7560.75,7558.25,7558.75,5618.0
2026-06-30 15:00:00,7558.75,7561.25,7558.25,7559.5,6141.0
2026-06-30 15:05:00,7559.75,7563.25,7558.5,7562.25,7437.0
2026-06-30 15:10:00,7562.25,7565.0,7560.5,7564.5,7496.0
2026-06-30 15:15:00,7564.5,7567.75,7563.25,7563.5,10263.0
2026-06-30 15:20:00,7563.75,7565.25,7562.0,7563.5,8805.0
2026-06-30 15:25:00,7563.25,7564.0,7560.25,7561.5,8834.0
2026-06-30 15:30:00,7561.5,7562.0,7558.5,7558.75,10802.0
2026-06-30 15:35:00,7558.5,7559.0,7554.25,7556.25,13470.0
2026-06-30 15:40:00,7556.0,7558.25,7554.75,7558.0,11141.0
2026-06-30 15:45:00,7558.0,7560.25,7554.75,7555.5,13583.0
2026-06-30 15:50:00,7555.25,7561.0,7553.25,7560.25,25789.0
2026-06-30 15:55:00,7560.25,7564.0,7544.5,7545.0,184004.0
2026-06-30 16:00:00,7544.75,7552.5,7540.75,7551.5,43717.0
2026-07-01 09:30:00,7532.0,7534.0,7507.5,7508.75,52387.0
2026-07-01 09:35:00,7508.75,7516.75,7505.75,7513.5,38225.0
2026-07-01 09:40:00,7513.5,7520.0,7510.0,7515.0,29088.0
2026-07-01 09:45:00,7515.0,7524.0,7511.25,7519.75,24878.0
2026-07-01 09:50:00,7520.0,7532.5,7519.25,7530.75,20407.0
2026-07-01 09:55:00,7530.5,7536.75,7528.0,7536.25,16434.0
2026-07-01 10:00:00,7536.75,7539.5,7533.0,7537.5,19409.0
2026-07-01 10:05:00,7537.25,7546.5,7536.75,7544.5,17275.0
2026-07-01 10:10:00,7544.25,7552.25,7543.5,7549.75,20392.0
2026-07-01 10:15:00,7549.75,7552.0,7546.75,7550.75,16151.0
2026-07-01 10:20:00,7550.75,7553.5,7549.75,7551.5,13386.0
2026-07-01 10:25:00,7551.5,7553.75,7550.25,7551.75,11363.0
2026-07-01 10:30:00,7551.75,7552.5,7543.25,7546.5,17858.0
2026-07-01 10:35:00,7546.5,7552.75,7543.25,7552.5,12457.0
2026-07-01 10:40:00,7552.5,7554.5,7548.0,7549.75,11566.0
2026-07-01 10:45:00,7549.75,7550.25,7540.25,7548.0,17745.0
2026-07-01 10:50:00,7548.0,7554.0,7547.25,7552.25,12194.0
2026-07-01 10:55:00,7552.25,7553.5,7547.0,7553.5,11791.0
2026-07-01 11:00:00,7553.5,7563.0,7552.5,7561.5,16992.0
2026-07-01 11:05:00,7561.25,7564.75,7557.75,7560.25,17455.0
2026-07-01 11:10:00,7560.5,7564.5,7558.5,7564.5,9151.0
2026-07-01 11:15:00,7564.25,7570.5,7564.0,7568.75,13802.0
2026-07-01 11:20:00,7568.75,7574.75,7568.5,7573.0,15717.0
2026-07-01 11:25:00,7573.0,7578.0,7572.0,7577.5,13896.0
2026-07-01 11:30:00,7577.5,7578.5,7570.5,7570.75,15150.0
2026-07-01 11:35:00,7570.75,7573.0,7567.5,7570.75,11691.0
2026-07-01 11:40:00,7570.75,7573.5,7569.25,7572.75,7732.0
2026-07-01 11:45:00,7572.5,7573.75,7568.25,7569.0,8769.0
2026-07-01 11:50:00,7569.0,7573.0,7568.0,7569.75,8346.0
2026-07-01 11:55:00,7569.5,7573.25,7568.25,7572.5,7015.0
2026-07-01 12:00:00,7572.5,7576.0,7571.5,7572.5,9462.0
2026-07-01 12:05:00,7572.75,7575.5,7571.0,7573.25,7478.0
2026-07-01 12:10:00,7573.5,7576.0,7571.75,7575.75,6670.0
2026-07-01 12:15:00,7575.5,7576.5,7573.0,7575.75,7618.0
2026-07-01 12:20:00,7575.5,7579.0,7574.25,7577.25,8113.0
2026-07-01 12:25:00,7577.0,7578.25,7574.0,7574.5,6557.0
2026-07-01 12:30:00,7574.5,7576.75,7574.0,7575.0,5514.0
2026-07-01 12:35:00,7575.0,7575.0,7569.75,7570.0,6426.0
2026-07-01 12:40:00,7570.0,7571.5,7567.25,7570.5,9448.0
2026-07-01 12:45:00,7570.5,7572.75,7567.5,7567.5,6751.0
2026-07-01 12:50:00,7567.5,7569.75,7563.25,7565.0,10701.0
2026-07-01 12:55:00,7565.0,7565.75,7557.5,7559.75,10173.0
2026-07-01 13:00:00,7559.75,7563.75,7558.25,7559.5,10962.0
2026-07-01 13:05:00,7559.5,7560.0,7554.75,7559.5,11255.0
2026-07-01 13:10:00,7559.25,7563.25,7557.0,7562.5,8226.0
2026-07-01 13:15:00,7562.75,7565.5,7561.75,7565.25,6507.0
2026-07-01 13:20:00,7565.25,7567.25,7564.75,7566.5,5897.0
2026-07-01 13:25:00,7566.5,7568.5,7563.5,7564.0,6131.0
2026-07-01 13:30:00,7564.0,7566.25,7561.25,7562.75,6045.0
2026-07-01 13:35:00,7562.75,7565.25,7561.0,7564.0,5162.0
2026-07-01 13:40:00,7564.0,7564.75,7559.25,7559.25,4844.0
2026-07-01 13:45:00,7559.5,7561.25,7557.5,7558.75,5327.0
2026-07-01 13:50:00,7559.0,7562.0,7557.0,7560.5,5313.0
2026-07-01 13:55:00,7560.75,7560.75,7556.25,7556.75,5936.0
2026-07-01 14:00:00,7556.75,7561.5,7556.0,7561.25,7341.0
2026-07-01 14:05:00,7561.25,7561.5,7557.25,7559.5,5196.0
2026-07-01 14:10:00,7559.5,7559.75,7555.5,7555.5,6349.0
2026-07-01 14:15:00,7555.5,7557.25,7551.5,7556.75,9583.0
2026-07-01 14:20:00,7556.75,7559.5,7555.5,7559.0,5830.0
2026-07-01 14:25:00,7559.0,7560.25,7556.0,7556.0,3984.0
2026-07-01 14:30:00,7556.0,7557.5,7554.75,7556.75,5015.0
2026-07-01 14:35:00,7556.75,7558.5,7555.5,7557.25,4550.0
2026-07-01 14:40:00,7557.25,7558.0,7555.25,7556.5,4746.0
2026-07-01 14:45:00,7556.5,7557.0,7551.25,7554.25,8290.0
2026-07-01 14:50:00,7554.0,7554.75,7549.25,7549.5,9781.0
2026-07-01 14:55:00,7549.5,7554.0,7549.25,7553.5,7356.0
2026-07-01 15:00:00,7553.5,7558.0,7552.75,7557.75,9012.0
2026-07-01 15:05:00,7557.5,7561.75,7557.25,7561.0,8535.0
2026-07-01 15:10:00,7561.0,7561.25,7557.25,7558.5,7646.0
2026-07-01 15:15:00,7558.25,7560.75,7557.75,7559.0,6825.0
2026-07-01 15:20:00,7559.0,7560.0,7557.5,7559.5,6213.0
2026-07-01 15:25:00,7559.75,7559.75,7553.5,7553.75,10260.0
2026-07-01 15:30:00,7553.75,7557.5,7553.75,7555.5,8785.0
2026-07-01 15:35:00,7555.5,7555.75,7551.5,7552.5,9060.0
2026-07-01 15:40:00,7552.5,7553.0,7548.5,7550.5,13564.0
2026-07-01 15:45:00,7550.5,7550.75,7547.0,7549.25,9415.0
2026-07-01 15:50:00,7549.25,7552.5,7543.0,7546.75,20815.0
2026-07-01 15:55:00,7546.75,7547.5,7536.5,7541.75,92764.0
2026-07-01 16:00:00,7542.0,7543.0,7529.0,7532.0,28284.0
2026-07-02 09:30:00,7555.0,7568.0,7551.5,7566.0,40144.0
2026-07-02 09:35:00,7566.0,7573.0,7560.5,7568.75,28139.0
2026-07-02 09:40:00,7568.75,7583.5,7566.75,7578.5,31627.0
2026-07-02 09:45:00,7578.5,7588.5,7576.0,7585.25,23551.0
2026-07-02 09:50:00,7585.25,7593.75,7582.75,7585.75,24625.0
2026-07-02 09:55:00,7586.0,7588.75,7581.5,7588.75,15516.0
2026-07-02 10:00:00,7588.75,7592.0,7585.25,7588.75,17375.0
2026-07-02 10:05:00,7589.0,7591.0,7582.5,7583.75,17285.0
2026-07-02 10:10:00,7583.75,7593.5,7577.5,7591.0,20703.0
2026-07-02 10:15:00,7591.0,7593.0,7582.25,7587.75,21087.0
2026-07-02 10:20:00,7587.5,7588.75,7575.75,7577.25,25445.0
2026-07-02 10:25:00,7577.25,7579.0,7556.5,7559.75,36832.0
2026-07-02 10:30:00,7559.75,7574.25,7555.75,7563.5,32211.0
2026-07-02 10:35:00,7563.25,7572.0,7558.5,7565.25,24876.0
2026-07-02 10:40:00,7565.25,7567.25,7543.75,7549.25,36566.0
2026-07-02 10:45:00,7549.25,7557.75,7543.5,7553.25,31731.0
2026-07-02 10:50:00,7553.25,7557.75,7540.25,7545.25,27147.0
2026-07-02 10:55:00,7545.0,7557.5,7544.5,7557.25,21162.0
2026-07-02 11:00:00,7557.25,7559.0,7541.0,7541.25,21986.0
2026-07-02 11:05:00,7541.5,7544.25,7522.5,7534.25,35896.0
2026-07-02 11:10:00,7534.5,7546.25,7530.75,7541.25,23049.0
2026-07-02 11:15:00,7541.25,7544.5,7524.75,7527.0,24739.0
2026-07-02 11:20:00,7527.0,7540.0,7524.0,7539.75,26445.0
2026-07-02 11:25:00,7540.0,7541.0,7529.0,7529.25,22237.0
2026-07-02 11:30:00,7529.0,7543.0,7528.0,7541.0,18831.0
2026-07-02 11:35:00,7541.25,7547.5,7539.75,7542.5,17033.0
2026-07-02 11:40:00,7542.75,7546.0,7533.25,7533.5,15741.0
2026-07-02 11:45:00,7533.25,7537.75,7527.75,7529.0,14494.0
2026-07-02 11:50:00,7529.0,7529.25,7520.75,7526.5,17161.0
2026-07-02 11:55:00,7526.5,7530.0,7521.0,7526.75,14881.0
2026-07-02 12:00:00,7527.0,7529.5,7517.0,7523.75,16200.0
2026-07-02 12:05:00,7523.5,7526.5,7518.25,7519.75,11034.0
2026-07-02 12:10:00,7519.75,7527.0,7518.5,7525.0,12246.0
2026-07-02 12:15:00,7525.25,7526.5,7519.5,7520.5,10198.0
2026-07-02 12:20:00,7520.5,7521.0,7513.75,7514.5,13687.0
2026-07-02 12:25:00,7514.75,7520.5,7514.5,7515.75,13921.0
2026-07-02 12:30:00,7515.75,7516.0,7508.75,7508.75,14878.0
2026-07-02 12:35:00,7508.75,7511.75,7501.25,7506.75,19147.0
2026-07-02 12:40:00,7506.75,7513.75,7506.0,7512.25,16782.0
2026-07-02 12:45:00,7512.25,7512.75,7507.5,7509.75,11555.0
2026-07-02 12:50:00,7509.75,7513.5,7505.75,7509.0,11508.0
2026-07-02 12:55:00,7509.25,7509.25,7498.0,7501.5,13488.0
2026-07-02 13:00:00,7501.5,7503.0,7485.0,7488.25,20700.0
2026-07-02 13:05:00,7488.25,7499.5,7483.25,7495.0,20105.0
2026-07-02 13:10:00,7495.0,7499.25,7492.25,7497.5,9908.0
2026-07-02 13:15:00,7497.25,7501.75,7493.5,7494.5,11599.0
2026-07-02 13:20:00,7494.5,7499.0,7492.5,7493.25,9252.0
2026-07-02 13:25:00,7493.25,7496.25,7491.25,7495.0,6904.0
2026-07-02 13:30:00,7495.0,7500.75,7493.5,7493.75,11056.0
2026-07-02 13:35:00,7493.75,7495.5,7485.75,7487.0,11030.0
2026-07-02 13:40:00,7487.0,7491.75,7483.5,7490.75,11543.0
2026-07-02 13:45:00,7490.75,7491.0,7481.5,7485.75,10564.0
2026-07-02 13:50:00,7485.75,7490.5,7483.0,7489.0,9512.0
2026-07-02 13:55:00,7489.25,7490.0,7479.5,7482.0,9694.0
2026-07-02 14:00:00,7482.25,7489.25,7480.0,7489.0,10702.0
2026-07-02 14:05:00,7489.0,7504.5,7488.25,7504.25,16882.0
2026-07-02 14:10:00,7504.0,7508.75,7501.0,7501.75,13315.0
2026-07-02 14:15:00,7501.75,7503.5,7493.5,7496.25,11986.0
2026-07-02 14:20:00,7496.25,7502.75,7496.25,7501.0,7917.0
2026-07-02 14:25:00,7501.0,7506.75,7499.25,7506.5,8024.0
2026-07-02 14:30:00,7506.5,7512.75,7505.75,7508.75,13571.0
2026-07-02 14:35:00,7509.0,7512.5,7508.0,7511.25,8127.0
2026-07-02 14:40:00,7511.5,7513.0,7509.5,7510.5,7135.0
2026-07-02 14:45:00,7510.25,7512.5,7505.0,7511.75,9903.0
2026-07-02 14:50:00,7511.75,7514.75,7508.25,7508.25,8939.0
2026-07-02 14:55:00,7508.25,7510.25,7505.25,7509.0,8671.0
2026-07-02 15:00:00,7509.25,7510.75,7494.25,7495.75,14053.0
2026-07-02 15:05:00,7495.5,7500.25,7491.75,7497.5,15819.0
2026-07-02 15:10:00,7497.75,7501.75,7494.25,7499.5,9815.0
2026-07-02 15:15:00,7499.75,7501.0,7494.25,7496.75,7683.0
2026-07-02 15:20:00,7496.75,7497.75,7494.25,7495.0,7549.0
2026-07-02 15:25:00,7494.75,7505.5,7493.5,7502.5,12126.0
2026-07-02 15:30:00,7502.5,7508.0,7500.5,7507.75,10380.0
2026-07-02 15:35:00,7507.75,7510.75,7504.75,7510.25,10507.0
2026-07-02 15:40:00,7510.25,7513.0,7507.0,7511.75,8909.0
2026-07-02 15:45:00,7511.75,7513.0,7508.75,7512.0,12432.0
2026-07-02 15:50:00,7512.0,7523.5,7512.0,7523.25,29011.0
2026-07-02 15:55:00,7523.0,7534.0,7520.75,7526.5,88510.0
2026-07-02 16:00:00,7526.5,7527.25,7520.5,7520.75,32592.0
2026-07-06 09:30:00,7564.75,7573.0,7559.25,7570.25,35449.0
2026-07-06 09:35:00,7570.0,7570.0,7552.5,7561.5,22470.0
2026-07-06 09:40:00,7561.5,7565.75,7555.5,7565.0,16345.0
2026-07-06 09:45:00,7565.0,7569.75,7561.5,7568.0,16207.0
2026-07-06 09:50:00,7567.75,7574.0,7560.75,7567.25,18499.0
2026-07-06 09:55:00,7567.25,7568.25,7561.75,7564.0,11927.0
2026-07-06 10:00:00,7564.25,7568.75,7558.5,7562.5,14635.0
2026-07-06 10:05:00,7562.25,7569.25,7559.0,7566.75,12974.0
2026-07-06 10:10:00,7567.0,7573.5,7564.75,7573.0,12785.0
2026-07-06 10:15:00,7572.75,7573.75,7568.5,7570.75,13752.0
2026-07-06 10:20:00,7570.75,7577.75,7569.25,7575.75,15939.0
2026-07-06 10:25:00,7575.5,7579.0,7574.75,7578.75,14235.0
2026-07-06 10:30:00,7578.5,7581.0,7575.5,7576.0,14096.0
2026-07-06 10:35:00,7576.25,7577.75,7573.5,7576.0,10405.0
2026-07-06 10:40:00,7575.75,7577.0,7570.0,7576.0,13749.0
2026-07-06 10:45:00,7575.75,7577.75,7574.0,7576.5,7859.0
2026-07-06 10:50:00,7576.5,7580.0,7575.0,7578.25,8883.0
2026-07-06 10:55:00,7578.0,7582.25,7576.25,7582.0,10339.0
2026-07-06 11:00:00,7582.25,7583.5,7579.0,7581.0,12571.0
2026-07-06 11:05:00,7581.0,7582.5,7579.25,7582.25,8224.0
2026-07-06 11:10:00,7582.25,7583.5,7577.5,7580.5,10546.0
2026-07-06 11:15:00,7580.75,7580.75,7575.25,7579.25,9989.0
2026-07-06 11:20:00,7579.25,7582.75,7576.5,7582.25,8278.0
2026-07-06 11:25:00,7582.25,7587.25,7581.5,7587.0,12015.0
2026-07-06 11:30:00,7587.0,7589.0,7585.25,7585.5,12673.0
2026-07-06 11:35:00,7585.5,7586.25,7582.75,7585.5,7159.0
2026-07-06 11:40:00,7585.5,7587.5,7584.75,7587.5,6257.0
2026-07-06 11:45:00,7587.5,7588.75,7585.75,7588.0,5374.0
2026-07-06 11:50:00,7588.0,7589.0,7585.25,7585.5,6134.0
2026-07-06 11:55:00,7585.5,7588.75,7585.5,7587.5,5506.0
2026-07-06 12:00:00,7587.5,7588.0,7585.5,7587.0,4739.0
2026-07-06 12:05:00,7587.0,7589.5,7586.25,7588.25,5221.0
2026-07-06 12:10:00,7588.5,7590.25,7587.5,7588.75,5679.0
2026-07-06 12:15:00,7588.75,7589.75,7587.5,7589.25,4143.0
2026-07-06 12:20:00,7589.25,7590.5,7587.5,7588.25,4999.0
2026-07-06 12:25:00,7588.0,7588.5,7584.75,7585.5,5591.0
2026-07-06 12:30:00,7585.75,7586.75,7583.75,7585.5,5313.0
2026-07-06 12:35:00,7585.5,7585.75,7583.0,7585.25,4050.0
2026-07-06 12:40:00,7585.25,7586.75,7584.75,7586.5,3768.0
2026-07-06 12:45:00,7586.25,7589.75,7584.75,7589.25,5388.0
2026-07-06 12:50:00,7589.5,7590.25,7585.25,7585.25,5209.0
2026-07-06 12:55:00,7585.5,7586.5,7582.75,7583.75,6105.0
2026-07-06 13:00:00,7583.75,7589.0,7583.25,7587.75,7050.0
2026-07-06 13:05:00,7588.0,7594.75,7588.0,7593.0,11246.0
2026-07-06 13:10:00,7593.0,7594.25,7591.25,7592.75,6201.0
2026-07-06 13:15:00,7592.75,7593.75,7589.0,7590.0,5059.0
2026-07-06 13:20:00,7590.0,7590.5,7587.25,7589.0,5856.0
2026-07-06 13:25:00,7589.0,7590.25,7585.25,7586.0,5487.0
2026-07-06 13:30:00,7586.0,7586.75,7580.75,7582.25,9791.0
2026-07-06 13:35:00,7582.25,7584.25,7580.75,7582.25,7897.0
2026-07-06 13:40:00,7582.25,7582.25,7575.25,7579.5,12694.0
2026-07-06 13:45:00,7579.5,7583.0,7577.25,7582.0,7825.0
2026-07-06 13:50:00,7582.0,7584.25,7579.25,7579.5,6489.0
2026-07-06 13:55:00,7579.5,7580.5,7578.0,7580.0,6561.0
2026-07-06 14:00:00,7580.0,7586.5,7580.0,7585.75,8996.0
2026-07-06 14:05:00,7585.75,7590.0,7585.0,7588.5,7378.0
2026-07-06 14:10:00,7588.5,7589.5,7587.0,7589.0,4353.0
2026-07-06 14:15:00,7589.0,7594.25,7589.0,7592.25,9034.0
2026-07-06 14:20:00,7592.5,7593.75,7591.0,7593.5,4670.0
2026-07-06 14:25:00,7593.5,7595.0,7591.5,7592.0,7245.0
2026-07-06 14:30:00,7592.0,7594.0,7589.75,7590.0,6330.0
2026-07-06 14:35:00,7590.0,7591.75,7588.75,7589.5,4498.0
2026-07-06 14:40:00,7589.5,7592.5,7589.5,7591.25,4593.0
2026-07-06 14:45:00,7591.25,7595.5,7590.75,7595.0,7405.0
2026-07-06 14:50:00,7595.0,7597.0,7594.25,7597.0,6298.0
2026-07-06 14:55:00,7597.0,7599.0,7595.5,7598.25,7105.0
2026-07-06 15:00:00,7598.25,7600.0,7595.25,7597.0,8992.0
2026-07-06 15:05:00,7597.25,7598.25,7595.0,7596.0,6729.0
2026-07-06 15:10:00,7595.75,7597.75,7595.0,7596.25,5409.0
2026-07-06 15:15:00,7596.25,7599.75,7595.0,7599.25,7209.0
2026-07-06 15:20:00,7599.25,7602.5,7598.0,7601.25,8032.0
2026-07-06 15:25:00,7601.0,7601.75,7599.25,7600.75,6452.0
2026-07-06 15:30:00,7600.75,7601.0,7597.5,7598.5,9187.0
2026-07-06 15:35:00,7598.5,7599.75,7595.5,7598.0,8548.0
2026-07-06 15:40:00,7597.75,7598.75,7596.0,7598.5,6785.0
2026-07-06 15:45:00,7598.5,7600.5,7597.25,7597.5,8910.0
2026-07-06 15:50:00,7597.75,7598.5,7591.0,7591.25,23626.0
2026-07-06 15:55:00,7591.25,7593.75,7587.75,7593.5,76569.0
2026-07-06 16:00:00,7593.5,7595.5,7591.25,7593.0,19837.0
2026-07-07 09:30:00,7580.75,7587.5,7571.75,7572.5,33389.0
2026-07-07 09:35:00,7572.75,7577.5,7569.75,7572.75,22551.0
2026-07-07 09:40:00,7572.75,7580.5,7569.0,7580.0,19089.0
2026-07-07 09:45:00,7580.0,7580.75,7573.25,7574.75,16533.0
2026-07-07 09:50:00,7574.5,7577.25,7565.25,7567.25,17061.0
2026-07-07 09:55:00,7567.25,7568.75,7560.5,7566.25,19554.0
2026-07-07 10:00:00,7566.25,7570.0,7560.0,7563.5,22936.0
2026-07-07 10:05:00,7563.5,7567.75,7559.0,7560.75,18940.0
2026-07-07 10:10:00,7560.5,7560.75,7547.5,7548.0,25012.0
2026-07-07 10:15:00,7548.0,7553.0,7542.5,7552.75,26341.0
2026-07-07 10:20:00,7552.75,7555.25,7543.75,7544.0,19750.0
2026-07-07 10:25:00,7544.25,7545.0,7538.5,7544.5,24174.0
2026-07-07 10:30:00,7544.5,7547.75,7540.25,7541.0,17480.0
2026-07-07 10:35:00,7541.0,7543.0,7536.0,7536.0,17188.0
2026-07-07 10:40:00,7536.25,7539.0,7529.5,7535.0,20239.0
2026-07-07 10:45:00,7535.0,7542.25,7534.0,7539.25,16713.0
2026-07-07 10:50:00,7539.5,7545.0,7537.25,7543.5,13957.0
2026-07-07 10:55:00,7543.5,7546.5,7541.5,7542.25,11152.0
2026-07-07 11:00:00,7542.0,7543.25,7536.5,7541.0,12971.0
2026-07-07 11:05:00,7541.0,7544.25,7538.75,7543.25,8740.0
2026-07-07 11:10:00,7543.25,7544.5,7537.75,7538.0,8937.0
2026-07-07 11:15:00,7537.75,7538.25,7534.5,7536.75,10074.0
2026-07-07 11:20:00,7536.75,7540.5,7535.0,7536.0,9939.0
2026-07-07 11:25:00,7536.25,7541.0,7534.75,7540.5,9067.0
2026-07-07 11:30:00,7540.75,7541.5,7536.25,7536.25,8239.0
2026-07-07 11:35:00,7536.25,7539.5,7533.5,7533.75,8671.0
2026-07-07 11:40:00,7533.75,7541.5,7531.25,7541.25,11976.0
2026-07-07 11:45:00,7541.25,7549.25,7541.0,7543.5,16897.0
2026-07-07 11:50:00,7543.25,7550.25,7543.25,7547.25,8203.0
2026-07-07 11:55:00,7547.5,7551.25,7545.0,7551.0,7349.0
2026-07-07 12:00:00,7551.0,7555.5,7549.75,7554.0,13055.0
2026-07-07 12:05:00,7554.0,7558.25,7549.75,7552.25,12113.0
2026-07-07 12:10:00,7552.25,7559.0,7552.25,7557.75,10440.0
2026-07-07 12:15:00,7558.0,7559.5,7555.75,7558.0,10365.0
2026-07-07 12:20:00,7557.75,7566.0,7557.75,7562.75,17384.0
2026-07-07 12:25:00,7563.0,7567.25,7562.25,7565.0,10679.0
2026-07-07 12:30:00,7565.25,7567.5,7561.75,7563.25,11912.0
2026-07-07 12:35:00,7563.25,7566.0,7559.75,7565.5,8521.0
2026-07-07 12:40:00,7565.5,7567.0,7563.0,7566.0,5778.0
2026-07-07 12:45:00,7566.25,7568.75,7566.0,7568.0,7135.0
2026-07-07 12:50:00,7568.0,7568.75,7565.0,7565.5,5908.0
2026-07-07 12:55:00,7565.5,7567.5,7562.75,7567.5,6385.0
2026-07-07 13:00:00,7567.25,7569.25,7566.25,7569.25,6207.0
2026-07-07 13:05:00,7569.25,7571.25,7568.25,7569.25,7161.0
2026-07-07 13:10:00,7569.0,7569.25,7565.0,7565.75,5572.0
2026-07-07 13:15:00,7565.75,7566.0,7561.75,7564.0,7378.0
2026-07-07 13:20:00,7563.75,7569.25,7563.0,7567.75,6358.0
2026-07-07 13:25:00,7567.5,7568.5,7565.75,7566.25,4909.0
2026-07-07 13:30:00,7566.25,7569.5,7566.0,7568.0,5968.0
2026-07-07 13:35:00,7568.0,7569.75,7565.75,7568.75,4736.0
2026-07-07 13:40:00,7568.5,7570.25,7566.75,7568.75,4461.0
2026-07-07 13:45:00,7568.75,7569.0,7565.0,7566.25,5509.0
2026-07-07 13:50:00,7566.25,7568.0,7564.0,7565.5,4257.0
2026-07-07 13:55:00,7565.5,7569.25,7564.75,7569.25,4019.0
2026-07-07 14:00:00,7569.25,7570.25,7566.25,7568.5,5298.0
2026-07-07 14:05:00,7568.5,7569.5,7565.5,7566.75,4031.0
2026-07-07 14:10:00,7567.0,7569.25,7566.5,7567.25,4463.0
2026-07-07 14:15:00,7567.25,7569.0,7566.0,7567.75,5522.0
2026-07-07 14:20:00,7567.75,7570.5,7566.75,7569.0,5946.0
2026-07-07 14:25:00,7569.0,7570.25,7566.25,7567.5,5623.0
2026-07-07 14:30:00,7567.25,7568.25,7563.0,7564.5,7841.0
2026-07-07 14:35:00,7564.25,7567.75,7562.75,7566.75,5679.0
2026-07-07 14:40:00,7566.75,7567.0,7561.5,7564.75,6798.0
2026-07-07 14:45:00,7564.75,7566.0,7554.0,7559.25,13108.0
2026-07-07 14:50:00,7559.25,7560.0,7552.25,7555.25,16254.0
2026-07-07 14:55:00,7555.25,7556.75,7551.5,7552.5,10404.0
2026-07-07 15:00:00,7552.5,7554.5,7545.5,7549.25,18815.0
2026-07-07 15:05:00,7549.5,7552.75,7543.75,7544.75,12572.0
2026-07-07 15:10:00,7544.5,7547.25,7542.25,7545.0,12075.0
2026-07-07 15:15:00,7544.75,7545.75,7537.0,7543.75,16459.0
2026-07-07 15:20:00,7543.5,7547.75,7541.25,7547.75,11993.0
2026-07-07 15:25:00,7547.5,7548.25,7542.5,7544.25,10072.0
2026-07-07 15:30:00,7544.0,7550.0,7543.75,7548.75,14532.0
2026-07-07 15:35:00,7549.0,7549.0,7543.75,7544.75,9135.0
2026-07-07 15:40:00,7545.0,7545.25,7541.25,7542.75,9241.0
2026-07-07 15:45:00,7543.0,7548.25,7542.5,7547.5,13813.0
2026-07-07 15:50:00,7547.5,7555.0,7547.5,7554.75,17427.0
2026-07-07 15:55:00,7554.75,7556.75,7548.0,7553.25,65730.0
2026-07-07 16:00:00,7553.0,7554.0,7549.25,7553.0,19337.0
2026-07-08 09:30:00,7507.0,7516.75,7501.75,7512.25,29809.0
2026-07-08 09:35:00,7512.25,7517.25,7505.75,7515.0,24152.0
2026-07-08 09:40:00,7515.25,7523.25,7513.25,7518.75,22222.0
2026-07-08 09:45:00,7518.75,7524.75,7511.5,7511.75,18616.0
2026-07-08 09:50:00,7511.75,7520.0,7508.75,7511.75,17218.0
2026-07-08 09:55:00,7511.75,7521.5,7507.25,7515.75,18327.0
2026-07-08 10:00:00,7515.75,7520.25,7511.0,7513.25,15471.0
2026-07-08 10:05:00,7513.25,7522.5,7513.0,7517.75,16443.0
2026-07-08 10:10:00,7517.75,7519.75,7505.75,7507.75,15424.0
2026-07-08 10:15:00,7507.5,7511.25,7501.75,7507.25,19712.0
2026-07-08 10:20:00,7507.0,7520.75,7505.0,7513.0,19636.0
2026-07-08 10:25:00,7513.0,7519.75,7502.75,7506.0,19872.0
2026-07-08 10:30:00,7506.0,7512.0,7502.0,7508.0,18343.0
2026-07-08 10:35:00,7508.0,7508.25,7497.25,7498.0,18099.0
2026-07-08 10:40:00,7498.0,7503.0,7494.75,7499.25,16743.0
2026-07-08 10:45:00,7499.5,7499.75,7488.0,7488.25,16411.0
2026-07-08 10:50:00,7488.0,7503.25,7484.0,7496.25,23404.0
2026-07-08 10:55:00,7496.0,7502.0,7490.25,7493.25,13822.0
2026-07-08 11:00:00,7493.5,7495.25,7489.0,7490.25,11828.0
2026-07-08 11:05:00,7490.25,7494.5,7489.0,7489.75,10422.0
2026-07-08 11:10:00,7489.75,7493.5,7484.5,7485.75,12295.0
2026-07-08 11:15:00,7486.0,7490.25,7478.5,7488.0,19103.0
2026-07-08 11:20:00,7487.75,7490.75,7475.0,7476.25,17746.0
2026-07-08 11:25:00,7476.25,7478.0,7470.0,7474.25,20603.0
2026-07-08 11:30:00,7474.25,7482.5,7469.5,7482.0,20152.0
2026-07-08 11:35:00,7481.75,7487.5,7478.75,7480.75,17155.0
2026-07-08 11:40:00,7480.75,7486.75,7480.5,7482.0,13495.0
2026-07-08 11:45:00,7482.25,7485.0,7477.5,7479.75,11291.0
2026-07-08 11:50:00,7479.75,7480.75,7475.0,7479.5,10175.0
2026-07-08 11:55:00,7479.5,7482.75,7476.5,7481.0,12036.0
2026-07-08 12:00:00,7481.0,7487.25,7480.75,7487.0,15010.0
2026-07-08 12:05:00,7487.0,7492.25,7485.75,7491.25,13424.0
2026-07-08 12:10:00,7491.5,7498.5,7491.25,7497.5,11586.0
2026-07-08 12:15:00,7497.75,7502.0,7494.5,7501.0,11665.0
2026-07-08 12:20:00,7501.0,7507.75,7500.75,7502.25,15328.0
2026-07-08 12:25:00,7502.5,7510.0,7501.75,7506.0,11114.0
2026-07-08 12:30:00,7506.0,7513.5,7505.0,7505.5,14993.0
2026-07-08 12:35:00,7505.5,7510.5,7499.5,7507.25,18392.0
2026-07-08 12:40:00,7507.25,7517.5,7503.5,7514.5,21200.0
2026-07-08 12:45:00,7514.5,7518.25,7510.75,7517.75,11180.0
2026-07-08 12:50:00,7518.0,7521.75,7516.0,7519.5,14406.0
2026-07-08 12:55:00,7519.5,7522.75,7517.5,7522.0,9010.0
2026-07-08 13:00:00,7522.0,7522.5,7516.5,7518.25,10045.0
2026-07-08 13:05:00,7518.25,7523.0,7517.0,7518.0,8444.0
2026-07-08 13:10:00,7518.0,7521.75,7514.5,7518.25,8362.0
2026-07-08 13:15:00,7518.0,7525.25,7518.0,7524.5,7539.0
2026-07-08 13:20:00,7524.5,7530.0,7524.0,7529.75,11690.0
2026-07-08 13:25:00,7529.75,7533.0,7527.5,7532.75,9935.0
2026-07-08 13:30:00,7532.75,7536.5,7531.25,7531.25,10014.0
2026-07-08 13:35:00,7531.0,7532.75,7527.75,7528.0,7798.0
2026-07-08 13:40:00,7528.0,7528.5,7523.5,7525.0,8330.0
2026-07-08 13:45:00,7525.0,7525.0,7517.25,7519.0,10486.0
2026-07-08 13:50:00,7519.0,7524.0,7517.75,7519.75,8466.0
2026-07-08 13:55:00,7519.5,7520.25,7514.5,7519.5,7543.0
2026-07-08 14:00:00,7519.25,7529.75,7515.5,7528.0,11562.0
2026-07-08 14:05:00,7527.75,7529.0,7523.75,7527.75,7965.0
2026-07-08 14:10:00,7527.5,7530.0,7524.25,7528.0,8796.0
2026-07-08 14:15:00,7528.0,7529.25,7522.25,7527.0,8468.0
2026-07-08 14:20:00,7526.75,7528.0,7523.5,7524.25,7591.0
2026-07-08 14:25:00,7524.25,7527.25,7521.5,7521.75,5888.0
2026-07-08 14:30:00,7521.5,7522.75,7517.75,7519.5,7625.0
2026-07-08 14:35:00,7519.25,7527.5,7518.25,7526.75,7038.0
2026-07-08 14:40:00,7526.75,7528.0,7520.5,7525.5,7185.0
2026-07-08 14:45:00,7525.5,7528.25,7522.75,7527.75,4670.0
2026-07-08 14:50:00,7527.75,7530.5,7525.5,7526.5,7053.0
2026-07-08 14:55:00,7526.75,7528.5,7523.0,7528.25,6674.0
2026-07-08 15:00:00,7528.5,7532.5,7525.5,7527.25,9613.0
2026-07-08 15:05:00,7527.25,7529.0,7524.75,7528.0,5828.0
2026-07-08 15:10:00,7528.25,7528.5,7522.5,7523.75,6202.0
2026-07-08 15:15:00,7523.5,7526.5,7521.75,7523.0,5706.0
2026-07-08 15:20:00,7523.25,7527.5,7523.0,7525.0,5123.0
2026-07-08 15:25:00,7525.25,7528.5,7524.25,7526.75,5312.0
2026-07-08 15:30:00,7526.75,7528.25,7523.0,7524.0,7903.0
2026-07-08 15:35:00,7523.75,7528.5,7523.0,7527.0,6188.0
2026-07-08 15:40:00,7526.75,7528.25,7523.5,7527.75,6502.0
2026-07-08 15:45:00,7528.0,7528.25,7518.25,7522.25,12365.0
2026-07-08 15:50:00,7522.25,7531.75,7520.25,7531.5,15044.0
2026-07-08 15:55:00,7531.5,7536.5,7526.5,7526.75,72014.0
2026-07-08 16:00:00,7526.75,7529.5,7522.5,7525.75,21967.0
2026-07-09 09:30:00,7546.75,7548.75,7530.25,7547.25,40429.0
2026-07-09 09:35:00,7547.25,7557.25,7544.75,7555.25,23481.0
2026-07-09 09:40:00,7555.0,7559.25,7548.5,7558.0,19995.0
2026-07-09 09:45:00,7558.0,7562.0,7551.5,7555.25,18678.0
2026-07-09 09:50:00,7555.0,7565.25,7552.0,7563.75,15704.0
2026-07-09 09:55:00,7564.0,7566.5,7559.5,7561.0,14080.0
2026-07-09 10:00:00,7561.25,7564.5,7559.25,7561.0,13714.0
2026-07-09 10:05:00,7561.25,7562.75,7553.5,7553.75,13454.0
2026-07-09 10:10:00,7553.5,7554.0,7546.25,7549.25,17353.0
2026-07-09 10:15:00,7549.5,7549.5,7532.75,7536.5,29125.0
2026-07-09 10:20:00,7536.5,7543.5,7529.5,7543.0,24730.0
2026-07-09 10:25:00,7543.25,7555.75,7541.25,7552.75,21654.0
2026-07-09 10:30:00,7552.75,7555.0,7544.75,7550.5,16933.0
2026-07-09 10:35:00,7550.5,7559.0,7549.25,7558.25,11364.0
2026-07-09 10:40:00,7558.0,7559.0,7552.25,7553.0,10613.0
2026-07-09 10:45:00,7553.25,7558.25,7552.5,7554.75,9639.0
2026-07-09 10:50:00,7554.75,7554.75,7546.75,7554.0,14324.0
2026-07-09 10:55:00,7554.0,7563.75,7554.0,7562.0,13547.0
2026-07-09 11:00:00,7562.0,7564.25,7560.5,7563.25,11643.0
2026-07-09 11:05:00,7563.5,7570.25,7563.0,7569.75,14818.0
2026-07-09 11:10:00,7569.75,7570.75,7565.75,7566.75,10796.0
2026-07-09 11:15:00,7566.75,7570.75,7564.5,7567.0,11392.0
2026-07-09 11:20:00,7567.25,7574.75,7566.75,7574.0,13189.0
2026-07-09 11:25:00,7574.25,7575.0,7572.25,7572.75,10055.0
2026-07-09 11:30:00,7573.0,7573.25,7569.75,7571.0,9697.0
2026-07-09 11:35:00,7570.75,7574.0,7570.25,7573.75,6588.0
2026-07-09 11:40:00,7574.0,7577.75,7573.0,7576.25,11614.0
2026-07-09 11:45:00,7576.5,7578.0,7574.25,7577.0,8148.0
2026-07-09 11:50:00,7577.0,7577.5,7573.75,7574.5,6598.0
2026-07-09 11:55:00,7574.5,7576.25,7573.25,7573.75,5597.0
2026-07-09 12:00:00,7573.75,7579.75,7573.75,7578.5,8221.0
2026-07-09 12:05:00,7578.75,7581.25,7578.75,7579.75,7351.0
2026-07-09 12:10:00,7579.5,7580.75,7579.0,7580.75,4206.0
2026-07-09 12:15:00,7580.75,7582.0,7579.25,7580.75,5027.0
2026-07-09 12:20:00,7580.75,7583.5,7579.75,7583.25,4966.0
2026-07-09 12:25:00,7583.0,7583.25,7581.0,7581.5,4604.0
2026-07-09 12:30:00,7581.75,7584.25,7579.75,7580.0,6039.0
2026-07-09 12:35:00,7580.0,7581.25,7578.5,7581.25,7146.0
2026-07-09 12:40:00,7581.25,7583.25,7581.25,7582.0,4534.0
2026-07-09 12:45:00,7582.25,7582.75,7578.5,7580.25,4513.0
2026-07-09 12:50:00,7580.0,7581.25,7578.75,7579.25,4090.0
2026-07-09 12:55:00,7579.25,7580.25,7577.5,7579.5,4567.0
2026-07-09 13:00:00,7579.75,7583.5,7579.5,7582.5,5598.0
2026-07-09 13:05:00,7582.5,7587.75,7581.5,7586.75,11615.0
2026-07-09 13:10:00,7586.75,7589.5,7586.25,7587.25,9646.0
2026-07-09 13:15:00,7587.5,7591.25,7587.25,7590.75,5675.0
2026-07-09 13:20:00,7590.75,7592.25,7589.0,7590.0,8171.0
2026-07-09 13:25:00,7590.25,7593.0,7590.0,7592.75,3966.0
2026-07-09 13:28:05,7592.25,7592.25,7592.25,7592.25,0.0
