timestamp,open,high,low,close,volume
2026-04-28 09:30:00,4594.2998046875,4595.0,4583.7001953125,4591.0,1264.0
2026-04-28 09:35:00,4591.2001953125,4596.10009765625,4588.7998046875,4593.0,882.0
2026-04-28 09:40:00,4592.2998046875,4604.7998046875,4586.5,4594.7001953125,1243.0
2026-04-28 09:45:00,4595.2001953125,4606.2998046875,4593.7998046875,4598.89990234375,846.0
2026-04-28 09:50:00,4599.10009765625,4603.60009765625,4592.39990234375,4594.10009765625,941.0
2026-04-28 09:55:00,4594.39990234375,4595.39990234375,4587.7001953125,4593.39990234375,1079.0
2026-04-28 10:00:00,4593.0,4594.0,4578.7998046875,4579.39990234375,2363.0
2026-04-28 10:05:00,4579.10009765625,4588.5,4576.5,4582.39990234375,1232.0
2026-04-28 10:10:00,4583.0,4586.2001953125,4579.2001953125,4581.7001953125,782.0
2026-04-28 10:15:00,4581.39990234375,4591.39990234375,4576.0,4584.89990234375,1412.0
2026-04-28 10:20:00,4584.89990234375,4587.7998046875,4578.5,4581.2001953125,767.0
2026-04-28 10:25:00,4581.10009765625,4586.7001953125,4580.89990234375,4585.0,570.0
2026-04-28 10:30:00,4585.2001953125,4592.0,4582.2998046875,4583.10009765625,720.0
2026-04-28 10:35:00,4583.5,4583.60009765625,4572.7998046875,4573.2998046875,1523.0
2026-04-28 10:40:00,4573.39990234375,4579.39990234375,4570.0,4577.39990234375,1243.0
2026-04-28 10:45:00,4577.2998046875,4580.7001953125,4574.2998046875,4576.0,832.0
2026-04-28 10:50:00,4576.2001953125,4579.10009765625,4571.0,4577.39990234375,914.0
2026-04-28 10:55:00,4577.0,4588.2998046875,4573.60009765625,4588.2998046875,1675.0
2026-04-28 11:00:00,4587.89990234375,4595.39990234375,4587.2998046875,4589.7001953125,1307.0
2026-04-28 11:05:00,4589.89990234375,4593.39990234375,4584.2998046875,4586.2001953125,637.0
2026-04-28 11:10:00,4586.2998046875,4588.39990234375,4583.7001953125,4586.60009765625,439.0
2026-04-28 11:15:00,4586.5,4589.7001953125,4583.5,4586.2998046875,866.0
2026-04-28 11:20:00,4586.7001953125,4586.7001953125,4580.5,4585.7001953125,1036.0
2026-04-28 11:25:00,4586.0,4591.0,4584.0,4591.0,519.0
2026-04-28 11:30:00,4590.10009765625,4591.39990234375,4584.2001953125,4585.2998046875,586.0
2026-04-28 11:35:00,4585.2001953125,4595.2001953125,4584.7001953125,4592.5,803.0
2026-04-28 11:40:00,4592.7998046875,4595.0,4590.7001953125,4591.60009765625,481.0
2026-04-28 11:45:00,4591.60009765625,4597.10009765625,4590.2998046875,4595.60009765625,679.0
2026-04-28 11:50:00,4595.60009765625,4600.0,4595.0,4597.39990234375,545.0
2026-04-28 11:55:00,4597.2998046875,4600.2001953125,4595.2998046875,4600.10009765625,332.0
2026-04-28 12:00:00,4600.0,4600.60009765625,4595.7998046875,4598.2998046875,467.0
2026-04-28 12:05:00,4597.2001953125,4600.10009765625,4596.60009765625,4599.10009765625,372.0
2026-04-28 12:10:00,4599.2001953125,4599.7998046875,4596.5,4599.2998046875,230.0
2026-04-28 12:15:00,4599.0,4599.39990234375,4591.39990234375,4594.2998046875,773.0
2026-04-28 12:20:00,4594.39990234375,4597.60009765625,4594.39990234375,4595.7001953125,369.0
2026-04-28 12:25:00,4595.7001953125,4599.60009765625,4595.60009765625,4596.7998046875,443.0
2026-04-28 12:30:00,4597.0,4599.2001953125,4594.7001953125,4595.0,282.0
2026-04-28 12:35:00,4594.7998046875,4601.7001953125,4594.60009765625,4598.7998046875,424.0
2026-04-28 12:40:00,4598.60009765625,4599.60009765625,4596.7001953125,4599.10009765625,267.0
2026-04-28 12:45:00,4599.10009765625,4602.7001953125,4597.7998046875,4600.5,506.0
2026-04-28 12:50:00,4600.60009765625,4608.39990234375,4600.5,4607.2998046875,928.0
2026-04-28 12:55:00,4607.2001953125,4608.7998046875,4605.39990234375,4606.2001953125,455.0
2026-04-28 13:00:00,4606.2998046875,4608.2001953125,4603.2001953125,4603.7001953125,394.0
2026-04-28 13:05:00,4603.89990234375,4605.7998046875,4602.39990234375,4605.5,266.0
2026-04-28 13:10:00,4605.0,4608.89990234375,4604.2998046875,4607.5,527.0
2026-04-28 13:15:00,4608.0,4608.39990234375,4601.0,4602.5,631.0
2026-04-28 13:20:00,4602.7001953125,4609.89990234375,4601.2001953125,4609.2998046875,621.0
2026-04-28 13:25:00,4609.39990234375,4611.39990234375,4606.60009765625,4607.7998046875,1685.0
2026-04-28 13:30:00,4607.89990234375,4611.2001953125,4607.7001953125,4609.7001953125,602.0
2026-04-28 13:35:00,4610.10009765625,4613.7001953125,4609.7998046875,4612.60009765625,894.0
2026-04-28 13:40:00,4612.89990234375,4615.89990234375,4612.7001953125,4613.39990234375,449.0
2026-04-28 13:45:00,4613.10009765625,4614.60009765625,4611.2001953125,4612.2998046875,287.0
2026-04-28 13:50:00,4612.39990234375,4612.39990234375,4610.5,4611.0,244.0
2026-04-28 13:55:00,4611.2001953125,4612.10009765625,4608.2998046875,4609.0,212.0
2026-04-28 14:00:00,4609.39990234375,4612.7001953125,4606.0,4608.0,257.0
2026-04-28 14:05:00,4608.10009765625,4611.89990234375,4607.7998046875,4610.5,218.0
2026-04-28 14:10:00,4610.10009765625,4611.0,4609.10009765625,4610.0,91.0
2026-04-28 14:15:00,4610.5,4613.2998046875,4610.2001953125,4612.0,176.0
2026-04-28 14:20:00,4611.89990234375,4614.5,4611.39990234375,4613.5,382.0
2026-04-28 14:25:00,4613.7001953125,4614.7998046875,4612.10009765625,4613.2001953125,229.0
2026-04-28 14:30:00,4613.2001953125,4613.2998046875,4608.7001953125,4609.2001953125,172.0
2026-04-28 14:35:00,4609.60009765625,4611.0,4607.5,4610.5,159.0
2026-04-28 14:40:00,4610.60009765625,4612.5,4610.2998046875,4612.10009765625,100.0
2026-04-28 14:45:00,4612.2001953125,4613.10009765625,4611.5,4612.10009765625,76.0
2026-04-28 14:50:00,4612.2001953125,4612.7001953125,4609.39990234375,4609.39990234375,165.0
2026-04-28 14:55:00,4609.2998046875,4609.7998046875,4607.2001953125,4608.39990234375,180.0
2026-04-28 15:00:00,4608.5,4611.7998046875,4608.10009765625,4609.7998046875,256.0
2026-04-28 15:05:00,4609.89990234375,4612.89990234375,4609.89990234375,4610.7001953125,190.0
2026-04-28 15:10:00,4610.89990234375,4611.5,4609.7998046875,4609.89990234375,90.0
2026-04-28 15:15:00,4609.7001953125,4609.89990234375,4608.0,4609.10009765625,107.0
2026-04-28 15:20:00,4608.89990234375,4610.60009765625,4607.89990234375,4610.10009765625,126.0
2026-04-28 15:25:00,4610.2001953125,4611.5,4609.60009765625,4610.60009765625,95.0
2026-04-28 15:30:00,4610.5,4611.0,4608.89990234375,4610.5,111.0
2026-04-28 15:35:00,4611.0,4612.89990234375,4610.60009765625,4612.5,111.0
2026-04-28 15:40:00,4612.7998046875,4614.10009765625,4612.0,4612.7001953125,146.0
2026-04-28 15:45:00,4612.7001953125,4613.5,4610.5,4612.10009765625,182.0
2026-04-28 15:50:00,4612.39990234375,4612.7998046875,4607.2998046875,4609.39990234375,270.0
2026-04-28 15:55:00,4609.2998046875,4610.7998046875,4608.2998046875,4609.60009765625,447.0
2026-04-28 16:00:00,4609.39990234375,4610.89990234375,4608.7998046875,4610.7001953125,127.0
2026-04-29 09:30:00,4550.7998046875,4552.7001953125,4542.5,4546.2001953125,1486.0
2026-04-29 09:35:00,4545.2998046875,4547.0,4536.7001953125,4538.10009765625,1287.0
2026-04-29 09:40:00,4538.39990234375,4539.0,4525.2998046875,4527.2001953125,2962.0
2026-04-29 09:45:00,4526.89990234375,4529.7001953125,4522.2001953125,4527.10009765625,1607.0
2026-04-29 09:50:00,4527.10009765625,4534.0,4526.60009765625,4533.2001953125,1578.0
2026-04-29 09:55:00,4533.5,4543.0,4532.0,4534.7001953125,1662.0
2026-04-29 10:00:00,4534.7001953125,4538.2001953125,4530.39990234375,4538.10009765625,1266.0
2026-04-29 10:05:00,4537.89990234375,4539.5,4530.2998046875,4532.2998046875,1193.0
2026-04-29 10:10:00,4531.89990234375,4540.7998046875,4531.7998046875,4538.7001953125,1187.0
2026-04-29 10:15:00,4538.39990234375,4547.39990234375,4536.60009765625,4546.89990234375,1898.0
2026-04-29 10:20:00,4546.7001953125,4549.60009765625,4544.60009765625,4549.39990234375,858.0
2026-04-29 10:25:00,4549.5,4550.2001953125,4542.60009765625,4545.89990234375,1010.0
2026-04-29 10:30:00,4545.7001953125,4554.60009765625,4543.39990234375,4552.0,968.0
2026-04-29 10:35:00,4552.5,4556.39990234375,4550.5,4554.5,736.0
2026-04-29 10:40:00,4553.39990234375,4553.39990234375,4550.2998046875,4551.2001953125,469.0
2026-04-29 10:45:00,4551.7998046875,4551.7998046875,4545.60009765625,4545.60009765625,737.0
2026-04-29 10:50:00,4545.7998046875,4552.5,4544.89990234375,4552.2998046875,543.0
2026-04-29 10:55:00,4551.60009765625,4553.5,4548.7998046875,4551.89990234375,483.0
2026-04-29 11:00:00,4551.89990234375,4559.0,4551.60009765625,4555.7998046875,972.0
2026-04-29 11:05:00,4555.60009765625,4560.0,4552.7998046875,4552.7998046875,979.0
2026-04-29 11:10:00,4553.0,4555.39990234375,4548.60009765625,4550.5,802.0
2026-04-29 11:15:00,4550.7998046875,4556.2001953125,4548.60009765625,4554.10009765625,519.0
2026-04-29 11:20:00,4554.39990234375,4557.60009765625,4553.0,4556.60009765625,421.0
2026-04-29 11:25:00,4556.60009765625,4559.10009765625,4554.0,4556.39990234375,868.0
2026-04-29 11:30:00,4556.0,4557.7001953125,4552.60009765625,4556.2001953125,566.0
2026-04-29 11:35:00,4556.7998046875,4565.39990234375,4556.7001953125,4563.89990234375,1009.0
2026-04-29 11:40:00,4563.60009765625,4569.60009765625,4563.0,4565.7998046875,1347.0
2026-04-29 11:45:00,4566.2001953125,4572.0,4566.0,4567.2001953125,824.0
2026-04-29 11:50:00,4567.2001953125,4569.7001953125,4555.0,4559.7001953125,1669.0
2026-04-29 11:55:00,4559.5,4561.5,4555.7001953125,4560.2001953125,935.0
2026-04-29 12:00:00,4560.60009765625,4577.39990234375,4560.0,4575.2998046875,1532.0
2026-04-29 12:05:00,4575.10009765625,4578.2998046875,4572.39990234375,4574.10009765625,522.0
2026-04-29 12:10:00,4574.10009765625,4576.89990234375,4570.2998046875,4572.0,377.0
2026-04-29 12:15:00,4572.39990234375,4573.89990234375,4570.7998046875,4573.39990234375,511.0
2026-04-29 12:20:00,4573.39990234375,4576.2001953125,4570.0,4575.2998046875,676.0
2026-04-29 12:25:00,4575.2001953125,4577.60009765625,4573.2998046875,4573.60009765625,582.0
2026-04-29 12:30:00,4573.2998046875,4573.5,4562.89990234375,4564.0,1040.0
2026-04-29 12:35:00,4564.39990234375,4566.2998046875,4559.2998046875,4564.0,872.0
2026-04-29 12:40:00,4563.89990234375,4565.7998046875,4562.39990234375,4563.89990234375,466.0
2026-04-29 12:45:00,4563.89990234375,4565.39990234375,4559.7998046875,4560.10009765625,409.0
2026-04-29 12:50:00,4559.89990234375,4562.39990234375,4558.0,4558.5,381.0
2026-04-29 12:55:00,4558.60009765625,4560.0,4557.2001953125,4559.0,384.0
2026-04-29 13:00:00,4559.39990234375,4560.5,4556.7001953125,4559.10009765625,646.0
2026-04-29 13:05:00,4559.2001953125,4564.89990234375,4557.39990234375,4564.5,409.0
2026-04-29 13:10:00,4564.7001953125,4566.2001953125,4563.89990234375,4564.5,302.0
2026-04-29 13:15:00,4564.5,4564.60009765625,4561.89990234375,4563.60009765625,387.0
2026-04-29 13:20:00,4563.2998046875,4568.5,4563.2998046875,4567.0,1015.0
2026-04-29 13:25:00,4567.2998046875,4567.60009765625,4559.7998046875,4561.0,1867.0
2026-04-29 13:30:00,4560.89990234375,4562.7001953125,4557.89990234375,4558.10009765625,626.0
2026-04-29 13:35:00,4558.2001953125,4560.60009765625,4557.0,4559.2001953125,304.0
2026-04-29 13:40:00,4559.10009765625,4559.39990234375,4556.7001953125,4559.0,132.0
2026-04-29 13:45:00,4558.60009765625,4560.2998046875,4555.89990234375,4557.10009765625,456.0
2026-04-29 13:50:00,4557.7001953125,4561.7998046875,4557.0,4557.60009765625,290.0
2026-04-29 13:55:00,4557.89990234375,4561.7998046875,4556.60009765625,4561.7998046875,228.0
2026-04-29 14:00:00,4561.2001953125,4567.0,4550.5,4555.10009765625,930.0
2026-04-29 14:05:00,4555.60009765625,4556.10009765625,4545.89990234375,4547.2998046875,1476.0
2026-04-29 14:10:00,4547.2001953125,4549.5,4539.2998046875,4539.60009765625,850.0
2026-04-29 14:15:00,4539.39990234375,4554.0,4539.10009765625,4546.2998046875,1134.0
2026-04-29 14:20:00,4546.10009765625,4551.89990234375,4546.0,4549.7001953125,262.0
2026-04-29 14:25:00,4549.10009765625,4549.39990234375,4544.10009765625,4547.5,331.0
2026-04-29 14:30:00,4547.60009765625,4548.39990234375,4534.39990234375,4535.7001953125,974.0
2026-04-29 14:35:00,4535.7998046875,4554.89990234375,4535.2001953125,4543.2001953125,1346.0
2026-04-29 14:40:00,4541.5,4542.7998046875,4534.10009765625,4534.5,626.0
2026-04-29 14:45:00,4534.2998046875,4544.7001953125,4532.0,4542.7998046875,680.0
2026-04-29 14:50:00,4543.2998046875,4549.60009765625,4543.2998046875,4545.60009765625,373.0
2026-04-29 14:55:00,4546.0,4555.60009765625,4545.7001953125,4552.7001953125,779.0
2026-04-29 15:00:00,4553.10009765625,4559.7001953125,4551.7001953125,4551.89990234375,729.0
2026-04-29 15:05:00,4552.0,4555.89990234375,4547.39990234375,4553.39990234375,325.0
2026-04-29 15:10:00,4552.39990234375,4563.2998046875,4552.39990234375,4562.10009765625,428.0
2026-04-29 15:15:00,4561.7998046875,4565.0,4559.10009765625,4561.7998046875,561.0
2026-04-29 15:20:00,4561.60009765625,4561.60009765625,4556.2001953125,4559.10009765625,221.0
2026-04-29 15:25:00,4559.10009765625,4559.60009765625,4555.2001953125,4556.7998046875,241.0
2026-04-29 15:30:00,4556.5,4559.0,4551.5,4553.0,548.0
2026-04-29 15:35:00,4552.7998046875,4555.7001953125,4551.5,4554.7998046875,229.0
2026-04-29 15:40:00,4555.10009765625,4556.0,4551.7001953125,4552.89990234375,199.0
2026-04-29 15:45:00,4553.10009765625,4561.7998046875,4552.89990234375,4561.7998046875,293.0
2026-04-29 15:50:00,4561.2998046875,4563.60009765625,4560.0,4561.7001953125,279.0
2026-04-29 15:55:00,4561.5,4562.7998046875,4558.0,4560.7998046875,747.0
2026-04-29 16:00:00,4561.2001953125,4562.7001953125,4556.7001953125,4561.10009765625,592.0
2026-04-30 09:30:00,4645.89990234375,4647.7998046875,4641.10009765625,4641.60009765625,1174.0
2026-04-30 09:35:00,4641.7001953125,4642.7001953125,4636.10009765625,4637.0,1317.0
2026-04-30 09:40:00,4636.89990234375,4639.10009765625,4632.60009765625,4638.2998046875,899.0
2026-04-30 09:45:00,4637.89990234375,4637.89990234375,4625.89990234375,4631.0,1154.0
2026-04-30 09:50:00,4631.2001953125,4632.39990234375,4623.7001953125,4626.60009765625,742.0
2026-04-30 09:55:00,4626.2001953125,4627.0,4622.39990234375,4623.10009765625,774.0
2026-04-30 10:00:00,4623.2001953125,4637.39990234375,4621.2998046875,4632.39990234375,1632.0
2026-04-30 10:05:00,4632.39990234375,4638.0,4629.39990234375,4633.39990234375,776.0
2026-04-30 10:10:00,4633.0,4635.0,4628.10009765625,4632.7998046875,825.0
2026-04-30 10:15:00,4632.39990234375,4637.10009765625,4628.39990234375,4634.7001953125,979.0
2026-04-30 10:20:00,4634.2998046875,4638.7001953125,4632.10009765625,4635.7998046875,615.0
2026-04-30 10:25:00,4636.0,4636.7998046875,4631.39990234375,4635.39990234375,515.0
2026-04-30 10:30:00,4634.60009765625,4634.60009765625,4625.60009765625,4629.39990234375,932.0
2026-04-30 10:35:00,4629.2998046875,4629.2998046875,4622.60009765625,4624.89990234375,780.0
2026-04-30 10:40:00,4624.89990234375,4633.2001953125,4624.89990234375,4630.2998046875,898.0
2026-04-30 10:45:00,4630.0,4635.5,4629.2998046875,4631.7998046875,494.0
2026-04-30 10:50:00,4631.60009765625,4636.5,4631.10009765625,4634.2001953125,506.0
2026-04-30 10:55:00,4633.89990234375,4635.2998046875,4630.5,4632.5,506.0
2026-04-30 11:00:00,4633.2998046875,4635.2998046875,4628.0,4629.60009765625,508.0
2026-04-30 11:05:00,4629.2001953125,4636.60009765625,4627.5,4636.10009765625,391.0
2026-04-30 11:10:00,4636.10009765625,4636.89990234375,4629.0,4632.5,500.0
2026-04-30 11:15:00,4632.7998046875,4635.7998046875,4629.60009765625,4632.10009765625,412.0
2026-04-30 11:20:00,4631.2001953125,4633.39990234375,4628.0,4633.2998046875,332.0
2026-04-30 11:25:00,4633.0,4637.10009765625,4632.10009765625,4635.60009765625,432.0
2026-04-30 11:30:00,4635.2998046875,4637.7998046875,4633.7998046875,4635.2001953125,378.0
2026-04-30 11:35:00,4635.39990234375,4636.7001953125,4627.7001953125,4627.7001953125,571.0
2026-04-30 11:40:00,4628.10009765625,4630.7001953125,4626.0,4628.5,441.0
2026-04-30 11:45:00,4628.39990234375,4628.39990234375,4625.2998046875,4627.2001953125,285.0
2026-04-30 11:50:00,4627.2001953125,4628.2998046875,4623.7001953125,4627.10009765625,539.0
2026-04-30 11:55:00,4627.5,4630.2001953125,4626.60009765625,4628.10009765625,213.0
2026-04-30 12:00:00,4628.2001953125,4628.5,4622.39990234375,4627.2998046875,359.0
2026-04-30 12:05:00,4627.39990234375,4630.60009765625,4626.5,4626.7998046875,270.0
2026-04-30 12:10:00,4626.2998046875,4628.10009765625,4624.0,4624.2998046875,223.0
2026-04-30 12:15:00,4624.10009765625,4624.2998046875,4618.0,4619.7998046875,619.0
2026-04-30 12:20:00,4620.2998046875,4623.60009765625,4618.89990234375,4623.2998046875,268.0
2026-04-30 12:25:00,4623.2001953125,4624.39990234375,4619.5,4620.60009765625,328.0
2026-04-30 12:30:00,4620.5,4626.7001953125,4619.7001953125,4625.60009765625,438.0
2026-04-30 12:35:00,4625.2001953125,4625.2998046875,4622.39990234375,4623.7998046875,655.0
2026-04-30 12:40:00,4623.7998046875,4624.89990234375,4621.7001953125,4622.10009765625,477.0
2026-04-30 12:45:00,4621.7998046875,4626.7001953125,4621.39990234375,4626.2001953125,461.0
2026-04-30 12:50:00,4626.10009765625,4631.10009765625,4625.10009765625,4629.60009765625,1383.0
2026-04-30 12:55:00,4629.5,4629.60009765625,4618.39990234375,4620.39990234375,1006.0
2026-04-30 13:00:00,4620.89990234375,4630.39990234375,4620.7998046875,4630.2998046875,741.0
2026-04-30 13:05:00,4630.0,4631.60009765625,4627.5,4630.5,469.0
2026-04-30 13:10:00,4630.60009765625,4632.89990234375,4628.7998046875,4628.89990234375,734.0
2026-04-30 13:15:00,4628.89990234375,4631.0,4626.0,4631.0,464.0
2026-04-30 13:20:00,4631.2001953125,4633.89990234375,4629.2001953125,4632.60009765625,541.0
2026-04-30 13:25:00,4632.5,4633.39990234375,4628.0,4630.89990234375,1751.0
2026-04-30 13:30:00,4630.7001953125,4635.0,4629.2998046875,4630.5,569.0
2026-04-30 13:35:00,4630.7998046875,4633.39990234375,4628.2998046875,4629.39990234375,394.0
2026-04-30 13:40:00,4630.0,4631.2998046875,4627.7001953125,4630.60009765625,315.0
2026-04-30 13:45:00,4630.7001953125,4632.60009765625,4628.7001953125,4629.0,189.0
2026-04-30 13:50:00,4628.7998046875,4629.89990234375,4628.2001953125,4629.0,119.0
2026-04-30 13:55:00,4628.5,4630.5,4628.39990234375,4629.7998046875,131.0
2026-04-30 14:00:00,4630.0,4637.60009765625,4629.60009765625,4636.89990234375,468.0
2026-04-30 14:05:00,4636.10009765625,4638.10009765625,4634.7001953125,4635.10009765625,590.0
2026-04-30 14:10:00,4635.0,4636.60009765625,4633.39990234375,4633.39990234375,135.0
2026-04-30 14:15:00,4633.7001953125,4638.5,4633.2001953125,4637.10009765625,298.0
2026-04-30 14:20:00,4637.0,4637.60009765625,4634.5,4634.7998046875,166.0
2026-04-30 14:25:00,4634.39990234375,4636.5,4632.7001953125,4633.5,208.0
2026-04-30 14:30:00,4634.0,4636.7998046875,4632.2001953125,4632.7998046875,343.0
2026-04-30 14:35:00,4632.7001953125,4634.7998046875,4632.0,4633.89990234375,148.0
2026-04-30 14:40:00,4634.2001953125,4634.2998046875,4632.0,4633.7001953125,85.0
2026-04-30 14:45:00,4633.5,4635.89990234375,4633.10009765625,4634.60009765625,107.0
2026-04-30 14:50:00,4634.2998046875,4637.60009765625,4634.0,4636.5,215.0
2026-04-30 14:55:00,4636.89990234375,4638.2998046875,4635.0,4635.39990234375,208.0
2026-04-30 15:00:00,4635.5,4639.5,4635.39990234375,4637.60009765625,215.0
2026-04-30 15:05:00,4637.5,4640.2998046875,4637.0,4638.7001953125,286.0
2026-04-30 15:10:00,4638.7001953125,4640.0,4637.10009765625,4637.60009765625,167.0
2026-04-30 15:15:00,4637.2998046875,4638.5,4635.10009765625,4635.10009765625,87.0
2026-04-30 15:20:00,4634.7001953125,4634.7998046875,4630.5,4633.10009765625,300.0
2026-04-30 15:25:00,4632.60009765625,4632.60009765625,4630.0,4630.5,187.0
2026-04-30 15:30:00,4631.5,4631.7998046875,4628.2001953125,4630.7998046875,267.0
2026-04-30 15:35:00,4631.39990234375,4634.7998046875,4629.7998046875,4634.60009765625,138.0
2026-04-30 15:40:00,4634.0,4636.10009765625,4632.7001953125,4635.7998046875,277.0
2026-04-30 15:45:00,4635.5,4636.60009765625,4633.60009765625,4633.7998046875,183.0
2026-04-30 15:50:00,4634.10009765625,4634.2998046875,4627.7001953125,4630.5,353.0
2026-04-30 15:55:00,4630.10009765625,4631.2998046875,4628.2001953125,4630.0,348.0
2026-04-30 16:00:00,4630.39990234375,4633.5,4628.89990234375,4629.60009765625,318.0
2026-05-01 09:30:00,4600.2998046875,4612.60009765625,4597.2998046875,4609.7998046875,858.0
2026-05-01 09:35:00,4609.7998046875,4616.7001953125,4609.7001953125,4613.7998046875,792.0
2026-05-01 09:40:00,4613.89990234375,4620.2998046875,4613.89990234375,4619.10009765625,610.0
2026-05-01 09:45:00,4619.0,4620.60009765625,4609.7998046875,4612.2001953125,648.0
2026-05-01 09:50:00,4612.39990234375,4632.2998046875,4610.2001953125,4627.89990234375,1735.0
2026-05-01 09:55:00,4628.0,4640.89990234375,4627.7998046875,4637.5,1447.0
2026-05-01 10:00:00,4636.89990234375,4653.7001953125,4635.7998046875,4646.60009765625,2272.0
2026-05-01 10:05:00,4646.0,4652.2001953125,4643.7998046875,4646.2998046875,1046.0
2026-05-01 10:10:00,4646.39990234375,4673.0,4646.39990234375,4668.0,2707.0
2026-05-01 10:15:00,4668.0,4672.5,4661.10009765625,4666.7001953125,2307.0
2026-05-01 10:20:00,4666.7998046875,4670.0,4661.10009765625,4661.5,987.0
2026-05-01 10:25:00,4661.5,4663.39990234375,4655.60009765625,4656.2998046875,1292.0
2026-05-01 10:30:00,4656.5,4657.89990234375,4651.0,4654.7001953125,1104.0
2026-05-01 10:35:00,4654.7001953125,4654.7998046875,4647.60009765625,4650.2998046875,1110.0
2026-05-01 10:40:00,4650.5,4651.39990234375,4642.10009765625,4645.0,1078.0
2026-05-01 10:45:00,4644.7998046875,4646.7998046875,4640.89990234375,4642.60009765625,717.0
2026-05-01 10:50:00,4642.39990234375,4646.39990234375,4638.7998046875,4642.7998046875,614.0
2026-05-01 10:55:00,4642.39990234375,4647.10009765625,4641.60009765625,4643.60009765625,378.0
2026-05-01 11:00:00,4644.0,4645.0,4636.2001953125,4637.5,932.0
2026-05-01 11:05:00,4638.2001953125,4639.89990234375,4630.39990234375,4638.10009765625,1052.0
2026-05-01 11:10:00,4637.7998046875,4647.7998046875,4634.7998046875,4647.5,778.0
2026-05-01 11:15:00,4647.2001953125,4652.0,4646.39990234375,4650.5,932.0
2026-05-01 11:20:00,4650.39990234375,4652.0,4645.7998046875,4647.2998046875,445.0
2026-05-01 11:25:00,4647.2998046875,4648.39990234375,4645.0,4647.2998046875,393.0
2026-05-01 11:30:00,4647.7998046875,4652.2001953125,4647.7998046875,4649.39990234375,500.0
2026-05-01 11:35:00,4649.0,4654.2001953125,4646.39990234375,4652.10009765625,671.0
2026-05-01 11:40:00,4652.5,4655.89990234375,4651.60009765625,4654.89990234375,296.0
2026-05-01 11:45:00,4654.7998046875,4659.2001953125,4654.0,4655.5,511.0
2026-05-01 11:50:00,4655.7001953125,4658.10009765625,4643.5,4656.7998046875,1577.0
2026-05-01 11:55:00,4656.60009765625,4657.2998046875,4653.5,4654.39990234375,477.0
2026-05-01 12:00:00,4654.0,4656.5,4652.2998046875,4654.7998046875,350.0
2026-05-01 12:05:00,4654.7001953125,4656.60009765625,4650.10009765625,4650.10009765625,158.0
2026-05-01 12:10:00,4650.39990234375,4654.7998046875,4649.0,4653.60009765625,302.0
2026-05-01 12:15:00,4654.0,4661.2998046875,4654.0,4658.39990234375,344.0
2026-05-01 12:20:00,4658.39990234375,4661.2001953125,4650.5,4654.7001953125,732.0
2026-05-01 12:25:00,4654.2001953125,4654.7998046875,4648.89990234375,4649.0,656.0
2026-05-01 12:30:00,4649.2001953125,4651.7001953125,4646.0,4648.60009765625,636.0
2026-05-01 12:35:00,4648.10009765625,4651.89990234375,4644.89990234375,4651.7998046875,419.0
2026-05-01 12:40:00,4652.0,4652.7998046875,4649.2998046875,4650.39990234375,260.0
2026-05-01 12:45:00,4650.2001953125,4651.7001953125,4648.5,4651.7001953125,156.0
2026-05-01 12:50:00,4651.5,4654.7998046875,4648.0,4652.7001953125,183.0
2026-05-01 12:55:00,4652.7001953125,4654.39990234375,4650.0,4650.60009765625,194.0
2026-05-01 13:00:00,4650.2001953125,4654.5,4650.10009765625,4650.10009765625,293.0
2026-05-01 13:05:00,4650.0,4651.89990234375,4649.10009765625,4650.60009765625,152.0
2026-05-01 13:10:00,4650.39990234375,4651.7001953125,4649.7001953125,4651.60009765625,165.0
2026-05-01 13:15:00,4651.7001953125,4652.10009765625,4648.2001953125,4650.2001953125,603.0
2026-05-01 13:20:00,4650.5,4650.60009765625,4646.10009765625,4646.89990234375,497.0
2026-05-01 13:25:00,4647.2001953125,4648.60009765625,4642.5,4643.39990234375,1812.0
2026-05-01 13:30:00,4643.39990234375,4644.5,4640.2998046875,4642.0,712.0
2026-05-01 13:35:00,4641.60009765625,4642.5,4639.7998046875,4642.5,139.0
2026-05-01 13:40:00,4643.0,4644.0,4638.39990234375,4640.0,235.0
2026-05-01 13:45:00,4639.7998046875,4641.5,4639.10009765625,4639.10009765625,160.0
2026-05-01 13:50:00,4639.5,4646.89990234375,4639.10009765625,4642.10009765625,606.0
2026-05-01 13:55:00,4642.2998046875,4643.2001953125,4640.7001953125,4641.2998046875,132.0
2026-05-01 14:00:00,4641.7001953125,4642.7998046875,4635.2998046875,4637.10009765625,276.0
2026-05-01 14:05:00,4636.39990234375,4637.7998046875,4633.60009765625,4636.2998046875,229.0
2026-05-01 14:10:00,4636.2001953125,4636.2998046875,4627.5,4627.5,522.0
2026-05-01 14:15:00,4627.5,4631.10009765625,4625.2998046875,4630.2001953125,426.0
2026-05-01 14:20:00,4631.0,4634.5,4630.89990234375,4634.2001953125,260.0
2026-05-01 14:25:00,4634.2998046875,4636.0,4630.7001953125,4635.5,428.0
2026-05-01 14:30:00,4635.39990234375,4636.2998046875,4629.2998046875,4629.39990234375,350.0
2026-05-01 14:35:00,4629.60009765625,4630.7001953125,4627.7998046875,4629.5,218.0
2026-05-01 14:40:00,4629.2001953125,4634.39990234375,4629.2001953125,4634.2998046875,176.0
2026-05-01 14:45:00,4634.10009765625,4636.10009765625,4632.2001953125,4635.7001953125,155.0
2026-05-01 14:50:00,4636.10009765625,4637.7998046875,4634.89990234375,4636.0,266.0
2026-05-01 14:55:00,4636.10009765625,4636.5,4634.7998046875,4636.10009765625,113.0
2026-05-01 15:00:00,4636.2001953125,4636.7998046875,4632.5,4632.60009765625,136.0
2026-05-01 15:05:00,4633.10009765625,4635.0,4632.89990234375,4634.2998046875,66.0
2026-05-01 15:10:00,4634.39990234375,4638.2998046875,4634.39990234375,4638.2001953125,126.0
2026-05-01 15:15:00,4638.2998046875,4639.10009765625,4637.7998046875,4638.89990234375,101.0
2026-05-01 15:20:00,4638.7001953125,4639.2001953125,4637.2998046875,4638.2001953125,85.0
2026-05-01 15:25:00,4638.2001953125,4639.60009765625,4636.2998046875,4636.2998046875,96.0
2026-05-01 15:30:00,4636.2998046875,4636.2998046875,4628.7998046875,4630.10009765625,309.0
2026-05-01 15:35:00,4630.2998046875,4631.10009765625,4627.0,4629.60009765625,387.0
2026-05-01 15:40:00,4629.2998046875,4629.2998046875,4623.39990234375,4624.0,428.0
2026-05-01 15:45:00,4623.60009765625,4626.7998046875,4623.2998046875,4626.7998046875,228.0
2026-05-01 15:50:00,4626.89990234375,4627.5,4621.0,4622.89990234375,328.0
2026-05-01 15:55:00,4622.39990234375,4624.60009765625,4621.0,4623.0,460.0
2026-05-01 16:00:00,4623.0,4625.0,4619.5,4621.2998046875,281.0
2026-05-04 09:30:00,4572.0,4581.60009765625,4566.2998046875,4580.7998046875,1234.0
2026-05-04 09:35:00,4580.7001953125,4581.2998046875,4574.60009765625,4577.2998046875,464.0
2026-05-04 09:40:00,4577.2998046875,4581.60009765625,4573.7001953125,4576.2998046875,499.0
2026-05-04 09:45:00,4575.7998046875,4577.60009765625,4572.10009765625,4572.39990234375,315.0
2026-05-04 09:50:00,4572.39990234375,4576.5,4568.2001953125,4574.10009765625,602.0
2026-05-04 09:55:00,4574.5,4577.5,4571.2001953125,4575.0,431.0
2026-05-04 10:00:00,4574.89990234375,4576.2001953125,4570.7001953125,4571.10009765625,416.0
2026-05-04 10:05:00,4571.0,4572.39990234375,4564.60009765625,4565.89990234375,914.0
2026-05-04 10:10:00,4566.0,4574.2001953125,4564.39990234375,4571.0,522.0
2026-05-04 10:15:00,4570.89990234375,4585.2001953125,4570.60009765625,4584.10009765625,854.0
2026-05-04 10:20:00,4584.10009765625,4593.60009765625,4583.5,4588.2001953125,1264.0
2026-05-04 10:25:00,4588.5,4588.5,4581.89990234375,4582.89990234375,550.0
2026-05-04 10:30:00,4582.39990234375,4590.7001953125,4581.60009765625,4587.39990234375,480.0
2026-05-04 10:35:00,4587.0,4592.60009765625,4587.0,4591.2998046875,428.0
2026-05-04 10:40:00,4591.5,4594.7001953125,4586.0,4586.2001953125,508.0
2026-05-04 10:45:00,4585.89990234375,4588.60009765625,4580.2001953125,4582.2001953125,578.0
2026-05-04 10:50:00,4582.10009765625,4582.7998046875,4578.60009765625,4581.60009765625,480.0
2026-05-04 10:55:00,4581.89990234375,4583.7998046875,4570.60009765625,4572.7001953125,1038.0
2026-05-04 11:00:00,4572.7001953125,4577.89990234375,4566.10009765625,4572.39990234375,986.0
2026-05-04 11:05:00,4571.89990234375,4573.10009765625,4566.7001953125,4569.2998046875,587.0
2026-05-04 11:10:00,4569.0,4571.0,4558.2001953125,4559.60009765625,950.0
2026-05-04 11:15:00,4559.2998046875,4566.7998046875,4548.2001953125,4550.60009765625,2215.0
2026-05-04 11:20:00,4551.0,4551.89990234375,4524.2998046875,4532.0,3824.0
2026-05-04 11:25:00,4531.2998046875,4550.10009765625,4525.2998046875,4548.10009765625,2065.0
2026-05-04 11:30:00,4548.7001953125,4549.0,4538.0,4545.5,1210.0
2026-05-04 11:35:00,4545.0,4553.7998046875,4540.7998046875,4545.10009765625,1277.0
2026-05-04 11:40:00,4545.10009765625,4547.7998046875,4542.0,4545.7001953125,636.0
2026-05-04 11:45:00,4545.2998046875,4545.60009765625,4532.7998046875,4533.7998046875,925.0
2026-05-04 11:50:00,4533.2001953125,4540.7998046875,4520.60009765625,4538.7001953125,2673.0
2026-05-04 11:55:00,4538.7998046875,4540.89990234375,4531.2001953125,4531.60009765625,965.0
2026-05-04 12:00:00,4531.39990234375,4535.7001953125,4526.60009765625,4532.39990234375,937.0
2026-05-04 12:05:00,4532.10009765625,4533.7001953125,4514.0,4520.0,2800.0
2026-05-04 12:10:00,4520.10009765625,4526.7001953125,4510.10009765625,4519.60009765625,2094.0
2026-05-04 12:15:00,4519.2001953125,4536.39990234375,4518.60009765625,4533.2001953125,1908.0
2026-05-04 12:20:00,4532.7998046875,4537.10009765625,4530.60009765625,4531.2998046875,931.0
2026-05-04 12:25:00,4531.7001953125,4533.89990234375,4522.7998046875,4525.39990234375,993.0
2026-05-04 12:30:00,4525.2998046875,4529.39990234375,4523.7001953125,4528.10009765625,489.0
2026-05-04 12:35:00,4528.2998046875,4529.0,4522.60009765625,4523.7001953125,545.0
2026-05-04 12:40:00,4523.60009765625,4526.5,4521.10009765625,4522.2001953125,568.0
2026-05-04 12:45:00,4522.7998046875,4526.2998046875,4518.39990234375,4520.2001953125,588.0
2026-05-04 12:50:00,4519.89990234375,4522.60009765625,4517.2001953125,4518.7998046875,762.0
2026-05-04 12:55:00,4519.2001953125,4521.7001953125,4517.39990234375,4520.39990234375,525.0
2026-05-04 13:00:00,4521.10009765625,4532.0,4520.89990234375,4530.60009765625,1032.0
2026-05-04 13:05:00,4531.0,4536.0,4530.7001953125,4533.39990234375,501.0
2026-05-04 13:10:00,4534.2001953125,4536.0,4531.7001953125,4532.39990234375,361.0
2026-05-04 13:15:00,4532.2998046875,4541.7998046875,4531.7998046875,4538.7998046875,1240.0
2026-05-04 13:20:00,4539.2998046875,4540.7998046875,4534.60009765625,4535.2001953125,668.0
2026-05-04 13:25:00,4536.0,4537.10009765625,4531.5,4534.10009765625,1852.0
2026-05-04 13:30:00,4534.10009765625,4537.60009765625,4533.60009765625,4535.39990234375,494.0
2026-05-04 13:35:00,4535.7998046875,4536.39990234375,4531.7998046875,4535.0,200.0
2026-05-04 13:40:00,4534.89990234375,4536.2001953125,4533.0,4535.60009765625,205.0
2026-05-04 13:45:00,4536.2001953125,4536.5,4532.2998046875,4532.7001953125,207.0
2026-05-04 13:50:00,4532.39990234375,4535.7998046875,4532.10009765625,4533.10009765625,308.0
2026-05-04 13:55:00,4533.0,4533.89990234375,4531.60009765625,4532.5,187.0
2026-05-04 14:00:00,4532.89990234375,4535.2001953125,4531.10009765625,4533.60009765625,206.0
2026-05-04 14:05:00,4533.7001953125,4534.2001953125,4528.7998046875,4529.60009765625,193.0
2026-05-04 14:10:00,4529.2998046875,4531.7001953125,4529.2001953125,4530.10009765625,157.0
2026-05-04 14:15:00,4530.0,4530.39990234375,4527.0,4528.2001953125,220.0
2026-05-04 14:20:00,4527.60009765625,4527.89990234375,4523.7998046875,4524.2998046875,404.0
2026-05-04 14:25:00,4523.89990234375,4525.10009765625,4519.7001953125,4522.0,566.0
2026-05-04 14:30:00,4522.10009765625,4524.7001953125,4520.5,4524.7001953125,222.0
2026-05-04 14:35:00,4524.7001953125,4525.10009765625,4521.2998046875,4524.89990234375,220.0
2026-05-04 14:40:00,4524.60009765625,4524.89990234375,4520.39990234375,4521.7998046875,168.0
2026-05-04 14:45:00,4522.0,4525.2998046875,4520.7998046875,4524.5,164.0
2026-05-04 14:50:00,4524.89990234375,4525.7001953125,4521.2001953125,4523.39990234375,316.0
2026-05-04 14:55:00,4523.2001953125,4526.2998046875,4522.5,4526.2998046875,208.0
2026-05-04 15:00:00,4525.89990234375,4526.7998046875,4521.0,4521.39990234375,220.0
2026-05-04 15:05:00,4521.5,4533.2001953125,4521.5,4527.7998046875,1215.0
2026-05-04 15:10:00,4527.89990234375,4529.7001953125,4526.5,4528.7001953125,215.0
2026-05-04 15:15:00,4528.7998046875,4531.60009765625,4527.2998046875,4530.39990234375,240.0
2026-05-04 15:20:00,4530.2001953125,4534.5,4529.39990234375,4534.2998046875,466.0
2026-05-04 15:25:00,4534.5,4535.7001953125,4529.7998046875,4531.89990234375,427.0
2026-05-04 15:30:00,4532.5,4533.7001953125,4530.7998046875,4533.0,217.0
2026-05-04 15:35:00,4533.0,4536.89990234375,4532.5,4534.10009765625,273.0
2026-05-04 15:40:00,4533.7998046875,4535.89990234375,4530.0,4530.7001953125,271.0
2026-05-04 15:45:00,4530.5,4533.0,4529.10009765625,4531.10009765625,323.0
2026-05-04 15:50:00,4530.5,4530.5,4528.39990234375,4528.89990234375,330.0
2026-05-04 15:55:00,4529.0,4530.10009765625,4525.10009765625,4527.60009765625,556.0
2026-05-04 16:00:00,4527.5,4528.0,4523.60009765625,4525.0,186.0
2026-05-05 09:30:00,4587.39990234375,4592.2001953125,4586.60009765625,4590.89990234375,611.0
2026-05-05 09:35:00,4590.60009765625,4591.7001953125,4583.0,4585.0,809.0
2026-05-05 09:40:00,4585.0,4588.0,4582.10009765625,4584.10009765625,393.0
2026-05-05 09:45:00,4584.10009765625,4587.89990234375,4583.2001953125,4586.2998046875,366.0
2026-05-05 09:50:00,4586.7998046875,4594.0,4585.89990234375,4591.60009765625,813.0
2026-05-05 09:55:00,4591.2998046875,4592.10009765625,4588.0,4589.7998046875,346.0
2026-05-05 10:00:00,4590.2998046875,4594.7998046875,4586.2998046875,4589.2001953125,1171.0
2026-05-05 10:05:00,4589.7998046875,4595.10009765625,4588.2001953125,4594.7001953125,1042.0
2026-05-05 10:10:00,4594.2001953125,4594.7001953125,4581.0,4584.10009765625,1617.0
2026-05-05 10:15:00,4584.2001953125,4584.5,4576.39990234375,4581.0,1214.0
2026-05-05 10:20:00,4580.5,4590.2001953125,4578.2998046875,4589.7998046875,773.0
2026-05-05 10:25:00,4590.2998046875,4597.5,4590.2998046875,4594.89990234375,2096.0
2026-05-05 10:30:00,4595.0,4596.7998046875,4590.7998046875,4592.7001953125,604.0
2026-05-05 10:35:00,4592.39990234375,4593.39990234375,4588.5,4592.0,422.0
2026-05-05 10:40:00,4592.0,4596.39990234375,4591.5,4594.0,475.0
2026-05-05 10:45:00,4594.10009765625,4594.10009765625,4586.7001953125,4588.5,1006.0
2026-05-05 10:50:00,4588.5,4590.2998046875,4586.2998046875,4589.7001953125,532.0
2026-05-05 10:55:00,4589.10009765625,4593.60009765625,4589.10009765625,4593.2998046875,302.0
2026-05-05 11:00:00,4593.60009765625,4595.10009765625,4588.39990234375,4594.5,622.0
2026-05-05 11:05:00,4594.39990234375,4594.5,4590.7001953125,4590.7001953125,194.0
2026-05-05 11:10:00,4591.0,4592.7001953125,4590.2001953125,4591.7998046875,217.0
2026-05-05 11:15:00,4592.0,4592.39990234375,4589.10009765625,4589.5,332.0
2026-05-05 11:20:00,4589.10009765625,4591.39990234375,4586.60009765625,4587.39990234375,590.0
2026-05-05 11:25:00,4587.7998046875,4590.39990234375,4586.10009765625,4590.39990234375,377.0
2026-05-05 11:30:00,4590.2998046875,4592.2001953125,4587.5,4588.60009765625,298.0
2026-05-05 11:35:00,4588.89990234375,4590.5,4586.10009765625,4587.0,323.0
2026-05-05 11:40:00,4587.10009765625,4587.10009765625,4583.60009765625,4583.89990234375,316.0
2026-05-05 11:45:00,4583.89990234375,4586.39990234375,4583.2998046875,4585.39990234375,320.0
2026-05-05 11:50:00,4585.5,4587.0,4580.60009765625,4582.2001953125,402.0
2026-05-05 11:55:00,4581.89990234375,4582.39990234375,4579.2998046875,4579.39990234375,385.0
2026-05-05 12:00:00,4579.39990234375,4579.89990234375,4575.7001953125,4577.89990234375,550.0
2026-05-05 12:05:00,4578.2001953125,4579.2001953125,4573.7001953125,4575.39990234375,519.0
2026-05-05 12:10:00,4575.2998046875,4578.0,4573.5,4577.39990234375,388.0
2026-05-05 12:15:00,4577.2001953125,4577.2001953125,4574.39990234375,4575.7998046875,219.0
2026-05-05 12:20:00,4575.5,4576.60009765625,4572.60009765625,4572.7998046875,645.0
2026-05-05 12:25:00,4572.60009765625,4573.10009765625,4567.2001953125,4570.89990234375,1370.0
2026-05-05 12:30:00,4571.0,4571.5,4564.60009765625,4568.89990234375,668.0
2026-05-05 12:35:00,4568.89990234375,4570.5,4567.10009765625,4567.2001953125,628.0
2026-05-05 12:40:00,4567.2001953125,4569.89990234375,4567.0,4567.39990234375,400.0
2026-05-05 12:45:00,4567.2998046875,4568.7998046875,4566.2998046875,4568.10009765625,254.0
2026-05-05 12:50:00,4568.39990234375,4571.39990234375,4568.39990234375,4570.89990234375,349.0
2026-05-05 12:55:00,4570.7998046875,4573.7001953125,4570.7998046875,4572.10009765625,353.0
2026-05-05 13:00:00,4571.7001953125,4573.5,4569.39990234375,4569.7998046875,349.0
2026-05-05 13:05:00,4569.7001953125,4570.39990234375,4563.7998046875,4565.2001953125,372.0
2026-05-05 13:10:00,4565.5,4566.7998046875,4563.7998046875,4566.7001953125,342.0
2026-05-05 13:15:00,4567.0,4571.60009765625,4566.7001953125,4571.39990234375,690.0
2026-05-05 13:20:00,4571.7001953125,4572.10009765625,4569.7001953125,4569.7001953125,369.0
2026-05-05 13:25:00,4569.7998046875,4570.39990234375,4567.7998046875,4568.89990234375,1622.0
2026-05-05 13:30:00,4569.2001953125,4572.0,4566.39990234375,4572.0,532.0
2026-05-05 13:35:00,4571.60009765625,4573.60009765625,4570.0,4571.2998046875,270.0
2026-05-05 13:40:00,4571.0,4572.7001953125,4570.7998046875,4571.0,86.0
2026-05-05 13:45:00,4570.7001953125,4572.7998046875,4570.0,4572.7998046875,172.0
2026-05-05 13:50:00,4572.39990234375,4572.60009765625,4568.60009765625,4569.0,156.0
2026-05-05 13:55:00,4569.39990234375,4571.0,4569.0,4570.2998046875,126.0
2026-05-05 14:00:00,4570.5,4571.7998046875,4569.10009765625,4570.10009765625,152.0
2026-05-05 14:05:00,4570.10009765625,4572.5,4570.10009765625,4571.2001953125,159.0
2026-05-05 14:10:00,4571.39990234375,4575.2998046875,4570.39990234375,4574.7998046875,479.0
2026-05-05 14:15:00,4575.0,4576.2001953125,4573.0,4573.0,142.0
2026-05-05 14:20:00,4573.2998046875,4574.0,4571.7998046875,4572.2998046875,113.0
2026-05-05 14:25:00,4571.89990234375,4573.7998046875,4571.89990234375,4572.89990234375,194.0
2026-05-05 14:30:00,4573.0,4573.10009765625,4569.39990234375,4569.39990234375,161.0
2026-05-05 14:35:00,4569.39990234375,4570.7998046875,4569.0,4570.2001953125,205.0
2026-05-05 14:40:00,4570.39990234375,4573.0,4568.0,4572.10009765625,225.0
2026-05-05 14:45:00,4572.2001953125,4576.5,4572.2001953125,4573.2998046875,233.0
2026-05-05 14:50:00,4573.7001953125,4573.89990234375,4571.0,4571.2998046875,98.0
2026-05-05 14:55:00,4571.39990234375,4572.0,4570.2001953125,4571.7001953125,230.0
2026-05-05 15:00:00,4571.60009765625,4572.0,4568.7001953125,4569.10009765625,189.0
2026-05-05 15:05:00,4569.5,4570.89990234375,4568.0,4568.39990234375,171.0
2026-05-05 15:10:00,4568.60009765625,4569.5,4567.2001953125,4567.89990234375,133.0
2026-05-05 15:15:00,4567.7001953125,4569.10009765625,4565.5,4568.7998046875,249.0
2026-05-05 15:20:00,4569.10009765625,4569.7001953125,4567.39990234375,4567.7998046875,66.0
2026-05-05 15:25:00,4567.39990234375,4568.0,4566.0,4567.0,101.0
2026-05-05 15:30:00,4567.10009765625,4568.2001953125,4566.7001953125,4567.2001953125,94.0
2026-05-05 15:35:00,4567.2998046875,4568.7998046875,4566.5,4567.5,189.0
2026-05-05 15:40:00,4567.5,4567.7998046875,4566.5,4566.5,106.0
2026-05-05 15:45:00,4566.5,4569.7001953125,4565.60009765625,4569.60009765625,218.0
2026-05-05 15:50:00,4569.60009765625,4569.60009765625,4565.0,4565.7001953125,247.0
2026-05-05 15:55:00,4566.0,4566.5,4562.2998046875,4566.0,749.0
2026-05-05 16:00:00,4566.0,4566.7001953125,4564.89990234375,4564.89990234375,139.0
2026-05-06 09:30:00,4695.7001953125,4710.0,4691.2001953125,4709.10009765625,1701.0
2026-05-06 09:35:00,4708.60009765625,4710.2998046875,4704.2998046875,4705.60009765625,1414.0
2026-05-06 09:40:00,4706.5,4709.7001953125,4704.2001953125,4706.2001953125,561.0
2026-05-06 09:45:00,4706.7001953125,4712.7001953125,4703.7001953125,4712.0,871.0
2026-05-06 09:50:00,4712.10009765625,4719.2001953125,4705.0,4715.0,1551.0
2026-05-06 09:55:00,4715.10009765625,4717.7001953125,4712.89990234375,4713.5,982.0
2026-05-06 10:00:00,4713.39990234375,4721.7001953125,4712.0,4717.10009765625,1639.0
2026-05-06 10:05:00,4716.89990234375,4720.60009765625,4708.7998046875,4719.2001953125,1953.0
2026-05-06 10:10:00,4719.5,4724.2998046875,4717.39990234375,4722.2998046875,1845.0
2026-05-06 10:15:00,4722.60009765625,4728.7001953125,4722.2998046875,4724.5,1460.0
2026-05-06 10:20:00,4724.39990234375,4727.0,4719.10009765625,4720.5,737.0
2026-05-06 10:25:00,4720.39990234375,4724.2998046875,4716.2998046875,4717.0,688.0
2026-05-06 10:30:00,4717.2001953125,4721.2998046875,4716.0,4718.2001953125,571.0
2026-05-06 10:35:00,4718.2998046875,4721.2998046875,4716.2998046875,4719.60009765625,379.0
2026-05-06 10:40:00,4719.7001953125,4726.0,4717.39990234375,4724.89990234375,800.0
2026-05-06 10:45:00,4725.0,4725.39990234375,4716.10009765625,4717.0,706.0
2026-05-06 10:50:00,4717.0,4718.2001953125,4711.7998046875,4713.0,584.0
2026-05-06 10:55:00,4713.0,4718.39990234375,4713.0,4714.2001953125,425.0
2026-05-06 11:00:00,4714.2001953125,4717.2998046875,4711.7001953125,4717.2001953125,403.0
2026-05-06 11:05:00,4717.10009765625,4717.2001953125,4708.89990234375,4710.2998046875,605.0
2026-05-06 11:10:00,4709.89990234375,4712.10009765625,4704.89990234375,4708.10009765625,766.0
2026-05-06 11:15:00,4708.0,4713.0,4705.7001953125,4712.89990234375,680.0
2026-05-06 11:20:00,4713.10009765625,4714.7998046875,4710.0,4710.39990234375,379.0
2026-05-06 11:25:00,4710.39990234375,4710.39990234375,4706.2998046875,4706.5,319.0
2026-05-06 11:30:00,4707.10009765625,4709.2998046875,4704.5,4705.7998046875,390.0
2026-05-06 11:35:00,4705.89990234375,4707.10009765625,4703.0,4703.39990234375,411.0
2026-05-06 11:40:00,4703.60009765625,4705.7998046875,4700.60009765625,4704.39990234375,913.0
2026-05-06 11:45:00,4704.10009765625,4706.2998046875,4702.7001953125,4704.39990234375,443.0
2026-05-06 11:50:00,4704.60009765625,4705.60009765625,4702.2998046875,4704.0,257.0
2026-05-06 11:55:00,4704.0,4705.2001953125,4699.2001953125,4699.2998046875,457.0
2026-05-06 12:00:00,4699.0,4699.5,4695.2998046875,4697.5,678.0
2026-05-06 12:05:00,4697.7998046875,4700.10009765625,4692.89990234375,4694.89990234375,491.0
2026-05-06 12:10:00,4695.0,4697.2001953125,4693.7001953125,4695.2001953125,362.0
2026-05-06 12:15:00,4695.2001953125,4697.5,4694.39990234375,4695.89990234375,274.0
2026-05-06 12:20:00,4696.10009765625,4696.7998046875,4694.39990234375,4694.89990234375,273.0
2026-05-06 12:25:00,4695.0,4699.7998046875,4694.7001953125,4699.39990234375,437.0
2026-05-06 12:30:00,4699.2998046875,4701.39990234375,4696.7001953125,4698.60009765625,529.0
2026-05-06 12:35:00,4698.7001953125,4701.0,4697.10009765625,4700.7001953125,190.0
2026-05-06 12:40:00,4700.7001953125,4703.5,4699.7001953125,4699.7998046875,422.0
2026-05-06 12:45:00,4699.89990234375,4700.89990234375,4697.2998046875,4699.10009765625,310.0
2026-05-06 12:50:00,4698.89990234375,4699.7998046875,4694.39990234375,4695.39990234375,356.0
2026-05-06 12:55:00,4695.2998046875,4697.0,4690.60009765625,4694.0,860.0
2026-05-06 13:00:00,4693.89990234375,4696.89990234375,4690.60009765625,4696.7998046875,496.0
2026-05-06 13:05:00,4696.89990234375,4699.10009765625,4695.60009765625,4697.10009765625,257.0
2026-05-06 13:10:00,4697.2998046875,4697.7998046875,4695.2998046875,4696.2998046875,243.0
2026-05-06 13:15:00,4696.60009765625,4697.0,4692.10009765625,4692.10009765625,422.0
2026-05-06 13:20:00,4692.0,4694.2998046875,4691.2001953125,4692.10009765625,463.0
2026-05-06 13:25:00,4692.10009765625,4695.5,4690.89990234375,4693.7998046875,2668.0
2026-05-06 13:30:00,4693.7001953125,4694.2001953125,4691.2001953125,4693.5,808.0
2026-05-06 13:35:00,4693.39990234375,4693.39990234375,4690.10009765625,4690.2001953125,235.0
2026-05-06 13:40:00,4690.10009765625,4691.89990234375,4689.7998046875,4691.5,203.0
2026-05-06 13:45:00,4691.60009765625,4693.2001953125,4691.2998046875,4691.5,209.0
2026-05-06 13:50:00,4691.60009765625,4692.7001953125,4691.2998046875,4692.60009765625,115.0
2026-05-06 13:55:00,4692.5,4695.5,4692.5,4694.7998046875,368.0
2026-05-06 14:00:00,4695.10009765625,4696.2001953125,4692.7001953125,4693.5,282.0
2026-05-06 14:05:00,4693.7998046875,4696.2001953125,4693.7001953125,4696.0,114.0
2026-05-06 14:10:00,4696.0,4698.2998046875,4695.39990234375,4697.7001953125,595.0
2026-05-06 14:15:00,4697.7001953125,4700.0,4697.2001953125,4699.10009765625,406.0
2026-05-06 14:20:00,4699.2998046875,4701.2998046875,4697.89990234375,4698.2998046875,305.0
2026-05-06 14:25:00,4698.39990234375,4699.7998046875,4698.10009765625,4698.39990234375,169.0
2026-05-06 14:30:00,4698.60009765625,4700.2998046875,4697.5,4699.7998046875,250.0
2026-05-06 14:35:00,4699.7998046875,4701.0,4698.60009765625,4699.0,214.0
2026-05-06 14:40:00,4698.89990234375,4698.89990234375,4695.89990234375,4697.0,291.0
2026-05-06 14:45:00,4696.60009765625,4698.7001953125,4696.39990234375,4698.0,201.0
2026-05-06 14:50:00,4697.7998046875,4698.2998046875,4695.60009765625,4697.2001953125,197.0
2026-05-06 14:55:00,4697.39990234375,4698.39990234375,4696.2998046875,4696.7998046875,108.0
2026-05-06 15:00:00,4697.10009765625,4703.89990234375,4697.10009765625,4702.2001953125,297.0
2026-05-06 15:05:00,4701.7001953125,4705.5,4701.7001953125,4705.5,290.0
2026-05-06 15:10:00,4705.39990234375,4706.7001953125,4704.7001953125,4706.2998046875,252.0
2026-05-06 15:15:00,4706.2001953125,4709.2998046875,4706.0,4707.5,361.0
2026-05-06 15:20:00,4707.7998046875,4711.2998046875,4707.7998046875,4710.89990234375,351.0
2026-05-06 15:25:00,4710.7001953125,4710.7998046875,4708.7001953125,4709.2001953125,168.0
2026-05-06 15:30:00,4709.2001953125,4710.10009765625,4706.2998046875,4708.2001953125,304.0
2026-05-06 15:35:00,4708.10009765625,4709.89990234375,4707.39990234375,4708.5,134.0
2026-05-06 15:40:00,4708.5,4708.60009765625,4704.7998046875,4706.2001953125,277.0
2026-05-06 15:45:00,4706.2998046875,4707.60009765625,4705.2001953125,4705.7001953125,357.0
2026-05-06 15:50:00,4705.7001953125,4708.89990234375,4705.5,4708.10009765625,275.0
2026-05-06 15:55:00,4708.0,4708.5,4702.7998046875,4703.0,699.0
2026-05-06 16:00:00,4703.5,4705.89990234375,4703.2001953125,4705.89990234375,264.0
2026-05-07 09:30:00,4754.60009765625,4768.5,4752.89990234375,4765.5,1988.0
2026-05-07 09:35:00,4766.10009765625,4766.89990234375,4760.5,4762.5,969.0
2026-05-07 09:40:00,4762.89990234375,4762.89990234375,4758.0,4758.39990234375,630.0
2026-05-07 09:45:00,4758.7998046875,4759.2998046875,4749.2001953125,4752.60009765625,1348.0
2026-05-07 09:50:00,4752.2998046875,4755.10009765625,4747.2998046875,4753.7998046875,1112.0
2026-05-07 09:55:00,4754.5,4758.7001953125,4753.7001953125,4756.5,725.0
2026-05-07 10:00:00,4756.0,4760.0,4752.5,4755.89990234375,1366.0
2026-05-07 10:05:00,4755.7998046875,4758.39990234375,4754.10009765625,4757.7001953125,1102.0
2026-05-07 10:10:00,4757.89990234375,4764.2001953125,4754.89990234375,4762.0,748.0
2026-05-07 10:15:00,4762.39990234375,4764.39990234375,4751.10009765625,4761.5,1596.0
2026-05-07 10:20:00,4761.60009765625,4768.2998046875,4760.60009765625,4767.2001953125,855.0
2026-05-07 10:25:00,4767.7998046875,4769.89990234375,4766.0,4766.60009765625,807.0
2026-05-07 10:30:00,4767.0,4769.2001953125,4757.7998046875,4759.7998046875,1041.0
2026-05-07 10:35:00,4759.2998046875,4764.60009765625,4757.7001953125,4764.5,748.0
2026-05-07 10:40:00,4763.89990234375,4767.39990234375,4760.2998046875,4762.0,1523.0
2026-05-07 10:45:00,4762.39990234375,4769.10009765625,4761.39990234375,4768.7998046875,1208.0
2026-05-07 10:50:00,4769.0,4772.5,4766.39990234375,4771.10009765625,1472.0
2026-05-07 10:55:00,4771.2001953125,4774.0,4770.60009765625,4773.2998046875,804.0
2026-05-07 11:00:00,4773.39990234375,4775.2001953125,4768.10009765625,4769.7998046875,1070.0
2026-05-07 11:05:00,4769.60009765625,4770.5,4766.10009765625,4769.10009765625,607.0
2026-05-07 11:10:00,4769.5,4771.60009765625,4764.39990234375,4765.2998046875,2701.0
2026-05-07 11:15:00,4765.39990234375,4766.7001953125,4763.2998046875,4764.10009765625,659.0
2026-05-07 11:20:00,4764.60009765625,4764.7998046875,4763.2998046875,4764.60009765625,87.0
2026-05-07 11:30:00,4694.2998046875,4757.2001953125,4694.2998046875,4754.39990234375,3687.0
2026-05-07 11:35:00,4754.2998046875,4756.7001953125,4751.0,4753.2998046875,511.0
2026-05-07 11:40:00,4753.10009765625,4753.60009765625,4748.60009765625,4749.10009765625,454.0
2026-05-07 11:45:00,4748.5,4749.7001953125,4743.7001953125,4744.89990234375,1334.0
2026-05-07 11:50:00,4744.39990234375,4747.0,4738.60009765625,4742.5,1110.0
2026-05-07 11:55:00,4742.0,4742.2001953125,4736.10009765625,4739.10009765625,685.0
2026-05-07 12:00:00,4739.2998046875,4739.89990234375,4732.10009765625,4734.7001953125,1029.0
2026-05-07 12:05:00,4733.7001953125,4735.5,4726.2998046875,4727.60009765625,981.0
2026-05-07 12:10:00,4727.7001953125,4730.5,4723.0,4724.7998046875,1619.0
2026-05-07 12:15:00,4724.7998046875,4724.89990234375,4712.60009765625,4716.0,2214.0
2026-05-07 12:20:00,4716.0,4727.89990234375,4715.89990234375,4727.89990234375,1937.0
2026-05-07 12:25:00,4728.0,4733.2001953125,4727.39990234375,4729.89990234375,976.0
2026-05-07 12:30:00,4729.89990234375,4730.7998046875,4723.89990234375,4729.2001953125,557.0
2026-05-07 12:35:00,4729.2001953125,4729.2001953125,4721.5,4721.7001953125,578.0
2026-05-07 12:40:00,4721.7998046875,4724.39990234375,4720.2001953125,4721.2001953125,607.0
2026-05-07 12:45:00,4721.0,4725.89990234375,4720.5,4724.2001953125,351.0
2026-05-07 12:50:00,4724.39990234375,4727.2001953125,4720.60009765625,4727.2001953125,472.0
2026-05-07 12:55:00,4727.2998046875,4728.0,4722.0,4724.7998046875,385.0
2026-05-07 13:00:00,4725.0,4727.5,4722.2998046875,4726.2998046875,467.0
2026-05-07 13:05:00,4726.5,4729.39990234375,4724.5,4726.2998046875,488.0
2026-05-07 13:10:00,4726.39990234375,4728.5,4721.39990234375,4724.2998046875,2295.0
2026-05-07 13:15:00,4724.5,4725.7001953125,4715.2001953125,4716.2998046875,2261.0
2026-05-07 13:20:00,4716.60009765625,4726.7001953125,4715.10009765625,4725.7998046875,2875.0
2026-05-07 13:25:00,4725.89990234375,4729.5,4696.60009765625,4708.5,10439.0
2026-05-07 13:30:00,4708.5,4713.39990234375,4702.89990234375,4709.0,2485.0
2026-05-07 13:35:00,4708.89990234375,4714.0,4705.39990234375,4712.7998046875,929.0
2026-05-07 13:40:00,4712.89990234375,4715.60009765625,4708.0,4709.7998046875,545.0
2026-05-07 13:45:00,4709.0,4713.10009765625,4708.0,4709.39990234375,413.0
2026-05-07 13:50:00,4709.10009765625,4714.0,4707.60009765625,4713.89990234375,621.0
2026-05-07 13:55:00,4714.0,4722.10009765625,4712.7998046875,4721.10009765625,1206.0
2026-05-07 14:00:00,4721.0,4722.2998046875,4716.39990234375,4717.0,430.0
2026-05-07 14:05:00,4717.5,4721.5,4716.2998046875,4716.7998046875,268.0
2026-05-07 14:10:00,4716.89990234375,4720.0,4714.89990234375,4717.7001953125,703.0
2026-05-07 14:15:00,4717.60009765625,4719.5,4716.39990234375,4717.89990234375,307.0
2026-05-07 14:20:00,4718.2998046875,4720.2998046875,4716.0,4716.2998046875,223.0
2026-05-07 14:25:00,4716.39990234375,4722.60009765625,4715.0,4722.60009765625,668.0
2026-05-07 14:30:00,4722.2001953125,4725.0,4721.2998046875,4723.2998046875,222.0
2026-05-07 14:35:00,4723.39990234375,4725.5,4716.7998046875,4722.2001953125,564.0
2026-05-07 14:40:00,4722.39990234375,4724.0,4712.7001953125,4715.39990234375,822.0
2026-05-07 14:45:00,4715.89990234375,4718.7998046875,4708.0,4710.2001953125,799.0
2026-05-07 14:50:00,4710.0,4714.39990234375,4704.60009765625,4713.39990234375,594.0
2026-05-07 14:55:00,4712.5,4720.7001953125,4711.5,4719.10009765625,963.0
2026-05-07 15:00:00,4719.60009765625,4722.5,4714.5,4715.5,603.0
2026-05-07 15:05:00,4715.60009765625,4720.5,4715.60009765625,4719.10009765625,178.0
2026-05-07 15:10:00,4719.10009765625,4721.10009765625,4718.10009765625,4719.5,182.0
2026-05-07 15:15:00,4719.0,4720.2001953125,4709.0,4711.7998046875,458.0
2026-05-07 15:20:00,4711.5,4715.0,4708.39990234375,4709.5,328.0
2026-05-07 15:25:00,4709.7001953125,4715.7001953125,4707.0,4714.0,285.0
2026-05-07 15:30:00,4714.5,4718.0,4712.60009765625,4717.10009765625,216.0
2026-05-07 15:35:00,4717.39990234375,4721.60009765625,4716.2998046875,4719.89990234375,164.0
2026-05-07 15:40:00,4720.89990234375,4721.39990234375,4717.60009765625,4718.5,292.0
2026-05-07 15:45:00,4719.2001953125,4719.2001953125,4714.5,4717.39990234375,262.0
2026-05-07 15:50:00,4718.0,4720.60009765625,4712.5,4715.5,631.0
2026-05-07 15:55:00,4715.60009765625,4718.7998046875,4712.2001953125,4712.89990234375,613.0
2026-05-07 16:00:00,4713.0,4729.10009765625,4713.0,4727.2001953125,931.0
2026-05-08 09:30:00,4736.89990234375,4754.7998046875,4736.2998046875,4748.5,2845.0
2026-05-08 09:35:00,4748.60009765625,4754.2998046875,4748.0,4748.2998046875,1006.0
2026-05-08 09:40:00,4748.5,4751.0,4744.5,4747.7998046875,847.0
2026-05-08 09:45:00,4748.2998046875,4754.2001953125,4744.89990234375,4750.60009765625,2166.0
2026-05-08 09:50:00,4750.60009765625,4755.39990234375,4746.39990234375,4750.5,1233.0
2026-05-08 09:55:00,4750.39990234375,4758.60009765625,4749.7001953125,4757.7998046875,972.0
2026-05-08 10:00:00,4757.7998046875,4760.39990234375,4748.5,4750.0,2212.0
2026-05-08 10:05:00,4749.60009765625,4749.7998046875,4735.2001953125,4736.10009765625,1606.0
2026-05-08 10:10:00,4736.2998046875,4742.0,4728.0,4741.39990234375,2367.0
2026-05-08 10:15:00,4741.2998046875,4743.7998046875,4734.89990234375,4737.10009765625,632.0
2026-05-08 10:20:00,4737.0,4738.10009765625,4730.0,4735.2998046875,1321.0
2026-05-08 10:25:00,4735.60009765625,4739.2001953125,4725.0,4727.60009765625,953.0
2026-05-08 10:30:00,4727.2998046875,4732.7998046875,4723.5,4732.10009765625,1119.0
2026-05-08 10:35:00,4732.39990234375,4735.0,4729.10009765625,4733.60009765625,904.0
2026-05-08 10:40:00,4733.0,4735.2998046875,4730.89990234375,4732.60009765625,391.0
2026-05-08 10:45:00,4732.2998046875,4734.2998046875,4724.89990234375,4728.0,604.0
2026-05-08 10:50:00,4727.2998046875,4729.2998046875,4723.10009765625,4728.0,593.0
2026-05-08 10:55:00,4728.2998046875,4729.60009765625,4725.2998046875,4725.7001953125,521.0
2026-05-08 11:00:00,4725.7998046875,4727.2998046875,4721.7998046875,4723.89990234375,461.0
2026-05-08 11:05:00,4723.89990234375,4730.7998046875,4723.7998046875,4726.2001953125,856.0
2026-05-08 11:10:00,4725.89990234375,4729.60009765625,4716.0,4717.5,850.0
2026-05-08 11:15:00,4717.39990234375,4718.60009765625,4714.2001953125,4716.60009765625,1914.0
2026-05-08 11:20:00,4716.39990234375,4721.5,4713.89990234375,4717.39990234375,1281.0
2026-05-08 11:25:00,4716.89990234375,4723.2001953125,4715.0,4723.10009765625,981.0
2026-05-08 11:30:00,4723.10009765625,4724.0,4713.7001953125,4719.5,943.0
2026-05-08 11:35:00,4719.7001953125,4725.0,4719.2998046875,4722.2998046875,576.0
2026-05-08 11:40:00,4722.10009765625,4722.2998046875,4713.60009765625,4715.2998046875,1007.0
2026-05-08 11:45:00,4715.39990234375,4719.2998046875,4711.5,4718.0,816.0
2026-05-08 11:50:00,4718.39990234375,4720.60009765625,4717.89990234375,4719.10009765625,244.0
2026-05-08 11:55:00,4718.39990234375,4718.5,4713.60009765625,4716.60009765625,491.0
2026-05-08 12:00:00,4716.39990234375,4719.5,4715.0,4715.7998046875,511.0
2026-05-08 12:05:00,4715.60009765625,4722.39990234375,4715.60009765625,4717.7998046875,621.0
2026-05-08 12:10:00,4718.0,4722.0,4716.2001953125,4721.2001953125,430.0
2026-05-08 12:15:00,4720.89990234375,4724.0,4720.89990234375,4721.60009765625,384.0
2026-05-08 12:20:00,4722.0,4725.39990234375,4721.7998046875,4724.0,320.0
2026-05-08 12:25:00,4724.2001953125,4727.2998046875,4723.89990234375,4727.2001953125,460.0
2026-05-08 12:30:00,4727.39990234375,4729.89990234375,4726.39990234375,4726.7001953125,438.0
2026-05-08 12:35:00,4726.60009765625,4727.5,4725.0,4726.10009765625,268.0
2026-05-08 12:40:00,4726.0,4726.89990234375,4722.89990234375,4723.10009765625,361.0
2026-05-08 12:45:00,4723.2998046875,4725.7998046875,4722.2998046875,4723.10009765625,290.0
2026-05-08 12:50:00,4723.5,4723.60009765625,4721.7001953125,4722.7998046875,222.0
2026-05-08 12:55:00,4722.89990234375,4724.10009765625,4720.7001953125,4721.89990234375,259.0
2026-05-08 13:00:00,4721.89990234375,4725.89990234375,4721.7001953125,4725.0,317.0
2026-05-08 13:05:00,4725.2998046875,4725.89990234375,4723.0,4723.7998046875,211.0
2026-05-08 13:10:00,4723.7998046875,4725.0,4723.0,4725.0,442.0
2026-05-08 13:15:00,4724.7998046875,4729.7998046875,4724.60009765625,4728.5,657.0
2026-05-08 13:20:00,4728.5,4730.5,4726.89990234375,4728.39990234375,1519.0
2026-05-08 13:25:00,4728.39990234375,4731.7998046875,4728.10009765625,4730.2001953125,5452.0
2026-05-08 13:30:00,4730.2998046875,4731.5,4729.10009765625,4729.7998046875,1398.0
2026-05-08 13:35:00,4729.7001953125,4731.10009765625,4729.10009765625,4729.7001953125,256.0
2026-05-08 13:40:00,4729.2998046875,4731.10009765625,4728.89990234375,4730.7001953125,126.0
2026-05-08 13:45:00,4730.60009765625,4730.7998046875,4729.2001953125,4729.5,132.0
2026-05-08 13:50:00,4729.2998046875,4731.39990234375,4728.7001953125,4731.2998046875,191.0
2026-05-08 13:55:00,4731.5,4732.10009765625,4729.2001953125,4730.39990234375,197.0
2026-05-08 14:00:00,4730.39990234375,4737.10009765625,4729.89990234375,4735.7001953125,1210.0
2026-05-08 14:05:00,4735.5,4737.2998046875,4735.0,4735.2998046875,240.0
2026-05-08 14:10:00,4735.2001953125,4738.2001953125,4734.39990234375,4737.10009765625,214.0
2026-05-08 14:15:00,4737.7001953125,4738.60009765625,4734.89990234375,4735.2998046875,151.0
2026-05-08 14:20:00,4734.89990234375,4737.0,4734.89990234375,4736.10009765625,152.0
2026-05-08 14:25:00,4736.0,4736.0,4733.39990234375,4735.10009765625,274.0
2026-05-08 14:30:00,4735.0,4736.0,4733.39990234375,4735.10009765625,148.0
2026-05-08 14:35:00,4734.7998046875,4735.7998046875,4734.39990234375,4735.7001953125,125.0
2026-05-08 14:40:00,4735.39990234375,4735.7001953125,4733.5,4734.39990234375,149.0
2026-05-08 14:45:00,4734.2001953125,4734.2998046875,4731.5,4733.10009765625,114.0
2026-05-08 14:50:00,4732.89990234375,4733.89990234375,4731.5,4731.89990234375,70.0
2026-05-08 14:55:00,4731.7001953125,4732.89990234375,4729.2998046875,4731.89990234375,177.0
2026-05-08 15:00:00,4731.5,4734.2998046875,4730.60009765625,4732.89990234375,137.0
2026-05-08 15:05:00,4732.89990234375,4735.2998046875,4731.89990234375,4734.2998046875,108.0
2026-05-08 15:10:00,4734.10009765625,4735.2001953125,4732.7998046875,4733.10009765625,107.0
2026-05-08 15:15:00,4733.2001953125,4734.10009765625,4733.2001953125,4733.39990234375,75.0
2026-05-08 15:20:00,4734.2001953125,4734.7001953125,4732.7998046875,4734.2998046875,67.0
2026-05-08 15:25:00,4733.7998046875,4734.39990234375,4733.10009765625,4733.2001953125,63.0
2026-05-08 15:30:00,4733.2001953125,4733.2001953125,4731.39990234375,4732.5,131.0
2026-05-08 15:35:00,4732.5,4733.0,4731.2001953125,4733.0,80.0
2026-05-08 15:40:00,4733.2001953125,4736.39990234375,4733.2001953125,4734.60009765625,373.0
2026-05-08 15:45:00,4735.10009765625,4735.5,4732.89990234375,4733.89990234375,122.0
2026-05-08 15:50:00,4733.60009765625,4735.0,4733.2001953125,4734.60009765625,244.0
2026-05-08 15:55:00,4734.60009765625,4734.7001953125,4732.39990234375,4733.39990234375,479.0
2026-05-08 16:00:00,4733.7998046875,4733.89990234375,4731.60009765625,4732.60009765625,354.0
2026-05-11 09:30:00,4738.0,4746.39990234375,4737.5,4744.60009765625,2062.0
2026-05-11 09:35:00,4744.39990234375,4750.39990234375,4742.89990234375,4745.0,2637.0
2026-05-11 09:40:00,4745.2998046875,4755.7001953125,4744.7998046875,4753.7001953125,1450.0
2026-05-11 09:45:00,4753.2998046875,4758.39990234375,4746.10009765625,4747.60009765625,1602.0
2026-05-11 09:50:00,4747.7998046875,4752.0,4744.2998046875,4749.60009765625,1095.0
2026-05-11 09:55:00,4749.7001953125,4754.2998046875,4745.7001953125,4745.7001953125,1142.0
2026-05-11 10:00:00,4745.7001953125,4748.5,4737.60009765625,4740.10009765625,2207.0
2026-05-11 10:05:00,4740.2001953125,4741.2001953125,4728.0,4734.0,1693.0
2026-05-11 10:10:00,4734.0,4742.0,4731.39990234375,4740.39990234375,890.0
2026-05-11 10:15:00,4740.39990234375,4742.0,4735.0,4740.7998046875,846.0
2026-05-11 10:20:00,4740.2998046875,4743.39990234375,4739.60009765625,4743.39990234375,569.0
2026-05-11 10:25:00,4743.2998046875,4743.39990234375,4733.7998046875,4734.5,803.0
2026-05-11 10:30:00,4734.7998046875,4737.2998046875,4724.60009765625,4730.7998046875,1870.0
2026-05-11 10:35:00,4731.0,4738.7998046875,4727.5,4736.60009765625,1582.0
2026-05-11 10:40:00,4736.7998046875,4743.7998046875,4736.7998046875,4742.5,792.0
2026-05-11 10:45:00,4741.89990234375,4743.89990234375,4736.7998046875,4739.39990234375,912.0
2026-05-11 10:50:00,4739.60009765625,4740.2998046875,4736.89990234375,4737.7998046875,451.0
2026-05-11 10:55:00,4737.39990234375,4738.7001953125,4733.39990234375,4735.39990234375,524.0
2026-05-11 11:00:00,4735.2998046875,4738.10009765625,4732.2001953125,4736.0,563.0
2026-05-11 11:05:00,4735.2998046875,4740.0,4735.10009765625,4738.39990234375,496.0
2026-05-11 11:10:00,4738.7001953125,4741.60009765625,4737.2001953125,4738.0,610.0
2026-05-11 11:15:00,4738.5,4744.39990234375,4737.2001953125,4741.2998046875,707.0
2026-05-11 11:20:00,4741.2998046875,4748.10009765625,4740.60009765625,4746.5,507.0
2026-05-11 11:25:00,4746.60009765625,4747.2998046875,4741.5,4742.5,391.0
2026-05-11 11:30:00,4742.2998046875,4744.5,4741.5,4741.7998046875,245.0
2026-05-11 11:35:00,4741.7001953125,4742.0,4739.5,4740.0,290.0
2026-05-11 11:40:00,4740.2001953125,4741.2998046875,4736.2001953125,4736.89990234375,558.0
2026-05-11 11:45:00,4736.10009765625,4739.7001953125,4734.60009765625,4738.89990234375,575.0
2026-05-11 11:50:00,4738.7998046875,4741.7998046875,4737.60009765625,4741.60009765625,301.0
2026-05-11 11:55:00,4741.2001953125,4742.2001953125,4740.2998046875,4741.7998046875,219.0
2026-05-11 12:00:00,4742.0,4743.2001953125,4740.2998046875,4741.39990234375,290.0
2026-05-11 12:05:00,4741.60009765625,4742.60009765625,4738.7998046875,4738.7998046875,317.0
2026-05-11 12:10:00,4738.7998046875,4739.7998046875,4736.7998046875,4737.60009765625,291.0
2026-05-11 12:15:00,4737.7998046875,4737.7998046875,4733.7001953125,4736.39990234375,496.0
2026-05-11 12:20:00,4736.39990234375,4736.39990234375,4733.0,4734.5,281.0
2026-05-11 12:25:00,4734.0,4735.5,4732.2001953125,4733.5,364.0
2026-05-11 12:30:00,4733.7998046875,4735.89990234375,4731.2001953125,4731.89990234375,530.0
2026-05-11 12:35:00,4731.60009765625,4731.7001953125,4727.10009765625,4730.0,654.0
2026-05-11 12:40:00,4729.7998046875,4730.5,4716.7998046875,4720.89990234375,2341.0
2026-05-11 12:45:00,4720.60009765625,4725.60009765625,4718.39990234375,4724.5,637.0
2026-05-11 12:50:00,4724.5,4726.2998046875,4723.5,4724.7001953125,582.0
2026-05-11 12:55:00,4724.7998046875,4726.2998046875,4722.7998046875,4726.10009765625,537.0
2026-05-11 13:00:00,4726.0,4729.0,4726.0,4727.7001953125,482.0
2026-05-11 13:05:00,4727.5,4729.5,4727.10009765625,4727.5,291.0
2026-05-11 13:10:00,4727.2998046875,4728.5,4725.39990234375,4727.89990234375,358.0
2026-05-11 13:15:00,4727.7998046875,4728.7998046875,4727.10009765625,4727.2998046875,673.0
2026-05-11 13:20:00,4727.2001953125,4730.2998046875,4726.7001953125,4729.2998046875,2113.0
2026-05-11 13:25:00,4729.2998046875,4731.2998046875,4726.89990234375,4727.7001953125,4223.0
2026-05-11 13:30:00,4727.60009765625,4733.60009765625,4727.39990234375,4732.2998046875,534.0
2026-05-11 13:35:00,4732.7001953125,4733.0,4731.0,4731.0,149.0
2026-05-11 13:40:00,4731.39990234375,4733.7001953125,4730.89990234375,4733.2001953125,172.0
2026-05-11 13:45:00,4733.0,4734.2001953125,4731.60009765625,4731.89990234375,185.0
2026-05-11 13:50:00,4731.89990234375,4733.0,4731.0,4731.39990234375,118.0
2026-05-11 13:55:00,4731.60009765625,4733.0,4731.2998046875,4733.0,96.0
2026-05-11 14:00:00,4733.10009765625,4734.2998046875,4731.7001953125,4733.7001953125,214.0
2026-05-11 14:05:00,4733.2998046875,4736.10009765625,4733.2998046875,4735.0,178.0
2026-05-11 14:10:00,4735.2001953125,4735.5,4731.2998046875,4732.7001953125,279.0
2026-05-11 14:15:00,4732.89990234375,4733.5,4731.2001953125,4732.5,145.0
2026-05-11 14:20:00,4732.7998046875,4733.89990234375,4730.10009765625,4732.7001953125,453.0
2026-05-11 14:25:00,4732.89990234375,4736.7998046875,4732.89990234375,4736.2001953125,242.0
2026-05-11 14:30:00,4736.5,4737.10009765625,4735.39990234375,4735.60009765625,162.0
2026-05-11 14:35:00,4735.7998046875,4738.7998046875,4735.7998046875,4736.0,235.0
2026-05-11 14:40:00,4736.10009765625,4736.7998046875,4734.39990234375,4735.89990234375,158.0
2026-05-11 14:45:00,4735.89990234375,4736.10009765625,4734.39990234375,4735.5,104.0
2026-05-11 14:50:00,4735.5,4737.0,4734.7001953125,4735.5,109.0
2026-05-11 14:55:00,4735.39990234375,4738.2998046875,4733.7998046875,4733.7998046875,321.0
2026-05-11 15:00:00,4734.2001953125,4736.2998046875,4732.89990234375,4732.89990234375,429.0
2026-05-11 15:05:00,4733.10009765625,4737.60009765625,4733.10009765625,4736.39990234375,174.0
2026-05-11 15:10:00,4736.5,4737.2998046875,4733.2001953125,4734.0,229.0
2026-05-11 15:15:00,4734.5,4734.89990234375,4733.39990234375,4734.2001953125,171.0
2026-05-11 15:20:00,4734.0,4734.60009765625,4733.0,4733.2998046875,128.0
2026-05-11 15:25:00,4733.0,4733.89990234375,4731.7998046875,4733.89990234375,140.0
2026-05-11 15:30:00,4733.89990234375,4734.89990234375,4732.0,4734.0,335.0
2026-05-11 15:35:00,4734.10009765625,4737.2001953125,4733.89990234375,4737.2001953125,197.0
2026-05-11 15:40:00,4737.10009765625,4738.10009765625,4736.39990234375,4736.39990234375,156.0
2026-05-11 15:45:00,4736.7001953125,4741.10009765625,4736.7001953125,4741.0,602.0
2026-05-11 15:50:00,4740.89990234375,4744.5,4740.0,4743.89990234375,439.0
2026-05-11 15:55:00,4743.89990234375,4746.5,4742.7001953125,4743.5,1586.0
2026-05-11 16:00:00,4743.7001953125,4747.7001953125,4743.7001953125,4746.7001953125,251.0
2026-05-12 09:30:00,4698.39990234375,4701.2998046875,4692.60009765625,4696.39990234375,1011.0
2026-05-12 09:35:00,4696.60009765625,4705.89990234375,4691.0,4705.60009765625,1314.0
2026-05-12 09:40:00,4705.89990234375,4709.5,4703.2998046875,4706.39990234375,865.0
2026-05-12 09:45:00,4706.60009765625,4709.2001953125,4697.39990234375,4700.60009765625,1105.0
2026-05-12 09:50:00,4699.60009765625,4701.7998046875,4695.7001953125,4698.89990234375,467.0
2026-05-12 09:55:00,4698.7998046875,4698.7998046875,4684.5,4687.0,1728.0
2026-05-12 10:00:00,4686.5,4700.5,4683.39990234375,4697.7998046875,2089.0
2026-05-12 10:05:00,4698.10009765625,4701.10009765625,4695.39990234375,4699.5,744.0
2026-05-12 10:10:00,4699.0,4703.0,4694.39990234375,4700.89990234375,712.0
2026-05-12 10:15:00,4700.60009765625,4702.10009765625,4693.5,4696.39990234375,906.0
2026-05-12 10:20:00,4696.2001953125,4698.7001953125,4694.39990234375,4695.7001953125,408.0
2026-05-12 10:25:00,4695.0,4696.7001953125,4690.0,4690.60009765625,638.0
2026-05-12 10:30:00,4690.7001953125,4692.7998046875,4678.89990234375,4692.7001953125,2314.0
2026-05-12 10:35:00,4692.2001953125,4695.7998046875,4686.2998046875,4694.2998046875,619.0
2026-05-12 10:40:00,4694.2998046875,4694.60009765625,4691.10009765625,4693.2998046875,265.0
2026-05-12 10:45:00,4692.89990234375,4693.0,4685.7998046875,4685.7998046875,467.0
2026-05-12 10:50:00,4685.5,4686.2001953125,4678.10009765625,4684.7001953125,1124.0
2026-05-12 10:55:00,4684.10009765625,4685.60009765625,4676.0,4680.0,580.0
2026-05-12 11:00:00,4680.0,4683.60009765625,4674.2001953125,4676.7001953125,1239.0
2026-05-12 11:05:00,4676.7998046875,4681.89990234375,4674.7998046875,4680.2001953125,1270.0
2026-05-12 11:10:00,4679.7001953125,4679.7001953125,4670.60009765625,4672.0,1234.0
2026-05-12 11:15:00,4671.5,4673.2998046875,4665.7001953125,4669.2998046875,2900.0
2026-05-12 11:20:00,4669.10009765625,4670.0,4645.7001953125,4650.39990234375,3902.0
2026-05-12 11:25:00,4649.7998046875,4664.10009765625,4645.2001953125,4663.2998046875,2914.0
2026-05-12 11:30:00,4663.60009765625,4671.5,4661.2001953125,4670.10009765625,1936.0
2026-05-12 11:35:00,4670.10009765625,4675.39990234375,4666.7001953125,4674.5,1380.0
2026-05-12 11:40:00,4674.10009765625,4675.2001953125,4670.7998046875,4672.60009765625,664.0
2026-05-12 11:45:00,4672.60009765625,4676.39990234375,4671.5,4673.5,439.0
2026-05-12 11:50:00,4673.39990234375,4676.10009765625,4671.60009765625,4675.39990234375,419.0
2026-05-12 11:55:00,4675.0,4677.2998046875,4672.7001953125,4673.10009765625,613.0
2026-05-12 12:00:00,4673.5,4678.7998046875,4671.2998046875,4677.7001953125,930.0
2026-05-12 12:05:00,4677.89990234375,4678.60009765625,4675.39990234375,4676.2001953125,237.0
2026-05-12 12:10:00,4675.89990234375,4680.2998046875,4675.60009765625,4678.89990234375,324.0
2026-05-12 12:15:00,4678.5,4682.39990234375,4677.7998046875,4679.10009765625,545.0
2026-05-12 12:20:00,4678.7001953125,4680.39990234375,4673.89990234375,4674.60009765625,562.0
2026-05-12 12:25:00,4674.89990234375,4676.7998046875,4673.5,4675.5,326.0
2026-05-12 12:30:00,4675.5,4675.7998046875,4672.10009765625,4675.60009765625,359.0
2026-05-12 12:35:00,4676.2001953125,4677.89990234375,4674.39990234375,4677.89990234375,242.0
2026-05-12 12:40:00,4677.60009765625,4678.7001953125,4675.2001953125,4676.7998046875,193.0
2026-05-12 12:45:00,4676.5,4677.2001953125,4673.7001953125,4677.0,328.0
2026-05-12 12:50:00,4676.7998046875,4679.39990234375,4675.60009765625,4677.2998046875,401.0
2026-05-12 12:55:00,4677.2001953125,4681.60009765625,4676.7001953125,4678.10009765625,405.0
2026-05-12 13:00:00,4678.39990234375,4684.89990234375,4678.39990234375,4683.39990234375,501.0
2026-05-12 13:05:00,4683.2001953125,4686.7998046875,4682.89990234375,4685.5,466.0
2026-05-12 13:10:00,4685.2998046875,4686.10009765625,4681.89990234375,4684.39990234375,656.0
2026-05-12 13:15:00,4684.10009765625,4688.2001953125,4683.89990234375,4687.0,613.0
2026-05-12 13:20:00,4687.5,4688.60009765625,4686.5,4687.39990234375,1320.0
2026-05-12 13:25:00,4687.7001953125,4689.7998046875,4685.7001953125,4686.60009765625,4014.0
2026-05-12 13:30:00,4686.39990234375,4687.2998046875,4683.89990234375,4686.0,1399.0
2026-05-12 13:35:00,4685.7998046875,4686.2998046875,4683.39990234375,4686.0,374.0
2026-05-12 13:40:00,4685.7001953125,4687.89990234375,4684.5,4686.89990234375,339.0
2026-05-12 13:45:00,4686.5,4687.10009765625,4684.89990234375,4685.60009765625,619.0
2026-05-12 13:50:00,4685.5,4687.0,4684.89990234375,4686.7001953125,548.0
2026-05-12 13:55:00,4686.89990234375,4688.2998046875,4685.10009765625,4685.7001953125,128.0
2026-05-12 14:00:00,4685.7001953125,4690.60009765625,4685.0,4686.10009765625,1138.0
2026-05-12 14:05:00,4685.5,4687.60009765625,4683.0,4687.10009765625,202.0
2026-05-12 14:10:00,4687.10009765625,4688.89990234375,4685.10009765625,4688.10009765625,209.0
2026-05-12 14:15:00,4688.39990234375,4689.5,4687.10009765625,4689.5,188.0
2026-05-12 14:20:00,4689.60009765625,4691.7998046875,4689.0,4689.7001953125,236.0
2026-05-12 14:25:00,4690.2998046875,4695.0,4690.2998046875,4692.5,382.0
2026-05-12 14:30:00,4692.10009765625,4697.60009765625,4692.10009765625,4697.60009765625,394.0
2026-05-12 14:35:00,4697.0,4700.39990234375,4696.2001953125,4698.2001953125,453.0
2026-05-12 14:40:00,4698.0,4704.7998046875,4697.89990234375,4702.7998046875,800.0
2026-05-12 14:45:00,4702.39990234375,4703.0,4697.7998046875,4698.7001953125,477.0
2026-05-12 14:50:00,4698.7998046875,4705.5,4698.7998046875,4704.39990234375,310.0
2026-05-12 14:55:00,4704.0,4705.0,4702.7001953125,4703.0,153.0
2026-05-12 15:00:00,4704.10009765625,4706.5,4703.7998046875,4704.2998046875,323.0
2026-05-12 15:05:00,4704.2998046875,4707.2001953125,4703.60009765625,4706.2001953125,203.0
2026-05-12 15:10:00,4706.0,4710.0,4705.2998046875,4706.89990234375,371.0
2026-05-12 15:15:00,4707.89990234375,4709.7998046875,4706.2001953125,4709.2001953125,444.0
2026-05-12 15:20:00,4709.2998046875,4711.0,4707.2001953125,4710.2001953125,286.0
2026-05-12 15:25:00,4710.2001953125,4712.0,4709.7001953125,4710.7998046875,200.0
2026-05-12 15:30:00,4710.89990234375,4717.0,4710.89990234375,4716.2998046875,432.0
2026-05-12 15:35:00,4717.0,4718.10009765625,4715.7998046875,4715.7998046875,338.0
2026-05-12 15:40:00,4715.7001953125,4717.39990234375,4714.7001953125,4716.89990234375,238.0
2026-05-12 15:45:00,4716.89990234375,4718.39990234375,4716.5,4717.2001953125,384.0
2026-05-12 15:50:00,4717.39990234375,4721.2998046875,4716.7998046875,4719.7998046875,378.0
2026-05-12 15:55:00,4719.89990234375,4723.2998046875,4719.7998046875,4723.2001953125,591.0
2026-05-12 16:00:00,4722.7998046875,4726.7001953125,4720.39990234375,4720.89990234375,591.0
2026-05-13 09:30:00,4696.0,4698.0,4689.39990234375,4690.39990234375,1645.0
2026-05-13 09:35:00,4690.89990234375,4690.89990234375,4679.89990234375,4681.5,1708.0
2026-05-13 09:40:00,4681.5,4690.60009765625,4680.5,4685.7001953125,1157.0
2026-05-13 09:45:00,4685.39990234375,4685.60009765625,4676.0,4679.60009765625,1216.0
2026-05-13 09:50:00,4680.10009765625,4690.10009765625,4676.7998046875,4690.10009765625,810.0
2026-05-13 09:55:00,4690.2001953125,4690.2001953125,4684.39990234375,4686.2001953125,721.0
2026-05-13 10:00:00,4686.2001953125,4687.60009765625,4679.7998046875,4683.89990234375,1035.0
2026-05-13 10:05:00,4684.0,4688.10009765625,4680.89990234375,4684.7998046875,614.0
2026-05-13 10:10:00,4684.39990234375,4690.5,4683.60009765625,4688.0,1765.0
2026-05-13 10:15:00,4687.89990234375,4689.60009765625,4680.2001953125,4681.0,534.0
2026-05-13 10:20:00,4681.10009765625,4689.60009765625,4680.2001953125,4688.7998046875,423.0
2026-05-13 10:25:00,4689.0,4692.60009765625,4688.2998046875,4691.2998046875,958.0
2026-05-13 10:30:00,4691.0,4697.60009765625,4690.0,4697.0,768.0
2026-05-13 10:35:00,4697.0,4698.2998046875,4691.7998046875,4693.5,712.0
2026-05-13 10:40:00,4693.2001953125,4695.7998046875,4690.7998046875,4691.10009765625,698.0
2026-05-13 10:45:00,4691.2001953125,4692.5,4684.2001953125,4688.2001953125,1465.0
2026-05-13 10:50:00,4689.0,4689.60009765625,4685.2001953125,4688.2998046875,591.0
2026-05-13 10:55:00,4688.39990234375,4690.7998046875,4685.89990234375,4686.7998046875,372.0
2026-05-13 11:00:00,4687.10009765625,4693.39990234375,4686.0,4691.39990234375,379.0
2026-05-13 11:05:00,4691.2998046875,4695.7998046875,4688.7998046875,4695.2998046875,385.0
2026-05-13 11:10:00,4695.39990234375,4698.10009765625,4693.10009765625,4694.5,792.0
2026-05-13 11:15:00,4694.10009765625,4694.7001953125,4692.2998046875,4694.2001953125,276.0
2026-05-13 11:20:00,4693.89990234375,4697.2001953125,4692.0,4695.10009765625,314.0
2026-05-13 11:25:00,4695.0,4699.0,4694.7001953125,4698.2001953125,404.0
2026-05-13 11:30:00,4698.10009765625,4703.2001953125,4694.10009765625,4702.7001953125,550.0
2026-05-13 11:35:00,4702.2998046875,4706.60009765625,4701.60009765625,4706.39990234375,1265.0
2026-05-13 11:40:00,4706.2998046875,4708.0,4704.60009765625,4707.39990234375,812.0
2026-05-13 11:45:00,4707.2001953125,4707.2998046875,4703.7998046875,4706.0,435.0
2026-05-13 11:50:00,4705.89990234375,4706.2998046875,4702.39990234375,4703.7001953125,258.0
2026-05-13 11:55:00,4703.2998046875,4705.7998046875,4702.5,4703.2998046875,227.0
2026-05-13 12:00:00,4703.0,4707.2998046875,4702.7998046875,4705.10009765625,643.0
2026-05-13 12:05:00,4705.5,4709.7998046875,4704.2001953125,4708.7001953125,578.0
2026-05-13 12:10:00,4708.89990234375,4710.7998046875,4706.89990234375,4709.60009765625,422.0
2026-05-13 12:15:00,4709.60009765625,4711.5,4706.39990234375,4707.2001953125,571.0
2026-05-13 12:20:00,4707.2001953125,4717.5,4706.5,4713.89990234375,1628.0
2026-05-13 12:25:00,4714.0,4717.89990234375,4711.7001953125,4714.7001953125,1571.0
2026-05-13 12:30:00,4714.7001953125,4715.7001953125,4710.2001953125,4712.2001953125,1021.0
2026-05-13 12:35:00,4711.89990234375,4712.2001953125,4709.5,4710.7998046875,522.0
2026-05-13 12:40:00,4710.7001953125,4711.10009765625,4707.89990234375,4707.89990234375,380.0
2026-05-13 12:45:00,4708.2001953125,4709.7998046875,4706.39990234375,4707.2998046875,233.0
2026-05-13 12:50:00,4707.60009765625,4707.60009765625,4703.0,4704.39990234375,357.0
2026-05-13 12:55:00,4703.89990234375,4705.60009765625,4702.89990234375,4703.5,371.0
2026-05-13 13:00:00,4703.7001953125,4707.2998046875,4703.60009765625,4704.7998046875,612.0
2026-05-13 13:05:00,4704.7998046875,4707.89990234375,4703.89990234375,4707.60009765625,371.0
2026-05-13 13:10:00,4707.60009765625,4708.89990234375,4706.60009765625,4707.60009765625,368.0
2026-05-13 13:15:00,4707.39990234375,4707.7001953125,4704.7001953125,4707.7001953125,464.0
2026-05-13 13:20:00,4707.7998046875,4709.2001953125,4705.0,4705.39990234375,1573.0
2026-05-13 13:25:00,4705.5,4708.2998046875,4704.5,4706.2998046875,5316.0
2026-05-13 13:30:00,4706.5,4706.60009765625,4698.2001953125,4698.60009765625,877.0
2026-05-13 13:35:00,4698.7998046875,4700.7001953125,4698.10009765625,4699.2001953125,703.0
2026-05-13 13:40:00,4699.7001953125,4701.7998046875,4698.89990234375,4699.5,386.0
2026-05-13 13:45:00,4699.60009765625,4702.60009765625,4698.39990234375,4699.5,293.0
2026-05-13 13:50:00,4699.0,4700.5,4696.39990234375,4697.10009765625,321.0
2026-05-13 13:55:00,4696.89990234375,4697.7998046875,4692.60009765625,4693.39990234375,396.0
2026-05-13 14:00:00,4693.7998046875,4697.60009765625,4692.5,4696.2998046875,1207.0
2026-05-13 14:05:00,4695.89990234375,4699.60009765625,4695.60009765625,4699.2998046875,169.0
2026-05-13 14:10:00,4698.7998046875,4700.7998046875,4698.39990234375,4700.5,129.0
2026-05-13 14:15:00,4700.60009765625,4702.0,4698.2998046875,4698.5,177.0
2026-05-13 14:20:00,4699.0,4699.10009765625,4696.7998046875,4698.10009765625,165.0
2026-05-13 14:25:00,4698.39990234375,4700.2998046875,4698.10009765625,4700.2001953125,155.0
2026-05-13 14:30:00,4699.60009765625,4700.89990234375,4698.2001953125,4698.89990234375,172.0
2026-05-13 14:35:00,4699.2001953125,4699.2001953125,4695.0,4698.10009765625,430.0
2026-05-13 14:40:00,4698.39990234375,4699.2001953125,4693.39990234375,4694.10009765625,267.0
2026-05-13 14:45:00,4694.2001953125,4695.10009765625,4685.5,4687.5,652.0
2026-05-13 14:50:00,4687.7001953125,4695.2998046875,4687.7001953125,4694.7001953125,411.0
2026-05-13 14:55:00,4694.7998046875,4695.39990234375,4692.10009765625,4692.89990234375,196.0
2026-05-13 15:00:00,4692.60009765625,4693.7998046875,4691.7001953125,4692.0,133.0
2026-05-13 15:05:00,4692.2998046875,4694.5,4691.2998046875,4694.5,123.0
2026-05-13 15:10:00,4694.2001953125,4697.10009765625,4693.39990234375,4696.89990234375,118.0
2026-05-13 15:15:00,4697.0,4698.60009765625,4694.7998046875,4696.0,143.0
2026-05-13 15:20:00,4696.10009765625,4698.0,4695.60009765625,4695.60009765625,139.0
2026-05-13 15:25:00,4695.39990234375,4696.5,4694.2998046875,4695.0,168.0
2026-05-13 15:30:00,4695.2001953125,4696.39990234375,4692.2001953125,4693.10009765625,208.0
2026-05-13 15:35:00,4692.89990234375,4697.10009765625,4692.60009765625,4697.10009765625,129.0
2026-05-13 15:40:00,4696.89990234375,4696.89990234375,4694.89990234375,4696.39990234375,97.0
2026-05-13 15:45:00,4696.2001953125,4697.10009765625,4695.2001953125,4697.10009765625,100.0
2026-05-13 15:50:00,4696.7998046875,4696.7998046875,4691.7998046875,4693.60009765625,404.0
2026-05-13 15:55:00,4693.7001953125,4697.0,4693.60009765625,4696.10009765625,381.0
2026-05-13 16:00:00,4696.0,4696.5,4693.7001953125,4694.5,199.0
2026-05-14 09:30:00,4694.60009765625,4696.0,4688.0,4691.10009765625,1553.0
2026-05-14 09:35:00,4690.0,4693.60009765625,4686.39990234375,4688.7998046875,1022.0
2026-05-14 09:40:00,4689.10009765625,4689.5,4671.2998046875,4682.2998046875,2720.0
2026-05-14 09:45:00,4682.2001953125,4696.2998046875,4681.39990234375,4695.0,2033.0
2026-05-14 09:50:00,4695.5,4696.7998046875,4686.7001953125,4691.0,1455.0
2026-05-14 09:55:00,4691.7998046875,4692.7998046875,4684.7998046875,4685.2001953125,1091.0
2026-05-14 10:00:00,4685.0,4695.2998046875,4683.0,4691.7001953125,1603.0
2026-05-14 10:05:00,4692.0,4692.89990234375,4686.39990234375,4691.5,1145.0
2026-05-14 10:10:00,4691.60009765625,4696.39990234375,4691.2001953125,4694.2998046875,584.0
2026-05-14 10:15:00,4694.0,4701.60009765625,4692.7998046875,4700.89990234375,1108.0
2026-05-14 10:20:00,4700.5,4707.2998046875,4699.5,4701.0,1773.0
2026-05-14 10:25:00,4701.0,4701.0,4694.39990234375,4697.7001953125,944.0
2026-05-14 10:30:00,4697.7001953125,4698.5,4693.5,4694.39990234375,382.0
2026-05-14 10:35:00,4694.5,4697.10009765625,4692.5,4695.7001953125,361.0
2026-05-14 10:40:00,4696.0,4698.7998046875,4692.5,4693.2998046875,250.0
2026-05-14 10:45:00,4693.0,4695.39990234375,4690.89990234375,4693.5,309.0
2026-05-14 10:50:00,4693.2001953125,4696.60009765625,4688.89990234375,4691.5,518.0
2026-05-14 10:55:00,4691.7001953125,4694.60009765625,4685.2998046875,4685.7001953125,474.0
2026-05-14 11:00:00,4685.60009765625,4688.7001953125,4683.0,4684.2001953125,680.0
2026-05-14 11:05:00,4684.10009765625,4689.5,4684.10009765625,4689.2001953125,400.0
2026-05-14 11:10:00,4689.60009765625,4692.7998046875,4688.2998046875,4690.7001953125,365.0
2026-05-14 11:15:00,4690.7998046875,4695.5,4690.2001953125,4693.5,350.0
2026-05-14 11:20:00,4693.5,4694.0,4690.5,4692.0,285.0
2026-05-14 11:25:00,4692.10009765625,4695.7998046875,4691.60009765625,4692.0,374.0
2026-05-14 11:30:00,4691.7998046875,4695.10009765625,4690.7998046875,4694.7001953125,315.0
2026-05-14 11:35:00,4694.89990234375,4695.2001953125,4691.2001953125,4692.7001953125,276.0
2026-05-14 11:40:00,4692.60009765625,4693.39990234375,4687.10009765625,4688.60009765625,437.0
2026-05-14 11:45:00,4688.5,4689.5,4686.7001953125,4689.39990234375,381.0
2026-05-14 11:50:00,4689.7001953125,4691.10009765625,4687.2001953125,4690.60009765625,201.0
2026-05-14 11:55:00,4690.7998046875,4693.0,4689.60009765625,4691.89990234375,316.0
2026-05-14 12:00:00,4692.10009765625,4693.5,4684.39990234375,4685.0,540.0
2026-05-14 12:05:00,4684.89990234375,4685.60009765625,4680.60009765625,4683.5,733.0
2026-05-14 12:10:00,4683.5,4685.7001953125,4680.2998046875,4685.10009765625,467.0
2026-05-14 12:15:00,4684.7001953125,4687.60009765625,4684.7001953125,4686.2001953125,297.0
2026-05-14 12:20:00,4686.0,4686.7001953125,4683.2001953125,4683.7001953125,355.0
2026-05-14 12:25:00,4683.89990234375,4684.0,4681.2998046875,4683.2001953125,368.0
2026-05-14 12:30:00,4683.5,4684.5,4679.7001953125,4680.2001953125,372.0
2026-05-14 12:35:00,4680.10009765625,4681.10009765625,4676.10009765625,4678.2998046875,836.0
2026-05-14 12:40:00,4679.0,4682.2001953125,4678.60009765625,4681.5,340.0
2026-05-14 12:45:00,4681.60009765625,4682.89990234375,4678.5,4682.39990234375,273.0
2026-05-14 12:50:00,4682.10009765625,4684.7998046875,4681.39990234375,4683.7001953125,245.0
2026-05-14 12:55:00,4683.10009765625,4685.39990234375,4681.2001953125,4684.7998046875,298.0
2026-05-14 13:00:00,4684.39990234375,4689.60009765625,4684.39990234375,4687.2998046875,749.0
2026-05-14 13:05:00,4687.5,4688.89990234375,4686.2001953125,4686.5,344.0
2026-05-14 13:10:00,4686.2998046875,4687.39990234375,4684.7998046875,4684.89990234375,357.0
2026-05-14 13:15:00,4684.7998046875,4687.10009765625,4684.2998046875,4686.10009765625,500.0
2026-05-14 13:20:00,4686.10009765625,4689.2998046875,4685.7001953125,4687.2001953125,381.0
2026-05-14 13:25:00,4686.89990234375,4688.60009765625,4683.10009765625,4683.60009765625,1802.0
2026-05-14 13:30:00,4683.7001953125,4685.39990234375,4682.7001953125,4685.2998046875,346.0
2026-05-14 13:35:00,4685.39990234375,4686.10009765625,4684.60009765625,4684.89990234375,451.0
2026-05-14 13:40:00,4685.2998046875,4687.7001953125,4685.2998046875,4687.7001953125,123.0
2026-05-14 13:45:00,4687.39990234375,4687.89990234375,4686.0,4686.89990234375,148.0
2026-05-14 13:50:00,4687.2998046875,4687.5,4684.0,4684.0,243.0
2026-05-14 13:55:00,4684.2998046875,4685.2998046875,4683.7998046875,4684.2001953125,101.0
2026-05-14 14:00:00,4684.5,4684.5,4674.5,4676.10009765625,1112.0
2026-05-14 14:05:00,4675.60009765625,4680.2001953125,4674.89990234375,4678.0,538.0
2026-05-14 14:10:00,4677.7001953125,4680.5,4677.5,4680.5,279.0
2026-05-14 14:15:00,4680.39990234375,4681.89990234375,4679.7998046875,4681.5,207.0
2026-05-14 14:20:00,4681.7998046875,4682.2998046875,4680.0,4680.60009765625,473.0
2026-05-14 14:25:00,4680.89990234375,4681.7001953125,4678.7998046875,4679.2998046875,98.0
2026-05-14 14:30:00,4679.5,4680.60009765625,4678.5,4678.5,109.0
2026-05-14 14:35:00,4678.7998046875,4679.5,4676.10009765625,4676.10009765625,185.0
2026-05-14 14:40:00,4675.89990234375,4677.60009765625,4674.2001953125,4674.2998046875,330.0
2026-05-14 14:45:00,4674.5,4675.7998046875,4672.5,4675.5,300.0
2026-05-14 14:50:00,4675.39990234375,4676.10009765625,4674.0,4674.0,114.0
2026-05-14 14:55:00,4674.0,4677.5,4673.7998046875,4677.2998046875,192.0
2026-05-14 15:00:00,4677.39990234375,4677.39990234375,4673.89990234375,4674.60009765625,214.0
2026-05-14 15:05:00,4674.39990234375,4674.7998046875,4672.0,4674.60009765625,257.0
2026-05-14 15:10:00,4674.7998046875,4674.7998046875,4672.10009765625,4673.2001953125,229.0
2026-05-14 15:15:00,4672.89990234375,4673.60009765625,4669.7001953125,4672.89990234375,482.0
2026-05-14 15:20:00,4672.89990234375,4674.5,4672.2001953125,4673.5,219.0
2026-05-14 15:25:00,4673.2998046875,4674.39990234375,4667.60009765625,4668.89990234375,422.0
2026-05-14 15:30:00,4668.7001953125,4670.7998046875,4666.7998046875,4670.0,740.0
2026-05-14 15:35:00,4669.89990234375,4670.10009765625,4664.60009765625,4664.7998046875,428.0
2026-05-14 15:40:00,4664.89990234375,4666.0,4660.7998046875,4662.2001953125,665.0
2026-05-14 15:45:00,4661.7001953125,4662.89990234375,4658.0,4662.2998046875,1120.0
2026-05-14 15:50:00,4662.2001953125,4664.2998046875,4661.10009765625,4663.5,421.0
2026-05-14 15:55:00,4663.5,4663.5,4658.5,4659.5,499.0
2026-05-14 16:00:00,4659.60009765625,4663.0,4654.5,4655.0,589.0
2026-05-15 09:30:00,4553.2001953125,4555.2998046875,4545.7001953125,4546.7001953125,1431.0
2026-05-15 09:35:00,4546.39990234375,4547.0,4530.5,4532.60009765625,2817.0
2026-05-15 09:40:00,4532.5,4535.2998046875,4523.7998046875,4523.89990234375,2731.0
2026-05-15 09:45:00,4523.7998046875,4533.2001953125,4513.7998046875,4532.7001953125,3003.0
2026-05-15 09:50:00,4532.7001953125,4540.7998046875,4529.0,4538.39990234375,1530.0
2026-05-15 09:55:00,4538.5,4545.7001953125,4534.2998046875,4537.2998046875,1400.0
2026-05-15 10:00:00,4536.89990234375,4539.0,4529.2998046875,4537.2001953125,1938.0
2026-05-15 10:05:00,4537.0,4544.2998046875,4537.0,4538.0,1017.0
2026-05-15 10:10:00,4537.7001953125,4554.5,4537.7001953125,4547.60009765625,2155.0
2026-05-15 10:15:00,4547.60009765625,4563.39990234375,4544.39990234375,4563.39990234375,1883.0
2026-05-15 10:20:00,4563.0,4567.10009765625,4560.0,4562.60009765625,1314.0
2026-05-15 10:25:00,4562.2998046875,4563.0,4556.0,4559.7001953125,905.0
2026-05-15 10:30:00,4560.0,4563.89990234375,4557.0,4561.7998046875,719.0
2026-05-15 10:35:00,4561.2001953125,4565.0,4558.5,4560.2998046875,788.0
2026-05-15 10:40:00,4560.0,4561.60009765625,4554.89990234375,4561.10009765625,577.0
2026-05-15 10:45:00,4561.39990234375,4561.39990234375,4554.5,4555.60009765625,505.0
2026-05-15 10:50:00,4555.7998046875,4561.2001953125,4550.2001953125,4561.2001953125,662.0
2026-05-15 10:55:00,4561.2998046875,4570.89990234375,4559.39990234375,4566.7998046875,1172.0
2026-05-15 11:00:00,4567.2998046875,4568.0,4555.89990234375,4557.2001953125,820.0
2026-05-15 11:05:00,4557.10009765625,4563.0,4555.7001953125,4562.7998046875,429.0
2026-05-15 11:10:00,4562.39990234375,4564.0,4554.60009765625,4555.89990234375,621.0
2026-05-15 11:15:00,4556.60009765625,4557.5,4550.10009765625,4551.7001953125,857.0
2026-05-15 11:20:00,4551.60009765625,4556.10009765625,4547.7001953125,4550.0,716.0
2026-05-15 11:25:00,4549.5,4552.7001953125,4546.7001953125,4551.10009765625,693.0
2026-05-15 11:30:00,4551.0,4554.5,4547.7998046875,4547.7998046875,422.0
2026-05-15 11:35:00,4547.2998046875,4550.60009765625,4546.0,4546.7001953125,410.0
2026-05-15 11:40:00,4546.2001953125,4548.89990234375,4543.5,4545.60009765625,762.0
2026-05-15 11:45:00,4545.10009765625,4546.89990234375,4542.7001953125,4544.2001953125,317.0
2026-05-15 11:50:00,4544.2998046875,4547.7001953125,4540.2998046875,4542.10009765625,617.0
2026-05-15 11:55:00,4541.60009765625,4543.7998046875,4538.0,4543.7998046875,1124.0
2026-05-15 12:00:00,4543.7998046875,4546.5,4537.7001953125,4539.60009765625,593.0
2026-05-15 12:05:00,4539.7001953125,4540.7001953125,4533.39990234375,4535.2998046875,825.0
2026-05-15 12:10:00,4535.2001953125,4537.5,4533.2001953125,4536.60009765625,593.0
2026-05-15 12:15:00,4536.60009765625,4538.89990234375,4535.39990234375,4537.89990234375,332.0
2026-05-15 12:20:00,4538.0,4544.7001953125,4537.2998046875,4544.5,612.0
2026-05-15 12:25:00,4544.7001953125,4546.7001953125,4541.5,4544.7998046875,542.0
2026-05-15 12:30:00,4545.39990234375,4548.39990234375,4544.2998046875,4548.10009765625,581.0
2026-05-15 12:35:00,4548.2998046875,4550.0,4546.7998046875,4549.60009765625,285.0
2026-05-15 12:40:00,4549.7001953125,4552.39990234375,4547.5,4551.5,374.0
2026-05-15 12:45:00,4551.5,4552.2001953125,4548.89990234375,4549.2998046875,275.0
2026-05-15 12:50:00,4549.10009765625,4551.39990234375,4546.10009765625,4546.7001953125,212.0
2026-05-15 12:55:00,4546.60009765625,4549.0,4546.10009765625,4548.7001953125,455.0
2026-05-15 13:00:00,4548.5,4556.2001953125,4547.2001953125,4554.10009765625,633.0
2026-05-15 13:05:00,4554.10009765625,4559.60009765625,4553.89990234375,4559.0,990.0
2026-05-15 13:10:00,4559.2001953125,4562.5,4558.7001953125,4561.2001953125,774.0
2026-05-15 13:15:00,4561.39990234375,4561.7998046875,4558.60009765625,4559.89990234375,376.0
2026-05-15 13:20:00,4559.7998046875,4568.0,4559.5,4565.89990234375,907.0
2026-05-15 13:25:00,4565.89990234375,4568.7001953125,4560.60009765625,4561.7998046875,1781.0
2026-05-15 13:30:00,4561.7001953125,4567.39990234375,4561.60009765625,4566.60009765625,828.0
2026-05-15 13:35:00,4566.60009765625,4567.7998046875,4564.5,4567.39990234375,337.0
2026-05-15 13:40:00,4566.89990234375,4568.0,4564.7998046875,4565.10009765625,157.0
2026-05-15 13:45:00,4565.2998046875,4566.89990234375,4564.10009765625,4564.89990234375,202.0
2026-05-15 13:50:00,4564.7998046875,4565.0,4562.39990234375,4562.7998046875,305.0
2026-05-15 13:55:00,4562.89990234375,4564.7001953125,4561.5,4564.0,83.0
2026-05-15 14:00:00,4564.2998046875,4565.60009765625,4562.5,4563.2001953125,244.0
2026-05-15 14:05:00,4563.2998046875,4564.0,4560.10009765625,4562.7001953125,240.0
2026-05-15 14:10:00,4562.7001953125,4566.2998046875,4562.5,4566.2998046875,153.0
2026-05-15 14:15:00,4565.7998046875,4567.2998046875,4557.2001953125,4558.2998046875,580.0
2026-05-15 14:20:00,4558.89990234375,4564.10009765625,4558.89990234375,4562.7998046875,271.0
2026-05-15 14:25:00,4562.60009765625,4563.60009765625,4560.5,4562.39990234375,240.0
2026-05-15 14:30:00,4562.5,4562.89990234375,4556.5,4559.10009765625,224.0
2026-05-15 14:35:00,4559.60009765625,4562.10009765625,4559.0,4562.10009765625,103.0
2026-05-15 14:40:00,4562.2001953125,4562.5,4559.7998046875,4561.7998046875,358.0
2026-05-15 14:45:00,4561.10009765625,4564.2998046875,4560.7998046875,4563.39990234375,126.0
2026-05-15 14:50:00,4563.39990234375,4567.0,4563.39990234375,4565.10009765625,146.0
2026-05-15 14:55:00,4564.5,4565.5,4562.5,4563.39990234375,119.0
2026-05-15 15:00:00,4563.89990234375,4564.2001953125,4558.39990234375,4558.39990234375,318.0
2026-05-15 15:05:00,4558.2998046875,4559.60009765625,4555.7001953125,4555.89990234375,297.0
2026-05-15 15:10:00,4556.0,4556.2001953125,4553.5,4554.7001953125,402.0
2026-05-15 15:15:00,4554.60009765625,4556.5,4553.0,4556.5,271.0
2026-05-15 15:20:00,4556.2001953125,4556.7998046875,4554.39990234375,4554.5,133.0
2026-05-15 15:25:00,4554.2001953125,4555.10009765625,4552.7001953125,4554.2998046875,323.0
2026-05-15 15:30:00,4554.39990234375,4557.7001953125,4554.10009765625,4554.7001953125,308.0
2026-05-15 15:35:00,4554.39990234375,4559.2998046875,4553.7998046875,4558.7001953125,199.0
2026-05-15 15:40:00,4558.7001953125,4559.2998046875,4556.5,4557.7001953125,211.0
2026-05-15 15:45:00,4557.7001953125,4558.39990234375,4555.60009765625,4556.0,245.0
2026-05-15 15:50:00,4556.0,4556.10009765625,4552.39990234375,4553.2998046875,384.0
2026-05-15 15:55:00,4553.2001953125,4553.2001953125,4548.89990234375,4549.7998046875,600.0
2026-05-15 16:00:00,4550.2001953125,4550.7001953125,4543.10009765625,4544.2998046875,358.0
2026-05-18 09:30:00,4576.10009765625,4584.2998046875,4570.89990234375,4582.7998046875,1459.0
2026-05-18 09:35:00,4582.2998046875,4582.2998046875,4574.7998046875,4577.7001953125,694.0
2026-05-18 09:40:00,4577.7001953125,4579.7998046875,4568.89990234375,4570.5,1261.0
2026-05-18 09:45:00,4570.60009765625,4580.7001953125,4567.5,4578.2998046875,1338.0
2026-05-18 09:50:00,4578.39990234375,4588.60009765625,4576.7998046875,4587.89990234375,1387.0
2026-05-18 09:55:00,4587.89990234375,4588.60009765625,4579.7001953125,4579.89990234375,1103.0
2026-05-18 10:00:00,4579.89990234375,4579.89990234375,4568.2001953125,4570.0,1680.0
2026-05-18 10:05:00,4569.89990234375,4571.60009765625,4563.7001953125,4571.10009765625,1415.0
2026-05-18 10:10:00,4571.10009765625,4574.39990234375,4566.10009765625,4568.7001953125,717.0
2026-05-18 10:15:00,4569.0,4573.2998046875,4566.2998046875,4570.39990234375,366.0
2026-05-18 10:20:00,4570.5,4571.7001953125,4557.2001953125,4563.7998046875,1849.0
2026-05-18 10:25:00,4563.7998046875,4567.7001953125,4562.0,4566.2001953125,722.0
2026-05-18 10:30:00,4565.60009765625,4567.5,4549.5,4554.10009765625,3181.0
2026-05-18 10:35:00,4554.2001953125,4555.60009765625,4547.2998046875,4550.7998046875,1316.0
2026-05-18 10:40:00,4550.7001953125,4553.7998046875,4542.89990234375,4552.0,1445.0
2026-05-18 10:45:00,4551.89990234375,4552.2998046875,4542.10009765625,4547.60009765625,1123.0
2026-05-18 10:50:00,4547.39990234375,4552.7998046875,4545.60009765625,4546.2998046875,993.0
2026-05-18 10:55:00,4546.0,4551.60009765625,4545.60009765625,4550.7998046875,327.0
2026-05-18 11:00:00,4551.0,4552.39990234375,4536.2001953125,4542.0,1849.0
2026-05-18 11:05:00,4541.89990234375,4549.0,4538.0,4541.2001953125,943.0
2026-05-18 11:10:00,4541.2998046875,4547.0,4540.60009765625,4544.7001953125,680.0
2026-05-18 11:15:00,4544.60009765625,4547.0,4538.89990234375,4541.10009765625,481.0
2026-05-18 11:20:00,4540.7998046875,4544.7998046875,4540.2001953125,4543.0,498.0
2026-05-18 11:25:00,4542.2998046875,4544.39990234375,4538.7998046875,4539.39990234375,525.0
2026-05-18 11:30:00,4538.7001953125,4545.60009765625,4538.10009765625,4545.5,551.0
2026-05-18 11:35:00,4544.89990234375,4546.60009765625,4542.39990234375,4546.2998046875,518.0
2026-05-18 11:40:00,4546.39990234375,4548.89990234375,4542.7001953125,4543.0,415.0
2026-05-18 11:45:00,4543.10009765625,4547.89990234375,4542.2998046875,4546.10009765625,261.0
2026-05-18 11:50:00,4545.2998046875,4549.10009765625,4543.89990234375,4548.5,389.0
2026-05-18 11:55:00,4548.89990234375,4551.2998046875,4546.7001953125,4547.7001953125,581.0
2026-05-18 12:00:00,4548.60009765625,4548.89990234375,4544.39990234375,4545.7001953125,695.0
2026-05-18 12:05:00,4546.0,4548.7998046875,4545.39990234375,4547.7998046875,500.0
2026-05-18 12:10:00,4547.89990234375,4553.10009765625,4546.7998046875,4552.7998046875,1514.0
2026-05-18 12:15:00,4552.89990234375,4554.60009765625,4551.0,4551.60009765625,854.0
2026-05-18 12:20:00,4551.2998046875,4555.0,4548.39990234375,4550.10009765625,669.0
2026-05-18 12:25:00,4550.10009765625,4551.2998046875,4537.60009765625,4541.2001953125,1620.0
2026-05-18 12:30:00,4540.89990234375,4546.10009765625,4538.2998046875,4543.89990234375,892.0
2026-05-18 12:35:00,4543.60009765625,4549.10009765625,4543.5,4548.39990234375,405.0
2026-05-18 12:40:00,4548.10009765625,4549.10009765625,4545.7001953125,4547.60009765625,304.0
2026-05-18 12:45:00,4547.39990234375,4553.0,4547.0,4552.5,973.0
2026-05-18 12:50:00,4552.7001953125,4558.39990234375,4552.60009765625,4557.2001953125,765.0
2026-05-18 12:55:00,4557.2998046875,4558.7001953125,4553.89990234375,4554.39990234375,1241.0
2026-05-18 13:00:00,4554.2998046875,4561.60009765625,4551.60009765625,4561.0,926.0
2026-05-18 13:05:00,4560.7998046875,4562.5,4559.10009765625,4560.7001953125,463.0
2026-05-18 13:10:00,4560.89990234375,4560.89990234375,4557.2998046875,4557.5,455.0
2026-05-18 13:15:00,4557.2998046875,4559.89990234375,4556.2001953125,4558.7998046875,544.0
2026-05-18 13:20:00,4559.0,4559.5,4556.60009765625,4557.89990234375,479.0
2026-05-18 13:25:00,4557.89990234375,4559.2001953125,4556.10009765625,4558.2998046875,937.0
2026-05-18 13:30:00,4558.0,4558.39990234375,4553.10009765625,4553.39990234375,322.0
2026-05-18 13:35:00,4553.0,4554.7001953125,4551.10009765625,4553.39990234375,583.0
2026-05-18 13:40:00,4553.5,4555.39990234375,4551.89990234375,4552.5,197.0
2026-05-18 13:45:00,4552.39990234375,4553.7998046875,4550.89990234375,4551.2998046875,263.0
2026-05-18 13:50:00,4550.89990234375,4553.2001953125,4550.7001953125,4551.7998046875,224.0
2026-05-18 13:55:00,4552.0,4552.0,4549.7998046875,4551.39990234375,203.0
2026-05-18 14:00:00,4551.2998046875,4551.39990234375,4548.0,4550.2998046875,294.0
2026-05-18 14:05:00,4550.60009765625,4552.39990234375,4548.2998046875,4549.7998046875,263.0
2026-05-18 14:10:00,4549.2001953125,4550.7998046875,4548.2001953125,4549.39990234375,139.0
2026-05-18 14:15:00,4549.2001953125,4549.60009765625,4545.60009765625,4546.60009765625,443.0
2026-05-18 14:20:00,4547.0,4547.0,4544.10009765625,4545.10009765625,197.0
2026-05-18 14:25:00,4545.2998046875,4546.89990234375,4540.2998046875,4546.39990234375,527.0
2026-05-18 14:30:00,4545.89990234375,4548.2001953125,4544.60009765625,4546.60009765625,318.0
2026-05-18 14:35:00,4546.5,4547.60009765625,4543.2998046875,4543.89990234375,259.0
2026-05-18 14:40:00,4543.60009765625,4545.89990234375,4543.10009765625,4545.89990234375,146.0
2026-05-18 14:45:00,4545.5,4547.39990234375,4544.7998046875,4545.60009765625,181.0
2026-05-18 14:50:00,4545.7998046875,4546.2998046875,4543.7001953125,4544.2001953125,290.0
2026-05-18 14:55:00,4544.10009765625,4545.89990234375,4538.2998046875,4539.7998046875,575.0
2026-05-18 15:00:00,4539.89990234375,4569.5,4539.10009765625,4557.7001953125,2229.0
2026-05-18 15:05:00,4558.10009765625,4564.5,4555.7998046875,4561.89990234375,709.0
2026-05-18 15:10:00,4561.7998046875,4562.89990234375,4557.7001953125,4558.5,393.0
2026-05-18 15:15:00,4558.7001953125,4560.2001953125,4555.2998046875,4555.7998046875,414.0
2026-05-18 15:20:00,4556.39990234375,4560.2001953125,4554.0,4554.39990234375,394.0
2026-05-18 15:25:00,4554.7001953125,4556.0,4551.0,4556.0,372.0
2026-05-18 15:30:00,4556.0,4561.5,4554.39990234375,4560.5,320.0
2026-05-18 15:35:00,4560.89990234375,4563.89990234375,4560.2001953125,4563.89990234375,240.0
2026-05-18 15:40:00,4564.0,4565.7998046875,4562.10009765625,4562.5,372.0
2026-05-18 15:45:00,4562.2998046875,4567.39990234375,4562.2998046875,4565.39990234375,414.0
2026-05-18 15:50:00,4565.89990234375,4567.10009765625,4564.2998046875,4567.0,339.0
2026-05-18 15:55:00,4566.89990234375,4567.0,4562.10009765625,4562.89990234375,506.0
2026-05-18 16:00:00,4563.2998046875,4565.89990234375,4562.39990234375,4564.89990234375,240.0
2026-05-19 09:30:00,4494.7001953125,4498.10009765625,4467.10009765625,4484.2001953125,6744.0
2026-05-19 09:35:00,4484.60009765625,4489.5,4473.60009765625,4485.60009765625,3508.0
2026-05-19 09:40:00,4485.2998046875,4485.89990234375,4472.2998046875,4478.5,2116.0
2026-05-19 09:45:00,4478.7001953125,4484.7998046875,4476.2998046875,4483.5,2859.0
2026-05-19 09:50:00,4483.39990234375,4508.60009765625,4482.0,4507.39990234375,2918.0
2026-05-19 09:55:00,4507.2001953125,4513.89990234375,4500.7001953125,4506.7001953125,2863.0
2026-05-19 10:00:00,4506.60009765625,4515.2998046875,4498.5,4515.0,2529.0
2026-05-19 10:05:00,4514.7998046875,4517.0,4497.39990234375,4506.5,2024.0
2026-05-19 10:10:00,4506.7001953125,4506.7001953125,4494.10009765625,4495.7001953125,1467.0
2026-05-19 10:15:00,4495.7001953125,4503.5,4494.60009765625,4497.7001953125,993.0
2026-05-19 10:20:00,4497.7998046875,4498.7998046875,4487.2998046875,4489.2001953125,1953.0
2026-05-19 10:25:00,4489.5,4497.2998046875,4487.0,4492.7001953125,1026.0
2026-05-19 10:30:00,4493.0,4501.5,4491.39990234375,4493.10009765625,1739.0
2026-05-19 10:35:00,4493.2998046875,4501.89990234375,4492.39990234375,4493.2001953125,1250.0
2026-05-19 10:40:00,4492.89990234375,4501.0,4491.2001953125,4497.39990234375,899.0
2026-05-19 10:45:00,4497.2998046875,4499.39990234375,4490.89990234375,4493.2001953125,1411.0
2026-05-19 10:50:00,4493.60009765625,4497.7001953125,4489.2001953125,4490.0,625.0
2026-05-19 10:55:00,4490.2998046875,4500.2998046875,4490.10009765625,4496.89990234375,610.0
2026-05-19 11:00:00,4497.89990234375,4503.39990234375,4497.39990234375,4500.10009765625,771.0
2026-05-19 11:05:00,4500.0,4503.39990234375,4492.7998046875,4501.60009765625,694.0
2026-05-19 11:10:00,4501.89990234375,4503.2001953125,4498.7001953125,4502.60009765625,491.0
2026-05-19 11:15:00,4502.2998046875,4508.60009765625,4501.7001953125,4504.10009765625,681.0
2026-05-19 11:20:00,4504.2001953125,4505.7998046875,4497.5,4498.2998046875,913.0
2026-05-19 11:25:00,4498.10009765625,4503.7001953125,4498.10009765625,4503.0,453.0
2026-05-19 11:30:00,4502.0,4511.2998046875,4501.39990234375,4507.0,1120.0
2026-05-19 11:35:00,4506.60009765625,4508.7998046875,4502.2998046875,4506.60009765625,590.0
2026-05-19 11:40:00,4506.2998046875,4508.39990234375,4503.89990234375,4505.5,680.0
2026-05-19 11:45:00,4505.7998046875,4507.2001953125,4503.7001953125,4507.2001953125,194.0
2026-05-19 11:50:00,4507.5,4509.2001953125,4505.2001953125,4506.5,251.0
2026-05-19 11:55:00,4506.7001953125,4512.89990234375,4506.7001953125,4511.7001953125,550.0
2026-05-19 12:00:00,4512.0,4514.0,4508.60009765625,4508.7998046875,957.0
2026-05-19 12:05:00,4508.89990234375,4508.89990234375,4500.7998046875,4502.10009765625,445.0
2026-05-19 12:10:00,4501.39990234375,4504.39990234375,4499.5,4504.39990234375,608.0
2026-05-19 12:15:00,4504.5,4506.2998046875,4501.89990234375,4504.0,285.0
2026-05-19 12:20:00,4504.0,4509.2998046875,4503.89990234375,4509.2001953125,221.0
2026-05-19 12:25:00,4509.39990234375,4515.60009765625,4509.2998046875,4512.2001953125,609.0
2026-05-19 12:30:00,4512.5,4516.0,4510.2998046875,4510.7001953125,388.0
2026-05-19 12:35:00,4511.0,4513.2998046875,4509.2001953125,4512.2001953125,239.0
2026-05-19 12:40:00,4512.10009765625,4512.7998046875,4508.89990234375,4509.10009765625,288.0
2026-05-19 12:45:00,4509.5,4509.7998046875,4508.2001953125,4509.39990234375,310.0
2026-05-19 12:50:00,4509.60009765625,4511.2998046875,4508.2001953125,4509.0,279.0
2026-05-19 12:55:00,4509.10009765625,4512.7998046875,4508.39990234375,4511.2001953125,164.0
2026-05-19 13:00:00,4511.0,4513.2001953125,4509.39990234375,4510.10009765625,539.0
2026-05-19 13:05:00,4510.5,4513.10009765625,4509.39990234375,4511.5,261.0
2026-05-19 13:10:00,4511.5,4514.5,4510.0,4514.10009765625,222.0
2026-05-19 13:15:00,4513.7998046875,4514.60009765625,4511.10009765625,4511.5,398.0
2026-05-19 13:20:00,4511.2998046875,4511.5,4506.7001953125,4507.0,414.0
2026-05-19 13:25:00,4506.89990234375,4512.0,4506.89990234375,4510.5,1406.0
2026-05-19 13:30:00,4510.2998046875,4511.7998046875,4507.2001953125,4507.7001953125,505.0
2026-05-19 13:35:00,4507.60009765625,4510.2001953125,4506.89990234375,4510.2001953125,487.0
2026-05-19 13:40:00,4510.60009765625,4510.60009765625,4506.0,4507.89990234375,280.0
2026-05-19 13:45:00,4508.2001953125,4508.2001953125,4503.7998046875,4504.2998046875,164.0
2026-05-19 13:50:00,4504.39990234375,4505.2998046875,4502.60009765625,4502.7998046875,208.0
2026-05-19 13:55:00,4503.39990234375,4505.0,4502.7998046875,4504.60009765625,98.0
2026-05-19 14:00:00,4504.5,4505.2998046875,4503.39990234375,4504.5,183.0
2026-05-19 14:05:00,4504.7001953125,4507.5,4503.2001953125,4506.7998046875,143.0
2026-05-19 14:10:00,4506.89990234375,4507.0,4504.2001953125,4504.60009765625,95.0
2026-05-19 14:15:00,4504.7001953125,4505.5,4502.7998046875,4503.2001953125,199.0
2026-05-19 14:20:00,4502.7001953125,4503.10009765625,4498.60009765625,4502.10009765625,456.0
2026-05-19 14:25:00,4502.2001953125,4503.5,4499.10009765625,4499.39990234375,153.0
2026-05-19 14:30:00,4499.2998046875,4502.2001953125,4496.5,4501.10009765625,393.0
2026-05-19 14:35:00,4501.2998046875,4503.2998046875,4499.39990234375,4503.2998046875,125.0
2026-05-19 14:40:00,4502.89990234375,4504.0,4501.60009765625,4502.10009765625,119.0
2026-05-19 14:45:00,4501.89990234375,4503.2001953125,4501.2001953125,4502.39990234375,75.0
2026-05-19 14:50:00,4502.89990234375,4502.89990234375,4496.89990234375,4497.2001953125,128.0
2026-05-19 14:55:00,4496.7001953125,4497.7998046875,4493.10009765625,4496.7998046875,358.0
2026-05-19 15:00:00,4496.39990234375,4499.7001953125,4496.2001953125,4496.7998046875,153.0
2026-05-19 15:05:00,4497.10009765625,4499.39990234375,4497.10009765625,4498.7998046875,85.0
2026-05-19 15:10:00,4498.7998046875,4500.7001953125,4498.2001953125,4499.7998046875,122.0
2026-05-19 15:15:00,4500.2001953125,4500.2001953125,4494.60009765625,4495.7998046875,352.0
2026-05-19 15:20:00,4496.0,4496.2001953125,4489.39990234375,4489.7001953125,475.0
2026-05-19 15:25:00,4489.2998046875,4492.2998046875,4488.60009765625,4490.0,251.0
2026-05-19 15:30:00,4490.60009765625,4493.2001953125,4489.7001953125,4489.7998046875,520.0
2026-05-19 15:35:00,4489.89990234375,4492.2998046875,4489.7001953125,4490.7998046875,161.0
2026-05-19 15:40:00,4490.89990234375,4492.0,4489.2998046875,4491.60009765625,120.0
2026-05-19 15:45:00,4491.89990234375,4492.2998046875,4489.39990234375,4489.89990234375,129.0
2026-05-19 15:50:00,4489.7998046875,4490.5,4487.0,4487.2998046875,302.0
2026-05-19 15:55:00,4487.2998046875,4488.0,4484.7998046875,4487.0,740.0
2026-05-19 16:00:00,4486.89990234375,4487.7998046875,4484.2998046875,4486.10009765625,252.0
2026-05-20 09:30:00,4491.7998046875,4495.7998046875,4490.39990234375,4494.0,947.0
2026-05-20 09:35:00,4494.10009765625,4495.7998046875,4487.39990234375,4488.10009765625,1172.0
2026-05-20 09:40:00,4488.2998046875,4493.2001953125,4485.5,4492.7998046875,833.0
2026-05-20 09:45:00,4492.39990234375,4495.2998046875,4488.89990234375,4489.89990234375,781.0
2026-05-20 09:50:00,4489.89990234375,4492.10009765625,4487.5,4488.39990234375,566.0
2026-05-20 09:55:00,4488.5,4489.0,4484.60009765625,4485.7001953125,957.0
2026-05-20 10:00:00,4485.5,4488.10009765625,4483.39990234375,4483.89990234375,1520.0
2026-05-20 10:05:00,4483.7001953125,4484.2001953125,4477.5,4478.39990234375,946.0
2026-05-20 10:10:00,4478.89990234375,4483.2998046875,4469.10009765625,4479.5,2406.0
2026-05-20 10:15:00,4479.39990234375,4507.0,4478.89990234375,4501.7998046875,5929.0
2026-05-20 10:20:00,4501.2001953125,4514.10009765625,4498.7001953125,4505.2001953125,2703.0
2026-05-20 10:25:00,4505.60009765625,4509.7998046875,4501.39990234375,4509.5,1921.0
2026-05-20 10:30:00,4509.89990234375,4531.89990234375,4509.89990234375,4527.60009765625,3057.0
2026-05-20 10:35:00,4527.7998046875,4530.2001953125,4518.10009765625,4526.7998046875,2326.0
2026-05-20 10:40:00,4526.7998046875,4526.7998046875,4520.10009765625,4523.7998046875,1252.0
2026-05-20 10:45:00,4524.0,4527.0,4519.5,4524.89990234375,1086.0
2026-05-20 10:50:00,4525.0,4533.5,4524.2001953125,4533.0,1502.0
2026-05-20 10:55:00,4532.7001953125,4540.5,4532.2998046875,4534.39990234375,1719.0
2026-05-20 11:00:00,4534.7998046875,4539.2001953125,4532.60009765625,4533.7998046875,1374.0
2026-05-20 11:05:00,4533.89990234375,4535.2998046875,4527.10009765625,4529.7001953125,1137.0
2026-05-20 11:10:00,4529.89990234375,4530.2998046875,4526.5,4527.7998046875,700.0
2026-05-20 11:15:00,4528.10009765625,4558.39990234375,4527.7998046875,4546.39990234375,4942.0
2026-05-20 11:20:00,4547.2998046875,4549.10009765625,4539.2998046875,4539.7998046875,1401.0
2026-05-20 11:25:00,4539.39990234375,4540.89990234375,4532.39990234375,4533.0,914.0
2026-05-20 11:30:00,4532.2998046875,4538.60009765625,4531.0,4538.39990234375,738.0
2026-05-20 11:35:00,4538.0,4542.60009765625,4538.0,4541.0,735.0
2026-05-20 11:40:00,4541.2001953125,4542.7998046875,4537.7001953125,4540.2998046875,710.0
2026-05-20 11:45:00,4540.2998046875,4541.10009765625,4538.7001953125,4540.60009765625,425.0
2026-05-20 11:50:00,4540.60009765625,4541.2001953125,4535.7001953125,4536.39990234375,857.0
2026-05-20 11:55:00,4536.39990234375,4537.2998046875,4530.39990234375,4532.10009765625,899.0
2026-05-20 12:00:00,4532.10009765625,4535.60009765625,4531.5,4535.2001953125,521.0
2026-05-20 12:05:00,4535.39990234375,4538.7998046875,4534.39990234375,4536.2001953125,745.0
2026-05-20 12:10:00,4536.7001953125,4538.0,4534.5,4537.0,394.0
2026-05-20 12:15:00,4536.60009765625,4536.60009765625,4532.7001953125,4533.7001953125,301.0
2026-05-20 12:20:00,4534.10009765625,4534.60009765625,4527.60009765625,4529.2998046875,942.0
2026-05-20 12:25:00,4528.60009765625,4530.60009765625,4527.10009765625,4529.2998046875,440.0
2026-05-20 12:30:00,4529.2001953125,4532.7998046875,4527.39990234375,4528.7001953125,526.0
2026-05-20 12:35:00,4528.7998046875,4531.7001953125,4528.2998046875,4531.0,321.0
2026-05-20 12:40:00,4530.7998046875,4537.10009765625,4530.5,4537.0,621.0
2026-05-20 12:45:00,4537.10009765625,4538.10009765625,4533.39990234375,4535.10009765625,590.0
2026-05-20 12:50:00,4535.2001953125,4536.5,4534.0,4535.7998046875,430.0
2026-05-20 12:55:00,4535.60009765625,4538.7998046875,4534.2998046875,4537.5,977.0
2026-05-20 13:00:00,4537.7001953125,4538.2001953125,4534.7998046875,4535.2001953125,448.0
2026-05-20 13:05:00,4535.5,4539.2998046875,4534.2001953125,4539.2998046875,402.0
2026-05-20 13:10:00,4539.10009765625,4542.0,4536.2998046875,4537.7998046875,1295.0
2026-05-20 13:15:00,4537.7998046875,4539.39990234375,4536.5,4538.60009765625,393.0
2026-05-20 13:20:00,4538.7998046875,4540.39990234375,4536.60009765625,4537.2001953125,448.0
2026-05-20 13:25:00,4537.10009765625,4539.60009765625,4534.2001953125,4535.5,1438.0
2026-05-20 13:30:00,4535.7998046875,4538.60009765625,4533.0,4534.10009765625,638.0
2026-05-20 13:35:00,4534.10009765625,4539.7001953125,4533.7998046875,4539.5,532.0
2026-05-20 13:40:00,4539.0,4539.2001953125,4536.2001953125,4536.2001953125,217.0
2026-05-20 13:45:00,4536.2998046875,4538.60009765625,4535.7001953125,4536.60009765625,136.0
2026-05-20 13:50:00,4536.60009765625,4537.60009765625,4535.2998046875,4535.2998046875,308.0
2026-05-20 13:55:00,4535.5,4535.7998046875,4533.5,4535.10009765625,142.0
2026-05-20 14:00:00,4534.60009765625,4536.5,4532.2998046875,4535.89990234375,300.0
2026-05-20 14:05:00,4535.60009765625,4537.2998046875,4533.89990234375,4536.2001953125,149.0
2026-05-20 14:10:00,4536.39990234375,4537.7001953125,4535.60009765625,4536.39990234375,132.0
2026-05-20 14:15:00,4536.39990234375,4540.0,4536.39990234375,4539.60009765625,237.0
2026-05-20 14:20:00,4539.39990234375,4539.89990234375,4535.89990234375,4537.10009765625,171.0
2026-05-20 14:25:00,4536.7998046875,4538.60009765625,4535.2001953125,4538.60009765625,229.0
2026-05-20 14:30:00,4538.60009765625,4543.2001953125,4538.39990234375,4543.2001953125,1030.0
2026-05-20 14:35:00,4543.2998046875,4546.89990234375,4543.2001953125,4546.39990234375,426.0
2026-05-20 14:40:00,4546.39990234375,4546.7998046875,4540.5,4540.7001953125,271.0
2026-05-20 14:45:00,4540.39990234375,4544.10009765625,4540.39990234375,4543.10009765625,115.0
2026-05-20 14:50:00,4543.5,4546.7001953125,4542.5,4545.39990234375,95.0
2026-05-20 14:55:00,4545.60009765625,4548.5,4545.2001953125,4545.60009765625,388.0
2026-05-20 15:00:00,4545.7998046875,4548.0,4545.5,4545.89990234375,190.0
2026-05-20 15:05:00,4545.7001953125,4547.10009765625,4544.89990234375,4546.5,104.0
2026-05-20 15:10:00,4546.2998046875,4548.5,4546.10009765625,4546.7998046875,163.0
2026-05-20 15:15:00,4547.2998046875,4548.7998046875,4546.60009765625,4548.7998046875,254.0
2026-05-20 15:20:00,4549.0,4549.2998046875,4546.7001953125,4547.39990234375,175.0
2026-05-20 15:25:00,4547.5,4548.7001953125,4546.89990234375,4548.10009765625,166.0
2026-05-20 15:30:00,4548.2998046875,4550.60009765625,4548.2001953125,4548.60009765625,256.0
2026-05-20 15:35:00,4548.7998046875,4553.7998046875,4548.2998046875,4551.39990234375,530.0
2026-05-20 15:40:00,4551.2001953125,4552.5,4547.60009765625,4549.5,390.0
2026-05-20 15:45:00,4549.7001953125,4550.7001953125,4548.5,4549.2001953125,270.0
2026-05-20 15:50:00,4549.10009765625,4551.2998046875,4548.10009765625,4550.60009765625,357.0
2026-05-20 15:55:00,4550.60009765625,4551.2998046875,4547.89990234375,4548.10009765625,589.0
2026-05-20 16:00:00,4548.39990234375,4550.7001953125,4548.39990234375,4549.60009765625,256.0
2026-05-21 09:30:00,4502.2001953125,4502.2998046875,4490.2001953125,4494.60009765625,1787.0
2026-05-21 09:35:00,4495.0,4497.2001953125,4488.2998046875,4492.89990234375,1058.0
2026-05-21 09:40:00,4493.0,4503.5,4492.5,4498.7001953125,1595.0
2026-05-21 09:45:00,4498.39990234375,4504.5,4495.60009765625,4500.7001953125,1195.0
2026-05-21 09:50:00,4500.7001953125,4522.2998046875,4500.10009765625,4519.5,2180.0
2026-05-21 09:55:00,4519.10009765625,4522.10009765625,4512.7001953125,4513.7001953125,1228.0
2026-05-21 10:00:00,4514.10009765625,4516.7001953125,4506.7998046875,4508.60009765625,5975.0
2026-05-21 10:05:00,4509.0,4511.89990234375,4504.10009765625,4506.7998046875,1011.0
2026-05-21 10:10:00,4506.7998046875,4511.5,4505.10009765625,4509.5,2718.0
2026-05-21 10:15:00,4509.7998046875,4510.7998046875,4499.89990234375,4503.2001953125,1323.0
2026-05-21 10:20:00,4503.2998046875,4505.2998046875,4499.2001953125,4503.2001953125,759.0
2026-05-21 10:25:00,4503.7998046875,4510.39990234375,4502.60009765625,4508.89990234375,1669.0
2026-05-21 10:30:00,4508.89990234375,4511.7998046875,4506.39990234375,4508.7998046875,882.0
2026-05-21 10:35:00,4508.5,4512.7001953125,4508.10009765625,4510.2998046875,1467.0
2026-05-21 10:40:00,4510.0,4510.60009765625,4503.89990234375,4506.10009765625,1449.0
2026-05-21 10:45:00,4506.5,4511.10009765625,4503.10009765625,4505.39990234375,1061.0
2026-05-21 10:50:00,4506.2001953125,4511.10009765625,4503.39990234375,4510.5,1490.0
2026-05-21 10:55:00,4510.7001953125,4512.0,4508.60009765625,4510.0,2270.0
2026-05-21 11:00:00,4510.5,4511.7001953125,4504.39990234375,4505.89990234375,612.0
2026-05-21 11:05:00,4506.2001953125,4506.2998046875,4498.0,4502.5,766.0
2026-05-21 11:10:00,4502.7001953125,4517.0,4500.7001953125,4511.2998046875,1314.0
2026-05-21 11:15:00,4511.7001953125,4513.10009765625,4508.60009765625,4509.7998046875,2076.0
2026-05-21 11:20:00,4509.60009765625,4511.39990234375,4504.60009765625,4505.5,1906.0
2026-05-21 11:25:00,4505.39990234375,4506.60009765625,4503.2001953125,4504.60009765625,1106.0
2026-05-21 11:30:00,4504.39990234375,4510.0,4503.7001953125,4508.89990234375,1406.0
2026-05-21 11:35:00,4508.7001953125,4511.10009765625,4507.89990234375,4510.7001953125,1639.0
2026-05-21 11:40:00,4510.2998046875,4510.7998046875,4507.7998046875,4508.10009765625,958.0
2026-05-21 11:45:00,4508.39990234375,4511.7998046875,4508.10009765625,4511.7998046875,353.0
2026-05-21 11:50:00,4512.0,4513.89990234375,4510.89990234375,4512.2001953125,804.0
2026-05-21 11:55:00,4512.0,4513.89990234375,4510.7001953125,4513.0,773.0
2026-05-21 12:00:00,4513.2001953125,4521.0,4513.10009765625,4516.7998046875,921.0
2026-05-21 12:05:00,4517.2998046875,4522.39990234375,4516.5,4521.39990234375,864.0
2026-05-21 12:10:00,4521.60009765625,4521.60009765625,4515.7998046875,4518.60009765625,606.0
2026-05-21 12:15:00,4518.7001953125,4520.0,4515.7998046875,4520.0,931.0
2026-05-21 12:20:00,4519.89990234375,4520.0,4516.7998046875,4518.2998046875,318.0
2026-05-21 12:25:00,4518.89990234375,4519.0,4517.2998046875,4517.7998046875,1955.0
2026-05-21 12:30:00,4517.7001953125,4520.2001953125,4517.5,4519.39990234375,379.0
2026-05-21 12:35:00,4519.2001953125,4520.7001953125,4517.2001953125,4517.7998046875,255.0
2026-05-21 12:40:00,4518.2001953125,4519.5,4516.7998046875,4519.2998046875,264.0
2026-05-21 12:45:00,4519.2001953125,4521.89990234375,4518.2998046875,4518.5,340.0
2026-05-21 12:50:00,4518.5,4520.0,4517.5,4518.60009765625,242.0
2026-05-21 12:55:00,4518.39990234375,4520.7001953125,4518.0,4520.7001953125,299.0
2026-05-21 13:00:00,4521.0,4523.7998046875,4517.10009765625,4517.2001953125,666.0
2026-05-21 13:05:00,4517.2998046875,4519.39990234375,4515.0,4519.10009765625,516.0
2026-05-21 13:10:00,4519.0,4533.0,4519.0,4527.7001953125,2038.0
2026-05-21 13:15:00,4527.7001953125,4542.39990234375,4527.60009765625,4536.60009765625,2156.0
2026-05-21 13:20:00,4537.2001953125,4548.10009765625,4534.89990234375,4538.2001953125,1701.0
2026-05-21 13:25:00,4538.60009765625,4543.89990234375,4537.2001953125,4543.39990234375,2570.0
2026-05-21 13:30:00,4543.2998046875,4550.89990234375,4540.2998046875,4544.2001953125,1394.0
2026-05-21 13:35:00,4544.2998046875,4546.7001953125,4543.60009765625,4544.2998046875,1061.0
2026-05-21 13:40:00,4544.10009765625,4550.10009765625,4544.10009765625,4550.0,1587.0
2026-05-21 13:45:00,4550.39990234375,4555.2001953125,4546.5,4555.10009765625,992.0
2026-05-21 13:50:00,4555.2998046875,4559.60009765625,4553.39990234375,4558.7998046875,954.0
2026-05-21 13:55:00,4559.0,4561.2001953125,4552.89990234375,4553.10009765625,524.0
2026-05-21 14:00:00,4553.0,4557.7998046875,4545.60009765625,4546.2001953125,740.0
2026-05-21 14:05:00,4546.0,4551.39990234375,4544.5,4550.2998046875,572.0
2026-05-21 14:10:00,4550.39990234375,4550.89990234375,4546.0,4547.2001953125,484.0
2026-05-21 14:15:00,4547.2998046875,4551.2001953125,4545.89990234375,4551.2001953125,264.0
2026-05-21 14:20:00,4550.60009765625,4552.2998046875,4548.10009765625,4551.89990234375,370.0
2026-05-21 14:25:00,4551.7998046875,4552.10009765625,4548.60009765625,4549.89990234375,170.0
2026-05-21 14:30:00,4549.7001953125,4551.10009765625,4546.7001953125,4547.60009765625,187.0
2026-05-21 14:35:00,4547.89990234375,4548.10009765625,4544.2001953125,4545.0,150.0
2026-05-21 14:40:00,4545.10009765625,4548.60009765625,4544.39990234375,4547.0,470.0
2026-05-21 14:45:00,4546.60009765625,4547.5,4535.0,4539.5,849.0
2026-05-21 14:50:00,4539.7001953125,4542.89990234375,4528.89990234375,4528.89990234375,807.0
2026-05-21 14:55:00,4528.7998046875,4533.7001953125,4528.60009765625,4533.7001953125,511.0
2026-05-21 15:00:00,4533.39990234375,4538.60009765625,4532.7998046875,4537.2001953125,284.0
2026-05-21 15:05:00,4537.0,4538.60009765625,4531.2998046875,4538.2001953125,322.0
2026-05-21 15:10:00,4537.7998046875,4539.39990234375,4535.7998046875,4538.7998046875,179.0
2026-05-21 15:15:00,4539.5,4542.7001953125,4539.2001953125,4542.7001953125,201.0
2026-05-21 15:20:00,4542.7001953125,4543.5,4540.39990234375,4540.60009765625,227.0
2026-05-21 15:25:00,4541.10009765625,4541.7001953125,4539.0,4540.2001953125,141.0
2026-05-21 15:30:00,4540.10009765625,4542.2001953125,4539.7998046875,4540.5,124.0
2026-05-21 15:35:00,4540.60009765625,4543.60009765625,4540.2998046875,4543.5,122.0
2026-05-21 15:40:00,4543.5,4544.39990234375,4540.2998046875,4540.2998046875,170.0
2026-05-21 15:45:00,4540.5,4543.5,4540.0,4542.60009765625,247.0
2026-05-21 15:50:00,4542.7001953125,4544.39990234375,4535.5,4537.39990234375,393.0
2026-05-21 15:55:00,4537.2001953125,4545.0,4536.5,4544.10009765625,766.0
2026-05-21 16:00:00,4543.89990234375,4545.0,4542.2001953125,4542.89990234375,372.0
2026-05-22 09:30:00,4522.60009765625,4528.10009765625,4520.0,4523.5,851.0
2026-05-22 09:35:00,4523.2001953125,4525.2998046875,4519.2001953125,4520.2998046875,963.0
2026-05-22 09:40:00,4520.89990234375,4521.0,4511.2001953125,4518.39990234375,1823.0
2026-05-22 09:45:00,4518.0,4519.7001953125,4510.2998046875,4511.60009765625,857.0
2026-05-22 09:50:00,4511.39990234375,4518.5,4510.0,4517.60009765625,793.0
2026-05-22 09:55:00,4517.39990234375,4517.39990234375,4512.0,4514.5,796.0
2026-05-22 10:00:00,4514.5,4515.0,4503.2001953125,4508.10009765625,1969.0
2026-05-22 10:05:00,4508.0,4511.7998046875,4504.89990234375,4510.60009765625,1012.0
2026-05-22 10:10:00,4510.7001953125,4511.7001953125,4488.0,4498.0,2375.0
2026-05-22 10:15:00,4497.7998046875,4501.39990234375,4492.89990234375,4498.2998046875,1478.0
2026-05-22 10:20:00,4498.7001953125,4500.0,4488.89990234375,4495.0,1289.0
2026-05-22 10:25:00,4494.7998046875,4500.60009765625,4491.7998046875,4499.10009765625,1027.0
2026-05-22 10:30:00,4499.7001953125,4502.89990234375,4497.7998046875,4501.10009765625,1150.0
2026-05-22 10:35:00,4501.2998046875,4505.5,4498.2001953125,4500.7998046875,767.0
2026-05-22 10:40:00,4500.7998046875,4507.39990234375,4500.60009765625,4505.10009765625,1662.0
2026-05-22 10:45:00,4504.89990234375,4508.2998046875,4504.7998046875,4505.0,619.0
2026-05-22 10:50:00,4504.7001953125,4505.7001953125,4502.2998046875,4504.5,704.0
2026-05-22 10:55:00,4504.2998046875,4504.7001953125,4501.2001953125,4501.39990234375,910.0
2026-05-22 11:00:00,4501.60009765625,4506.89990234375,4501.0,4506.5,424.0
2026-05-22 11:05:00,4506.10009765625,4512.2998046875,4506.10009765625,4511.89990234375,780.0
2026-05-22 11:10:00,4511.60009765625,4512.7998046875,4510.39990234375,4511.60009765625,394.0
2026-05-22 11:15:00,4512.0,4517.39990234375,4511.60009765625,4516.5,932.0
2026-05-22 11:20:00,4516.60009765625,4516.60009765625,4514.10009765625,4514.7998046875,523.0
2026-05-22 11:25:00,4514.2001953125,4519.89990234375,4514.2001953125,4519.89990234375,880.0
2026-05-22 11:30:00,4520.0,4522.89990234375,4518.7001953125,4520.0,693.0
2026-05-22 11:35:00,4519.7998046875,4522.5,4519.0,4521.2998046875,440.0
2026-05-22 11:40:00,4521.5,4522.0,4518.0,4518.7998046875,525.0
2026-05-22 11:45:00,4519.2001953125,4520.7001953125,4515.39990234375,4515.7001953125,593.0
2026-05-22 11:50:00,4515.89990234375,4519.0,4515.5,4517.60009765625,758.0
2026-05-22 11:55:00,4518.10009765625,4523.2001953125,4518.10009765625,4521.0,995.0
2026-05-22 12:00:00,4521.2998046875,4521.60009765625,4517.89990234375,4520.0,580.0
2026-05-22 12:05:00,4520.0,4520.7001953125,4517.89990234375,4518.89990234375,425.0
2026-05-22 12:10:00,4518.89990234375,4521.0,4518.60009765625,4520.39990234375,514.0
2026-05-22 12:15:00,4520.2998046875,4520.2998046875,4517.7001953125,4518.0,474.0
2026-05-22 12:20:00,4518.2998046875,4521.7001953125,4518.2998046875,4521.39990234375,243.0
2026-05-22 12:25:00,4521.60009765625,4526.0,4521.39990234375,4525.39990234375,722.0
2026-05-22 12:30:00,4525.10009765625,4528.39990234375,4523.10009765625,4523.60009765625,392.0
2026-05-22 12:35:00,4523.7001953125,4524.2001953125,4519.7998046875,4521.10009765625,440.0
2026-05-22 12:40:00,4521.10009765625,4521.10009765625,4512.7998046875,4516.0,718.0
2026-05-22 12:45:00,4515.89990234375,4519.5,4514.10009765625,4515.0,496.0
2026-05-22 12:50:00,4515.10009765625,4516.2001953125,4513.60009765625,4515.5,295.0
2026-05-22 12:55:00,4515.2001953125,4516.5,4513.60009765625,4516.2998046875,416.0
2026-05-22 13:00:00,4516.5,4520.7998046875,4516.2001953125,4520.5,608.0
2026-05-22 13:05:00,4520.10009765625,4522.0,4519.5,4521.7001953125,299.0
2026-05-22 13:10:00,4522.0,4522.89990234375,4520.5,4520.7998046875,553.0
2026-05-22 13:15:00,4520.7998046875,4521.7998046875,4516.0,4516.39990234375,515.0
2026-05-22 13:20:00,4516.7001953125,4518.60009765625,4514.5,4517.7001953125,612.0
2026-05-22 13:25:00,4517.7998046875,4527.60009765625,4517.10009765625,4526.89990234375,2576.0
2026-05-22 13:30:00,4526.7998046875,4529.89990234375,4521.39990234375,4521.5,1060.0
2026-05-22 13:35:00,4521.7998046875,4525.7998046875,4521.10009765625,4525.0,358.0
2026-05-22 13:40:00,4524.7998046875,4525.7998046875,4523.39990234375,4523.39990234375,319.0
2026-05-22 13:45:00,4523.89990234375,4524.2001953125,4522.10009765625,4523.39990234375,112.0
2026-05-22 13:50:00,4523.2001953125,4523.5,4520.5,4521.2001953125,177.0
2026-05-22 13:55:00,4521.39990234375,4523.2998046875,4520.10009765625,4520.2001953125,152.0
2026-05-22 14:00:00,4520.5,4521.0,4513.5,4517.2998046875,610.0
2026-05-22 14:05:00,4517.39990234375,4518.89990234375,4515.60009765625,4517.10009765625,230.0
2026-05-22 14:10:00,4517.0,4517.0,4514.5,4515.7001953125,186.0
2026-05-22 14:15:00,4515.39990234375,4518.0,4514.0,4516.7001953125,315.0
2026-05-22 14:20:00,4516.89990234375,4519.60009765625,4516.7001953125,4518.5,189.0
2026-05-22 14:25:00,4518.2001953125,4519.60009765625,4517.0,4517.2001953125,139.0
2026-05-22 14:30:00,4517.0,4518.7998046875,4515.7001953125,4518.7998046875,137.0
2026-05-22 14:35:00,4518.7001953125,4522.7001953125,4516.7001953125,4520.7001953125,658.0
2026-05-22 14:40:00,4520.39990234375,4520.5,4516.39990234375,4516.7998046875,119.0
2026-05-22 14:45:00,4517.2001953125,4517.7001953125,4514.60009765625,4514.7001953125,152.0
2026-05-22 14:50:00,4514.7001953125,4517.89990234375,4514.7001953125,4517.39990234375,114.0
2026-05-22 14:55:00,4517.39990234375,4517.7998046875,4515.10009765625,4517.0,559.0
2026-05-22 15:00:00,4516.89990234375,4517.7001953125,4511.10009765625,4512.5,641.0
2026-05-22 15:05:00,4512.7998046875,4513.0,4509.60009765625,4510.7001953125,278.0
2026-05-22 15:10:00,4510.39990234375,4512.39990234375,4508.7001953125,4509.0,272.0
2026-05-22 15:15:00,4509.0,4511.0,4508.89990234375,4510.89990234375,138.0
2026-05-22 15:20:00,4510.60009765625,4510.7001953125,4508.89990234375,4509.2998046875,142.0
2026-05-22 15:25:00,4509.7001953125,4510.5,4508.0,4508.7001953125,132.0
2026-05-22 15:30:00,4509.10009765625,4510.2998046875,4505.60009765625,4509.89990234375,474.0
2026-05-22 15:35:00,4509.7001953125,4511.7001953125,4509.0,4511.0,529.0
2026-05-22 15:40:00,4511.0,4512.60009765625,4510.7001953125,4511.39990234375,221.0
2026-05-22 15:45:00,4511.2998046875,4511.5,4508.7998046875,4509.10009765625,194.0
2026-05-22 15:50:00,4509.0,4509.89990234375,4508.2998046875,4509.2001953125,408.0
2026-05-22 15:55:00,4509.2001953125,4511.2001953125,4509.10009765625,4510.0,288.0
2026-05-22 16:00:00,4510.10009765625,4510.89990234375,4505.89990234375,4507.7998046875,284.0
2026-05-26 09:30:00,4523.0,4528.7001953125,4522.60009765625,4523.10009765625,1192.0
2026-05-26 09:35:00,4523.10009765625,4529.60009765625,4521.5,4525.2001953125,1669.0
2026-05-26 09:40:00,4525.10009765625,4532.2998046875,4525.0,4528.0,1591.0
2026-05-26 09:45:00,4528.10009765625,4530.10009765625,4526.0,4526.7998046875,1827.0
2026-05-26 09:50:00,4526.7998046875,4527.10009765625,4512.60009765625,4515.89990234375,2369.0
2026-05-26 09:55:00,4516.89990234375,4518.2998046875,4512.7998046875,4514.60009765625,1941.0
2026-05-26 10:00:00,4515.10009765625,4518.7001953125,4511.39990234375,4518.2001953125,1696.0
2026-05-26 10:05:00,4517.89990234375,4521.2998046875,4515.7001953125,4516.2998046875,1333.0
2026-05-26 10:10:00,4516.2998046875,4516.2998046875,4508.2998046875,4511.2001953125,1038.0
2026-05-26 10:15:00,4511.2998046875,4515.39990234375,4509.2001953125,4514.89990234375,5093.0
2026-05-26 10:20:00,4515.10009765625,4518.7998046875,4513.2001953125,4516.60009765625,757.0
2026-05-26 10:25:00,4516.7998046875,4518.39990234375,4515.60009765625,4518.10009765625,1608.0
2026-05-26 10:30:00,4518.10009765625,4522.39990234375,4517.2001953125,4518.10009765625,1293.0
2026-05-26 10:35:00,4518.2998046875,4525.60009765625,4518.2998046875,4523.10009765625,1122.0
2026-05-26 10:40:00,4523.2001953125,4524.5,4520.2001953125,4522.0,550.0
2026-05-26 10:45:00,4521.89990234375,4522.89990234375,4518.89990234375,4519.89990234375,715.0
2026-05-26 10:50:00,4519.7001953125,4520.0,4516.10009765625,4516.2998046875,657.0
2026-05-26 10:55:00,4516.2001953125,4516.7001953125,4512.89990234375,4515.60009765625,845.0
2026-05-26 11:00:00,4515.60009765625,4515.7998046875,4508.39990234375,4511.7001953125,1091.0
2026-05-26 11:05:00,4511.5,4514.7998046875,4509.2001953125,4511.10009765625,1005.0
2026-05-26 11:10:00,4511.10009765625,4513.0,4509.2001953125,4509.7001953125,652.0
2026-05-26 11:15:00,4509.60009765625,4511.2001953125,4505.60009765625,4508.2998046875,1106.0
2026-05-26 11:20:00,4508.39990234375,4509.0,4505.2001953125,4506.5,1508.0
2026-05-26 11:25:00,4506.2998046875,4508.89990234375,4505.2998046875,4506.2001953125,1451.0
2026-05-26 11:30:00,4506.7001953125,4509.5,4503.5,4505.7998046875,1169.0
2026-05-26 11:35:00,4505.5,4508.39990234375,4502.5,4507.7001953125,1003.0
2026-05-26 11:40:00,4507.89990234375,4509.2998046875,4506.5,4508.7001953125,1219.0
2026-05-26 11:45:00,4508.5,4509.7998046875,4506.7001953125,4507.0,644.0
2026-05-26 11:50:00,4506.7001953125,4511.2998046875,4506.2998046875,4510.10009765625,1691.0
2026-05-26 11:55:00,4509.7001953125,4509.7998046875,4506.2001953125,4506.7001953125,933.0
2026-05-26 12:00:00,4506.5,4508.60009765625,4505.60009765625,4506.2998046875,577.0
2026-05-26 12:05:00,4506.2001953125,4506.5,4502.60009765625,4503.2001953125,557.0
2026-05-26 12:10:00,4503.0,4504.2998046875,4499.2998046875,4502.0,798.0
2026-05-26 12:15:00,4501.7998046875,4506.10009765625,4499.60009765625,4505.5,927.0
2026-05-26 12:20:00,4505.60009765625,4506.7998046875,4502.7001953125,4506.7001953125,758.0
2026-05-26 12:25:00,4506.39990234375,4509.39990234375,4506.0,4508.60009765625,432.0
2026-05-26 12:30:00,4508.7001953125,4512.0,4507.7998046875,4510.10009765625,879.0
2026-05-26 12:35:00,4510.5,4511.2998046875,4508.60009765625,4508.89990234375,795.0
2026-05-26 12:40:00,4508.7998046875,4509.2001953125,4506.5,4506.89990234375,365.0
2026-05-26 12:45:00,4506.89990234375,4508.2001953125,4503.39990234375,4503.39990234375,694.0
2026-05-26 12:50:00,4503.2998046875,4506.10009765625,4503.10009765625,4505.2998046875,460.0
2026-05-26 12:55:00,4505.60009765625,4506.10009765625,4504.7001953125,4505.2001953125,330.0
2026-05-26 13:00:00,4504.89990234375,4507.89990234375,4504.7001953125,4505.7998046875,361.0
2026-05-26 13:05:00,4506.2001953125,4506.2001953125,4503.5,4504.5,358.0
2026-05-26 13:10:00,4504.7001953125,4505.2001953125,4503.7001953125,4503.7998046875,245.0
2026-05-26 13:15:00,4503.7998046875,4504.89990234375,4503.39990234375,4504.5,317.0
2026-05-26 13:20:00,4504.39990234375,4506.89990234375,4504.2001953125,4506.89990234375,446.0
2026-05-26 13:25:00,4507.0,4508.89990234375,4500.7001953125,4501.39990234375,8572.0
2026-05-26 13:30:00,4501.60009765625,4502.0,4498.10009765625,4500.39990234375,3756.0
2026-05-26 13:35:00,4500.2998046875,4501.2998046875,4495.0,4499.10009765625,1294.0
2026-05-26 13:40:00,4499.10009765625,4499.60009765625,4494.60009765625,4498.5,1709.0
2026-05-26 13:45:00,4498.39990234375,4501.0,4498.39990234375,4500.2998046875,868.0
2026-05-26 13:50:00,4500.60009765625,4501.10009765625,4494.60009765625,4496.2998046875,852.0
2026-05-26 13:55:00,4496.0,4496.89990234375,4487.39990234375,4490.0,2158.0
2026-05-26 14:00:00,4490.0,4492.7998046875,4483.7001953125,4487.0,1954.0
2026-05-26 14:05:00,4486.89990234375,4488.2001953125,4480.0,4487.89990234375,1294.0
2026-05-26 14:10:00,4488.0,4490.5,4483.39990234375,4486.60009765625,680.0
2026-05-26 14:15:00,4486.39990234375,4490.5,4485.7001953125,4489.7998046875,526.0
2026-05-26 14:20:00,4490.10009765625,4492.5,4489.60009765625,4491.89990234375,677.0
2026-05-26 14:25:00,4491.7001953125,4495.60009765625,4491.39990234375,4495.10009765625,419.0
2026-05-26 14:30:00,4494.60009765625,4497.89990234375,4493.7001953125,4496.89990234375,269.0
2026-05-26 14:35:00,4496.60009765625,4496.7001953125,4494.60009765625,4496.0,178.0
2026-05-26 14:40:00,4495.89990234375,4496.0,4494.7001953125,4495.60009765625,126.0
2026-05-26 14:45:00,4495.5,4498.0,4495.5,4497.39990234375,142.0
2026-05-26 14:50:00,4497.2998046875,4499.2001953125,4496.7998046875,4498.2001953125,366.0
2026-05-26 14:55:00,4498.39990234375,4499.0,4497.60009765625,4498.7001953125,333.0
2026-05-26 15:00:00,4499.0,4500.7001953125,4497.2001953125,4499.2998046875,297.0
2026-05-26 15:05:00,4499.89990234375,4500.10009765625,4498.2001953125,4500.10009765625,133.0
2026-05-26 15:10:00,4499.89990234375,4500.7001953125,4498.60009765625,4499.2998046875,197.0
2026-05-26 15:15:00,4499.2001953125,4505.0,4499.0,4502.10009765625,616.0
2026-05-26 15:20:00,4502.10009765625,4504.2001953125,4501.7998046875,4502.7998046875,316.0
2026-05-26 15:25:00,4503.0,4503.2998046875,4500.7001953125,4502.10009765625,301.0
2026-05-26 15:30:00,4502.0,4503.5,4500.39990234375,4503.2998046875,257.0
2026-05-26 15:35:00,4503.39990234375,4504.2998046875,4502.7001953125,4503.39990234375,533.0
2026-05-26 15:40:00,4503.60009765625,4505.7001953125,4503.5,4504.39990234375,339.0
2026-05-26 15:45:00,4504.7001953125,4507.7998046875,4503.7001953125,4507.2001953125,344.0
2026-05-26 15:50:00,4507.39990234375,4508.0,4505.60009765625,4505.7998046875,220.0
2026-05-26 15:55:00,4505.7998046875,4509.7998046875,4505.60009765625,4508.7001953125,1163.0
2026-05-26 16:00:00,4509.0,4511.7998046875,4507.10009765625,4507.39990234375,455.0
2026-05-27 09:30:00,4433.89990234375,4454.89990234375,4432.89990234375,4454.39990234375,3673.0
2026-05-27 09:35:00,4453.89990234375,4456.2998046875,4442.7998046875,4448.7998046875,2608.0
2026-05-27 09:40:00,4448.7998046875,4454.10009765625,4446.89990234375,4450.0,2260.0
2026-05-27 09:45:00,4450.2001953125,4459.2998046875,4449.10009765625,4451.60009765625,2979.0
2026-05-27 09:50:00,4451.2998046875,4465.39990234375,4450.39990234375,4456.60009765625,2473.0
2026-05-27 09:55:00,4456.60009765625,4459.2998046875,4454.60009765625,4458.2001953125,1935.0
2026-05-27 10:00:00,4458.10009765625,4469.7001953125,4457.0,4469.5,2274.0
2026-05-27 10:05:00,4469.60009765625,4479.7998046875,4468.0,4475.5,3042.0
2026-05-27 10:10:00,4475.7998046875,4487.2001953125,4474.39990234375,4479.0,2372.0
2026-05-27 10:15:00,4479.60009765625,4483.2001953125,4478.10009765625,4482.5,1298.0
2026-05-27 10:20:00,4482.2998046875,4486.7998046875,4474.2998046875,4475.5,2003.0
2026-05-27 10:25:00,4475.5,4477.60009765625,4471.39990234375,4476.89990234375,1051.0
2026-05-27 10:30:00,4476.7998046875,4480.60009765625,4466.60009765625,4472.2998046875,3042.0
2026-05-27 10:35:00,4472.2998046875,4476.7998046875,4471.2001953125,4475.5,1118.0
2026-05-27 10:40:00,4475.89990234375,4476.7001953125,4471.39990234375,4474.5,689.0
2026-05-27 10:45:00,4474.5,4477.7001953125,4469.39990234375,4469.39990234375,1224.0
2026-05-27 10:50:00,4469.7001953125,4471.2998046875,4468.0,4471.2998046875,961.0
2026-05-27 10:55:00,4471.10009765625,4471.10009765625,4464.60009765625,4465.60009765625,1236.0
2026-05-27 11:00:00,4465.39990234375,4470.10009765625,4461.5,4467.7998046875,1886.0
2026-05-27 11:05:00,4467.89990234375,4468.5,4460.0,4461.0,1389.0
2026-05-27 11:10:00,4460.7001953125,4463.7998046875,4459.5,4463.39990234375,1582.0
2026-05-27 11:15:00,4463.2998046875,4464.39990234375,4461.10009765625,4462.2998046875,728.0
2026-05-27 11:20:00,4462.2001953125,4465.5,4461.2001953125,4465.0,623.0
2026-05-27 11:25:00,4465.10009765625,4467.60009765625,4464.0,4467.60009765625,1149.0
2026-05-27 11:30:00,4467.7001953125,4473.0,4467.39990234375,4470.10009765625,1023.0
2026-05-27 11:35:00,4470.0,4472.2001953125,4469.0,4472.2001953125,487.0
2026-05-27 11:40:00,4472.2001953125,4472.5,4464.60009765625,4465.7001953125,1352.0
2026-05-27 11:45:00,4465.7998046875,4470.10009765625,4462.7001953125,4464.10009765625,627.0
2026-05-27 11:50:00,4464.5,4466.39990234375,4462.2998046875,4465.5,687.0
2026-05-27 11:55:00,4465.5,4468.7001953125,4464.2001953125,4468.0,409.0
2026-05-27 12:00:00,4468.10009765625,4473.5,4466.39990234375,4469.10009765625,1228.0
2026-05-27 12:05:00,4468.89990234375,4469.60009765625,4465.60009765625,4468.5,968.0
2026-05-27 12:10:00,4468.7998046875,4472.5,4468.2001953125,4471.7001953125,636.0
2026-05-27 12:15:00,4472.0,4474.7998046875,4471.39990234375,4473.39990234375,611.0
2026-05-27 12:20:00,4473.5,4476.0,4473.2998046875,4475.7998046875,568.0
2026-05-27 12:25:00,4475.7998046875,4479.2001953125,4475.2001953125,4478.2998046875,827.0
2026-05-27 12:30:00,4478.10009765625,4480.89990234375,4476.5,4480.0,682.0
2026-05-27 12:35:00,4479.7998046875,4482.7001953125,4479.7998046875,4481.2998046875,551.0
2026-05-27 12:40:00,4481.5,4485.39990234375,4481.2001953125,4482.2998046875,881.0
2026-05-27 12:45:00,4482.2001953125,4484.39990234375,4480.7001953125,4483.7998046875,728.0
2026-05-27 12:50:00,4483.60009765625,4484.89990234375,4481.7001953125,4482.39990234375,794.0
2026-05-27 12:55:00,4482.0,4483.60009765625,4480.89990234375,4482.39990234375,745.0
2026-05-27 13:00:00,4482.39990234375,4482.7001953125,4478.60009765625,4480.60009765625,844.0
2026-05-27 13:05:00,4480.7001953125,4483.39990234375,4473.60009765625,4474.2998046875,826.0
2026-05-27 13:10:00,4474.39990234375,4476.89990234375,4472.7001953125,4475.39990234375,780.0
2026-05-27 13:15:00,4475.89990234375,4478.60009765625,4474.7001953125,4477.89990234375,473.0
2026-05-27 13:20:00,4477.89990234375,4479.60009765625,4477.2001953125,4478.0,824.0
2026-05-27 13:25:00,4478.0,4482.7998046875,4476.7998046875,4481.2001953125,1612.0
2026-05-27 13:30:00,4481.5,4484.7998046875,4481.5,4483.60009765625,1313.0
2026-05-27 13:35:00,4483.7998046875,4485.89990234375,4482.7001953125,4482.7001953125,1678.0
2026-05-27 13:40:00,4482.5,4483.7998046875,4481.89990234375,4482.10009765625,333.0
2026-05-27 13:45:00,4482.39990234375,4483.2001953125,4481.5,4482.5,290.0
2026-05-27 13:50:00,4482.7001953125,4485.60009765625,4482.39990234375,4484.60009765625,561.0
2026-05-27 13:55:00,4484.60009765625,4485.7001953125,4481.89990234375,4481.89990234375,309.0
2026-05-27 14:00:00,4481.60009765625,4483.60009765625,4480.5,4481.0,350.0
2026-05-27 14:05:00,4480.7998046875,4481.5,4479.0,4479.2998046875,218.0
2026-05-27 14:10:00,4479.60009765625,4481.39990234375,4479.39990234375,4481.39990234375,234.0
2026-05-27 14:15:00,4481.5,4484.7998046875,4481.2998046875,4484.2001953125,317.0
2026-05-27 14:20:00,4484.10009765625,4490.0,4484.0,4486.39990234375,597.0
2026-05-27 14:25:00,4486.60009765625,4487.5,4485.89990234375,4487.2998046875,168.0
2026-05-27 14:30:00,4487.10009765625,4488.0,4483.7001953125,4484.2998046875,231.0
2026-05-27 14:35:00,4484.2998046875,4484.7001953125,4482.89990234375,4484.39990234375,193.0
2026-05-27 14:40:00,4484.5,4485.60009765625,4484.39990234375,4484.7001953125,337.0
2026-05-27 14:45:00,4484.39990234375,4485.0,4484.10009765625,4484.7998046875,85.0
2026-05-27 14:50:00,4485.0,4485.2001953125,4483.60009765625,4484.2001953125,98.0
2026-05-27 14:55:00,4484.0,4486.89990234375,4483.7001953125,4485.89990234375,113.0
2026-05-27 15:00:00,4486.0,4486.2998046875,4483.5,4483.5,120.0
2026-05-27 15:05:00,4483.5,4484.7998046875,4483.5,4484.2001953125,129.0
2026-05-27 15:10:00,4484.39990234375,4484.39990234375,4482.0,4483.5,719.0
2026-05-27 15:15:00,4483.5,4483.89990234375,4481.10009765625,4481.39990234375,166.0
2026-05-27 15:20:00,4481.7001953125,4485.7001953125,4481.60009765625,4485.0,391.0
2026-05-27 15:25:00,4484.60009765625,4484.7998046875,4482.0,4482.5,154.0
2026-05-27 15:30:00,4482.7998046875,4485.2001953125,4481.39990234375,4484.5,496.0
2026-05-27 15:35:00,4484.39990234375,4486.7001953125,4483.7998046875,4486.5,261.0
2026-05-27 15:40:00,4486.60009765625,4486.60009765625,4484.89990234375,4485.5,135.0
2026-05-27 15:45:00,4485.2001953125,4485.39990234375,4483.7998046875,4483.7998046875,146.0
2026-05-27 15:50:00,4483.60009765625,4484.7001953125,4482.5,4483.10009765625,293.0
2026-05-27 15:55:00,4483.0,4483.0,4480.7001953125,4483.0,745.0
2026-05-27 16:00:00,4482.7998046875,4485.39990234375,4481.7998046875,4484.5,422.0
2026-05-28 09:30:00,4459.5,4460.89990234375,4448.2001953125,4449.10009765625,1436.0
2026-05-28 09:35:00,4448.7001953125,4456.89990234375,4448.0,4455.2001953125,1129.0
2026-05-28 09:40:00,4454.89990234375,4456.10009765625,4449.60009765625,4452.39990234375,752.0
2026-05-28 09:45:00,4452.10009765625,4460.39990234375,4451.7998046875,4455.60009765625,761.0
2026-05-28 09:50:00,4455.7998046875,4464.7998046875,4455.7998046875,4460.7001953125,897.0
2026-05-28 09:55:00,4461.10009765625,4462.2998046875,4456.2001953125,4460.60009765625,740.0
2026-05-28 10:00:00,4460.10009765625,4463.2001953125,4450.60009765625,4454.89990234375,1451.0
2026-05-28 10:05:00,4455.0,4473.0,4454.2998046875,4469.10009765625,1476.0
2026-05-28 10:10:00,4469.7001953125,4498.89990234375,4462.7998046875,4495.2001953125,4840.0
2026-05-28 10:15:00,4495.10009765625,4504.39990234375,4481.7001953125,4494.7001953125,3682.0
2026-05-28 10:20:00,4495.2001953125,4498.0,4484.0,4492.2998046875,1702.0
2026-05-28 10:25:00,4492.10009765625,4496.0,4489.60009765625,4491.7998046875,1394.0
2026-05-28 10:30:00,4491.7998046875,4498.7998046875,4486.7001953125,4487.2998046875,1661.0
2026-05-28 10:35:00,4487.39990234375,4491.2998046875,4483.2998046875,4490.10009765625,1459.0
2026-05-28 10:40:00,4490.0,4502.39990234375,4489.10009765625,4499.60009765625,1761.0
2026-05-28 10:45:00,4499.89990234375,4511.39990234375,4496.2001953125,4497.89990234375,3694.0
2026-05-28 10:50:00,4498.60009765625,4507.2001953125,4497.2998046875,4500.7998046875,979.0
2026-05-28 10:55:00,4501.2001953125,4501.39990234375,4492.60009765625,4500.2998046875,1331.0
2026-05-28 11:00:00,4500.7001953125,4507.60009765625,4499.39990234375,4505.60009765625,1311.0
2026-05-28 11:05:00,4505.7998046875,4511.2998046875,4503.0,4504.10009765625,997.0
2026-05-28 11:10:00,4503.7001953125,4505.0,4500.7998046875,4501.60009765625,479.0
2026-05-28 11:15:00,4501.89990234375,4504.60009765625,4500.89990234375,4502.7001953125,393.0
2026-05-28 11:20:00,4503.10009765625,4507.60009765625,4499.89990234375,4506.39990234375,666.0
2026-05-28 11:25:00,4506.7998046875,4513.60009765625,4505.7998046875,4507.10009765625,881.0
2026-05-28 11:30:00,4507.7998046875,4511.60009765625,4507.7998046875,4511.39990234375,567.0
2026-05-28 11:35:00,4511.39990234375,4515.89990234375,4508.5,4508.5,1010.0
2026-05-28 11:40:00,4508.89990234375,4511.2998046875,4507.0,4509.5,622.0
2026-05-28 11:45:00,4509.89990234375,4512.60009765625,4509.2998046875,4509.5,341.0
2026-05-28 11:50:00,4510.10009765625,4512.7001953125,4509.89990234375,4510.5,292.0
2026-05-28 11:55:00,4510.2998046875,4512.7998046875,4508.7998046875,4512.5,313.0
2026-05-28 12:00:00,4512.89990234375,4514.10009765625,4507.5,4510.89990234375,659.0
2026-05-28 12:05:00,4511.10009765625,4516.2998046875,4511.0,4512.0,682.0
2026-05-28 12:10:00,4512.2998046875,4516.0,4512.2001953125,4514.89990234375,366.0
2026-05-28 12:15:00,4515.2001953125,4528.2001953125,4514.60009765625,4527.89990234375,1574.0
2026-05-28 12:20:00,4527.5,4533.39990234375,4525.2001953125,4532.89990234375,1581.0
2026-05-28 12:25:00,4532.89990234375,4533.89990234375,4529.39990234375,4531.0,995.0
2026-05-28 12:30:00,4531.2998046875,4533.2001953125,4528.2998046875,4529.39990234375,772.0
2026-05-28 12:35:00,4529.2001953125,4533.60009765625,4528.0,4530.10009765625,999.0
2026-05-28 12:40:00,4529.89990234375,4537.10009765625,4529.60009765625,4535.0,769.0
2026-05-28 12:45:00,4535.2001953125,4539.2001953125,4534.89990234375,4535.60009765625,814.0
2026-05-28 12:50:00,4535.7001953125,4540.39990234375,4534.89990234375,4538.7998046875,829.0
2026-05-28 12:55:00,4538.7998046875,4542.0,4538.7001953125,4541.7998046875,642.0
2026-05-28 13:00:00,4541.89990234375,4545.39990234375,4540.0,4540.89990234375,950.0
2026-05-28 13:05:00,4541.0,4541.0,4536.2998046875,4540.5,599.0
2026-05-28 13:10:00,4540.7998046875,4541.0,4534.0,4534.7001953125,694.0
2026-05-28 13:15:00,4534.7001953125,4537.39990234375,4534.10009765625,4535.0,978.0
2026-05-28 13:20:00,4535.0,4536.39990234375,4533.0,4535.60009765625,623.0
2026-05-28 13:25:00,4535.5,4536.7998046875,4531.5,4532.5,1889.0
2026-05-28 13:30:00,4532.60009765625,4537.60009765625,4532.60009765625,4535.2998046875,469.0
2026-05-28 13:35:00,4535.39990234375,4536.39990234375,4534.2998046875,4536.0,200.0
2026-05-28 13:40:00,4536.10009765625,4537.7001953125,4534.7998046875,4535.39990234375,231.0
2026-05-28 13:45:00,4535.5,4539.5,4535.2001953125,4538.7998046875,572.0
2026-05-28 13:50:00,4539.0,4539.0,4537.2998046875,4537.89990234375,141.0
2026-05-28 13:55:00,4538.0,4540.2998046875,4537.89990234375,4539.2001953125,185.0
2026-05-28 14:00:00,4539.2001953125,4547.10009765625,4539.10009765625,4543.7001953125,742.0
2026-05-28 14:05:00,4543.39990234375,4544.2998046875,4539.7001953125,4540.10009765625,314.0
2026-05-28 14:10:00,4540.0,4540.2001953125,4536.39990234375,4538.0,347.0
2026-05-28 14:15:00,4538.2998046875,4543.7001953125,4536.0,4540.10009765625,652.0
2026-05-28 14:20:00,4540.5,4541.5,4538.2998046875,4538.5,435.0
2026-05-28 14:25:00,4538.60009765625,4538.60009765625,4536.0,4537.0,273.0
2026-05-28 14:30:00,4537.2001953125,4537.2001953125,4531.7998046875,4532.7998046875,456.0
2026-05-28 14:35:00,4533.0,4534.60009765625,4531.5,4532.89990234375,381.0
2026-05-28 14:40:00,4532.7998046875,4533.7001953125,4531.89990234375,4532.60009765625,185.0
2026-05-28 14:45:00,4532.7001953125,4533.2998046875,4529.2998046875,4530.39990234375,441.0
2026-05-28 14:50:00,4530.0,4534.5,4529.7998046875,4533.7998046875,382.0
2026-05-28 14:55:00,4533.7001953125,4534.2998046875,4531.5,4532.5,168.0
2026-05-28 15:00:00,4532.2001953125,4534.60009765625,4530.60009765625,4532.7001953125,263.0
2026-05-28 15:05:00,4532.7998046875,4533.2001953125,4529.60009765625,4529.60009765625,196.0
2026-05-28 15:10:00,4529.89990234375,4532.2998046875,4529.2998046875,4530.5,319.0
2026-05-28 15:15:00,4530.2998046875,4532.39990234375,4530.2998046875,4531.7001953125,161.0
2026-05-28 15:20:00,4531.7001953125,4533.89990234375,4531.39990234375,4533.2998046875,179.0
2026-05-28 15:25:00,4533.5,4533.5,4530.7001953125,4530.7998046875,212.0
2026-05-28 15:30:00,4530.7998046875,4532.7001953125,4530.7998046875,4532.0,285.0
2026-05-28 15:35:00,4532.10009765625,4532.7001953125,4530.39990234375,4531.89990234375,154.0
2026-05-28 15:40:00,4531.7998046875,4532.10009765625,4530.0,4530.2998046875,199.0
2026-05-28 15:45:00,4530.39990234375,4531.39990234375,4529.10009765625,4529.60009765625,211.0
2026-05-28 15:50:00,4529.39990234375,4530.7998046875,4528.60009765625,4529.7998046875,643.0
2026-05-28 15:55:00,4529.60009765625,4530.2998046875,4528.0,4528.7001953125,665.0
2026-05-28 16:00:00,4528.7001953125,4529.10009765625,4526.2001953125,4526.7001953125,427.0
2026-05-29 09:30:00,4558.89990234375,4562.89990234375,4555.2001953125,4555.7001953125,795.0
2026-05-29 09:35:00,4555.60009765625,4564.0,4553.0,4562.2001953125,1009.0
2026-05-29 09:40:00,4562.5,4566.10009765625,4561.10009765625,4563.7998046875,727.0
2026-05-29 09:45:00,4563.89990234375,4567.2998046875,4559.7001953125,4566.39990234375,651.0
2026-05-29 09:50:00,4566.2998046875,4569.7001953125,4562.2998046875,4569.10009765625,860.0
2026-05-29 09:55:00,4568.5,4571.0,4565.60009765625,4567.2998046875,946.0
2026-05-29 10:00:00,4567.0,4580.2001953125,4565.2001953125,4578.89990234375,2047.0
2026-05-29 10:05:00,4578.89990234375,4584.0,4577.2001953125,4582.2001953125,1650.0
2026-05-29 10:10:00,4582.0,4583.7998046875,4574.7998046875,4575.0,1245.0
2026-05-29 10:15:00,4575.10009765625,4576.2998046875,4569.0,4569.10009765625,996.0
2026-05-29 10:20:00,4569.0,4571.5,4561.7001953125,4561.89990234375,919.0
2026-05-29 10:25:00,4562.2001953125,4564.2001953125,4557.0,4561.0,1266.0
2026-05-29 10:30:00,4560.7001953125,4567.7998046875,4556.10009765625,4567.7998046875,1097.0
2026-05-29 10:35:00,4567.39990234375,4567.7001953125,4561.89990234375,4562.7001953125,662.0
2026-05-29 10:40:00,4564.2998046875,4573.2001953125,4564.0,4571.2998046875,907.0
2026-05-29 10:45:00,4571.5,4572.10009765625,4567.60009765625,4570.7001953125,561.0
2026-05-29 10:50:00,4571.2998046875,4600.89990234375,4571.2001953125,4588.0,4131.0
2026-05-29 10:55:00,4588.60009765625,4604.10009765625,4587.2001953125,4595.2001953125,2514.0
2026-05-29 11:00:00,4596.10009765625,4610.0,4595.39990234375,4609.5,3084.0
2026-05-29 11:05:00,4609.39990234375,4621.60009765625,4604.60009765625,4619.60009765625,3708.0
2026-05-29 11:10:00,4619.60009765625,4627.10009765625,4617.2998046875,4621.5,3212.0
2026-05-29 11:15:00,4621.7998046875,4623.2998046875,4617.7001953125,4620.10009765625,1941.0
2026-05-29 11:20:00,4620.39990234375,4620.7998046875,4613.10009765625,4616.2998046875,1814.0
2026-05-29 11:25:00,4616.60009765625,4617.0,4609.2001953125,4610.0,1066.0
2026-05-29 11:30:00,4609.89990234375,4614.7001953125,4609.2998046875,4609.5,823.0
2026-05-29 11:35:00,4609.39990234375,4612.2001953125,4603.2001953125,4604.39990234375,1293.0
2026-05-29 11:40:00,4604.5,4606.5,4592.2998046875,4597.89990234375,2106.0
2026-05-29 11:45:00,4597.89990234375,4600.39990234375,4587.2998046875,4595.7001953125,1258.0
2026-05-29 11:50:00,4595.7001953125,4601.10009765625,4593.7998046875,4599.7001953125,579.0
2026-05-29 11:55:00,4599.60009765625,4602.5,4599.10009765625,4602.10009765625,420.0
2026-05-29 12:00:00,4602.10009765625,4602.89990234375,4598.39990234375,4599.0,681.0
2026-05-29 12:05:00,4599.0,4599.60009765625,4594.5,4595.0,443.0
2026-05-29 12:10:00,4595.2001953125,4595.89990234375,4590.5,4594.5,648.0
2026-05-29 12:15:00,4594.0,4599.0,4593.2998046875,4596.0,445.0
2026-05-29 12:20:00,4595.7001953125,4597.7998046875,4594.39990234375,4595.0,304.0
2026-05-29 12:25:00,4594.5,4594.7001953125,4591.10009765625,4593.89990234375,330.0
2026-05-29 12:30:00,4593.7001953125,4601.2001953125,4592.7001953125,4600.2998046875,981.0
2026-05-29 12:35:00,4599.7998046875,4604.5,4598.7998046875,4603.0,779.0
2026-05-29 12:40:00,4602.7998046875,4603.7001953125,4599.39990234375,4600.5,389.0
2026-05-29 12:45:00,4600.2998046875,4600.2998046875,4595.2001953125,4595.39990234375,455.0
2026-05-29 12:50:00,4595.39990234375,4596.7001953125,4591.7001953125,4595.89990234375,585.0
2026-05-29 12:55:00,4595.89990234375,4598.2001953125,4593.10009765625,4597.7001953125,304.0
2026-05-29 13:00:00,4597.7998046875,4598.7998046875,4594.60009765625,4594.60009765625,372.0
2026-05-29 13:05:00,4595.0,4599.2998046875,4593.7998046875,4598.7001953125,333.0
2026-05-29 13:10:00,4598.39990234375,4599.2001953125,4594.5,4594.89990234375,287.0
2026-05-29 13:15:00,4595.10009765625,4597.7001953125,4594.39990234375,4596.2998046875,338.0
2026-05-29 13:20:00,4596.39990234375,4597.7998046875,4590.89990234375,4596.2998046875,798.0
2026-05-29 13:25:00,4596.5,4596.5,4591.89990234375,4592.7001953125,1464.0
2026-05-29 13:30:00,4592.5,4593.10009765625,4588.7001953125,4592.10009765625,632.0
2026-05-29 13:35:00,4592.2001953125,4592.60009765625,4589.10009765625,4589.60009765625,262.0
2026-05-29 13:40:00,4589.60009765625,4590.7998046875,4583.89990234375,4584.7998046875,474.0
2026-05-29 13:45:00,4585.2001953125,4588.5,4583.60009765625,4587.0,321.0
2026-05-29 13:50:00,4587.10009765625,4587.2001953125,4583.2998046875,4584.39990234375,247.0
2026-05-29 13:55:00,4584.2001953125,4584.7998046875,4582.39990234375,4584.39990234375,254.0
2026-05-29 14:00:00,4584.2001953125,4588.2998046875,4583.5,4588.2998046875,324.0
2026-05-29 14:05:00,4588.39990234375,4589.7001953125,4586.2998046875,4588.7998046875,234.0
2026-05-29 14:10:00,4589.0,4589.5,4587.10009765625,4589.2001953125,140.0
2026-05-29 14:15:00,4589.2001953125,4590.2001953125,4586.39990234375,4589.7998046875,242.0
2026-05-29 14:20:00,4589.7998046875,4590.7998046875,4588.39990234375,4589.89990234375,196.0
2026-05-29 14:25:00,4589.7998046875,4591.5,4589.0,4590.2998046875,270.0
2026-05-29 14:30:00,4590.60009765625,4592.2998046875,4590.60009765625,4591.60009765625,188.0
2026-05-29 14:35:00,4592.2001953125,4592.7001953125,4590.89990234375,4590.89990234375,73.0
2026-05-29 14:40:00,4591.10009765625,4591.39990234375,4588.60009765625,4589.10009765625,161.0
2026-05-29 14:45:00,4589.0,4589.10009765625,4581.60009765625,4584.0,588.0
2026-05-29 14:50:00,4584.0,4585.89990234375,4583.0,4585.60009765625,216.0
2026-05-29 14:55:00,4585.39990234375,4588.2001953125,4584.10009765625,4584.2001953125,188.0
2026-05-29 15:00:00,4584.2998046875,4586.2998046875,4583.39990234375,4585.60009765625,169.0
2026-05-29 15:05:00,4586.0,4590.10009765625,4585.89990234375,4589.89990234375,150.0
2026-05-29 15:10:00,4590.0,4591.39990234375,4589.2001953125,4589.7998046875,436.0
2026-05-29 15:15:00,4589.2998046875,4590.39990234375,4588.0,4589.0,325.0
2026-05-29 15:20:00,4588.7998046875,4589.2998046875,4587.10009765625,4587.7001953125,270.0
2026-05-29 15:25:00,4588.0,4588.2998046875,4586.10009765625,4586.7998046875,282.0
2026-05-29 15:30:00,4586.60009765625,4587.5,4584.2998046875,4584.60009765625,323.0
2026-05-29 15:35:00,4584.7001953125,4585.2998046875,4583.0,4583.60009765625,336.0
2026-05-29 15:40:00,4583.60009765625,4585.0,4582.2998046875,4582.7001953125,263.0
2026-05-29 15:45:00,4582.7001953125,4582.89990234375,4579.7001953125,4580.0,278.0
2026-05-29 15:50:00,4580.0,4580.7998046875,4576.89990234375,4577.7998046875,605.0
2026-05-29 15:55:00,4578.0,4579.7998046875,4574.10009765625,4576.7998046875,669.0
2026-05-29 16:00:00,4576.89990234375,4578.89990234375,4574.10009765625,4575.89990234375,355.0
2026-06-01 09:30:00,4494.7001953125,4499.7001953125,4488.0,4495.60009765625,2450.0
2026-06-01 09:35:00,4496.10009765625,4508.5,4491.2001953125,4502.7998046875,2346.0
2026-06-01 09:40:00,4503.10009765625,4503.7998046875,4495.0,4496.60009765625,810.0
2026-06-01 09:45:00,4497.10009765625,4499.0,4492.7998046875,4494.10009765625,686.0
2026-06-01 09:50:00,4493.7998046875,4495.0,4481.39990234375,4484.2998046875,2135.0
2026-06-01 09:55:00,4483.7001953125,4485.0,4476.2001953125,4480.10009765625,1476.0
2026-06-01 10:00:00,4479.10009765625,4484.10009765625,4476.0,4484.10009765625,2601.0
2026-06-01 10:05:00,4483.89990234375,4491.10009765625,4479.0,4490.10009765625,1611.0
2026-06-01 10:10:00,4490.0,4492.0,4485.60009765625,4491.2001953125,1016.0
2026-06-01 10:15:00,4490.7998046875,4494.89990234375,4483.60009765625,4486.89990234375,1891.0
2026-06-01 10:20:00,4486.7001953125,4491.60009765625,4484.7001953125,4484.7001953125,669.0
2026-06-01 10:25:00,4485.10009765625,4485.89990234375,4479.2001953125,4485.89990234375,1006.0
2026-06-01 10:30:00,4485.5,4490.7001953125,4483.5,4488.60009765625,948.0
2026-06-01 10:35:00,4488.0,4490.10009765625,4483.7001953125,4484.7998046875,549.0
2026-06-01 10:40:00,4485.2001953125,4491.2998046875,4484.89990234375,4489.7001953125,535.0
2026-06-01 10:45:00,4489.7001953125,4490.89990234375,4483.0,4484.60009765625,528.0
2026-06-01 10:50:00,4484.7001953125,4486.2001953125,4481.7001953125,4485.7998046875,549.0
2026-06-01 10:55:00,4485.7998046875,4488.89990234375,4484.7001953125,4488.5,371.0
2026-06-01 11:00:00,4489.0,4492.10009765625,4487.2001953125,4489.7998046875,427.0
2026-06-01 11:05:00,4490.0,4495.2998046875,4485.0,4492.39990234375,982.0
2026-06-01 11:10:00,4492.10009765625,4495.39990234375,4490.39990234375,4494.10009765625,440.0
2026-06-01 11:15:00,4494.2001953125,4497.2001953125,4493.0,4495.10009765625,915.0
2026-06-01 11:20:00,4495.0,4497.89990234375,4493.7998046875,4496.89990234375,665.0
2026-06-01 11:25:00,4496.7998046875,4500.39990234375,4495.7998046875,4498.7001953125,472.0
2026-06-01 11:30:00,4498.7001953125,4509.0,4498.60009765625,4507.10009765625,2407.0
2026-06-01 11:35:00,4507.39990234375,4510.5,4504.0,4506.7001953125,1072.0
2026-06-01 11:40:00,4506.7001953125,4507.5,4501.2998046875,4502.5,614.0
2026-06-01 11:45:00,4502.7001953125,4504.7001953125,4498.7998046875,4500.10009765625,567.0
2026-06-01 11:50:00,4500.0,4502.39990234375,4498.89990234375,4501.2001953125,454.0
2026-06-01 11:55:00,4501.5,4505.89990234375,4501.2998046875,4504.10009765625,741.0
2026-06-01 12:00:00,4504.7001953125,4508.7998046875,4502.89990234375,4503.39990234375,770.0
2026-06-01 12:05:00,4503.39990234375,4504.5,4498.2998046875,4499.0,422.0
2026-06-01 12:10:00,4499.10009765625,4499.10009765625,4495.2001953125,4497.5,694.0
2026-06-01 12:15:00,4497.10009765625,4497.7998046875,4493.10009765625,4496.7998046875,524.0
2026-06-01 12:20:00,4497.0,4498.7998046875,4494.7998046875,4498.2998046875,457.0
2026-06-01 12:25:00,4498.5,4500.0,4496.7998046875,4498.10009765625,461.0
2026-06-01 12:30:00,4498.10009765625,4503.10009765625,4498.10009765625,4499.5,1035.0
2026-06-01 12:35:00,4499.39990234375,4501.2998046875,4497.7998046875,4499.2001953125,232.0
2026-06-01 12:40:00,4499.2001953125,4500.10009765625,4497.7001953125,4498.2001953125,207.0
2026-06-01 12:45:00,4498.2001953125,4502.0,4497.5,4502.0,287.0
2026-06-01 12:50:00,4501.89990234375,4511.60009765625,4501.89990234375,4510.39990234375,724.0
2026-06-01 12:55:00,4510.10009765625,4513.10009765625,4508.60009765625,4510.60009765625,708.0
2026-06-01 13:00:00,4510.89990234375,4511.39990234375,4505.7001953125,4506.39990234375,616.0
2026-06-01 13:05:00,4506.5,4507.7001953125,4501.39990234375,4503.7001953125,629.0
2026-06-01 13:10:00,4503.5,4506.60009765625,4503.39990234375,4505.2998046875,251.0
2026-06-01 13:15:00,4505.10009765625,4505.89990234375,4503.60009765625,4505.89990234375,241.0
2026-06-01 13:20:00,4505.89990234375,4506.89990234375,4504.0,4505.2001953125,402.0
2026-06-01 13:25:00,4505.2001953125,4513.2001953125,4502.2998046875,4512.7998046875,1768.0
2026-06-01 13:30:00,4513.2001953125,4515.89990234375,4510.60009765625,4511.5,1455.0
2026-06-01 13:35:00,4511.89990234375,4514.7001953125,4510.89990234375,4513.0,326.0
2026-06-01 13:40:00,4513.2001953125,4521.2998046875,4513.0,4521.2998046875,1612.0
2026-06-01 13:45:00,4521.60009765625,4525.60009765625,4520.89990234375,4521.39990234375,861.0
2026-06-01 13:50:00,4521.39990234375,4521.89990234375,4518.7998046875,4521.2998046875,428.0
2026-06-01 13:55:00,4521.5,4521.60009765625,4517.0,4517.5,270.0
2026-06-01 14:00:00,4517.39990234375,4518.39990234375,4516.2001953125,4516.7998046875,175.0
2026-06-01 14:05:00,4516.7998046875,4520.2001953125,4516.7998046875,4519.60009765625,123.0
2026-06-01 14:10:00,4519.7998046875,4520.0,4518.0,4518.5,99.0
2026-06-01 14:15:00,4518.2998046875,4519.2001953125,4516.60009765625,4519.2001953125,172.0
2026-06-01 14:20:00,4518.89990234375,4520.10009765625,4518.2998046875,4519.10009765625,119.0
2026-06-01 14:25:00,4518.7998046875,4519.10009765625,4516.2998046875,4516.39990234375,177.0
2026-06-01 14:30:00,4516.7001953125,4517.10009765625,4514.7998046875,4516.10009765625,223.0
2026-06-01 14:35:00,4515.7998046875,4517.10009765625,4515.7001953125,4516.0,102.0
2026-06-01 14:40:00,4516.2001953125,4518.10009765625,4515.39990234375,4518.0,140.0
2026-06-01 14:45:00,4517.7001953125,4518.7998046875,4517.60009765625,4518.7998046875,81.0
2026-06-01 14:50:00,4518.39990234375,4518.39990234375,4517.0,4517.0,77.0
2026-06-01 14:55:00,4517.2001953125,4518.39990234375,4516.39990234375,4516.7998046875,144.0
2026-06-01 15:00:00,4516.5,4518.2001953125,4515.0,4517.7001953125,193.0
2026-06-01 15:05:00,4517.60009765625,4518.10009765625,4514.7001953125,4515.0,251.0
2026-06-01 15:10:00,4515.2998046875,4517.10009765625,4515.10009765625,4515.10009765625,91.0
2026-06-01 15:15:00,4515.39990234375,4516.39990234375,4514.39990234375,4515.89990234375,204.0
2026-06-01 15:20:00,4515.89990234375,4516.5,4515.0,4515.7998046875,130.0
2026-06-01 15:25:00,4515.89990234375,4516.2001953125,4514.2001953125,4514.7001953125,146.0
2026-06-01 15:30:00,4515.0,4515.60009765625,4513.2998046875,4513.60009765625,164.0
2026-06-01 15:35:00,4513.7998046875,4515.5,4512.7001953125,4514.5,234.0
2026-06-01 15:40:00,4514.39990234375,4515.39990234375,4513.10009765625,4513.10009765625,140.0
2026-06-01 15:45:00,4513.2001953125,4514.2998046875,4512.60009765625,4513.7001953125,147.0
2026-06-01 15:50:00,4513.60009765625,4514.10009765625,4509.7998046875,4510.2001953125,350.0
2026-06-01 15:55:00,4510.10009765625,4511.2998046875,4509.10009765625,4511.10009765625,625.0
2026-06-01 16:00:00,4511.2001953125,4514.0,4510.2001953125,4513.0,221.0
2026-06-02 09:30:00,4540.2998046875,4541.2001953125,4536.10009765625,4537.60009765625,1131.0
2026-06-02 09:35:00,4537.2998046875,4541.7001953125,4535.60009765625,4540.10009765625,613.0
2026-06-02 09:40:00,4540.10009765625,4543.89990234375,4537.2998046875,4538.0,593.0
2026-06-02 09:45:00,4537.2998046875,4540.39990234375,4535.89990234375,4539.2001953125,432.0
2026-06-02 09:50:00,4539.2001953125,4543.2998046875,4533.89990234375,4533.89990234375,486.0
2026-06-02 09:55:00,4533.7998046875,4535.39990234375,4532.10009765625,4532.10009765625,809.0
2026-06-02 10:00:00,4532.0,4536.0,4525.10009765625,4531.7998046875,1620.0
2026-06-02 10:05:00,4532.0,4534.39990234375,4530.0,4532.39990234375,1005.0
2026-06-02 10:10:00,4532.2998046875,4536.7998046875,4532.2001953125,4533.5,727.0
2026-06-02 10:15:00,4533.60009765625,4534.2001953125,4521.7998046875,4525.60009765625,1298.0
2026-06-02 10:20:00,4525.89990234375,4527.7998046875,4519.39990234375,4522.5,1141.0
2026-06-02 10:25:00,4522.2001953125,4527.2001953125,4521.39990234375,4524.89990234375,1143.0
2026-06-02 10:30:00,4525.10009765625,4529.2998046875,4524.7998046875,4528.89990234375,542.0
2026-06-02 10:35:00,4528.5,4533.7998046875,4528.5,4532.2001953125,548.0
2026-06-02 10:40:00,4531.89990234375,4535.0,4530.2998046875,4533.7001953125,655.0
2026-06-02 10:45:00,4533.5,4535.7998046875,4532.39990234375,4533.10009765625,520.0
2026-06-02 10:50:00,4533.2998046875,4533.89990234375,4530.2001953125,4533.89990234375,319.0
2026-06-02 10:55:00,4533.7998046875,4535.10009765625,4530.7001953125,4533.7001953125,446.0
2026-06-02 11:00:00,4533.39990234375,4536.5,4532.39990234375,4532.39990234375,513.0
2026-06-02 11:05:00,4532.39990234375,4537.7998046875,4531.10009765625,4536.10009765625,553.0
2026-06-02 11:10:00,4536.2001953125,4537.10009765625,4531.89990234375,4533.0,416.0
2026-06-02 11:15:00,4533.0,4534.89990234375,4532.7998046875,4533.89990234375,297.0
2026-06-02 11:20:00,4533.7998046875,4535.60009765625,4531.7998046875,4533.5,322.0
2026-06-02 11:25:00,4533.2998046875,4535.5,4530.7998046875,4534.89990234375,515.0
2026-06-02 11:30:00,4534.89990234375,4536.5,4532.60009765625,4535.7998046875,484.0
2026-06-02 11:35:00,4535.89990234375,4538.2001953125,4534.10009765625,4534.10009765625,736.0
2026-06-02 11:40:00,4534.0,4534.2998046875,4529.5,4531.7001953125,522.0
2026-06-02 11:45:00,4532.0,4536.60009765625,4531.39990234375,4535.2001953125,465.0
2026-06-02 11:50:00,4535.0,4535.0,4531.7001953125,4533.2001953125,210.0
2026-06-02 11:55:00,4533.2001953125,4533.39990234375,4530.7998046875,4531.7001953125,269.0
2026-06-02 12:00:00,4531.7001953125,4532.2001953125,4529.2001953125,4530.2001953125,376.0
2026-06-02 12:05:00,4530.2998046875,4532.7998046875,4527.60009765625,4531.2998046875,774.0
2026-06-02 12:10:00,4531.2998046875,4531.60009765625,4527.2998046875,4527.2998046875,250.0
2026-06-02 12:15:00,4527.39990234375,4527.89990234375,4523.39990234375,4524.2998046875,506.0
2026-06-02 12:20:00,4524.2001953125,4525.60009765625,4521.5,4524.0,477.0
2026-06-02 12:25:00,4524.2001953125,4524.2998046875,4518.60009765625,4519.7001953125,780.0
2026-06-02 12:30:00,4519.7998046875,4520.7998046875,4518.0,4519.10009765625,468.0
2026-06-02 12:35:00,4519.0,4519.39990234375,4515.60009765625,4517.2001953125,677.0
2026-06-02 12:40:00,4517.2001953125,4521.0,4516.0,4519.10009765625,438.0
2026-06-02 12:45:00,4519.0,4521.39990234375,4518.5,4520.5,304.0
2026-06-02 12:50:00,4520.5,4521.2001953125,4518.60009765625,4518.89990234375,206.0
2026-06-02 12:55:00,4518.7998046875,4521.2998046875,4518.7001953125,4521.2998046875,419.0
2026-06-02 13:00:00,4521.2001953125,4522.7001953125,4519.2001953125,4519.89990234375,418.0
2026-06-02 13:05:00,4519.7001953125,4521.5,4516.2998046875,4516.7001953125,503.0
2026-06-02 13:10:00,4516.2998046875,4519.5,4516.2001953125,4519.10009765625,300.0
2026-06-02 13:15:00,4519.2001953125,4519.7001953125,4516.10009765625,4516.7001953125,508.0
2026-06-02 13:20:00,4516.5,4518.2001953125,4515.7998046875,4517.7001953125,342.0
2026-06-02 13:25:00,4517.7998046875,4521.2998046875,4516.7998046875,4520.7001953125,1178.0
2026-06-02 13:30:00,4520.7998046875,4521.2001953125,4518.10009765625,4518.2001953125,468.0
2026-06-02 13:35:00,4518.2001953125,4518.2998046875,4511.2998046875,4512.5,689.0
2026-06-02 13:40:00,4512.7001953125,4514.7998046875,4512.5,4514.10009765625,164.0
2026-06-02 13:45:00,4513.7998046875,4515.7001953125,4513.7998046875,4515.39990234375,131.0
2026-06-02 13:50:00,4515.5,4516.0,4512.7998046875,4513.0,219.0
2026-06-02 13:55:00,4513.10009765625,4514.2998046875,4512.2001953125,4514.0,125.0
2026-06-02 14:00:00,4514.2998046875,4518.0,4513.89990234375,4515.60009765625,283.0
2026-06-02 14:05:00,4516.0,4517.2001953125,4514.7001953125,4517.2001953125,104.0
2026-06-02 14:10:00,4516.89990234375,4517.7001953125,4514.39990234375,4514.60009765625,291.0
2026-06-02 14:15:00,4514.5,4515.89990234375,4513.5,4514.2998046875,165.0
2026-06-02 14:20:00,4514.2998046875,4517.10009765625,4514.0,4516.89990234375,174.0
2026-06-02 14:25:00,4517.0,4520.2001953125,4516.7001953125,4517.89990234375,228.0
2026-06-02 14:30:00,4517.89990234375,4518.7998046875,4515.7001953125,4517.5,213.0
2026-06-02 14:35:00,4517.2998046875,4517.2998046875,4513.5,4514.60009765625,298.0
2026-06-02 14:40:00,4514.5,4514.7001953125,4508.0,4509.89990234375,677.0
2026-06-02 14:45:00,4510.0,4516.0,4509.60009765625,4516.0,253.0
2026-06-02 14:50:00,4515.7998046875,4520.0,4515.2001953125,4517.0,467.0
2026-06-02 14:55:00,4516.89990234375,4518.2001953125,4516.60009765625,4516.89990234375,82.0
2026-06-02 15:00:00,4517.0,4518.60009765625,4516.7998046875,4518.39990234375,123.0
2026-06-02 15:05:00,4518.39990234375,4518.7001953125,4517.7001953125,4518.2001953125,86.0
2026-06-02 15:10:00,4518.2001953125,4518.39990234375,4516.60009765625,4516.7998046875,66.0
2026-06-02 15:15:00,4517.10009765625,4517.39990234375,4515.7001953125,4516.5,127.0
2026-06-02 15:20:00,4516.5,4516.7001953125,4515.2001953125,4515.89990234375,100.0
2026-06-02 15:25:00,4516.2001953125,4519.5,4515.7998046875,4519.5,86.0
2026-06-02 15:30:00,4519.2001953125,4520.2001953125,4515.7998046875,4516.2998046875,194.0
2026-06-02 15:35:00,4516.2998046875,4516.2998046875,4513.2001953125,4514.5,178.0
2026-06-02 15:40:00,4514.5,4517.39990234375,4513.7001953125,4517.39990234375,181.0
2026-06-02 15:45:00,4517.39990234375,4518.0,4515.2998046875,4516.7001953125,186.0
2026-06-02 15:50:00,4516.7001953125,4517.2998046875,4515.7998046875,4515.89990234375,161.0
2026-06-02 15:55:00,4516.2001953125,4518.5,4516.0,4517.7001953125,365.0
2026-06-02 16:00:00,4517.7998046875,4518.0,4516.10009765625,4517.0,128.0
2026-06-03 09:30:00,4477.7001953125,4481.7001953125,4474.2001953125,4476.89990234375,950.0
2026-06-03 09:35:00,4476.39990234375,4480.60009765625,4474.39990234375,4477.2001953125,685.0
2026-06-03 09:40:00,4476.7001953125,4478.39990234375,4454.7001953125,4455.2998046875,2090.0
2026-06-03 09:45:00,4454.60009765625,4466.60009765625,4454.0,4465.2998046875,1766.0
2026-06-03 09:50:00,4465.2998046875,4475.0,4463.39990234375,4472.0,1079.0
2026-06-03 09:55:00,4472.2001953125,4478.10009765625,4469.5,4475.2001953125,1466.0
2026-06-03 10:00:00,4473.89990234375,4479.39990234375,4470.5,4474.2998046875,1478.0
2026-06-03 10:05:00,4474.5,4480.39990234375,4472.89990234375,4478.7998046875,726.0
2026-06-03 10:10:00,4478.39990234375,4484.7001953125,4478.39990234375,4482.5,983.0
2026-06-03 10:15:00,4482.5,4486.5,4472.39990234375,4475.89990234375,991.0
2026-06-03 10:20:00,4475.60009765625,4479.60009765625,4473.2001953125,4477.7001953125,591.0
2026-06-03 10:25:00,4477.7001953125,4480.2001953125,4474.60009765625,4479.7998046875,317.0
2026-06-03 10:30:00,4479.7998046875,4481.2998046875,4475.39990234375,4476.7998046875,387.0
2026-06-03 10:35:00,4477.39990234375,4481.7998046875,4476.7998046875,4479.5,297.0
2026-06-03 10:40:00,4479.89990234375,4480.2001953125,4475.0,4476.2001953125,302.0
2026-06-03 10:45:00,4475.89990234375,4483.10009765625,4475.7998046875,4482.2001953125,778.0
2026-06-03 10:50:00,4481.89990234375,4488.2998046875,4478.60009765625,4487.2001953125,646.0
2026-06-03 10:55:00,4487.2998046875,4487.2998046875,4483.60009765625,4485.2998046875,311.0
2026-06-03 11:00:00,4485.7001953125,4486.5,4481.0,4481.39990234375,463.0
2026-06-03 11:05:00,4481.39990234375,4481.39990234375,4476.10009765625,4477.2998046875,369.0
2026-06-03 11:10:00,4477.39990234375,4480.2998046875,4473.0,4473.89990234375,377.0
2026-06-03 11:15:00,4473.7001953125,4479.0,4473.2001953125,4473.60009765625,492.0
2026-06-03 11:20:00,4473.60009765625,4474.39990234375,4467.2001953125,4471.5,558.0
2026-06-03 11:25:00,4470.89990234375,4473.89990234375,4467.5,4473.60009765625,578.0
2026-06-03 11:30:00,4472.89990234375,4473.89990234375,4468.89990234375,4469.0,567.0
2026-06-03 11:35:00,4469.10009765625,4471.0,4464.7998046875,4467.0,516.0
2026-06-03 11:40:00,4467.39990234375,4470.89990234375,4466.2001953125,4468.39990234375,472.0
2026-06-03 11:45:00,4468.0,4470.39990234375,4466.0,4469.7001953125,231.0
2026-06-03 11:50:00,4469.7998046875,4472.0,4468.10009765625,4469.2001953125,209.0
2026-06-03 11:55:00,4468.7001953125,4470.60009765625,4468.7001953125,4469.7998046875,127.0
2026-06-03 12:00:00,4470.0,4471.0,4467.7001953125,4470.2001953125,264.0
2026-06-03 12:05:00,4470.7001953125,4472.10009765625,4465.10009765625,4467.5,308.0
2026-06-03 12:10:00,4467.2001953125,4468.7001953125,4465.2001953125,4467.0,574.0
2026-06-03 12:15:00,4467.2998046875,4469.10009765625,4464.39990234375,4466.2001953125,255.0
2026-06-03 12:20:00,4466.10009765625,4467.89990234375,4461.89990234375,4464.10009765625,384.0
2026-06-03 12:25:00,4463.89990234375,4465.89990234375,4461.10009765625,4465.2998046875,488.0
2026-06-03 12:30:00,4465.2998046875,4468.7998046875,4465.0,4468.0,296.0
2026-06-03 12:35:00,4467.89990234375,4468.10009765625,4464.10009765625,4464.10009765625,225.0
2026-06-03 12:40:00,4464.10009765625,4467.10009765625,4463.2998046875,4467.10009765625,277.0
2026-06-03 12:45:00,4466.89990234375,4468.5,4465.5,4465.7001953125,513.0
2026-06-03 12:50:00,4465.89990234375,4467.60009765625,4464.7001953125,4466.0,327.0
2026-06-03 12:55:00,4465.7998046875,4471.2001953125,4465.39990234375,4469.39990234375,467.0
2026-06-03 13:00:00,4469.89990234375,4472.89990234375,4469.60009765625,4472.39990234375,455.0
2026-06-03 13:05:00,4472.2998046875,4476.7998046875,4471.2998046875,4475.10009765625,418.0
2026-06-03 13:10:00,4475.39990234375,4475.5,4469.5,4470.10009765625,280.0
2026-06-03 13:15:00,4469.7998046875,4471.5,4469.5,4470.60009765625,190.0
2026-06-03 13:20:00,4470.60009765625,4470.7998046875,4468.10009765625,4470.0,253.0
2026-06-03 13:25:00,4470.39990234375,4470.89990234375,4465.60009765625,4467.10009765625,1136.0
2026-06-03 13:30:00,4466.89990234375,4468.60009765625,4463.39990234375,4468.0,573.0
2026-06-03 13:35:00,4468.0,4468.5,4465.7998046875,4468.10009765625,243.0
2026-06-03 13:40:00,4467.89990234375,4470.2001953125,4467.2001953125,4468.5,639.0
2026-06-03 13:45:00,4468.5,4468.5,4465.7001953125,4466.10009765625,165.0
2026-06-03 13:50:00,4466.2001953125,4467.60009765625,4464.7998046875,4465.89990234375,185.0
2026-06-03 13:55:00,4466.10009765625,4467.2998046875,4465.7998046875,4467.2001953125,85.0
2026-06-03 14:00:00,4467.10009765625,4468.39990234375,4465.89990234375,4467.7998046875,150.0
2026-06-03 14:05:00,4467.39990234375,4467.60009765625,4464.2998046875,4465.39990234375,128.0
2026-06-03 14:10:00,4465.2998046875,4466.60009765625,4463.2998046875,4464.5,152.0
2026-06-03 14:15:00,4464.7001953125,4465.7001953125,4463.60009765625,4465.7001953125,88.0
2026-06-03 14:20:00,4466.0,4467.5,4462.0,4466.89990234375,524.0
2026-06-03 14:25:00,4466.89990234375,4468.89990234375,4466.60009765625,4468.39990234375,213.0
2026-06-03 14:30:00,4468.2001953125,4470.89990234375,4467.0,4467.0,216.0
2026-06-03 14:35:00,4467.0,4467.2998046875,4465.0,4466.60009765625,80.0
2026-06-03 14:40:00,4466.5,4468.5,4465.2998046875,4468.2001953125,477.0
2026-06-03 14:45:00,4467.7998046875,4469.89990234375,4467.7998046875,4468.0,109.0
2026-06-03 14:50:00,4468.2998046875,4468.89990234375,4468.10009765625,4468.5,61.0
2026-06-03 14:55:00,4468.0,4470.89990234375,4467.7001953125,4470.10009765625,191.0
2026-06-03 15:00:00,4469.7998046875,4477.10009765625,4469.5,4476.7998046875,435.0
2026-06-03 15:05:00,4476.60009765625,4477.5,4474.7001953125,4475.39990234375,197.0
2026-06-03 15:10:00,4475.5,4477.5,4474.60009765625,4477.2998046875,218.0
2026-06-03 15:15:00,4477.2998046875,4479.89990234375,4476.2998046875,4479.10009765625,367.0
2026-06-03 15:20:00,4479.10009765625,4480.0,4475.7998046875,4475.7998046875,211.0
2026-06-03 15:25:00,4476.10009765625,4476.2998046875,4474.2001953125,4475.60009765625,127.0
2026-06-03 15:30:00,4475.7998046875,4477.39990234375,4475.10009765625,4476.10009765625,758.0
2026-06-03 15:35:00,4476.39990234375,4476.7001953125,4475.5,4475.5,118.0
2026-06-03 15:40:00,4475.7998046875,4476.60009765625,4474.7001953125,4475.10009765625,141.0
2026-06-03 15:45:00,4474.60009765625,4475.39990234375,4472.7001953125,4475.0,249.0
2026-06-03 15:50:00,4474.7998046875,4475.39990234375,4473.0,4473.39990234375,228.0
2026-06-03 15:55:00,4473.39990234375,4473.39990234375,4471.2001953125,4472.0,482.0
2026-06-03 16:00:00,4471.89990234375,4473.60009765625,4470.2998046875,4470.60009765625,178.0
2026-06-04 09:30:00,4532.2001953125,4535.0,4529.39990234375,4533.7001953125,732.0
2026-06-04 09:35:00,4533.5,4540.2001953125,4532.5,4537.10009765625,1126.0
2026-06-04 09:40:00,4537.60009765625,4542.89990234375,4532.89990234375,4542.60009765625,765.0
2026-06-04 09:45:00,4542.60009765625,4543.2001953125,4535.2001953125,4537.7998046875,792.0
2026-06-04 09:50:00,4538.10009765625,4540.10009765625,4525.5,4526.39990234375,830.0
2026-06-04 09:55:00,4526.2001953125,4531.2001953125,4523.2998046875,4523.7001953125,899.0
2026-06-04 10:00:00,4523.39990234375,4528.0,4522.39990234375,4523.2001953125,1212.0
2026-06-04 10:05:00,4523.5,4527.7998046875,4515.89990234375,4518.2001953125,1311.0
2026-06-04 10:10:00,4517.89990234375,4520.5,4513.89990234375,4515.5,874.0
2026-06-04 10:15:00,4515.39990234375,4521.60009765625,4513.2998046875,4515.5,741.0
2026-06-04 10:20:00,4515.2001953125,4517.2001953125,4511.39990234375,4513.0,646.0
2026-06-04 10:25:00,4512.7001953125,4515.39990234375,4511.5,4513.60009765625,625.0
2026-06-04 10:30:00,4513.89990234375,4514.39990234375,4508.10009765625,4512.0,740.0
2026-06-04 10:35:00,4511.60009765625,4511.60009765625,4504.89990234375,4507.7001953125,1173.0
2026-06-04 10:40:00,4507.5,4508.39990234375,4499.7998046875,4502.7001953125,1658.0
2026-06-04 10:45:00,4502.60009765625,4503.60009765625,4492.60009765625,4494.0,1434.0
2026-06-04 10:50:00,4494.39990234375,4498.2998046875,4483.7998046875,4491.0,3430.0
2026-06-04 10:55:00,4490.7998046875,4493.60009765625,4487.10009765625,4493.10009765625,1435.0
2026-06-04 11:00:00,4493.2001953125,4498.0,4490.60009765625,4497.7998046875,1603.0
2026-06-04 11:05:00,4497.60009765625,4500.0,4494.7001953125,4497.89990234375,914.0
2026-06-04 11:10:00,4497.7001953125,4502.39990234375,4497.5,4499.7001953125,1511.0
2026-06-04 11:15:00,4499.7001953125,4502.10009765625,4499.10009765625,4501.2998046875,564.0
2026-06-04 11:20:00,4501.5,4501.7998046875,4498.39990234375,4498.7001953125,505.0
2026-06-04 11:25:00,4498.7001953125,4499.7998046875,4496.89990234375,4498.39990234375,501.0
2026-06-04 11:30:00,4498.60009765625,4500.7001953125,4497.5,4499.60009765625,1096.0
2026-06-04 11:35:00,4499.60009765625,4505.0,4498.7001953125,4504.7998046875,780.0
2026-06-04 11:40:00,4504.7001953125,4504.89990234375,4498.60009765625,4500.39990234375,508.0
2026-06-04 11:45:00,4500.2001953125,4503.2998046875,4497.2998046875,4501.89990234375,507.0
2026-06-04 11:50:00,4502.0,4506.60009765625,4502.0,4505.5,456.0
2026-06-04 11:55:00,4505.2998046875,4506.0,4503.7998046875,4504.89990234375,315.0
2026-06-04 12:00:00,4504.89990234375,4506.39990234375,4503.60009765625,4504.0,461.0
2026-06-04 12:05:00,4503.89990234375,4510.60009765625,4502.7998046875,4510.2001953125,814.0
2026-06-04 12:10:00,4509.7998046875,4511.7998046875,4507.0,4507.0,1256.0
2026-06-04 12:15:00,4507.2001953125,4513.2001953125,4507.2001953125,4511.2998046875,796.0
2026-06-04 12:20:00,4511.2001953125,4512.7998046875,4508.2998046875,4512.2998046875,583.0
2026-06-04 12:25:00,4512.10009765625,4513.0,4510.2998046875,4511.5,295.0
2026-06-04 12:30:00,4511.5,4512.2001953125,4507.2001953125,4508.0,1575.0
2026-06-04 12:35:00,4508.0,4510.7998046875,4507.60009765625,4509.2998046875,547.0
2026-06-04 12:40:00,4509.39990234375,4510.2001953125,4508.5,4508.7001953125,167.0
2026-06-04 12:45:00,4508.89990234375,4510.89990234375,4507.60009765625,4508.89990234375,261.0
2026-06-04 12:50:00,4508.89990234375,4509.7001953125,4507.7998046875,4509.2998046875,174.0
2026-06-04 12:55:00,4509.10009765625,4511.7001953125,4509.10009765625,4510.7998046875,1007.0
2026-06-04 13:00:00,4510.5,4510.5,4508.39990234375,4509.2998046875,600.0
2026-06-04 13:05:00,4509.5,4509.89990234375,4507.2998046875,4507.2998046875,498.0
2026-06-04 13:10:00,4507.39990234375,4508.2001953125,4503.89990234375,4503.89990234375,356.0
2026-06-04 13:15:00,4504.10009765625,4504.10009765625,4502.0,4503.39990234375,380.0
2026-06-04 13:20:00,4503.2998046875,4503.89990234375,4502.0,4503.39990234375,207.0
2026-06-04 13:25:00,4503.5,4507.2998046875,4503.5,4504.7998046875,1205.0
2026-06-04 13:30:00,4504.89990234375,4509.5,4504.7001953125,4508.0,333.0
2026-06-04 13:35:00,4508.10009765625,4508.60009765625,4505.5,4505.7001953125,273.0
2026-06-04 13:40:00,4505.89990234375,4506.2998046875,4503.89990234375,4504.60009765625,369.0
2026-06-04 13:45:00,4504.7998046875,4506.7998046875,4504.60009765625,4506.7001953125,192.0
2026-06-04 13:50:00,4506.89990234375,4508.2998046875,4506.2001953125,4506.2998046875,124.0
2026-06-04 13:55:00,4506.2998046875,4506.7998046875,4505.2998046875,4506.0,93.0
2026-06-04 14:00:00,4506.10009765625,4508.2998046875,4504.5,4504.7998046875,302.0
2026-06-04 14:05:00,4504.7998046875,4505.89990234375,4504.10009765625,4505.10009765625,142.0
2026-06-04 14:10:00,4505.39990234375,4507.2998046875,4505.10009765625,4506.89990234375,146.0
2026-06-04 14:15:00,4507.0,4507.0,4505.2998046875,4506.60009765625,127.0
2026-06-04 14:20:00,4506.5,4508.39990234375,4506.0,4508.2001953125,116.0
2026-06-04 14:25:00,4508.10009765625,4508.7998046875,4505.0,4505.89990234375,168.0
2026-06-04 14:30:00,4505.7001953125,4505.7998046875,4501.0,4501.39990234375,347.0
2026-06-04 14:35:00,4501.89990234375,4502.10009765625,4500.0,4501.39990234375,286.0
2026-06-04 14:40:00,4501.10009765625,4502.5,4500.89990234375,4502.10009765625,136.0
2026-06-04 14:45:00,4502.2998046875,4504.10009765625,4501.5,4503.10009765625,161.0
2026-06-04 14:50:00,4503.2998046875,4507.2998046875,4503.2998046875,4506.10009765625,181.0
2026-06-04 14:55:00,4506.2001953125,4506.5,4504.39990234375,4505.89990234375,125.0
2026-06-04 15:00:00,4506.10009765625,4511.2998046875,4505.60009765625,4509.2001953125,385.0
2026-06-04 15:05:00,4508.89990234375,4508.89990234375,4505.2998046875,4506.2998046875,193.0
2026-06-04 15:10:00,4506.2001953125,4506.39990234375,4503.89990234375,4506.0,147.0
2026-06-04 15:15:00,4505.89990234375,4507.2001953125,4505.60009765625,4506.7998046875,67.0
2026-06-04 15:20:00,4506.39990234375,4507.39990234375,4505.60009765625,4507.10009765625,160.0
2026-06-04 15:25:00,4507.0,4508.10009765625,4506.5,4507.7998046875,183.0
2026-06-04 15:30:00,4507.5,4508.2998046875,4505.7998046875,4506.39990234375,163.0
2026-06-04 15:35:00,4506.39990234375,4507.2001953125,4505.2998046875,4506.7001953125,89.0
2026-06-04 15:40:00,4506.7998046875,4508.2998046875,4505.10009765625,4505.60009765625,150.0
2026-06-04 15:45:00,4505.7998046875,4506.2001953125,4504.5,4506.0,107.0
2026-06-04 15:50:00,4505.89990234375,4506.7998046875,4504.7001953125,4506.10009765625,130.0
2026-06-04 15:55:00,4505.89990234375,4510.39990234375,4504.89990234375,4508.89990234375,567.0
2026-06-04 16:00:00,4508.5,4509.2998046875,4506.89990234375,4507.60009765625,171.0
2026-06-05 09:30:00,4430.7998046875,4435.5,4423.2998046875,4430.7001953125,2656.0
2026-06-05 09:35:00,4430.2998046875,4430.2998046875,4411.2001953125,4417.5,2720.0
2026-06-05 09:40:00,4417.2998046875,4423.7001953125,4413.60009765625,4414.7001953125,1886.0
2026-06-05 09:45:00,4414.2998046875,4416.2998046875,4408.39990234375,4409.10009765625,2089.0
2026-06-05 09:50:00,4408.7001953125,4413.2998046875,4406.7998046875,4410.2998046875,2642.0
2026-06-05 09:55:00,4410.39990234375,4411.10009765625,4390.0,4390.5,4020.0
2026-06-05 10:00:00,4390.39990234375,4404.2001953125,4388.2998046875,4396.60009765625,5221.0
2026-06-05 10:05:00,4396.60009765625,4402.2998046875,4388.10009765625,4399.2001953125,2844.0
2026-06-05 10:10:00,4399.2001953125,4401.7001953125,4388.39990234375,4391.10009765625,2393.0
2026-06-05 10:15:00,4390.89990234375,4395.39990234375,4389.39990234375,4394.60009765625,1232.0
2026-06-05 10:20:00,4394.2998046875,4395.60009765625,4380.0,4382.2998046875,3474.0
2026-06-05 10:25:00,4382.0,4386.5,4377.5,4385.7001953125,2097.0
2026-06-05 10:30:00,4385.7001953125,4388.7998046875,4374.2998046875,4378.2998046875,2939.0
2026-06-05 10:35:00,4377.7998046875,4379.5,4372.2001953125,4373.2001953125,1560.0
2026-06-05 10:40:00,4373.60009765625,4375.2998046875,4369.39990234375,4374.39990234375,1111.0
2026-06-05 10:45:00,4373.7998046875,4384.39990234375,4373.10009765625,4381.2998046875,1719.0
2026-06-05 10:50:00,4380.7998046875,4391.7998046875,4379.7998046875,4387.7001953125,2092.0
2026-06-05 10:55:00,4387.60009765625,4394.89990234375,4385.5,4394.60009765625,1407.0
2026-06-05 11:00:00,4394.60009765625,4397.2998046875,4387.60009765625,4393.10009765625,1167.0
2026-06-05 11:05:00,4392.89990234375,4394.10009765625,4386.7001953125,4386.89990234375,748.0
2026-06-05 11:10:00,4386.60009765625,4386.89990234375,4377.5,4378.0,1150.0
2026-06-05 11:15:00,4377.89990234375,4380.89990234375,4373.89990234375,4380.2001953125,1401.0
2026-06-05 11:20:00,4380.0,4383.10009765625,4372.89990234375,4377.5,1206.0
2026-06-05 11:25:00,4377.39990234375,4380.2998046875,4374.5,4376.7998046875,609.0
2026-06-05 11:30:00,4377.0,4380.10009765625,4370.10009765625,4371.7998046875,1129.0
2026-06-05 11:35:00,4371.7998046875,4374.5,4361.2998046875,4365.60009765625,1645.0
2026-06-05 11:40:00,4364.89990234375,4366.7001953125,4360.5,4363.2998046875,935.0
2026-06-05 11:45:00,4363.39990234375,4366.2001953125,4361.5,4364.39990234375,588.0
2026-06-05 11:50:00,4364.0,4366.89990234375,4361.7998046875,4365.5,530.0
2026-06-05 11:55:00,4365.5,4366.10009765625,4358.7998046875,4360.39990234375,988.0
2026-06-05 12:00:00,4360.2998046875,4366.7001953125,4354.7001953125,4359.10009765625,1633.0
2026-06-05 12:05:00,4359.0,4359.0,4354.0,4357.7998046875,756.0
2026-06-05 12:10:00,4357.5,4363.39990234375,4356.2998046875,4358.2001953125,872.0
2026-06-05 12:15:00,4358.10009765625,4358.60009765625,4350.2998046875,4355.60009765625,1245.0
2026-06-05 12:20:00,4355.39990234375,4355.7001953125,4350.0,4353.5,817.0
2026-06-05 12:25:00,4353.7001953125,4358.60009765625,4353.0,4354.5,752.0
2026-06-05 12:30:00,4354.2998046875,4354.7998046875,4347.5,4353.7998046875,912.0
2026-06-05 12:35:00,4353.2998046875,4357.0,4349.89990234375,4356.2998046875,701.0
2026-06-05 12:40:00,4356.2998046875,4356.7001953125,4350.7001953125,4352.39990234375,559.0
2026-06-05 12:45:00,4352.2001953125,4359.2001953125,4349.5,4358.60009765625,1068.0
2026-06-05 12:50:00,4358.60009765625,4363.89990234375,4357.89990234375,4363.0,732.0
2026-06-05 12:55:00,4362.60009765625,4370.2998046875,4361.2001953125,4369.10009765625,1432.0
2026-06-05 13:00:00,4369.2998046875,4371.39990234375,4363.7998046875,4368.7998046875,1016.0
2026-06-05 13:05:00,4368.5,4368.5,4363.2998046875,4364.0,601.0
2026-06-05 13:10:00,4363.7998046875,4366.2998046875,4361.0,4363.89990234375,615.0
2026-06-05 13:15:00,4364.39990234375,4366.7998046875,4360.7998046875,4363.39990234375,760.0
2026-06-05 13:20:00,4363.39990234375,4366.2001953125,4360.2001953125,4363.7998046875,903.0
2026-06-05 13:25:00,4363.7998046875,4368.0,4360.7998046875,4367.39990234375,2979.0
2026-06-05 13:30:00,4367.5,4368.39990234375,4364.7998046875,4367.60009765625,675.0
2026-06-05 13:35:00,4367.5,4370.0,4364.10009765625,4369.60009765625,560.0
2026-06-05 13:40:00,4369.60009765625,4372.0,4364.89990234375,4365.7001953125,522.0
2026-06-05 13:45:00,4366.0,4367.5,4362.2001953125,4364.39990234375,501.0
2026-06-05 13:50:00,4364.2998046875,4368.2998046875,4363.2998046875,4368.2001953125,430.0
2026-06-05 13:55:00,4368.2001953125,4368.2998046875,4365.60009765625,4366.2001953125,257.0
2026-06-05 14:00:00,4366.7998046875,4366.7998046875,4358.0,4358.0,646.0
2026-06-05 14:05:00,4358.5,4359.39990234375,4354.2001953125,4354.89990234375,715.0
2026-06-05 14:10:00,4355.0,4356.60009765625,4347.2001953125,4347.5,981.0
2026-06-05 14:15:00,4347.7001953125,4351.39990234375,4346.2998046875,4350.60009765625,885.0
2026-06-05 14:20:00,4351.10009765625,4355.39990234375,4350.60009765625,4351.89990234375,614.0
2026-06-05 14:25:00,4351.89990234375,4352.39990234375,4347.39990234375,4350.2001953125,892.0
2026-06-05 14:30:00,4350.2998046875,4351.2001953125,4341.7001953125,4349.5,1403.0
2026-06-05 14:35:00,4349.7001953125,4350.5,4343.39990234375,4344.89990234375,602.0
2026-06-05 14:40:00,4345.10009765625,4345.60009765625,4339.7998046875,4343.0,1829.0
2026-06-05 14:45:00,4342.7001953125,4346.5,4340.7998046875,4346.39990234375,392.0
2026-06-05 14:50:00,4346.10009765625,4346.10009765625,4341.39990234375,4345.10009765625,252.0
2026-06-05 14:55:00,4344.89990234375,4351.39990234375,4343.39990234375,4346.7001953125,726.0
2026-06-05 15:00:00,4347.39990234375,4348.10009765625,4341.2001953125,4344.60009765625,425.0
2026-06-05 15:05:00,4345.10009765625,4345.5,4341.0,4344.10009765625,348.0
2026-06-05 15:10:00,4344.5,4344.60009765625,4339.5,4339.7998046875,396.0
2026-06-05 15:15:00,4339.7001953125,4343.60009765625,4338.2998046875,4342.89990234375,619.0
2026-06-05 15:20:00,4342.7001953125,4346.7001953125,4339.7998046875,4343.5,913.0
2026-06-05 15:25:00,4343.7001953125,4348.60009765625,4343.2001953125,4348.60009765625,499.0
2026-06-05 15:30:00,4348.39990234375,4349.5,4345.2001953125,4347.5,473.0
2026-06-05 15:35:00,4347.2998046875,4349.2001953125,4344.60009765625,4346.7001953125,505.0
2026-06-05 15:40:00,4346.7001953125,4346.7001953125,4338.39990234375,4343.10009765625,622.0
2026-06-05 15:45:00,4343.10009765625,4346.7001953125,4342.10009765625,4345.39990234375,344.0
2026-06-05 15:50:00,4345.60009765625,4348.10009765625,4342.5,4343.2001953125,663.0
2026-06-05 15:55:00,4342.7998046875,4346.39990234375,4341.89990234375,4343.5,778.0
2026-06-05 16:00:00,4343.7001953125,4344.2001953125,4337.39990234375,4338.39990234375,473.0
2026-06-08 09:30:00,4355.5,4365.10009765625,4355.5,4357.7001953125,1640.0
2026-06-08 09:35:00,4357.60009765625,4371.5,4357.0,4365.2998046875,1654.0
2026-06-08 09:40:00,4365.2998046875,4369.2998046875,4359.7998046875,4360.7001953125,989.0
2026-06-08 09:45:00,4361.10009765625,4363.10009765625,4356.7001953125,4356.7001953125,959.0
2026-06-08 09:50:00,4357.10009765625,4363.60009765625,4352.5,4358.5,1151.0
2026-06-08 09:55:00,4358.89990234375,4361.5,4350.39990234375,4351.7998046875,1081.0
2026-06-08 10:00:00,4351.2998046875,4355.2998046875,4346.39990234375,4347.0,1782.0
2026-06-08 10:05:00,4347.0,4352.0,4343.5,4345.39990234375,1642.0
2026-06-08 10:10:00,4345.0,4345.2998046875,4341.39990234375,4344.2998046875,1028.0
2026-06-08 10:15:00,4344.39990234375,4346.7001953125,4341.7001953125,4346.5,839.0
2026-06-08 10:20:00,4346.2998046875,4349.10009765625,4341.7998046875,4343.5,792.0
2026-06-08 10:25:00,4343.2001953125,4347.7001953125,4340.60009765625,4344.89990234375,768.0
2026-06-08 10:30:00,4345.0,4348.89990234375,4343.2998046875,4347.2001953125,615.0
2026-06-08 10:35:00,4347.2001953125,4348.10009765625,4339.0,4344.5,1053.0
2026-06-08 10:40:00,4344.39990234375,4348.0,4341.0,4348.0,745.0
2026-06-08 10:45:00,4347.5,4354.2998046875,4341.89990234375,4342.60009765625,996.0
2026-06-08 10:50:00,4342.60009765625,4352.0,4341.7001953125,4351.5,501.0
2026-06-08 10:55:00,4351.5,4356.2998046875,4348.89990234375,4355.7998046875,929.0
2026-06-08 11:00:00,4356.2998046875,4361.10009765625,4353.5,4353.60009765625,935.0
2026-06-08 11:05:00,4353.60009765625,4355.60009765625,4348.60009765625,4352.89990234375,858.0
2026-06-08 11:10:00,4353.10009765625,4353.5,4349.60009765625,4349.7998046875,516.0
2026-06-08 11:15:00,4350.0,4356.7998046875,4346.89990234375,4356.0,1232.0
2026-06-08 11:20:00,4356.2998046875,4360.5,4353.5,4360.10009765625,727.0
2026-06-08 11:25:00,4359.7001953125,4359.7998046875,4353.2001953125,4354.7998046875,583.0
2026-06-08 11:30:00,4355.2998046875,4358.0,4353.0,4356.39990234375,509.0
2026-06-08 11:35:00,4356.7001953125,4362.2998046875,4355.7998046875,4361.5,588.0
2026-06-08 11:40:00,4361.2001953125,4364.39990234375,4360.0,4364.10009765625,847.0
2026-06-08 11:45:00,4364.10009765625,4365.7998046875,4359.60009765625,4360.0,533.0
2026-06-08 11:50:00,4360.5,4367.7998046875,4360.2998046875,4367.39990234375,616.0
2026-06-08 11:55:00,4367.5,4370.0,4365.5,4366.10009765625,859.0
2026-06-08 12:00:00,4365.89990234375,4368.0,4362.39990234375,4365.39990234375,501.0
2026-06-08 12:05:00,4365.2998046875,4367.2998046875,4363.2998046875,4364.0,349.0
2026-06-08 12:10:00,4364.0,4366.39990234375,4362.2001953125,4365.0,258.0
2026-06-08 12:15:00,4365.39990234375,4368.2998046875,4364.7001953125,4367.2998046875,257.0
2026-06-08 12:20:00,4367.10009765625,4368.0,4363.89990234375,4365.5,423.0
2026-06-08 12:25:00,4365.5,4367.2998046875,4364.60009765625,4365.2001953125,214.0
2026-06-08 12:30:00,4365.2001953125,4369.39990234375,4365.10009765625,4367.0,366.0
2026-06-08 12:35:00,4366.7998046875,4371.0,4364.89990234375,4365.7998046875,513.0
2026-06-08 12:40:00,4365.7998046875,4368.7001953125,4365.10009765625,4368.5,273.0
2026-06-08 12:45:00,4368.2998046875,4370.60009765625,4366.89990234375,4369.89990234375,223.0
2026-06-08 12:50:00,4369.60009765625,4370.5,4362.2001953125,4362.5,611.0
2026-06-08 12:55:00,4362.2998046875,4365.89990234375,4362.2001953125,4365.0,270.0
2026-06-08 13:00:00,4365.10009765625,4366.7998046875,4361.0,4362.2001953125,469.0
2026-06-08 13:05:00,4362.0,4366.5,4361.89990234375,4362.7998046875,251.0
2026-06-08 13:10:00,4362.89990234375,4363.2001953125,4360.2001953125,4363.10009765625,398.0
2026-06-08 13:15:00,4363.2998046875,4364.60009765625,4360.7998046875,4362.39990234375,636.0
2026-06-08 13:20:00,4362.39990234375,4364.7998046875,4359.39990234375,4360.0,627.0
2026-06-08 13:25:00,4360.0,4364.7001953125,4357.7001953125,4363.2998046875,1903.0
2026-06-08 13:30:00,4363.60009765625,4364.0,4358.2001953125,4359.89990234375,1194.0
2026-06-08 13:35:00,4360.10009765625,4360.5,4356.60009765625,4359.10009765625,260.0
2026-06-08 13:40:00,4359.10009765625,4359.7998046875,4358.2001953125,4358.60009765625,124.0
2026-06-08 13:45:00,4358.60009765625,4361.60009765625,4358.2998046875,4361.2001953125,235.0
2026-06-08 13:50:00,4361.60009765625,4362.60009765625,4360.5,4361.39990234375,132.0
2026-06-08 13:55:00,4361.10009765625,4363.7998046875,4360.0,4363.39990234375,302.0
2026-06-08 14:00:00,4363.2998046875,4369.2001953125,4363.0,4368.2001953125,381.0
2026-06-08 14:05:00,4368.5,4369.7001953125,4366.60009765625,4368.10009765625,160.0
2026-06-08 14:10:00,4368.2001953125,4368.7998046875,4364.7998046875,4366.2001953125,481.0
2026-06-08 14:15:00,4365.89990234375,4368.2998046875,4365.89990234375,4366.7001953125,227.0
2026-06-08 14:20:00,4366.60009765625,4369.5,4366.2998046875,4368.2001953125,436.0
2026-06-08 14:25:00,4368.2001953125,4370.2001953125,4366.39990234375,4366.89990234375,331.0
2026-06-08 14:30:00,4366.7001953125,4368.89990234375,4364.7998046875,4364.89990234375,322.0
2026-06-08 14:35:00,4364.7998046875,4365.89990234375,4361.0,4361.10009765625,313.0
2026-06-08 14:40:00,4361.5,4362.7998046875,4360.2998046875,4360.89990234375,199.0
2026-06-08 14:45:00,4361.0,4361.2001953125,4358.60009765625,4358.7998046875,340.0
2026-06-08 14:50:00,4358.60009765625,4361.10009765625,4357.10009765625,4358.60009765625,326.0
2026-06-08 14:55:00,4358.7001953125,4360.39990234375,4357.2998046875,4358.7998046875,342.0
2026-06-08 15:00:00,4358.7001953125,4362.2998046875,4358.2001953125,4361.2001953125,222.0
2026-06-08 15:05:00,4360.89990234375,4360.89990234375,4356.7001953125,4356.89990234375,218.0
2026-06-08 15:10:00,4356.7998046875,4356.7998046875,4353.89990234375,4354.10009765625,376.0
2026-06-08 15:15:00,4354.0,4355.89990234375,4352.2998046875,4353.10009765625,431.0
2026-06-08 15:20:00,4352.7001953125,4354.7001953125,4351.0,4351.0,304.0
2026-06-08 15:25:00,4351.2001953125,4352.5,4350.2998046875,4352.0,316.0
2026-06-08 15:30:00,4351.7001953125,4354.7998046875,4350.60009765625,4351.5,453.0
2026-06-08 15:35:00,4351.5,4352.7998046875,4349.2001953125,4350.10009765625,264.0
2026-06-08 15:40:00,4350.0,4350.2001953125,4348.39990234375,4349.10009765625,340.0
2026-06-08 15:45:00,4349.10009765625,4351.7001953125,4349.10009765625,4351.39990234375,270.0
2026-06-08 15:50:00,4351.39990234375,4354.0,4351.39990234375,4352.10009765625,541.0
2026-06-08 15:55:00,4352.39990234375,4352.89990234375,4346.60009765625,4350.2998046875,770.0
2026-06-08 16:00:00,4350.5,4353.7998046875,4350.39990234375,4353.39990234375,297.0
2026-06-09 09:30:00,4355.39990234375,4358.5,4352.60009765625,4354.2998046875,907.0
2026-06-09 09:35:00,4354.10009765625,4359.0,4354.0,4356.2998046875,496.0
2026-06-09 09:40:00,4356.2998046875,4356.39990234375,4349.10009765625,4354.5,835.0
2026-06-09 09:45:00,4354.39990234375,4388.60009765625,4353.5,4377.2001953125,3945.0
2026-06-09 09:50:00,4377.39990234375,4377.7998046875,4358.10009765625,4358.7001953125,2182.0
2026-06-09 09:55:00,4359.0,4359.2001953125,4351.0,4353.2001953125,1587.0
2026-06-09 10:00:00,4352.89990234375,4360.2998046875,4350.39990234375,4353.2998046875,1698.0
2026-06-09 10:05:00,4353.5,4356.5,4348.5,4352.7001953125,1386.0
2026-06-09 10:10:00,4352.2001953125,4352.89990234375,4343.39990234375,4345.10009765625,1156.0
2026-06-09 10:15:00,4344.7998046875,4347.2998046875,4328.2998046875,4334.89990234375,2838.0
2026-06-09 10:20:00,4335.10009765625,4344.5,4332.7998046875,4342.7998046875,1408.0
2026-06-09 10:25:00,4342.5,4348.0,4339.89990234375,4342.7001953125,1078.0
2026-06-09 10:30:00,4342.39990234375,4345.5,4333.7001953125,4339.0,1665.0
2026-06-09 10:35:00,4338.7998046875,4339.10009765625,4326.5,4329.0,1604.0
2026-06-09 10:40:00,4329.0,4331.60009765625,4307.2001953125,4308.60009765625,2068.0
2026-06-09 10:45:00,4308.60009765625,4313.7998046875,4302.10009765625,4307.7001953125,2437.0
2026-06-09 10:50:00,4307.60009765625,4322.2001953125,4305.60009765625,4322.0,2277.0
2026-06-09 10:55:00,4322.2998046875,4325.2998046875,4316.7001953125,4325.0,1217.0
2026-06-09 11:00:00,4324.7998046875,4326.39990234375,4315.60009765625,4317.2998046875,1158.0
2026-06-09 11:05:00,4317.60009765625,4321.0,4314.2001953125,4320.10009765625,797.0
2026-06-09 11:10:00,4320.2001953125,4323.7001953125,4313.60009765625,4319.5,767.0
2026-06-09 11:15:00,4319.0,4321.2001953125,4315.7998046875,4316.2001953125,624.0
2026-06-09 11:20:00,4316.2001953125,4319.10009765625,4309.2001953125,4310.0,606.0
2026-06-09 11:25:00,4310.0,4313.2001953125,4301.0,4302.7998046875,1413.0
2026-06-09 11:30:00,4302.89990234375,4306.10009765625,4287.60009765625,4298.5,3009.0
2026-06-09 11:35:00,4298.7998046875,4298.89990234375,4287.10009765625,4294.2998046875,1355.0
2026-06-09 11:40:00,4294.2001953125,4304.39990234375,4293.5,4304.10009765625,946.0
2026-06-09 11:45:00,4304.2001953125,4310.2001953125,4302.7998046875,4305.10009765625,1156.0
2026-06-09 11:50:00,4304.7998046875,4308.5,4300.60009765625,4304.0,718.0
2026-06-09 11:55:00,4304.89990234375,4310.0,4296.2998046875,4296.7001953125,998.0
2026-06-09 12:00:00,4296.5,4305.2998046875,4295.2001953125,4298.2998046875,1092.0
2026-06-09 12:05:00,4297.89990234375,4298.60009765625,4284.7001953125,4287.60009765625,1435.0
2026-06-09 12:10:00,4287.39990234375,4291.10009765625,4282.2998046875,4283.10009765625,1428.0
2026-06-09 12:15:00,4283.39990234375,4287.39990234375,4276.89990234375,4278.2001953125,2189.0
2026-06-09 12:20:00,4278.5,4287.39990234375,4277.10009765625,4286.2998046875,1282.0
2026-06-09 12:25:00,4285.89990234375,4290.89990234375,4284.89990234375,4287.10009765625,812.0
2026-06-09 12:30:00,4286.7998046875,4288.39990234375,4283.60009765625,4286.10009765625,1376.0
2026-06-09 12:35:00,4285.60009765625,4291.39990234375,4260.0,4265.2998046875,3634.0
2026-06-09 12:40:00,4264.89990234375,4271.89990234375,4259.89990234375,4268.89990234375,1946.0
2026-06-09 12:45:00,4268.10009765625,4278.10009765625,4268.0,4273.39990234375,1383.0
2026-06-09 12:50:00,4273.2001953125,4274.89990234375,4262.39990234375,4264.2998046875,901.0
2026-06-09 12:55:00,4263.60009765625,4276.2998046875,4263.39990234375,4276.0,928.0
2026-06-09 13:00:00,4276.10009765625,4288.0,4275.10009765625,4286.5,1276.0
2026-06-09 13:05:00,4286.39990234375,4287.5,4282.7998046875,4286.89990234375,838.0
2026-06-09 13:10:00,4286.89990234375,4288.39990234375,4281.39990234375,4285.5,1002.0
2026-06-09 13:15:00,4285.60009765625,4290.0,4282.7001953125,4288.39990234375,1138.0
2026-06-09 13:20:00,4288.2001953125,4292.0,4286.89990234375,4290.60009765625,1331.0
2026-06-09 13:25:00,4290.7998046875,4291.10009765625,4284.7998046875,4287.39990234375,2160.0
2026-06-09 13:30:00,4287.60009765625,4290.60009765625,4285.2998046875,4290.10009765625,1028.0
2026-06-09 13:35:00,4289.0,4290.7998046875,4286.10009765625,4287.2998046875,300.0
2026-06-09 13:40:00,4286.39990234375,4292.7001953125,4286.2998046875,4289.5,494.0
2026-06-09 13:45:00,4289.5,4291.2001953125,4280.60009765625,4281.7001953125,980.0
2026-06-09 13:50:00,4281.2998046875,4284.39990234375,4280.2001953125,4282.5,520.0
2026-06-09 13:55:00,4282.39990234375,4288.7998046875,4282.2998046875,4287.2001953125,504.0
2026-06-09 14:00:00,4287.5,4290.0,4283.60009765625,4286.5,283.0
2026-06-09 14:05:00,4286.5,4291.39990234375,4285.0,4291.39990234375,273.0
2026-06-09 14:10:00,4291.10009765625,4291.10009765625,4286.89990234375,4289.7001953125,382.0
2026-06-09 14:15:00,4289.60009765625,4294.5,4287.0,4294.0,465.0
2026-06-09 14:20:00,4293.7001953125,4298.7998046875,4291.7001953125,4297.89990234375,409.0
2026-06-09 14:25:00,4297.7998046875,4297.89990234375,4292.2998046875,4295.2001953125,240.0
2026-06-09 14:30:00,4295.10009765625,4298.60009765625,4293.2001953125,4295.2998046875,265.0
2026-06-09 14:35:00,4295.2998046875,4295.39990234375,4292.7998046875,4293.7998046875,200.0
2026-06-09 14:40:00,4293.39990234375,4294.39990234375,4288.0,4288.7001953125,279.0
2026-06-09 14:45:00,4288.7001953125,4289.89990234375,4286.5,4289.89990234375,233.0
2026-06-09 14:50:00,4289.60009765625,4292.5,4288.5,4290.2998046875,204.0
2026-06-09 14:55:00,4290.60009765625,4296.10009765625,4290.10009765625,4294.39990234375,236.0
2026-06-09 15:00:00,4294.60009765625,4295.10009765625,4290.7998046875,4294.2001953125,188.0
2026-06-09 15:05:00,4294.0,4296.10009765625,4289.2998046875,4289.5,240.0
2026-06-09 15:10:00,4289.2998046875,4289.5,4282.2998046875,4283.0,423.0
2026-06-09 15:15:00,4282.89990234375,4283.39990234375,4278.7998046875,4279.7001953125,559.0
2026-06-09 15:20:00,4279.39990234375,4280.2998046875,4276.7001953125,4279.60009765625,474.0
2026-06-09 15:25:00,4279.5,4281.89990234375,4278.2001953125,4281.60009765625,323.0
2026-06-09 15:30:00,4281.2001953125,4284.2001953125,4280.2998046875,4283.60009765625,225.0
2026-06-09 15:35:00,4283.10009765625,4284.0,4276.7998046875,4278.0,348.0
2026-06-09 15:40:00,4277.60009765625,4277.60009765625,4274.2001953125,4275.0,315.0
2026-06-09 15:45:00,4275.2998046875,4276.39990234375,4274.0,4275.10009765625,372.0
2026-06-09 15:50:00,4275.2001953125,4283.0,4275.2001953125,4283.0,696.0
2026-06-09 15:55:00,4283.10009765625,4283.5,4280.0,4282.7001953125,624.0
2026-06-09 16:00:00,4282.7998046875,4285.2001953125,4280.0,4284.89990234375,263.0
2026-06-10 09:30:00,4172.0,4176.7998046875,4165.5,4165.89990234375,1464.0
2026-06-10 09:35:00,4166.0,4191.89990234375,4164.7998046875,4188.89990234375,3374.0
2026-06-10 09:40:00,4189.2001953125,4203.10009765625,4186.10009765625,4203.10009765625,2362.0
2026-06-10 09:45:00,4202.10009765625,4209.0,4196.2998046875,4209.0,2670.0
2026-06-10 09:50:00,4208.7998046875,4209.5,4199.0,4203.60009765625,1879.0
2026-06-10 09:55:00,4203.5,4207.0,4198.39990234375,4203.0,1109.0
2026-06-10 10:00:00,4202.60009765625,4204.10009765625,4193.7998046875,4194.5,2359.0
2026-06-10 10:05:00,4194.7001953125,4199.89990234375,4193.0,4196.60009765625,978.0
2026-06-10 10:10:00,4196.7998046875,4203.5,4193.60009765625,4197.60009765625,794.0
2026-06-10 10:15:00,4198.0,4198.5,4190.2001953125,4191.39990234375,1148.0
2026-06-10 10:20:00,4191.2998046875,4196.10009765625,4185.39990234375,4193.2001953125,1231.0
2026-06-10 10:25:00,4193.10009765625,4194.60009765625,4182.60009765625,4184.2001953125,1127.0
2026-06-10 10:30:00,4184.0,4186.39990234375,4178.2001953125,4183.5,1151.0
2026-06-10 10:35:00,4183.5,4185.39990234375,4175.7001953125,4181.10009765625,843.0
2026-06-10 10:40:00,4180.89990234375,4184.2998046875,4172.7001953125,4173.0,727.0
2026-06-10 10:45:00,4172.5,4174.60009765625,4160.5,4163.60009765625,1407.0
2026-06-10 10:50:00,4163.60009765625,4165.89990234375,4160.0,4160.7998046875,1190.0
2026-06-10 10:55:00,4160.7998046875,4161.0,4139.7001953125,4147.10009765625,3073.0
2026-06-10 11:00:00,4147.7001953125,4159.2001953125,4145.5,4151.7001953125,1973.0
2026-06-10 11:05:00,4151.39990234375,4151.7998046875,4144.2001953125,4148.5,1184.0
2026-06-10 11:10:00,4149.0,4149.60009765625,4141.5,4146.2998046875,1028.0
2026-06-10 11:15:00,4145.7001953125,4146.2998046875,4135.89990234375,4138.10009765625,1700.0
2026-06-10 11:20:00,4138.10009765625,4156.60009765625,4137.60009765625,4152.39990234375,1420.0
2026-06-10 11:25:00,4152.39990234375,4159.7001953125,4150.39990234375,4150.5,1368.0
2026-06-10 11:30:00,4150.7998046875,4154.2998046875,4146.60009765625,4151.10009765625,1275.0
2026-06-10 11:35:00,4151.10009765625,4153.7998046875,4145.39990234375,4147.5,699.0
2026-06-10 11:40:00,4147.10009765625,4153.2001953125,4144.89990234375,4152.10009765625,851.0
2026-06-10 11:45:00,4151.60009765625,4154.2998046875,4131.5,4141.0,2915.0
2026-06-10 11:50:00,4140.89990234375,4148.60009765625,4129.60009765625,4143.5,2101.0
2026-06-10 11:55:00,4143.2001953125,4152.10009765625,4138.0,4151.89990234375,1032.0
2026-06-10 12:00:00,4152.7001953125,4154.7001953125,4145.89990234375,4149.60009765625,863.0
2026-06-10 12:05:00,4149.7001953125,4154.39990234375,4147.5,4152.89990234375,733.0
2026-06-10 12:10:00,4153.0,4156.10009765625,4148.0,4152.2001953125,665.0
2026-06-10 12:15:00,4152.2001953125,4157.10009765625,4150.89990234375,4155.7998046875,656.0
2026-06-10 12:20:00,4156.2998046875,4158.7998046875,4151.39990234375,4153.0,741.0
2026-06-10 12:25:00,4152.89990234375,4155.2998046875,4148.7998046875,4150.60009765625,840.0
2026-06-10 12:30:00,4150.2998046875,4152.89990234375,4143.2001953125,4152.2998046875,966.0
2026-06-10 12:35:00,4152.10009765625,4155.0,4148.7998046875,4151.10009765625,417.0
2026-06-10 12:40:00,4150.89990234375,4151.0,4143.10009765625,4145.2001953125,615.0
2026-06-10 12:45:00,4144.7998046875,4145.5,4138.7001953125,4143.2001953125,924.0
2026-06-10 12:50:00,4142.7998046875,4145.7998046875,4140.7001953125,4143.0,454.0
2026-06-10 12:55:00,4142.89990234375,4145.2001953125,4139.89990234375,4144.60009765625,520.0
2026-06-10 13:00:00,4144.5,4157.60009765625,4143.89990234375,4155.0,1543.0
2026-06-10 13:05:00,4155.10009765625,4155.10009765625,4142.0,4143.10009765625,698.0
2026-06-10 13:10:00,4142.89990234375,4143.2998046875,4137.2998046875,4140.2998046875,806.0
2026-06-10 13:15:00,4140.39990234375,4143.0,4136.0,4136.5,1206.0
2026-06-10 13:20:00,4136.5,4139.0,4132.5,4134.39990234375,1198.0
2026-06-10 13:25:00,4134.0,4137.89990234375,4131.7001953125,4133.7998046875,2804.0
2026-06-10 13:30:00,4133.60009765625,4135.10009765625,4128.0,4133.89990234375,1503.0
2026-06-10 13:35:00,4133.7001953125,4134.60009765625,4127.2001953125,4128.0,596.0
2026-06-10 13:40:00,4128.2001953125,4129.2001953125,4124.7001953125,4124.7998046875,752.0
2026-06-10 13:45:00,4125.2998046875,4135.60009765625,4123.5,4134.39990234375,1164.0
2026-06-10 13:50:00,4134.2001953125,4136.5,4126.60009765625,4132.7998046875,1000.0
2026-06-10 13:55:00,4133.0,4136.7001953125,4132.60009765625,4134.89990234375,421.0
2026-06-10 14:00:00,4135.2998046875,4144.0,4134.60009765625,4143.2001953125,751.0
2026-06-10 14:05:00,4143.5,4143.7001953125,4137.5,4137.7001953125,425.0
2026-06-10 14:10:00,4137.89990234375,4141.10009765625,4137.7998046875,4138.7998046875,308.0
2026-06-10 14:15:00,4139.0,4141.2001953125,4133.60009765625,4135.7001953125,393.0
2026-06-10 14:20:00,4135.89990234375,4138.39990234375,4134.2998046875,4136.2998046875,300.0
2026-06-10 14:25:00,4136.2998046875,4138.0,4132.7998046875,4136.0,275.0
2026-06-10 14:30:00,4135.7001953125,4135.89990234375,4132.10009765625,4132.2998046875,255.0
2026-06-10 14:35:00,4132.0,4133.2001953125,4129.7001953125,4130.0,443.0
2026-06-10 14:40:00,4130.2998046875,4133.0,4127.89990234375,4128.2001953125,467.0
2026-06-10 14:45:00,4128.10009765625,4130.7998046875,4127.2998046875,4127.7001953125,183.0
2026-06-10 14:50:00,4127.7001953125,4127.7001953125,4120.2001953125,4125.0,1203.0
2026-06-10 14:55:00,4124.7001953125,4126.60009765625,4122.2998046875,4125.0,369.0
2026-06-10 15:00:00,4125.39990234375,4125.7998046875,4119.2998046875,4119.7001953125,806.0
2026-06-10 15:05:00,4119.7001953125,4122.7998046875,4118.60009765625,4118.7001953125,561.0
2026-06-10 15:10:00,4118.7001953125,4118.7001953125,4110.60009765625,4112.7001953125,1291.0
2026-06-10 15:15:00,4112.5,4116.0,4111.2001953125,4113.2998046875,456.0
2026-06-10 15:20:00,4113.39990234375,4114.0,4106.2001953125,4108.60009765625,1253.0
2026-06-10 15:25:00,4108.5,4109.2998046875,4105.0,4108.0,661.0
2026-06-10 15:30:00,4108.2001953125,4112.60009765625,4107.2001953125,4109.7998046875,603.0
2026-06-10 15:35:00,4109.60009765625,4110.5,4105.5,4109.5,281.0
2026-06-10 15:40:00,4109.5,4115.7998046875,4109.5,4115.10009765625,649.0
2026-06-10 15:45:00,4115.39990234375,4116.10009765625,4109.10009765625,4111.2001953125,482.0
2026-06-10 15:50:00,4111.7001953125,4115.39990234375,4109.2001953125,4110.7001953125,643.0
2026-06-10 15:55:00,4110.7001953125,4110.7001953125,4105.10009765625,4106.2001953125,899.0
2026-06-10 16:00:00,4106.0,4106.39990234375,4098.5,4100.60009765625,870.0
2026-06-11 09:30:00,4096.2001953125,4102.5,4092.89990234375,4096.2001953125,1243.0
2026-06-11 09:35:00,4095.60009765625,4103.7001953125,4089.199951171875,4093.60009765625,1143.0
2026-06-11 09:40:00,4093.199951171875,4099.7001953125,4088.0,4097.39990234375,816.0
2026-06-11 09:45:00,4097.60009765625,4114.2998046875,4094.39990234375,4104.7998046875,2466.0
2026-06-11 09:50:00,4104.89990234375,4113.5,4104.89990234375,4106.10009765625,1061.0
2026-06-11 09:55:00,4106.5,4112.5,4103.2998046875,4104.2998046875,1241.0
2026-06-11 10:00:00,4104.0,4106.60009765625,4096.0,4098.89990234375,2113.0
2026-06-11 10:05:00,4098.2998046875,4098.5,4081.10009765625,4082.800048828125,1621.0
2026-06-11 10:10:00,4083.39990234375,4084.39990234375,4072.800048828125,4081.60009765625,2237.0
2026-06-11 10:15:00,4081.699951171875,4086.89990234375,4075.800048828125,4084.0,1467.0
2026-06-11 10:20:00,4083.800048828125,4102.7998046875,4083.39990234375,4100.0,1499.0
2026-06-11 10:25:00,4100.2001953125,4105.60009765625,4094.39990234375,4095.300048828125,1138.0
2026-06-11 10:30:00,4095.300048828125,4098.5,4091.300048828125,4093.300048828125,811.0
2026-06-11 10:35:00,4092.10009765625,4100.89990234375,4091.60009765625,4099.39990234375,791.0
2026-06-11 10:40:00,4099.7001953125,4104.39990234375,4096.7998046875,4097.2001953125,1018.0
2026-06-11 10:45:00,4097.2998046875,4100.2001953125,4093.60009765625,4099.2998046875,579.0
2026-06-11 10:50:00,4098.60009765625,4101.39990234375,4094.39990234375,4097.89990234375,562.0
2026-06-11 10:55:00,4097.5,4099.7001953125,4092.699951171875,4094.39990234375,564.0
2026-06-11 11:00:00,4094.199951171875,4097.2001953125,4090.89990234375,4094.10009765625,1149.0
2026-06-11 11:05:00,4094.300048828125,4107.5,4092.699951171875,4101.7998046875,1215.0
2026-06-11 11:10:00,4102.2001953125,4108.7998046875,4100.2001953125,4101.2998046875,867.0
2026-06-11 11:15:00,4101.89990234375,4107.5,4100.7998046875,4103.2001953125,1007.0
2026-06-11 11:20:00,4102.7001953125,4110.60009765625,4097.60009765625,4100.10009765625,797.0
2026-06-11 11:25:00,4100.10009765625,4106.0,4096.0,4102.89990234375,657.0
2026-06-11 11:30:00,4102.89990234375,4103.7001953125,4098.5,4100.60009765625,606.0
2026-06-11 11:35:00,4100.7001953125,4108.2998046875,4099.89990234375,4107.2998046875,619.0
2026-06-11 11:40:00,4107.60009765625,4111.89990234375,4107.39990234375,4109.0,727.0
2026-06-11 11:45:00,4109.7001953125,4113.0,4109.0,4111.0,593.0
2026-06-11 11:50:00,4111.39990234375,4116.7998046875,4109.7001953125,4112.2001953125,794.0
2026-06-11 11:55:00,4111.60009765625,4111.60009765625,4106.7001953125,4110.0,672.0
2026-06-11 12:00:00,4110.2001953125,4114.60009765625,4108.0,4108.89990234375,488.0
2026-06-11 12:05:00,4108.7998046875,4114.89990234375,4108.0,4114.2998046875,335.0
2026-06-11 12:10:00,4113.5,4124.60009765625,4112.39990234375,4124.0,1118.0
2026-06-11 12:15:00,4123.7998046875,4129.0,4117.2001953125,4117.89990234375,1152.0
2026-06-11 12:20:00,4118.2001953125,4119.60009765625,4108.10009765625,4109.39990234375,1005.0
2026-06-11 12:25:00,4109.2998046875,4110.0,4100.39990234375,4100.7998046875,818.0
2026-06-11 12:30:00,4100.39990234375,4109.10009765625,4099.5,4105.89990234375,769.0
2026-06-11 12:35:00,4105.60009765625,4107.7001953125,4102.7001953125,4103.7998046875,492.0
2026-06-11 12:40:00,4104.0,4106.60009765625,4102.2998046875,4103.2998046875,375.0
2026-06-11 12:45:00,4103.0,4105.5,4101.39990234375,4102.60009765625,304.0
2026-06-11 12:50:00,4102.5,4103.7001953125,4098.89990234375,4100.89990234375,363.0
2026-06-11 12:55:00,4100.89990234375,4103.60009765625,4100.5,4101.2001953125,468.0
2026-06-11 13:00:00,4101.5,4101.89990234375,4092.89990234375,4095.60009765625,1084.0
2026-06-11 13:05:00,4095.39990234375,4098.89990234375,4095.300048828125,4097.5,669.0
2026-06-11 13:10:00,4097.7998046875,4099.89990234375,4093.300048828125,4097.2001953125,474.0
2026-06-11 13:15:00,4096.89990234375,4099.7998046875,4095.199951171875,4099.39990234375,1123.0
2026-06-11 13:20:00,4099.2001953125,4102.10009765625,4097.0,4101.2998046875,912.0
2026-06-11 13:25:00,4101.2998046875,4123.2001953125,4099.2001953125,4122.5,4407.0
2026-06-11 13:30:00,4122.60009765625,4171.0,4122.10009765625,4170.7998046875,6598.0
2026-06-11 13:35:00,4169.89990234375,4176.10009765625,4159.2001953125,4171.10009765625,2986.0
2026-06-11 13:40:00,4171.7998046875,4191.7998046875,4168.89990234375,4188.2001953125,3948.0
2026-06-11 13:45:00,4188.39990234375,4188.39990234375,4174.60009765625,4175.7998046875,1904.0
2026-06-11 13:50:00,4175.7001953125,4182.7998046875,4168.10009765625,4174.7998046875,1579.0
2026-06-11 13:55:00,4173.89990234375,4178.5,4167.39990234375,4173.2001953125,1166.0
2026-06-11 14:00:00,4173.2001953125,4176.7001953125,4157.10009765625,4159.60009765625,2011.0
2026-06-11 14:05:00,4159.0,4162.2001953125,4152.0,4156.2001953125,1053.0
2026-06-11 14:10:00,4156.60009765625,4167.7001953125,4156.60009765625,4167.5,638.0
2026-06-11 14:15:00,4167.2001953125,4184.10009765625,4165.7001953125,4181.89990234375,1922.0
2026-06-11 14:20:00,4181.60009765625,4183.5,4172.2001953125,4177.10009765625,1905.0
2026-06-11 14:25:00,4177.2998046875,4178.10009765625,4171.60009765625,4173.7001953125,625.0
2026-06-11 14:30:00,4173.7998046875,4179.2001953125,4170.10009765625,4175.5,481.0
2026-06-11 14:35:00,4175.60009765625,4179.89990234375,4173.7998046875,4177.7001953125,280.0
2026-06-11 14:40:00,4177.0,4186.60009765625,4176.2998046875,4186.0,540.0
2026-06-11 14:45:00,4185.7998046875,4193.0,4185.2998046875,4189.7998046875,897.0
2026-06-11 14:50:00,4189.39990234375,4191.2998046875,4185.5,4186.10009765625,673.0
2026-06-11 14:55:00,4186.60009765625,4187.0,4181.7998046875,4183.10009765625,543.0
2026-06-11 15:00:00,4183.5,4195.7998046875,4183.5,4195.7998046875,853.0
2026-06-11 15:05:00,4195.5,4197.39990234375,4190.89990234375,4195.10009765625,691.0
2026-06-11 15:10:00,4195.10009765625,4211.0,4194.5,4209.89990234375,2260.0
2026-06-11 15:15:00,4210.0,4218.60009765625,4207.7001953125,4217.2001953125,1436.0
2026-06-11 15:20:00,4217.2001953125,4219.5,4210.0,4213.2998046875,844.0
2026-06-11 15:25:00,4212.89990234375,4220.0,4211.10009765625,4216.7998046875,578.0
2026-06-11 15:30:00,4217.0,4236.0,4217.0,4235.7998046875,2244.0
2026-06-11 15:35:00,4235.7998046875,4241.2998046875,4229.2998046875,4229.89990234375,1474.0
2026-06-11 15:40:00,4229.2001953125,4238.5,4229.2001953125,4230.89990234375,784.0
2026-06-11 15:45:00,4231.2998046875,4236.0,4230.7998046875,4231.10009765625,637.0
2026-06-11 15:50:00,4231.10009765625,4236.39990234375,4230.0,4236.39990234375,827.0
2026-06-11 15:55:00,4236.2001953125,4236.2001953125,4228.2001953125,4229.89990234375,1184.0
2026-06-11 16:00:00,4230.2001953125,4237.10009765625,4229.2998046875,4229.7001953125,847.0
2026-06-12 09:30:00,4223.7001953125,4226.60009765625,4217.7998046875,4219.89990234375,1011.0
2026-06-12 09:35:00,4220.2001953125,4231.2001953125,4219.39990234375,4228.2001953125,1266.0
2026-06-12 09:40:00,4228.0,4228.60009765625,4203.0,4211.2998046875,3208.0
2026-06-12 09:45:00,4211.10009765625,4214.5,4204.0,4211.60009765625,1487.0
2026-06-12 09:50:00,4211.2001953125,4214.5,4206.89990234375,4209.7998046875,758.0
2026-06-12 09:55:00,4210.2001953125,4213.10009765625,4203.2001953125,4206.7001953125,712.0
2026-06-12 10:00:00,4207.39990234375,4219.10009765625,4206.0,4215.2998046875,1680.0
2026-06-12 10:05:00,4215.39990234375,4219.2001953125,4205.60009765625,4219.10009765625,995.0
2026-06-12 10:10:00,4218.7998046875,4218.7998046875,4210.7001953125,4214.10009765625,715.0
2026-06-12 10:15:00,4213.60009765625,4220.10009765625,4211.0,4211.0,645.0
2026-06-12 10:20:00,4211.0,4212.7001953125,4202.89990234375,4208.10009765625,948.0
2026-06-12 10:25:00,4207.7998046875,4215.0,4207.39990234375,4208.7998046875,849.0
2026-06-12 10:30:00,4209.2998046875,4210.2998046875,4201.2998046875,4207.39990234375,978.0
2026-06-12 10:35:00,4207.0,4213.39990234375,4206.7001953125,4213.0,1202.0
2026-06-12 10:40:00,4213.0,4213.89990234375,4201.39990234375,4205.0,1052.0
2026-06-12 10:45:00,4204.7998046875,4205.39990234375,4197.5,4203.5,844.0
2026-06-12 10:50:00,4203.5,4228.7001953125,4199.7001953125,4228.0,2634.0
2026-06-12 10:55:00,4228.10009765625,4229.5,4221.7998046875,4224.89990234375,1441.0
2026-06-12 11:00:00,4224.89990234375,4230.0,4221.0,4224.0,1025.0
2026-06-12 11:05:00,4224.10009765625,4231.7001953125,4224.0,4229.2001953125,876.0
2026-06-12 11:10:00,4229.7001953125,4236.10009765625,4229.5,4234.60009765625,619.0
2026-06-12 11:15:00,4235.0,4240.0,4233.5,4235.7001953125,846.0
2026-06-12 11:20:00,4235.7001953125,4251.60009765625,4233.7001953125,4248.7001953125,1540.0
2026-06-12 11:25:00,4249.0,4256.7998046875,4244.2998046875,4246.7998046875,1611.0
2026-06-12 11:30:00,4247.0,4249.2001953125,4239.5,4240.2998046875,1240.0
2026-06-12 11:35:00,4240.2001953125,4247.5,4235.60009765625,4239.89990234375,1545.0
2026-06-12 11:40:00,4239.5,4240.10009765625,4230.39990234375,4231.60009765625,691.0
2026-06-12 11:45:00,4232.10009765625,4235.89990234375,4227.39990234375,4228.5,686.0
2026-06-12 11:50:00,4228.7001953125,4237.2998046875,4228.2001953125,4235.89990234375,827.0
2026-06-12 11:55:00,4235.7001953125,4239.2998046875,4231.7001953125,4232.39990234375,794.0
2026-06-12 12:00:00,4232.2998046875,4234.39990234375,4228.60009765625,4230.2998046875,472.0
2026-06-12 12:05:00,4230.2001953125,4235.10009765625,4228.89990234375,4233.89990234375,395.0
2026-06-12 12:10:00,4233.7998046875,4246.0,4231.89990234375,4242.10009765625,1275.0
2026-06-12 12:15:00,4242.60009765625,4254.10009765625,4241.39990234375,4244.60009765625,1183.0
2026-06-12 12:20:00,4244.39990234375,4246.10009765625,4239.10009765625,4239.10009765625,617.0
2026-06-12 12:25:00,4239.10009765625,4241.39990234375,4236.7998046875,4237.5,392.0
2026-06-12 12:30:00,4237.89990234375,4239.60009765625,4236.89990234375,4238.89990234375,296.0
2026-06-12 12:35:00,4238.7998046875,4239.10009765625,4232.2998046875,4237.89990234375,507.0
2026-06-12 12:40:00,4237.60009765625,4241.0,4234.0,4234.10009765625,540.0
2026-06-12 12:45:00,4234.2001953125,4235.39990234375,4232.0,4234.2998046875,471.0
2026-06-12 12:50:00,4234.10009765625,4237.7001953125,4232.2998046875,4235.7001953125,495.0
2026-06-12 12:55:00,4235.89990234375,4238.5,4234.10009765625,4236.5,449.0
2026-06-12 13:00:00,4236.5,4241.39990234375,4236.39990234375,4241.0,385.0
2026-06-12 13:05:00,4240.89990234375,4247.10009765625,4239.60009765625,4241.60009765625,959.0
2026-06-12 13:10:00,4241.2998046875,4242.10009765625,4235.5,4238.5,623.0
2026-06-12 13:15:00,4239.0,4239.0,4234.39990234375,4238.2001953125,452.0
2026-06-12 13:20:00,4238.5,4244.2001953125,4238.10009765625,4241.2998046875,697.0
2026-06-12 13:25:00,4241.60009765625,4241.7001953125,4237.0,4239.2001953125,1419.0
2026-06-12 13:30:00,4239.2001953125,4240.7001953125,4234.0,4240.39990234375,597.0
2026-06-12 13:35:00,4240.0,4241.7001953125,4237.89990234375,4238.60009765625,217.0
2026-06-12 13:40:00,4238.89990234375,4243.89990234375,4237.60009765625,4242.60009765625,373.0
2026-06-12 13:45:00,4243.0,4245.2998046875,4242.2001953125,4243.39990234375,174.0
2026-06-12 13:50:00,4243.7998046875,4244.7998046875,4242.89990234375,4244.10009765625,203.0
2026-06-12 13:55:00,4243.89990234375,4244.0,4239.60009765625,4241.7998046875,217.0
2026-06-12 14:00:00,4242.2001953125,4243.2001953125,4239.89990234375,4240.2001953125,193.0
2026-06-12 14:05:00,4240.39990234375,4242.39990234375,4238.5,4241.2998046875,414.0
2026-06-12 14:10:00,4241.60009765625,4249.2001953125,4240.89990234375,4247.89990234375,523.0
2026-06-12 14:15:00,4247.2001953125,4251.2001953125,4245.60009765625,4250.10009765625,534.0
2026-06-12 14:20:00,4249.7998046875,4256.2001953125,4249.5,4249.7998046875,683.0
2026-06-12 14:25:00,4249.89990234375,4250.0,4245.2998046875,4247.2001953125,422.0
2026-06-12 14:30:00,4247.39990234375,4249.2998046875,4245.2001953125,4248.5,257.0
2026-06-12 14:35:00,4248.0,4248.39990234375,4246.2001953125,4247.2001953125,211.0
2026-06-12 14:40:00,4247.10009765625,4250.7998046875,4246.89990234375,4250.0,247.0
2026-06-12 14:45:00,4249.2001953125,4250.0,4243.39990234375,4243.39990234375,465.0
2026-06-12 14:50:00,4243.7001953125,4244.0,4241.2998046875,4242.7001953125,217.0
2026-06-12 14:55:00,4242.5,4243.10009765625,4234.89990234375,4236.2001953125,640.0
2026-06-12 15:00:00,4236.2001953125,4239.5,4235.2001953125,4238.7998046875,373.0
2026-06-12 15:05:00,4238.89990234375,4240.7998046875,4236.7001953125,4238.7998046875,241.0
2026-06-12 15:10:00,4238.7001953125,4240.2001953125,4237.7001953125,4238.7998046875,181.0
2026-06-12 15:15:00,4238.60009765625,4238.60009765625,4234.7998046875,4236.2998046875,228.0
2026-06-12 15:20:00,4236.5,4236.5,4231.2001953125,4231.7001953125,294.0
2026-06-12 15:25:00,4231.60009765625,4233.0,4228.89990234375,4229.89990234375,649.0
2026-06-12 15:30:00,4229.89990234375,4231.60009765625,4225.2998046875,4225.60009765625,717.0
2026-06-12 15:35:00,4225.5,4230.2998046875,4223.2001953125,4226.7001953125,571.0
2026-06-12 15:40:00,4226.89990234375,4228.7001953125,4225.89990234375,4226.39990234375,186.0
2026-06-12 15:45:00,4226.7001953125,4229.39990234375,4225.2998046875,4228.39990234375,238.0
2026-06-12 15:50:00,4228.60009765625,4229.60009765625,4227.10009765625,4227.89990234375,293.0
2026-06-12 15:55:00,4228.10009765625,4232.5,4226.7001953125,4231.89990234375,498.0
2026-06-12 16:00:00,4231.60009765625,4233.10009765625,4230.7001953125,4232.10009765625,246.0
2026-06-15 09:30:00,4375.0,4386.39990234375,4373.60009765625,4384.5,2210.0
2026-06-15 09:35:00,4384.2998046875,4388.5,4381.10009765625,4384.7001953125,2088.0
2026-06-15 09:40:00,4385.0,4390.7998046875,4382.0,4384.7998046875,2051.0
2026-06-15 09:45:00,4385.10009765625,4386.5,4380.89990234375,4383.60009765625,1081.0
2026-06-15 09:50:00,4383.89990234375,4384.5,4377.89990234375,4379.7998046875,1249.0
2026-06-15 09:55:00,4379.5,4383.60009765625,4375.89990234375,4376.7998046875,1192.0
2026-06-15 10:00:00,4376.7001953125,4382.39990234375,4375.5,4380.39990234375,1850.0
2026-06-15 10:05:00,4380.5,4391.5,4379.60009765625,4387.7001953125,1738.0
2026-06-15 10:10:00,4387.60009765625,4387.60009765625,4375.7001953125,4379.0,1311.0
2026-06-15 10:15:00,4379.2001953125,4384.89990234375,4378.5,4383.2001953125,965.0
2026-06-15 10:20:00,4383.10009765625,4383.60009765625,4375.5,4379.2001953125,756.0
2026-06-15 10:25:00,4379.0,4386.10009765625,4379.0,4385.5,810.0
2026-06-15 10:30:00,4385.60009765625,4387.10009765625,4378.2001953125,4379.0,1156.0
2026-06-15 10:35:00,4378.89990234375,4381.7998046875,4375.5,4379.10009765625,801.0
2026-06-15 10:40:00,4379.2998046875,4380.60009765625,4376.2998046875,4378.7001953125,573.0
2026-06-15 10:45:00,4378.60009765625,4384.7001953125,4377.10009765625,4383.7998046875,1053.0
2026-06-15 10:50:00,4383.89990234375,4385.39990234375,4380.7001953125,4383.2001953125,635.0
2026-06-15 10:55:00,4383.10009765625,4383.89990234375,4378.2001953125,4378.5,688.0
2026-06-15 11:00:00,4378.2998046875,4379.0,4373.0,4376.5,793.0
2026-06-15 11:05:00,4376.7998046875,4381.10009765625,4374.7001953125,4376.0,678.0
2026-06-15 11:10:00,4375.89990234375,4376.0,4371.2001953125,4372.89990234375,649.0
2026-06-15 11:15:00,4372.5,4377.89990234375,4372.10009765625,4373.2998046875,932.0
2026-06-15 11:20:00,4373.10009765625,4379.10009765625,4371.7998046875,4378.2001953125,660.0
2026-06-15 11:25:00,4378.0,4380.39990234375,4375.0,4375.7998046875,645.0
2026-06-15 11:30:00,4375.7001953125,4376.5,4370.60009765625,4374.60009765625,738.0
2026-06-15 11:35:00,4374.89990234375,4377.39990234375,4374.10009765625,4376.39990234375,315.0
2026-06-15 11:40:00,4376.10009765625,4381.7998046875,4375.60009765625,4379.5,438.0
2026-06-15 11:45:00,4379.7998046875,4382.7998046875,4378.7001953125,4378.7001953125,706.0
2026-06-15 11:50:00,4378.7001953125,4379.5,4376.5,4378.39990234375,517.0
2026-06-15 11:55:00,4378.5,4380.39990234375,4377.60009765625,4377.60009765625,401.0
2026-06-15 12:00:00,4377.7998046875,4378.7001953125,4376.0,4378.60009765625,446.0
2026-06-15 12:05:00,4378.7001953125,4380.2998046875,4373.60009765625,4373.7998046875,527.0
2026-06-15 12:10:00,4373.7001953125,4374.10009765625,4370.2998046875,4373.2001953125,555.0
2026-06-15 12:15:00,4373.2001953125,4374.10009765625,4365.2998046875,4367.10009765625,617.0
2026-06-15 12:20:00,4367.2001953125,4368.10009765625,4361.2001953125,4361.5,916.0
2026-06-15 12:25:00,4361.60009765625,4366.39990234375,4360.5,4364.39990234375,645.0
2026-06-15 12:30:00,4364.5,4364.5,4359.60009765625,4361.89990234375,536.0
2026-06-15 12:35:00,4361.7998046875,4362.7001953125,4358.89990234375,4360.2998046875,374.0
2026-06-15 12:40:00,4360.2998046875,4362.60009765625,4357.2001953125,4357.7998046875,429.0
2026-06-15 12:45:00,4357.5,4359.89990234375,4357.10009765625,4357.7998046875,327.0
2026-06-15 12:50:00,4358.10009765625,4360.10009765625,4355.89990234375,4358.89990234375,397.0
2026-06-15 12:55:00,4359.10009765625,4361.2998046875,4357.5,4360.60009765625,381.0
2026-06-15 13:00:00,4360.5,4360.5,4354.39990234375,4355.5,512.0
2026-06-15 13:05:00,4355.10009765625,4356.60009765625,4352.7998046875,4353.7001953125,701.0
2026-06-15 13:10:00,4353.39990234375,4356.2998046875,4352.0,4355.39990234375,434.0
2026-06-15 13:15:00,4355.2001953125,4356.2998046875,4351.7001953125,4352.5,398.0
2026-06-15 13:20:00,4352.0,4352.89990234375,4350.2998046875,4352.2001953125,406.0
2026-06-15 13:25:00,4352.2998046875,4355.2001953125,4350.7001953125,4351.2001953125,1082.0
2026-06-15 13:30:00,4351.2001953125,4351.2001953125,4347.0,4347.2001953125,853.0
2026-06-15 13:35:00,4347.39990234375,4348.89990234375,4343.0,4345.39990234375,732.0
2026-06-15 13:40:00,4345.5,4346.5,4342.39990234375,4343.2998046875,329.0
2026-06-15 13:45:00,4343.60009765625,4346.89990234375,4342.5,4343.7998046875,305.0
2026-06-15 13:50:00,4344.5,4345.2998046875,4341.7001953125,4342.7998046875,260.0
2026-06-15 13:55:00,4342.5,4346.5,4342.10009765625,4346.0,297.0
2026-06-15 14:00:00,4346.2001953125,4346.2998046875,4339.10009765625,4342.0,567.0
2026-06-15 14:05:00,4341.89990234375,4343.10009765625,4340.0,4342.39990234375,176.0
2026-06-15 14:10:00,4342.2998046875,4345.89990234375,4341.89990234375,4345.2998046875,206.0
2026-06-15 14:15:00,4345.60009765625,4347.5,4344.2998046875,4346.5,357.0
2026-06-15 14:20:00,4346.39990234375,4349.7001953125,4346.2998046875,4348.0,366.0
2026-06-15 14:25:00,4348.2998046875,4349.39990234375,4345.5,4346.5,232.0
2026-06-15 14:30:00,4346.2998046875,4346.7998046875,4343.2998046875,4344.7001953125,286.0
2026-06-15 14:35:00,4344.60009765625,4347.2001953125,4343.5,4346.5,207.0
2026-06-15 14:40:00,4346.39990234375,4347.89990234375,4345.60009765625,4346.0,132.0
2026-06-15 14:45:00,4346.5,4346.7998046875,4345.60009765625,4346.60009765625,114.0
2026-06-15 14:50:00,4346.7998046875,4349.0,4346.39990234375,4347.5,520.0
2026-06-15 14:55:00,4347.39990234375,4348.2998046875,4346.60009765625,4347.2998046875,199.0
2026-06-15 15:00:00,4347.5,4348.2998046875,4343.2001953125,4343.7998046875,253.0
2026-06-15 15:05:00,4343.60009765625,4345.10009765625,4342.60009765625,4343.7998046875,233.0
2026-06-15 15:10:00,4343.5,4344.60009765625,4342.2998046875,4344.2001953125,158.0
2026-06-15 15:15:00,4344.2998046875,4346.2001953125,4344.0,4345.7998046875,180.0
2026-06-15 15:20:00,4346.0,4346.39990234375,4342.39990234375,4345.10009765625,558.0
2026-06-15 15:25:00,4345.39990234375,4345.60009765625,4342.60009765625,4343.0,114.0
2026-06-15 15:30:00,4343.60009765625,4345.5,4343.2001953125,4344.39990234375,189.0
2026-06-15 15:35:00,4344.39990234375,4344.39990234375,4341.2998046875,4342.5,164.0
2026-06-15 15:40:00,4342.39990234375,4342.7998046875,4340.0,4341.0,267.0
2026-06-15 15:45:00,4341.2998046875,4342.0,4339.7001953125,4340.39990234375,290.0
2026-06-15 15:50:00,4340.10009765625,4342.2998046875,4338.2001953125,4341.7001953125,414.0
2026-06-15 15:55:00,4341.89990234375,4343.10009765625,4340.7001953125,4342.39990234375,378.0
2026-06-15 16:00:00,4342.60009765625,4343.89990234375,4341.2001953125,4341.2001953125,203.0
2026-06-16 09:30:00,4356.0,4361.89990234375,4354.5,4359.2998046875,718.0
2026-06-16 09:35:00,4359.60009765625,4361.60009765625,4357.60009765625,4359.0,454.0
2026-06-16 09:40:00,4358.60009765625,4360.7998046875,4356.2998046875,4359.89990234375,442.0
2026-06-16 09:45:00,4360.2001953125,4361.7001953125,4355.10009765625,4358.7998046875,584.0
2026-06-16 09:50:00,4358.7998046875,4361.60009765625,4355.89990234375,4358.10009765625,934.0
2026-06-16 09:55:00,4357.7998046875,4357.89990234375,4352.60009765625,4352.7001953125,705.0
2026-06-16 10:00:00,4352.5,4359.89990234375,4352.39990234375,4359.89990234375,1009.0
2026-06-16 10:05:00,4359.89990234375,4360.0,4354.2001953125,4354.7998046875,611.0
2026-06-16 10:10:00,4355.10009765625,4357.2998046875,4353.5,4356.60009765625,1417.0
2026-06-16 10:15:00,4356.5,4356.5,4343.5,4344.2001953125,1475.0
2026-06-16 10:20:00,4344.0,4347.10009765625,4342.2998046875,4346.0,632.0
2026-06-16 10:25:00,4346.2998046875,4346.7001953125,4338.2001953125,4340.5,1430.0
2026-06-16 10:30:00,4340.7001953125,4342.2001953125,4333.7001953125,4338.39990234375,1682.0
2026-06-16 10:35:00,4338.5,4346.5,4338.2998046875,4345.89990234375,1099.0
2026-06-16 10:40:00,4345.89990234375,4349.2998046875,4344.5,4345.10009765625,679.0
2026-06-16 10:45:00,4345.10009765625,4347.7998046875,4343.7001953125,4346.39990234375,843.0
2026-06-16 10:50:00,4345.7001953125,4348.39990234375,4344.39990234375,4345.2001953125,334.0
2026-06-16 10:55:00,4345.5,4345.5,4342.2998046875,4344.39990234375,567.0
2026-06-16 11:00:00,4344.39990234375,4347.7001953125,4342.89990234375,4344.0,550.0
2026-06-16 11:05:00,4343.7001953125,4346.5,4343.39990234375,4345.0,335.0
2026-06-16 11:10:00,4344.7001953125,4347.2001953125,4343.7001953125,4345.10009765625,299.0
2026-06-16 11:15:00,4345.2001953125,4349.39990234375,4344.5,4345.7001953125,356.0
2026-06-16 11:20:00,4346.10009765625,4348.39990234375,4341.39990234375,4342.2001953125,533.0
2026-06-16 11:25:00,4342.10009765625,4347.39990234375,4341.89990234375,4346.7001953125,302.0
2026-06-16 11:30:00,4346.5,4348.39990234375,4345.0,4347.0,305.0
2026-06-16 11:35:00,4347.39990234375,4350.39990234375,4343.60009765625,4346.39990234375,645.0
2026-06-16 11:40:00,4346.2998046875,4347.5,4344.2001953125,4347.2998046875,275.0
2026-06-16 11:45:00,4347.2998046875,4347.39990234375,4342.60009765625,4345.7998046875,473.0
2026-06-16 11:50:00,4346.2998046875,4359.2998046875,4345.39990234375,4359.0,1192.0
2026-06-16 11:55:00,4359.0,4364.5,4355.7001953125,4355.7001953125,1664.0
2026-06-16 12:00:00,4355.60009765625,4360.0,4355.39990234375,4358.10009765625,533.0
2026-06-16 12:05:00,4358.5,4365.10009765625,4358.39990234375,4362.7998046875,596.0
2026-06-16 12:10:00,4362.5,4368.10009765625,4361.7998046875,4366.7001953125,968.0
2026-06-16 12:15:00,4367.0,4367.5,4364.10009765625,4366.89990234375,332.0
2026-06-16 12:20:00,4366.7998046875,4366.7998046875,4362.0,4364.10009765625,477.0
2026-06-16 12:25:00,4363.7001953125,4366.60009765625,4363.2001953125,4365.7001953125,324.0
2026-06-16 12:30:00,4365.39990234375,4366.2001953125,4361.39990234375,4361.89990234375,375.0
2026-06-16 12:35:00,4361.7001953125,4365.60009765625,4361.0,4365.2998046875,283.0
2026-06-16 12:40:00,4365.39990234375,4366.2998046875,4364.2998046875,4365.0,208.0
2026-06-16 12:45:00,4365.0,4367.0,4364.60009765625,4364.89990234375,198.0
2026-06-16 12:50:00,4365.0,4367.60009765625,4362.2998046875,4362.60009765625,314.0
2026-06-16 12:55:00,4362.60009765625,4363.60009765625,4361.2001953125,4361.7998046875,185.0
2026-06-16 13:00:00,4361.5,4361.7001953125,4358.7998046875,4360.60009765625,393.0
2026-06-16 13:05:00,4360.10009765625,4362.2998046875,4359.5,4360.7998046875,211.0
2026-06-16 13:10:00,4361.0,4361.10009765625,4354.2998046875,4356.60009765625,794.0
2026-06-16 13:15:00,4356.2998046875,4357.0,4351.2001953125,4352.10009765625,585.0
2026-06-16 13:20:00,4352.2998046875,4352.7001953125,4346.39990234375,4349.60009765625,1016.0
2026-06-16 13:25:00,4349.39990234375,4356.7998046875,4349.10009765625,4356.0,1451.0
2026-06-16 13:30:00,4356.10009765625,4359.39990234375,4355.39990234375,4358.5,491.0
2026-06-16 13:35:00,4358.7001953125,4361.2998046875,4357.2001953125,4357.89990234375,299.0
2026-06-16 13:40:00,4358.2998046875,4360.60009765625,4357.5,4359.89990234375,163.0
2026-06-16 13:45:00,4359.89990234375,4359.89990234375,4357.2001953125,4358.39990234375,105.0
2026-06-16 13:50:00,4359.0,4361.7998046875,4358.2998046875,4360.7001953125,317.0
2026-06-16 13:55:00,4360.60009765625,4361.7001953125,4360.2998046875,4361.5,76.0
2026-06-16 14:00:00,4361.7998046875,4364.2998046875,4361.0,4362.0,161.0
2026-06-16 14:05:00,4362.39990234375,4362.5,4360.39990234375,4361.7001953125,161.0
2026-06-16 14:10:00,4361.89990234375,4364.0,4361.89990234375,4363.2001953125,198.0
2026-06-16 14:15:00,4362.7001953125,4363.60009765625,4360.7001953125,4361.39990234375,186.0
2026-06-16 14:20:00,4361.60009765625,4362.2998046875,4360.5,4361.10009765625,170.0
2026-06-16 14:25:00,4361.2998046875,4363.10009765625,4360.60009765625,4363.0,153.0
2026-06-16 14:30:00,4362.7001953125,4364.39990234375,4361.39990234375,4361.60009765625,151.0
2026-06-16 14:35:00,4361.60009765625,4362.39990234375,4359.60009765625,4359.7998046875,110.0
2026-06-16 14:40:00,4360.0,4360.89990234375,4359.60009765625,4360.0,157.0
2026-06-16 14:45:00,4360.2001953125,4360.89990234375,4357.7998046875,4357.7998046875,133.0
2026-06-16 14:50:00,4357.89990234375,4359.7998046875,4357.39990234375,4359.7001953125,160.0
2026-06-16 14:55:00,4359.5,4360.7998046875,4358.7998046875,4360.0,146.0
2026-06-16 15:00:00,4359.60009765625,4363.89990234375,4359.2001953125,4363.2998046875,130.0
2026-06-16 15:05:00,4363.10009765625,4364.2998046875,4362.2001953125,4362.2998046875,142.0
2026-06-16 15:10:00,4362.10009765625,4362.60009765625,4360.2998046875,4360.5,115.0
2026-06-16 15:15:00,4360.60009765625,4360.60009765625,4357.60009765625,4360.10009765625,237.0
2026-06-16 15:20:00,4359.89990234375,4362.2001953125,4359.89990234375,4361.2001953125,103.0
2026-06-16 15:25:00,4361.39990234375,4362.2998046875,4361.0,4361.0,85.0
2026-06-16 15:30:00,4361.0,4361.39990234375,4359.7998046875,4360.5,169.0
2026-06-16 15:35:00,4360.60009765625,4361.10009765625,4358.89990234375,4359.2998046875,130.0
2026-06-16 15:40:00,4359.0,4360.60009765625,4358.39990234375,4360.0,211.0
2026-06-16 15:45:00,4360.2998046875,4361.39990234375,4358.7001953125,4359.0,161.0
2026-06-16 15:50:00,4359.39990234375,4360.60009765625,4355.10009765625,4355.7001953125,521.0
2026-06-16 15:55:00,4355.5,4356.10009765625,4352.39990234375,4355.60009765625,646.0
2026-06-16 16:00:00,4355.2998046875,4355.60009765625,4352.60009765625,4354.10009765625,208.0
2026-06-17 09:30:00,4355.60009765625,4357.60009765625,4352.2998046875,4354.60009765625,545.0
2026-06-17 09:35:00,4354.7001953125,4361.0,4354.0,4357.5,951.0
2026-06-17 09:40:00,4357.7001953125,4361.89990234375,4356.2998046875,4361.2998046875,627.0
2026-06-17 09:45:00,4361.7001953125,4364.5,4360.10009765625,4362.2001953125,1316.0
2026-06-17 09:50:00,4362.0,4365.5,4359.39990234375,4360.2001953125,1254.0
2026-06-17 09:55:00,4360.60009765625,4362.89990234375,4359.2001953125,4359.7998046875,742.0
2026-06-17 10:00:00,4359.60009765625,4361.39990234375,4355.5,4360.7001953125,1420.0
2026-06-17 10:05:00,4360.60009765625,4366.39990234375,4359.7998046875,4363.2998046875,1153.0
2026-06-17 10:10:00,4362.89990234375,4364.60009765625,4359.89990234375,4362.5,614.0
2026-06-17 10:15:00,4362.5,4363.2998046875,4360.89990234375,4361.60009765625,526.0
2026-06-17 10:20:00,4361.89990234375,4382.39990234375,4361.10009765625,4377.89990234375,1977.0
2026-06-17 10:25:00,4378.0,4381.5,4375.10009765625,4380.39990234375,1701.0
2026-06-17 10:30:00,4380.0,4384.2001953125,4378.0,4380.60009765625,1342.0
2026-06-17 10:35:00,4380.7998046875,4380.89990234375,4370.2001953125,4372.10009765625,1231.0
2026-06-17 10:40:00,4372.2001953125,4373.2998046875,4367.10009765625,4372.0,889.0
2026-06-17 10:45:00,4372.10009765625,4375.60009765625,4349.89990234375,4365.39990234375,3351.0
2026-06-17 10:50:00,4365.7001953125,4372.10009765625,4363.7001953125,4366.7998046875,860.0
2026-06-17 10:55:00,4366.2001953125,4368.2998046875,4362.89990234375,4364.10009765625,742.0
2026-06-17 11:00:00,4363.7998046875,4367.89990234375,4363.7001953125,4366.5,367.0
2026-06-17 11:05:00,4366.89990234375,4368.2001953125,4363.7001953125,4364.7001953125,268.0
2026-06-17 11:10:00,4364.2998046875,4368.2998046875,4363.60009765625,4367.89990234375,366.0
2026-06-17 11:15:00,4367.60009765625,4374.39990234375,4366.89990234375,4373.60009765625,1041.0
2026-06-17 11:20:00,4374.0,4379.5,4373.10009765625,4378.7001953125,653.0
2026-06-17 11:25:00,4379.0,4380.0,4374.2001953125,4375.2001953125,585.0
2026-06-17 11:30:00,4375.39990234375,4381.2001953125,4374.39990234375,4379.0,484.0
2026-06-17 11:35:00,4378.7001953125,4379.7998046875,4376.2001953125,4379.7001953125,284.0
2026-06-17 11:40:00,4379.39990234375,4379.39990234375,4375.60009765625,4378.10009765625,285.0
2026-06-17 11:45:00,4378.10009765625,4380.0,4377.7998046875,4378.7001953125,340.0
2026-06-17 11:50:00,4378.7001953125,4380.39990234375,4377.0,4378.7998046875,316.0
2026-06-17 11:55:00,4379.0,4385.5,4379.0,4383.60009765625,960.0
2026-06-17 12:00:00,4383.2998046875,4386.2001953125,4382.5,4383.2001953125,682.0
2026-06-17 12:05:00,4383.0,4384.60009765625,4381.60009765625,4383.10009765625,281.0
2026-06-17 12:10:00,4382.5,4383.39990234375,4380.60009765625,4382.39990234375,254.0
2026-06-17 12:15:00,4382.5,4385.60009765625,4380.7998046875,4385.5,522.0
2026-06-17 12:20:00,4385.2998046875,4386.7001953125,4383.5,4385.5,272.0
2026-06-17 12:25:00,4385.5,4385.7998046875,4383.7998046875,4385.2998046875,240.0
2026-06-17 12:30:00,4385.2998046875,4385.39990234375,4381.7001953125,4382.0,361.0
2026-06-17 12:35:00,4381.89990234375,4382.10009765625,4379.2998046875,4380.0,207.0
2026-06-17 12:40:00,4380.10009765625,4380.10009765625,4375.2001953125,4377.89990234375,422.0
2026-06-17 12:45:00,4378.0,4378.7998046875,4376.2001953125,4377.0,257.0
2026-06-17 12:50:00,4377.2001953125,4378.7998046875,4376.5,4377.5,329.0
2026-06-17 12:55:00,4377.60009765625,4380.10009765625,4377.10009765625,4379.7998046875,271.0
2026-06-17 13:00:00,4379.60009765625,4379.89990234375,4375.7001953125,4376.7998046875,483.0
2026-06-17 13:05:00,4376.7998046875,4380.7001953125,4376.0,4379.5,825.0
2026-06-17 13:10:00,4380.0,4381.60009765625,4377.7001953125,4379.5,257.0
2026-06-17 13:15:00,4379.2001953125,4384.60009765625,4378.2001953125,4382.39990234375,407.0
2026-06-17 13:20:00,4382.2998046875,4383.5,4381.39990234375,4382.2998046875,340.0
2026-06-17 13:25:00,4382.5,4384.2998046875,4380.5,4381.7001953125,896.0
2026-06-17 13:30:00,4381.39990234375,4402.7998046875,4381.2001953125,4397.7998046875,2736.0
2026-06-17 13:35:00,4398.39990234375,4398.60009765625,4390.7001953125,4395.10009765625,1327.0
2026-06-17 13:40:00,4395.0,4402.5,4395.0,4396.7001953125,1142.0
2026-06-17 13:45:00,4397.10009765625,4399.10009765625,4394.60009765625,4396.5,364.0
2026-06-17 13:50:00,4396.7001953125,4403.60009765625,4395.39990234375,4398.5,664.0
2026-06-17 13:55:00,4398.60009765625,4402.10009765625,4397.7998046875,4401.10009765625,891.0
2026-06-17 14:00:00,4399.60009765625,4399.60009765625,4335.7001953125,4336.60009765625,8853.0
2026-06-17 14:05:00,4336.60009765625,4339.10009765625,4305.2001953125,4314.0,5996.0
2026-06-17 14:10:00,4314.10009765625,4318.2001953125,4296.10009765625,4303.2998046875,3316.0
2026-06-17 14:15:00,4304.0,4328.0,4302.10009765625,4326.2001953125,3080.0
2026-06-17 14:20:00,4326.5,4327.7998046875,4310.5,4312.10009765625,1302.0
2026-06-17 14:25:00,4311.89990234375,4313.89990234375,4304.60009765625,4312.60009765625,1288.0
2026-06-17 14:30:00,4311.7001953125,4334.0,4288.2998046875,4290.2001953125,5288.0
2026-06-17 14:35:00,4290.5,4331.60009765625,4289.7001953125,4322.5,2805.0
2026-06-17 14:40:00,4323.0,4347.0,4315.39990234375,4343.2001953125,3204.0
2026-06-17 14:45:00,4343.39990234375,4352.5,4333.89990234375,4338.2998046875,2201.0
2026-06-17 14:50:00,4338.0,4344.0,4329.10009765625,4330.39990234375,1190.0
2026-06-17 14:55:00,4330.0,4331.10009765625,4296.0,4305.2001953125,3356.0
2026-06-17 15:00:00,4305.0,4315.0,4291.0,4291.5,2154.0
2026-06-17 15:05:00,4290.7001953125,4298.89990234375,4281.5,4287.2998046875,2776.0
2026-06-17 15:10:00,4287.0,4293.39990234375,4277.60009765625,4283.0,2897.0
2026-06-17 15:15:00,4282.7001953125,4283.60009765625,4259.2998046875,4263.5,3255.0
2026-06-17 15:20:00,4262.60009765625,4265.10009765625,4254.0,4255.10009765625,2000.0
2026-06-17 15:25:00,4255.39990234375,4263.89990234375,4244.89990234375,4245.7998046875,2187.0
2026-06-17 15:30:00,4245.60009765625,4255.2001953125,4239.2001953125,4245.60009765625,3653.0
2026-06-17 15:35:00,4246.0,4250.5,4237.7998046875,4240.0,1538.0
2026-06-17 15:40:00,4240.2998046875,4254.60009765625,4237.39990234375,4249.2001953125,2922.0
2026-06-17 15:45:00,4249.2998046875,4262.7001953125,4247.39990234375,4257.2998046875,2730.0
2026-06-17 15:50:00,4257.10009765625,4265.5,4253.10009765625,4256.7998046875,1490.0
2026-06-17 15:55:00,4256.7998046875,4262.5,4253.60009765625,4254.2998046875,1012.0
2026-06-17 16:00:00,4254.2001953125,4264.7998046875,4253.2998046875,4259.10009765625,699.0
2026-06-18 09:30:00,4282.0,4296.2001953125,4281.89990234375,4291.5,2250.0
2026-06-18 09:35:00,4291.5,4293.5,4287.89990234375,4292.0,1288.0
2026-06-18 09:40:00,4291.5,4291.60009765625,4282.5,4283.60009765625,871.0
2026-06-18 09:45:00,4283.7998046875,4284.60009765625,4272.2001953125,4279.5,1168.0
2026-06-18 09:50:00,4279.5,4282.7998046875,4275.89990234375,4280.2998046875,722.0
2026-06-18 09:55:00,4280.60009765625,4280.7998046875,4269.7998046875,4275.5,1027.0
2026-06-18 10:00:00,4275.2998046875,4277.2998046875,4257.2001953125,4266.7998046875,3721.0
2026-06-18 10:05:00,4266.5,4266.7998046875,4258.7998046875,4262.7001953125,1729.0
2026-06-18 10:10:00,4261.89990234375,4263.5,4258.2998046875,4260.2001953125,761.0
2026-06-18 10:15:00,4259.7001953125,4269.60009765625,4255.0,4268.5,2228.0
2026-06-18 10:20:00,4268.5,4275.10009765625,4265.2001953125,4272.0,867.0
2026-06-18 10:25:00,4272.10009765625,4274.60009765625,4263.5,4263.5,702.0
2026-06-18 10:30:00,4263.39990234375,4269.0,4260.7998046875,4268.5,710.0
2026-06-18 10:35:00,4269.0,4271.7001953125,4267.0,4270.60009765625,752.0
2026-06-18 10:40:00,4270.7001953125,4270.7001953125,4260.2998046875,4263.7998046875,741.0
2026-06-18 10:45:00,4263.5,4265.0,4258.89990234375,4262.39990234375,594.0
2026-06-18 10:50:00,4262.2998046875,4266.39990234375,4259.2998046875,4266.10009765625,554.0
2026-06-18 10:55:00,4266.10009765625,4274.2998046875,4265.10009765625,4271.7001953125,950.0
2026-06-18 11:00:00,4271.89990234375,4274.0,4267.5,4270.2998046875,584.0
2026-06-18 11:05:00,4270.10009765625,4274.2001953125,4268.60009765625,4272.7001953125,336.0
2026-06-18 11:10:00,4272.10009765625,4273.7998046875,4265.5,4266.2998046875,497.0
2026-06-18 11:15:00,4266.39990234375,4268.39990234375,4258.2001953125,4261.2001953125,1180.0
2026-06-18 11:20:00,4261.2001953125,4263.7001953125,4258.39990234375,4259.2001953125,570.0
2026-06-18 11:25:00,4259.89990234375,4261.2001953125,4253.2001953125,4254.89990234375,931.0
2026-06-18 11:30:00,4254.2001953125,4255.60009765625,4245.39990234375,4252.2001953125,1959.0
2026-06-18 11:35:00,4252.2001953125,4253.2001953125,4242.60009765625,4245.7998046875,919.0
2026-06-18 11:40:00,4246.2001953125,4254.5,4246.10009765625,4250.5,736.0
2026-06-18 11:45:00,4250.2001953125,4250.60009765625,4245.7001953125,4245.89990234375,598.0
2026-06-18 11:50:00,4246.10009765625,4247.2001953125,4241.7001953125,4243.2998046875,745.0
2026-06-18 11:55:00,4243.39990234375,4249.2001953125,4243.2998046875,4245.5,887.0
2026-06-18 12:00:00,4245.7998046875,4251.10009765625,4245.0,4245.7998046875,669.0
2026-06-18 12:05:00,4245.7001953125,4252.5,4245.0,4250.7998046875,676.0
2026-06-18 12:10:00,4251.60009765625,4252.39990234375,4246.5,4246.60009765625,538.0
2026-06-18 12:15:00,4246.7998046875,4247.89990234375,4241.2998046875,4242.5,1131.0
2026-06-18 12:20:00,4242.60009765625,4246.10009765625,4241.2001953125,4241.7001953125,720.0
2026-06-18 12:25:00,4241.39990234375,4245.2998046875,4241.2998046875,4244.0,485.0
2026-06-18 12:30:00,4244.60009765625,4248.89990234375,4240.7998046875,4241.10009765625,689.0
2026-06-18 12:35:00,4241.10009765625,4242.60009765625,4234.2001953125,4242.39990234375,2255.0
2026-06-18 12:40:00,4242.5,4245.2001953125,4239.7001953125,4241.2998046875,696.0
2026-06-18 12:45:00,4241.39990234375,4241.60009765625,4236.60009765625,4237.2998046875,517.0
2026-06-18 12:50:00,4236.89990234375,4237.7998046875,4233.0,4236.60009765625,691.0
2026-06-18 12:55:00,4236.7001953125,4238.7001953125,4233.0,4238.7001953125,538.0
2026-06-18 13:00:00,4238.7001953125,4243.7001953125,4237.7998046875,4243.0,395.0
2026-06-18 13:05:00,4242.89990234375,4245.89990234375,4242.39990234375,4243.7998046875,486.0
2026-06-18 13:10:00,4244.10009765625,4247.5,4241.10009765625,4247.2998046875,1050.0
2026-06-18 13:15:00,4246.7998046875,4250.60009765625,4246.2998046875,4249.39990234375,703.0
2026-06-18 13:20:00,4249.39990234375,4250.89990234375,4246.2001953125,4248.0,953.0
2026-06-18 13:25:00,4247.5,4248.10009765625,4244.7998046875,4245.2998046875,1293.0
2026-06-18 13:30:00,4245.10009765625,4247.10009765625,4242.39990234375,4242.39990234375,730.0
2026-06-18 13:35:00,4242.0,4244.39990234375,4241.5,4243.2001953125,412.0
2026-06-18 13:40:00,4243.5,4249.39990234375,4243.2998046875,4249.39990234375,402.0
2026-06-18 13:45:00,4249.0,4249.0,4246.2998046875,4247.7998046875,212.0
2026-06-18 13:50:00,4248.2001953125,4252.5,4248.0,4252.10009765625,370.0
2026-06-18 13:55:00,4251.2998046875,4251.7001953125,4248.89990234375,4249.5,248.0
2026-06-18 14:00:00,4249.2001953125,4249.5,4246.2001953125,4247.39990234375,253.0
2026-06-18 14:05:00,4247.7001953125,4251.10009765625,4247.7001953125,4250.89990234375,130.0
2026-06-18 14:10:00,4250.89990234375,4252.10009765625,4247.2998046875,4247.2998046875,132.0
2026-06-18 14:15:00,4247.2001953125,4249.0,4245.2001953125,4247.2998046875,184.0
2026-06-18 14:20:00,4246.89990234375,4247.89990234375,4245.2998046875,4246.89990234375,101.0
2026-06-18 14:25:00,4247.0,4248.2998046875,4244.39990234375,4245.2001953125,154.0
2026-06-18 14:30:00,4245.10009765625,4245.2001953125,4240.60009765625,4241.60009765625,621.0
2026-06-18 14:35:00,4242.10009765625,4242.2001953125,4239.5,4240.0,189.0
2026-06-18 14:40:00,4240.0,4244.2001953125,4239.60009765625,4243.7998046875,202.0
2026-06-18 14:45:00,4243.7001953125,4244.2001953125,4239.2998046875,4240.7998046875,426.0
2026-06-18 14:50:00,4240.7001953125,4241.60009765625,4238.0,4239.89990234375,195.0
2026-06-18 14:55:00,4240.0,4240.89990234375,4237.39990234375,4237.7001953125,165.0
2026-06-18 15:00:00,4237.89990234375,4238.39990234375,4231.0,4231.89990234375,665.0
2026-06-18 15:05:00,4231.7998046875,4232.0,4226.5,4227.7001953125,762.0
2026-06-18 15:10:00,4227.5,4228.60009765625,4223.10009765625,4226.7001953125,615.0
2026-06-18 15:15:00,4226.7001953125,4227.5,4221.0,4224.0,824.0
2026-06-18 15:20:00,4224.0,4227.10009765625,4223.89990234375,4224.7001953125,351.0
2026-06-18 15:25:00,4224.39990234375,4226.89990234375,4224.0,4224.10009765625,210.0
2026-06-18 15:30:00,4224.0,4226.10009765625,4220.2998046875,4222.39990234375,633.0
2026-06-18 15:35:00,4222.5,4229.2998046875,4222.0,4229.2998046875,344.0
2026-06-18 15:40:00,4229.0,4234.0,4229.0,4233.39990234375,340.0
2026-06-18 15:45:00,4233.2998046875,4235.7998046875,4232.60009765625,4235.60009765625,360.0
2026-06-18 15:50:00,4235.0,4236.89990234375,4234.39990234375,4236.10009765625,271.0
2026-06-18 15:55:00,4236.0,4237.7001953125,4233.2998046875,4236.2001953125,650.0
2026-06-18 16:00:00,4236.2001953125,4237.2001953125,4233.89990234375,4236.0,184.0
2026-06-22 09:30:00,4205.5,4206.60009765625,4201.2001953125,4204.2001953125,1190.0
2026-06-22 09:35:00,4203.7998046875,4211.2998046875,4203.2998046875,4210.39990234375,717.0
2026-06-22 09:40:00,4210.60009765625,4212.7998046875,4205.39990234375,4209.60009765625,1051.0
2026-06-22 09:45:00,4209.2001953125,4221.0,4172.89990234375,4218.2001953125,1701.0
2026-06-22 09:50:00,4218.2998046875,4223.5,4172.89990234375,4222.5,907.0
2026-06-22 09:55:00,4222.7998046875,4224.5,4217.2998046875,4218.5,898.0
2026-06-22 10:00:00,4218.7001953125,4219.10009765625,4212.0,4217.2998046875,1204.0
2026-06-22 10:05:00,4217.10009765625,4229.5,4214.89990234375,4225.0,1860.0
2026-06-22 10:10:00,4224.60009765625,4226.2998046875,4172.89990234375,4223.89990234375,916.0
2026-06-22 10:15:00,4223.89990234375,4224.7998046875,4172.89990234375,4214.5,1015.0
2026-06-22 10:20:00,4214.7998046875,4215.2001953125,4209.10009765625,4210.7001953125,908.0
2026-06-22 10:25:00,4210.7998046875,4215.2998046875,4210.10009765625,4210.39990234375,513.0
2026-06-22 10:30:00,4210.0,4210.89990234375,4205.7998046875,4206.2001953125,967.0
2026-06-22 10:35:00,4206.2998046875,4210.2998046875,4172.89990234375,4209.2998046875,927.0
2026-06-22 10:40:00,4209.7001953125,4216.0,4172.89990234375,4211.0,575.0
2026-06-22 10:45:00,4211.10009765625,4224.2998046875,4210.89990234375,4219.2001953125,1290.0
2026-06-22 10:50:00,4219.0,4221.10009765625,4215.7001953125,4215.7001953125,639.0
2026-06-22 10:55:00,4216.0,4218.7001953125,4214.60009765625,4216.7001953125,324.0
2026-06-22 11:00:00,4216.60009765625,4219.60009765625,4172.89990234375,4217.5,360.0
2026-06-22 11:05:00,4217.0,4217.39990234375,4172.89990234375,4213.60009765625,405.0
2026-06-22 11:10:00,4213.89990234375,4217.39990234375,4213.89990234375,4216.2998046875,203.0
2026-06-22 11:15:00,4216.0,4216.2998046875,4208.2998046875,4210.2998046875,543.0
2026-06-22 11:20:00,4210.39990234375,4211.10009765625,4207.2001953125,4209.10009765625,463.0
2026-06-22 11:25:00,4209.2998046875,4210.5,4172.89990234375,4207.60009765625,580.0
2026-06-22 11:30:00,4207.2001953125,4208.7998046875,4172.89990234375,4206.2998046875,458.0
2026-06-22 11:35:00,4206.60009765625,4207.39990234375,4197.7998046875,4200.39990234375,814.0
2026-06-22 11:40:00,4200.5,4203.7001953125,4198.2998046875,4199.10009765625,687.0
2026-06-22 11:45:00,4198.89990234375,4199.2001953125,4187.7001953125,4187.7998046875,2484.0
2026-06-22 11:50:00,4187.89990234375,4197.2998046875,4172.89990234375,4197.2998046875,1140.0
2026-06-22 11:55:00,4196.89990234375,4203.2001953125,4172.89990234375,4201.0,675.0
2026-06-22 12:00:00,4200.7998046875,4203.10009765625,4194.7998046875,4195.60009765625,659.0
2026-06-22 12:05:00,4195.5,4197.60009765625,4193.7998046875,4195.0,424.0
2026-06-22 12:10:00,4195.39990234375,4196.39990234375,4192.2001953125,4195.60009765625,576.0
2026-06-22 12:15:00,4194.7998046875,4198.2001953125,4172.89990234375,4197.10009765625,445.0
2026-06-22 12:20:00,4197.10009765625,4200.89990234375,4172.89990234375,4198.7998046875,387.0
2026-06-22 12:25:00,4199.7001953125,4201.10009765625,4198.2001953125,4201.10009765625,250.0
2026-06-22 12:30:00,4200.7001953125,4203.2001953125,4199.7001953125,4202.7998046875,270.0
2026-06-22 12:35:00,4203.10009765625,4204.60009765625,4201.2998046875,4201.2998046875,218.0
2026-06-22 12:40:00,4201.60009765625,4201.89990234375,4172.89990234375,4200.0,204.0
2026-06-22 12:45:00,4199.89990234375,4203.0,4172.89990234375,4202.7998046875,156.0
2026-06-22 12:50:00,4202.39990234375,4206.10009765625,4202.2001953125,4205.2001953125,238.0
2026-06-22 12:55:00,4205.39990234375,4211.89990234375,4204.7001953125,4208.5,690.0
2026-06-22 13:00:00,4208.5,4209.7001953125,4206.5,4207.7998046875,364.0
2026-06-22 13:05:00,4207.2998046875,4207.39990234375,4172.89990234375,4206.2998046875,180.0
2026-06-22 13:10:00,4206.10009765625,4206.7998046875,4172.89990234375,4205.0,170.0
2026-06-22 13:15:00,4205.10009765625,4208.39990234375,4204.60009765625,4207.5,327.0
2026-06-22 13:20:00,4208.0,4210.10009765625,4207.2001953125,4207.39990234375,286.0
2026-06-22 13:25:00,4207.39990234375,4207.39990234375,4201.5,4202.60009765625,1337.0
2026-06-22 13:30:00,4202.5,4203.10009765625,4172.89990234375,4197.10009765625,448.0
2026-06-22 13:35:00,4196.89990234375,4199.5,4172.89990234375,4199.10009765625,439.0
2026-06-22 13:40:00,4199.2001953125,4200.0,4198.5,4199.7998046875,136.0
2026-06-22 13:45:00,4199.7998046875,4201.5,4198.2001953125,4200.39990234375,137.0
2026-06-22 13:50:00,4200.60009765625,4201.5,4198.7998046875,4200.89990234375,73.0
2026-06-22 13:55:00,4201.0,4202.0,4172.89990234375,4201.39990234375,86.0
2026-06-22 14:00:00,4201.60009765625,4203.5,4172.89990234375,4201.5,121.0
2026-06-22 14:05:00,4201.5,4203.0,4201.2998046875,4202.7001953125,66.0
2026-06-22 14:10:00,4203.0,4204.60009765625,4201.89990234375,4202.2998046875,111.0
2026-06-22 14:15:00,4202.5,4205.10009765625,4202.5,4203.7001953125,256.0
2026-06-22 14:20:00,4204.0,4208.2998046875,4172.89990234375,4207.2998046875,285.0
2026-06-22 14:25:00,4206.7998046875,4206.7998046875,4172.89990234375,4206.0,107.0
2026-06-22 14:30:00,4206.60009765625,4207.5,4204.2001953125,4204.89990234375,254.0
2026-06-22 14:35:00,4204.7001953125,4206.2998046875,4204.39990234375,4205.2001953125,66.0
2026-06-22 14:40:00,4205.60009765625,4208.39990234375,4205.39990234375,4208.2998046875,104.0
2026-06-22 14:45:00,4208.0,4211.2998046875,4172.89990234375,4172.89990234375,288.0
2026-06-22 14:50:00,4209.89990234375,4210.39990234375,4208.10009765625,4208.5,113.0
2026-06-22 14:55:00,4208.60009765625,4209.89990234375,4207.60009765625,4209.10009765625,93.0
2026-06-22 15:00:00,4209.5,4211.60009765625,4209.39990234375,4210.2998046875,151.0
2026-06-22 15:05:00,4210.39990234375,4210.89990234375,4209.7001953125,4210.5,68.0
2026-06-22 15:10:00,4210.60009765625,4211.2998046875,4172.89990234375,4209.5,178.0
2026-06-22 15:15:00,4209.7001953125,4210.10009765625,4208.0,4209.0,97.0
2026-06-22 15:20:00,4209.2001953125,4209.2001953125,4206.10009765625,4206.60009765625,134.0
2026-06-22 15:25:00,4206.39990234375,4207.10009765625,4205.60009765625,4205.7998046875,124.0
2026-06-22 15:30:00,4205.7998046875,4205.7998046875,4204.2998046875,4205.2001953125,89.0
2026-06-22 15:35:00,4205.0,4208.7001953125,4172.89990234375,4206.7001953125,204.0
2026-06-22 15:40:00,4206.10009765625,4206.5,4202.7998046875,4203.0,161.0
2026-06-22 15:45:00,4202.7998046875,4204.60009765625,4202.7998046875,4203.89990234375,106.0
2026-06-22 15:50:00,4204.10009765625,4206.5,4203.2001953125,4206.0,360.0
2026-06-22 15:55:00,4206.2001953125,4210.39990234375,4204.7001953125,4209.39990234375,580.0
2026-06-22 16:00:00,4209.39990234375,4212.2998046875,4172.89990234375,4172.89990234375,125.0
2026-06-23 09:30:00,4133.7998046875,4141.5,4127.89990234375,4140.2998046875,1339.0
2026-06-23 09:35:00,4140.0,4142.39990234375,4136.10009765625,4136.7998046875,960.0
2026-06-23 09:40:00,4136.89990234375,4146.60009765625,4135.89990234375,4144.0,970.0
2026-06-23 09:45:00,4144.7001953125,4153.10009765625,4142.39990234375,4149.2998046875,1805.0
2026-06-23 09:50:00,4148.89990234375,4158.5,4148.60009765625,4155.2998046875,1405.0
2026-06-23 09:55:00,4154.5,4157.2998046875,4149.7998046875,4154.10009765625,1345.0
2026-06-23 10:00:00,4153.10009765625,4159.2998046875,4151.2001953125,4156.0,1543.0
2026-06-23 10:05:00,4156.2001953125,4162.2998046875,4153.2998046875,4160.0,1505.0
2026-06-23 10:10:00,4159.60009765625,4163.5,4150.7998046875,4155.5,1461.0
2026-06-23 10:15:00,4156.0,4160.10009765625,4150.7001953125,4159.5,1225.0
2026-06-23 10:20:00,4159.10009765625,4160.7001953125,4151.89990234375,4152.5,1907.0
2026-06-23 10:25:00,4152.5,4154.2001953125,4146.2001953125,4150.10009765625,1274.0
2026-06-23 10:30:00,4150.2001953125,4150.5,4142.10009765625,4144.39990234375,1156.0
2026-06-23 10:35:00,4144.60009765625,4147.0,4140.0,4142.0,800.0
2026-06-23 10:40:00,4142.10009765625,4146.60009765625,4140.5,4143.7001953125,902.0
2026-06-23 10:45:00,4143.5,4146.0,4142.5,4144.2998046875,772.0
2026-06-23 10:50:00,4144.5,4148.0,4141.5,4145.2998046875,706.0
2026-06-23 10:55:00,4145.2001953125,4147.89990234375,4142.7001953125,4147.5,790.0
2026-06-23 11:00:00,4148.0,4152.2998046875,4146.2998046875,4151.39990234375,862.0
2026-06-23 11:05:00,4151.10009765625,4153.2001953125,4141.0,4141.0,1467.0
2026-06-23 11:10:00,4140.89990234375,4145.7998046875,4140.60009765625,4145.5,782.0
2026-06-23 11:15:00,4146.0,4148.0,4144.2001953125,4145.10009765625,437.0
2026-06-23 11:20:00,4144.7998046875,4147.10009765625,4141.2998046875,4142.2998046875,379.0
2026-06-23 11:25:00,4142.60009765625,4145.7998046875,4141.60009765625,4144.7998046875,524.0
2026-06-23 11:30:00,4144.7001953125,4155.0,4144.2001953125,4150.7001953125,1034.0
2026-06-23 11:35:00,4150.60009765625,4155.2998046875,4150.60009765625,4155.0,791.0
2026-06-23 11:40:00,4155.2998046875,4159.39990234375,4154.5,4156.7001953125,1064.0
2026-06-23 11:45:00,4156.89990234375,4157.39990234375,4151.7998046875,4152.7998046875,410.0
2026-06-23 11:50:00,4153.2001953125,4156.89990234375,4152.10009765625,4155.2998046875,344.0
2026-06-23 11:55:00,4155.2998046875,4157.10009765625,4154.0,4156.7001953125,194.0
2026-06-23 12:00:00,4156.7998046875,4158.10009765625,4154.0,4154.0,280.0
2026-06-23 12:05:00,4154.0,4154.7001953125,4151.60009765625,4152.7001953125,406.0
2026-06-23 12:10:00,4152.7001953125,4154.60009765625,4152.0,4153.2998046875,149.0
2026-06-23 12:15:00,4153.7001953125,4156.2998046875,4150.89990234375,4155.5,415.0
2026-06-23 12:20:00,4155.2998046875,4156.0,4153.2998046875,4154.5,328.0
2026-06-23 12:25:00,4154.2998046875,4154.89990234375,4153.39990234375,4154.60009765625,135.0
2026-06-23 12:30:00,4154.2998046875,4160.39990234375,4153.5,4158.39990234375,569.0
2026-06-23 12:35:00,4158.89990234375,4161.0,4157.2001953125,4159.7001953125,248.0
2026-06-23 12:40:00,4159.60009765625,4161.7998046875,4158.2001953125,4161.10009765625,399.0
2026-06-23 12:45:00,4161.2998046875,4161.7998046875,4157.2998046875,4158.10009765625,199.0
2026-06-23 12:50:00,4158.2001953125,4158.7001953125,4156.60009765625,4157.2001953125,136.0
2026-06-23 12:55:00,4157.39990234375,4157.7998046875,4149.2998046875,4151.89990234375,950.0
2026-06-23 13:00:00,4151.89990234375,4152.2998046875,4148.5,4150.0,700.0
2026-06-23 13:05:00,4150.2001953125,4152.2001953125,4147.60009765625,4150.10009765625,329.0
2026-06-23 13:10:00,4150.39990234375,4157.7001953125,4150.10009765625,4156.2998046875,573.0
2026-06-23 13:15:00,4156.2998046875,4156.2998046875,4153.0,4154.2001953125,348.0
2026-06-23 13:20:00,4154.39990234375,4155.5,4151.10009765625,4151.39990234375,365.0
2026-06-23 13:25:00,4151.2001953125,4151.2001953125,4147.7001953125,4148.89990234375,1015.0
2026-06-23 13:30:00,4149.2001953125,4149.5,4145.5,4147.7001953125,460.0
2026-06-23 13:35:00,4147.39990234375,4148.5,4146.5,4147.39990234375,121.0
2026-06-23 13:40:00,4147.89990234375,4150.2998046875,4147.0,4149.89990234375,222.0
2026-06-23 13:45:00,4150.0,4151.10009765625,4148.7998046875,4150.2998046875,262.0
2026-06-23 13:50:00,4149.60009765625,4149.89990234375,4146.10009765625,4146.2998046875,189.0
2026-06-23 13:55:00,4146.2998046875,4147.5,4145.7001953125,4145.89990234375,213.0
2026-06-23 14:00:00,4146.0,4148.7998046875,4144.2998046875,4145.0,248.0
2026-06-23 14:05:00,4144.89990234375,4145.5,4141.7998046875,4142.89990234375,234.0
2026-06-23 14:10:00,4143.2001953125,4144.2998046875,4141.7998046875,4142.10009765625,199.0
2026-06-23 14:15:00,4142.10009765625,4143.2998046875,4141.5,4142.10009765625,143.0
2026-06-23 14:20:00,4142.60009765625,4143.39990234375,4140.39990234375,4141.7998046875,265.0
2026-06-23 14:25:00,4141.5,4141.5,4138.2998046875,4139.0,344.0
2026-06-23 14:30:00,4139.0,4140.7998046875,4137.5,4139.5,184.0
2026-06-23 14:35:00,4139.60009765625,4140.60009765625,4138.0,4138.10009765625,128.0
2026-06-23 14:40:00,4138.0,4138.10009765625,4133.7001953125,4134.0,382.0
2026-06-23 14:45:00,4134.2998046875,4134.7001953125,4130.7998046875,4132.89990234375,329.0
2026-06-23 14:50:00,4132.7998046875,4135.5,4132.0,4133.5,225.0
2026-06-23 14:55:00,4133.5,4136.39990234375,4132.89990234375,4135.60009765625,164.0
2026-06-23 15:00:00,4135.7998046875,4142.5,4135.0,4141.60009765625,319.0
2026-06-23 15:05:00,4141.39990234375,4144.39990234375,4139.0,4139.7998046875,221.0
2026-06-23 15:10:00,4140.5,4141.5,4138.5,4139.2998046875,167.0
2026-06-23 15:15:00,4139.2998046875,4139.5,4135.2998046875,4135.5,171.0
2026-06-23 15:20:00,4135.5,4140.2001953125,4135.5,4138.60009765625,146.0
2026-06-23 15:25:00,4138.5,4140.5,4138.2998046875,4139.89990234375,108.0
2026-06-23 15:30:00,4140.0,4141.5,4138.7001953125,4139.7998046875,129.0
2026-06-23 15:35:00,4140.0,4142.2998046875,4139.5,4140.39990234375,113.0
2026-06-23 15:40:00,4140.7001953125,4140.7001953125,4138.7998046875,4138.7998046875,94.0
2026-06-23 15:45:00,4138.7998046875,4139.2998046875,4135.60009765625,4138.2001953125,293.0
2026-06-23 15:50:00,4138.2998046875,4138.89990234375,4131.7998046875,4133.5,567.0
2026-06-23 15:55:00,4133.60009765625,4134.39990234375,4129.10009765625,4129.60009765625,973.0
2026-06-23 16:00:00,4129.89990234375,4130.5,4126.5,4129.39990234375,534.0
2026-06-24 09:30:00,3991.300048828125,4012.300048828125,3990.0,4002.60009765625,3860.0
2026-06-24 09:35:00,4002.800048828125,4023.800048828125,4001.699951171875,4022.10009765625,3734.0
2026-06-24 09:40:00,4022.10009765625,4035.199951171875,4017.300048828125,4032.10009765625,3436.0
2026-06-24 09:45:00,4032.39990234375,4037.5,4026.0,4036.60009765625,2149.0
2026-06-24 09:50:00,4036.300048828125,4051.0,4035.5,4045.800048828125,3841.0
2026-06-24 09:55:00,4046.10009765625,4059.0,4039.89990234375,4054.89990234375,2845.0
2026-06-24 10:00:00,4054.89990234375,4058.199951171875,4038.60009765625,4041.699951171875,3448.0
2026-06-24 10:05:00,4041.300048828125,4048.10009765625,4038.5,4045.5,1775.0
2026-06-24 10:10:00,4045.699951171875,4049.199951171875,4036.0,4036.89990234375,1639.0
2026-06-24 10:15:00,4037.199951171875,4038.199951171875,4031.89990234375,4035.60009765625,1416.0
2026-06-24 10:20:00,4035.60009765625,4042.5,4031.39990234375,4041.300048828125,1219.0
2026-06-24 10:25:00,4041.10009765625,4045.5,4038.0,4041.10009765625,831.0
2026-06-24 10:30:00,4041.10009765625,4052.199951171875,4040.89990234375,4048.10009765625,1308.0
2026-06-24 10:35:00,4048.300048828125,4049.60009765625,4035.89990234375,4037.0,1056.0
2026-06-24 10:40:00,4037.10009765625,4039.0,4028.199951171875,4033.199951171875,1075.0
2026-06-24 10:45:00,4032.699951171875,4033.0,4026.60009765625,4028.39990234375,1060.0
2026-06-24 10:50:00,4028.39990234375,4030.0,4022.5,4022.89990234375,636.0
2026-06-24 10:55:00,4023.60009765625,4025.699951171875,4020.0,4025.0,872.0
2026-06-24 11:00:00,4025.39990234375,4027.699951171875,4017.5,4021.10009765625,731.0
2026-06-24 11:05:00,4021.300048828125,4021.39990234375,4014.300048828125,4017.199951171875,860.0
2026-06-24 11:10:00,4016.699951171875,4021.39990234375,4015.300048828125,4019.199951171875,840.0
2026-06-24 11:15:00,4018.800048828125,4028.800048828125,4016.60009765625,4028.199951171875,1056.0
2026-06-24 11:20:00,4028.300048828125,4031.89990234375,4024.89990234375,4026.199951171875,706.0
2026-06-24 11:25:00,4025.800048828125,4032.0,4020.800048828125,4031.89990234375,925.0
2026-06-24 11:30:00,4031.699951171875,4032.699951171875,4023.199951171875,4025.89990234375,422.0
2026-06-24 11:35:00,4025.699951171875,4027.10009765625,4023.199951171875,4023.800048828125,374.0
2026-06-24 11:40:00,4023.800048828125,4024.10009765625,4018.10009765625,4023.0,559.0
2026-06-24 11:45:00,4023.199951171875,4032.0,4021.10009765625,4030.10009765625,826.0
2026-06-24 11:50:00,4030.0,4033.89990234375,4020.199951171875,4022.5,857.0
2026-06-24 11:55:00,4022.0,4022.89990234375,4017.0,4019.5,440.0
2026-06-24 12:00:00,4019.39990234375,4022.699951171875,4016.699951171875,4019.199951171875,1016.0
2026-06-24 12:05:00,4019.300048828125,4023.699951171875,4012.60009765625,4017.5,1124.0
2026-06-24 12:10:00,4017.39990234375,4021.5,4016.5,4019.89990234375,433.0
2026-06-24 12:15:00,4019.89990234375,4023.300048828125,4018.5,4020.0,542.0
2026-06-24 12:20:00,4019.800048828125,4030.300048828125,4019.60009765625,4028.0,1112.0
2026-06-24 12:25:00,4028.39990234375,4034.300048828125,4027.300048828125,4033.699951171875,473.0
2026-06-24 12:30:00,4033.0,4036.800048828125,4030.10009765625,4032.0,925.0
2026-06-24 12:35:00,4032.0,4039.699951171875,4032.0,4035.0,1481.0
2026-06-24 12:40:00,4035.0,4037.199951171875,4026.39990234375,4029.10009765625,824.0
2026-06-24 12:45:00,4028.89990234375,4029.199951171875,4024.5,4024.800048828125,399.0
2026-06-24 12:50:00,4024.39990234375,4028.199951171875,4024.300048828125,4024.60009765625,237.0
2026-06-24 12:55:00,4024.60009765625,4026.199951171875,4023.199951171875,4023.39990234375,239.0
2026-06-24 13:00:00,4023.699951171875,4028.60009765625,4022.699951171875,4026.60009765625,448.0
2026-06-24 13:05:00,4026.800048828125,4027.699951171875,4021.199951171875,4023.5,402.0
2026-06-24 13:10:00,4024.89990234375,4026.800048828125,4022.5,4023.0,381.0
2026-06-24 13:15:00,4023.0,4024.39990234375,4016.89990234375,4017.60009765625,801.0
2026-06-24 13:20:00,4017.199951171875,4018.300048828125,4009.89990234375,4010.10009765625,1361.0
2026-06-24 13:25:00,4009.89990234375,4013.5,4006.800048828125,4007.39990234375,2594.0
2026-06-24 13:30:00,4007.800048828125,4008.199951171875,4000.39990234375,4003.10009765625,1582.0
2026-06-24 13:35:00,4003.39990234375,4005.0,4000.0,4003.0,1211.0
2026-06-24 13:40:00,4002.699951171875,4003.699951171875,4000.0,4001.39990234375,572.0
2026-06-24 13:45:00,4001.199951171875,4004.10009765625,3997.199951171875,3997.199951171875,954.0
2026-06-24 13:50:00,3997.0,3998.60009765625,3993.699951171875,3997.0,467.0
2026-06-24 13:55:00,3996.800048828125,3999.699951171875,3989.5,3989.800048828125,833.0
2026-06-24 14:00:00,3989.89990234375,3992.300048828125,3975.699951171875,3983.39990234375,2051.0
2026-06-24 14:05:00,3983.800048828125,4001.0,3983.699951171875,4000.60009765625,1313.0
2026-06-24 14:10:00,4000.699951171875,4009.5,3997.5,4005.60009765625,1383.0
2026-06-24 14:15:00,4005.699951171875,4009.300048828125,4003.0,4004.199951171875,811.0
2026-06-24 14:20:00,4004.199951171875,4005.0,3996.60009765625,4004.10009765625,1092.0
2026-06-24 14:25:00,4005.0,4009.5,4003.699951171875,4007.300048828125,440.0
2026-06-24 14:30:00,4007.89990234375,4011.699951171875,4004.10009765625,4006.0,578.0
2026-06-24 14:35:00,4006.300048828125,4006.699951171875,4000.39990234375,4002.0,466.0
2026-06-24 14:40:00,4001.89990234375,4002.89990234375,3998.89990234375,4000.800048828125,196.0
2026-06-24 14:45:00,3998.89990234375,4000.10009765625,3994.10009765625,3996.5,281.0
2026-06-24 14:50:00,3996.699951171875,3999.300048828125,3993.89990234375,3998.699951171875,301.0
2026-06-24 14:55:00,3998.60009765625,4001.300048828125,3997.10009765625,3998.10009765625,217.0
2026-06-24 15:00:00,3998.699951171875,4002.199951171875,3994.699951171875,3999.39990234375,304.0
2026-06-24 15:05:00,4000.10009765625,4000.60009765625,3993.5,3994.39990234375,292.0
2026-06-24 15:10:00,3993.89990234375,3994.0,3990.39990234375,3993.699951171875,340.0
2026-06-24 15:15:00,3992.89990234375,3994.39990234375,3990.60009765625,3994.199951171875,270.0
2026-06-24 15:20:00,3994.199951171875,3996.60009765625,3993.39990234375,3995.39990234375,256.0
2026-06-24 15:25:00,3996.0,4001.10009765625,3995.0,4000.699951171875,297.0
2026-06-24 15:30:00,4001.0,4005.60009765625,4000.699951171875,4002.60009765625,311.0
2026-06-24 15:35:00,4002.60009765625,4002.60009765625,3997.60009765625,3999.39990234375,159.0
2026-06-24 15:40:00,3999.300048828125,4000.699951171875,3996.39990234375,4000.0,223.0
2026-06-24 15:45:00,3999.699951171875,4001.800048828125,3998.300048828125,3999.10009765625,231.0
2026-06-24 15:50:00,3998.89990234375,4008.199951171875,3997.800048828125,4007.800048828125,859.0
2026-06-24 15:55:00,4007.800048828125,4007.800048828125,4001.89990234375,4004.89990234375,1171.0
2026-06-24 16:00:00,4005.5,4015.699951171875,4001.60009765625,4014.699951171875,747.0
2026-06-25 09:30:00,4037.89990234375,4044.199951171875,4029.39990234375,4029.699951171875,2151.0
2026-06-25 09:35:00,4029.89990234375,4042.60009765625,4028.5,4039.800048828125,1766.0
2026-06-25 09:40:00,4039.5,4039.5,4026.60009765625,4027.699951171875,1318.0
2026-06-25 09:45:00,4027.800048828125,4032.0,4023.699951171875,4028.39990234375,1491.0
2026-06-25 09:50:00,4029.39990234375,4035.10009765625,4022.89990234375,4024.10009765625,1300.0
2026-06-25 09:55:00,4023.89990234375,4026.0,4016.60009765625,4017.5,1917.0
2026-06-25 10:00:00,4017.89990234375,4034.699951171875,4015.10009765625,4030.60009765625,2998.0
2026-06-25 10:05:00,4031.10009765625,4037.89990234375,4026.10009765625,4032.699951171875,1366.0
2026-06-25 10:10:00,4033.10009765625,4035.89990234375,4029.10009765625,4032.39990234375,841.0
2026-06-25 10:15:00,4032.10009765625,4037.10009765625,4029.800048828125,4033.5,1581.0
2026-06-25 10:20:00,4033.39990234375,4038.800048828125,4028.39990234375,4030.39990234375,1238.0
2026-06-25 10:25:00,4030.699951171875,4045.0,4028.60009765625,4042.699951171875,1571.0
2026-06-25 10:30:00,4042.300048828125,4045.60009765625,4038.10009765625,4041.5,922.0
2026-06-25 10:35:00,4041.89990234375,4043.10009765625,4032.10009765625,4033.5,606.0
2026-06-25 10:40:00,4033.60009765625,4036.0,4031.39990234375,4035.800048828125,452.0
2026-06-25 10:45:00,4036.0,4037.0,4030.300048828125,4032.5,479.0
2026-06-25 10:50:00,4032.5,4036.10009765625,4028.800048828125,4033.199951171875,639.0
2026-06-25 10:55:00,4033.0,4033.60009765625,4026.800048828125,4027.60009765625,745.0
2026-06-25 11:00:00,4027.800048828125,4031.0,4024.800048828125,4030.5,611.0
2026-06-25 11:05:00,4030.199951171875,4036.0,4029.5,4032.199951171875,850.0
2026-06-25 11:10:00,4032.10009765625,4032.5,4020.39990234375,4023.89990234375,1082.0
2026-06-25 11:15:00,4023.0,4030.800048828125,4021.10009765625,4030.5,634.0
2026-06-25 11:20:00,4030.10009765625,4056.89990234375,4028.10009765625,4053.699951171875,3400.0
2026-06-25 11:25:00,4053.5,4053.5,4041.39990234375,4042.39990234375,1082.0
2026-06-25 11:30:00,4042.199951171875,4044.10009765625,4037.199951171875,4038.0,572.0
2026-06-25 11:35:00,4037.39990234375,4046.39990234375,4037.39990234375,4044.300048828125,576.0
2026-06-25 11:40:00,4044.10009765625,4046.300048828125,4042.0,4043.5,398.0
2026-06-25 11:45:00,4043.5,4052.39990234375,4042.39990234375,4046.699951171875,931.0
2026-06-25 11:50:00,4046.89990234375,4057.60009765625,4045.699951171875,4053.89990234375,1589.0
2026-06-25 11:55:00,4053.89990234375,4058.699951171875,4052.199951171875,4057.5,1165.0
2026-06-25 12:00:00,4057.199951171875,4058.699951171875,4050.300048828125,4053.60009765625,917.0
2026-06-25 12:05:00,4053.5,4055.39990234375,4049.300048828125,4049.39990234375,598.0
2026-06-25 12:10:00,4049.89990234375,4056.89990234375,4049.300048828125,4052.800048828125,640.0
2026-06-25 12:15:00,4052.89990234375,4060.0,4052.89990234375,4056.300048828125,872.0
2026-06-25 12:20:00,4057.10009765625,4059.89990234375,4056.0,4057.199951171875,583.0
2026-06-25 12:25:00,4057.699951171875,4058.300048828125,4055.39990234375,4056.199951171875,443.0
2026-06-25 12:30:00,4056.300048828125,4056.39990234375,4049.10009765625,4050.5,635.0
2026-06-25 12:35:00,4049.89990234375,4052.0,4046.60009765625,4047.5,445.0
2026-06-25 12:40:00,4047.5,4049.60009765625,4046.39990234375,4047.199951171875,320.0
2026-06-25 12:45:00,4046.699951171875,4047.699951171875,4039.10009765625,4047.199951171875,985.0
2026-06-25 12:50:00,4047.10009765625,4049.0,4043.800048828125,4046.89990234375,305.0
2026-06-25 12:55:00,4046.800048828125,4046.800048828125,4042.89990234375,4044.0,195.0
2026-06-25 13:00:00,4044.39990234375,4045.89990234375,4042.300048828125,4045.5,438.0
2026-06-25 13:05:00,4046.0,4047.699951171875,4044.800048828125,4045.699951171875,378.0
2026-06-25 13:10:00,4045.699951171875,4047.300048828125,4044.60009765625,4044.800048828125,240.0
2026-06-25 13:15:00,4044.699951171875,4048.60009765625,4044.699951171875,4045.89990234375,439.0
2026-06-25 13:20:00,4045.5,4048.5,4043.39990234375,4048.10009765625,783.0
2026-06-25 13:25:00,4048.0,4051.800048828125,4045.800048828125,4048.39990234375,2426.0
2026-06-25 13:30:00,4048.10009765625,4050.699951171875,4046.800048828125,4047.39990234375,434.0
2026-06-25 13:35:00,4047.5,4049.800048828125,4046.89990234375,4049.10009765625,240.0
2026-06-25 13:40:00,4048.800048828125,4051.39990234375,4048.5,4049.60009765625,217.0
2026-06-25 13:45:00,4049.699951171875,4049.699951171875,4045.0,4046.800048828125,248.0
2026-06-25 13:50:00,4046.699951171875,4049.5,4046.5,4049.0,136.0
2026-06-25 13:55:00,4049.0,4052.300048828125,4049.0,4050.199951171875,805.0
2026-06-25 14:00:00,4050.5,4051.10009765625,4042.89990234375,4043.89990234375,418.0
2026-06-25 14:05:00,4043.89990234375,4049.10009765625,4041.60009765625,4048.10009765625,436.0
2026-06-25 14:10:00,4048.60009765625,4050.10009765625,4045.89990234375,4047.699951171875,235.0
2026-06-25 14:15:00,4047.800048828125,4056.300048828125,4047.60009765625,4053.60009765625,460.0
2026-06-25 14:20:00,4053.5,4055.10009765625,4052.89990234375,4054.199951171875,174.0
2026-06-25 14:25:00,4054.199951171875,4059.89990234375,4053.800048828125,4059.699951171875,367.0
2026-06-25 14:30:00,4059.60009765625,4059.60009765625,4049.199951171875,4049.800048828125,679.0
2026-06-25 14:35:00,4049.699951171875,4051.89990234375,4048.300048828125,4051.5,421.0
2026-06-25 14:40:00,4051.699951171875,4051.699951171875,4046.199951171875,4048.300048828125,682.0
2026-06-25 14:45:00,4047.89990234375,4048.39990234375,4045.39990234375,4047.699951171875,292.0
2026-06-25 14:50:00,4047.89990234375,4051.89990234375,4047.60009765625,4050.89990234375,159.0
2026-06-25 14:55:00,4051.39990234375,4051.89990234375,4049.39990234375,4050.39990234375,103.0
2026-06-25 15:00:00,4051.0,4051.699951171875,4048.300048828125,4049.60009765625,131.0
2026-06-25 15:05:00,4049.800048828125,4055.60009765625,4048.89990234375,4054.60009765625,259.0
2026-06-25 15:10:00,4054.300048828125,4056.300048828125,4054.0,4055.5,503.0
2026-06-25 15:15:00,4055.800048828125,4059.699951171875,4051.800048828125,4052.89990234375,714.0
2026-06-25 15:20:00,4052.89990234375,4055.800048828125,4052.89990234375,4054.800048828125,241.0
2026-06-25 15:25:00,4055.0,4056.5,4050.699951171875,4051.300048828125,135.0
2026-06-25 15:30:00,4051.800048828125,4052.60009765625,4047.39990234375,4049.300048828125,430.0
2026-06-25 15:35:00,4049.89990234375,4050.800048828125,4048.0,4050.10009765625,272.0
2026-06-25 15:40:00,4050.300048828125,4053.10009765625,4048.10009765625,4049.800048828125,473.0
2026-06-25 15:45:00,4049.300048828125,4049.39990234375,4041.10009765625,4042.0,495.0
2026-06-25 15:50:00,4041.699951171875,4042.5,4037.0,4041.39990234375,1850.0
2026-06-25 15:55:00,4041.800048828125,4042.39990234375,4036.800048828125,4041.60009765625,695.0
2026-06-25 16:00:00,4042.10009765625,4049.800048828125,4040.300048828125,4046.0,358.0
2026-06-26 09:30:00,4071.199951171875,4071.800048828125,4062.60009765625,4065.39990234375,1215.0
2026-06-26 09:35:00,4065.60009765625,4066.199951171875,4059.39990234375,4061.5,860.0
2026-06-26 09:40:00,4062.300048828125,4077.300048828125,4062.300048828125,4077.300048828125,1006.0
2026-06-26 09:45:00,4077.300048828125,4080.39990234375,4073.0,4076.5,727.0
2026-06-26 09:50:00,4077.10009765625,4084.5,4075.60009765625,4078.699951171875,1469.0
2026-06-26 09:55:00,4079.800048828125,4093.10009765625,4078.89990234375,4088.699951171875,1780.0
2026-06-26 10:00:00,4088.60009765625,4094.89990234375,4083.0,4093.0,2304.0
2026-06-26 10:05:00,4092.60009765625,4095.199951171875,4087.5,4094.89990234375,1595.0
2026-06-26 10:10:00,4094.89990234375,4101.0,4092.39990234375,4097.7998046875,2312.0
2026-06-26 10:15:00,4097.89990234375,4108.7001953125,4096.7998046875,4104.2998046875,2236.0
2026-06-26 10:20:00,4104.0,4108.10009765625,4102.89990234375,4104.39990234375,1394.0
2026-06-26 10:25:00,4104.39990234375,4106.7998046875,4099.39990234375,4099.7001953125,1211.0
2026-06-26 10:30:00,4099.89990234375,4100.5,4094.89990234375,4095.39990234375,1084.0
2026-06-26 10:35:00,4095.699951171875,4097.0,4091.300048828125,4094.5,640.0
2026-06-26 10:40:00,4094.39990234375,4099.2001953125,4091.39990234375,4097.7001953125,771.0
2026-06-26 10:45:00,4098.0,4106.7998046875,4098.0,4103.5,974.0
2026-06-26 10:50:00,4103.7001953125,4103.89990234375,4099.10009765625,4103.2001953125,844.0
2026-06-26 10:55:00,4103.10009765625,4106.5,4095.60009765625,4095.699951171875,1024.0
2026-06-26 11:00:00,4095.89990234375,4098.2998046875,4094.300048828125,4094.300048828125,344.0
2026-06-26 11:05:00,4094.5,4096.2001953125,4090.699951171875,4096.0,637.0
2026-06-26 11:10:00,4096.0,4097.5,4092.5,4094.300048828125,337.0
2026-06-26 11:15:00,4094.199951171875,4099.7998046875,4093.0,4097.0,560.0
2026-06-26 11:20:00,4097.2001953125,4099.10009765625,4095.300048828125,4097.2998046875,498.0
2026-06-26 11:25:00,4096.7001953125,4099.89990234375,4095.60009765625,4099.10009765625,285.0
2026-06-26 11:30:00,4099.60009765625,4103.89990234375,4097.0,4097.0,582.0
2026-06-26 11:35:00,4097.2001953125,4109.2998046875,4096.60009765625,4106.7001953125,768.0
2026-06-26 11:40:00,4106.7998046875,4110.7001953125,4106.2998046875,4110.2001953125,1081.0
2026-06-26 11:45:00,4110.5,4111.5,4106.0,4110.10009765625,924.0
2026-06-26 11:50:00,4110.60009765625,4110.89990234375,4098.5,4101.7001953125,1579.0
2026-06-26 11:55:00,4101.5,4107.5,4101.0,4106.2998046875,448.0
2026-06-26 12:00:00,4106.10009765625,4108.39990234375,4105.10009765625,4106.89990234375,530.0
2026-06-26 12:05:00,4106.60009765625,4106.60009765625,4103.60009765625,4104.39990234375,198.0
2026-06-26 12:10:00,4104.60009765625,4107.7001953125,4103.60009765625,4106.7998046875,238.0
2026-06-26 12:15:00,4106.60009765625,4109.2001953125,4104.7998046875,4105.7001953125,286.0
2026-06-26 12:20:00,4106.0,4106.0,4098.5,4101.2998046875,761.0
2026-06-26 12:25:00,4100.7998046875,4103.89990234375,4099.89990234375,4102.2998046875,267.0
2026-06-26 12:30:00,4102.5,4108.60009765625,4102.5,4103.5,568.0
2026-06-26 12:35:00,4103.60009765625,4104.10009765625,4099.39990234375,4100.0,495.0
2026-06-26 12:40:00,4100.2001953125,4101.2998046875,4097.39990234375,4099.60009765625,413.0
2026-06-26 12:45:00,4099.5,4101.89990234375,4098.7998046875,4098.7998046875,382.0
2026-06-26 12:50:00,4099.2998046875,4100.5,4098.0,4100.5,626.0
2026-06-26 12:55:00,4100.60009765625,4100.89990234375,4098.7998046875,4099.89990234375,130.0
2026-06-26 13:00:00,4100.2001953125,4100.7001953125,4098.60009765625,4099.60009765625,269.0
2026-06-26 13:05:00,4099.7998046875,4103.39990234375,4099.2998046875,4102.0,395.0
2026-06-26 13:10:00,4102.2001953125,4102.5,4097.7001953125,4098.39990234375,537.0
2026-06-26 13:15:00,4098.7001953125,4099.39990234375,4096.5,4096.7998046875,490.0
2026-06-26 13:20:00,4096.89990234375,4100.2998046875,4095.300048828125,4099.89990234375,550.0
2026-06-26 13:25:00,4099.7001953125,4099.7998046875,4095.5,4096.7001953125,1316.0
2026-06-26 13:30:00,4096.7998046875,4098.39990234375,4091.0,4093.0,779.0
2026-06-26 13:35:00,4093.199951171875,4094.0,4089.39990234375,4090.699951171875,425.0
2026-06-26 13:40:00,4091.0,4092.699951171875,4089.10009765625,4091.60009765625,369.0
2026-06-26 13:45:00,4091.800048828125,4092.60009765625,4089.199951171875,4091.199951171875,205.0
2026-06-26 13:50:00,4091.199951171875,4091.89990234375,4089.39990234375,4090.39990234375,166.0
2026-06-26 13:55:00,4090.10009765625,4090.699951171875,4088.699951171875,4089.60009765625,258.0
2026-06-26 14:00:00,4089.89990234375,4091.800048828125,4087.300048828125,4091.39990234375,325.0
2026-06-26 14:05:00,4090.89990234375,4094.0,4090.0,4092.199951171875,436.0
2026-06-26 14:10:00,4092.300048828125,4092.89990234375,4090.60009765625,4091.60009765625,164.0
2026-06-26 14:15:00,4091.5,4091.699951171875,4088.39990234375,4089.10009765625,144.0
2026-06-26 14:20:00,4089.10009765625,4089.39990234375,4086.0,4086.699951171875,388.0
2026-06-26 14:25:00,4086.800048828125,4088.699951171875,4086.60009765625,4088.300048828125,245.0
2026-06-26 14:30:00,4088.39990234375,4090.300048828125,4088.39990234375,4089.300048828125,157.0
2026-06-26 14:35:00,4089.199951171875,4089.39990234375,4087.5,4088.39990234375,100.0
2026-06-26 14:40:00,4088.89990234375,4088.89990234375,4086.5,4087.5,121.0
2026-06-26 14:45:00,4087.199951171875,4087.199951171875,4082.10009765625,4084.199951171875,435.0
2026-06-26 14:50:00,4084.39990234375,4085.60009765625,4083.300048828125,4085.10009765625,236.0
2026-06-26 14:55:00,4085.39990234375,4086.199951171875,4081.89990234375,4082.199951171875,298.0
2026-06-26 15:00:00,4082.0,4083.199951171875,4079.5,4080.199951171875,354.0
2026-06-26 15:05:00,4080.300048828125,4082.199951171875,4079.0,4081.39990234375,205.0
2026-06-26 15:10:00,4081.300048828125,4084.5,4080.699951171875,4084.0,210.0
2026-06-26 15:15:00,4084.39990234375,4084.39990234375,4081.800048828125,4082.800048828125,116.0
2026-06-26 15:20:00,4082.60009765625,4082.60009765625,4079.10009765625,4080.10009765625,448.0
2026-06-26 15:25:00,4080.60009765625,4082.300048828125,4079.800048828125,4080.800048828125,111.0
2026-06-26 15:30:00,4080.699951171875,4084.699951171875,4079.89990234375,4084.60009765625,302.0
2026-06-26 15:35:00,4084.699951171875,4085.60009765625,4082.5,4083.0,187.0
2026-06-26 15:40:00,4082.800048828125,4084.800048828125,4082.39990234375,4083.199951171875,213.0
2026-06-26 15:45:00,4083.0,4084.699951171875,4081.60009765625,4084.699951171875,306.0
2026-06-26 15:50:00,4084.699951171875,4088.800048828125,4084.5,4087.699951171875,397.0
2026-06-26 15:55:00,4087.800048828125,4089.0,4085.699951171875,4086.199951171875,486.0
2026-06-26 16:00:00,4086.39990234375,4087.199951171875,4085.199951171875,4085.800048828125,286.0
2026-06-29 09:30:00,4052.300048828125,4058.800048828125,4050.60009765625,4057.300048828125,767.0
2026-06-29 09:35:00,4057.199951171875,4058.199951171875,4048.10009765625,4050.5,768.0
2026-06-29 09:40:00,4050.10009765625,4056.199951171875,4049.300048828125,4052.60009765625,580.0
2026-06-29 09:45:00,4052.39990234375,4054.5,4047.300048828125,4049.300048828125,495.0
2026-06-29 09:50:00,4048.5,4050.5,4044.39990234375,4046.10009765625,531.0
2026-06-29 09:55:00,4046.10009765625,4047.60009765625,4042.199951171875,4046.39990234375,994.0
2026-06-29 10:00:00,4046.60009765625,4049.60009765625,4036.199951171875,4041.39990234375,1451.0
2026-06-29 10:05:00,4041.0,4042.10009765625,4028.199951171875,4029.800048828125,2556.0
2026-06-29 10:10:00,4029.89990234375,4031.800048828125,4021.60009765625,4022.800048828125,1801.0
2026-06-29 10:15:00,4022.300048828125,4033.0,4012.0,4031.39990234375,3902.0
2026-06-29 10:20:00,4031.800048828125,4034.800048828125,4029.300048828125,4034.39990234375,1313.0
2026-06-29 10:25:00,4034.39990234375,4042.60009765625,4034.300048828125,4038.89990234375,1612.0
2026-06-29 10:30:00,4038.800048828125,4042.39990234375,4037.60009765625,4040.5,549.0
2026-06-29 10:35:00,4040.89990234375,4042.0,4035.60009765625,4038.10009765625,505.0
2026-06-29 10:40:00,4037.699951171875,4038.300048828125,4034.10009765625,4034.89990234375,369.0
2026-06-29 10:45:00,4035.300048828125,4037.800048828125,4031.89990234375,4033.89990234375,671.0
2026-06-29 10:50:00,4033.39990234375,4041.39990234375,4033.10009765625,4040.300048828125,716.0
2026-06-29 10:55:00,4040.39990234375,4044.699951171875,4037.699951171875,4039.5,641.0
2026-06-29 11:00:00,4039.89990234375,4040.300048828125,4035.0,4035.800048828125,356.0
2026-06-29 11:05:00,4035.10009765625,4039.0,4034.60009765625,4037.199951171875,249.0
2026-06-29 11:10:00,4037.39990234375,4038.39990234375,4033.10009765625,4035.39990234375,512.0
2026-06-29 11:15:00,4035.699951171875,4041.699951171875,4035.199951171875,4036.10009765625,667.0
2026-06-29 11:20:00,4036.300048828125,4036.39990234375,4030.5,4032.0,779.0
2026-06-29 11:25:00,4032.300048828125,4038.89990234375,4031.60009765625,4038.39990234375,636.0
2026-06-29 11:30:00,4038.60009765625,4040.89990234375,4037.10009765625,4037.60009765625,618.0
2026-06-29 11:35:00,4037.199951171875,4039.10009765625,4031.5,4036.89990234375,972.0
2026-06-29 11:40:00,4037.0,4037.800048828125,4035.60009765625,4037.199951171875,242.0
2026-06-29 11:45:00,4037.0,4042.0,4036.39990234375,4041.199951171875,768.0
2026-06-29 11:50:00,4041.10009765625,4044.10009765625,4040.0,4042.800048828125,458.0
2026-06-29 11:55:00,4042.5,4045.0,4041.300048828125,4041.5,594.0
2026-06-29 12:00:00,4041.5,4043.300048828125,4040.0,4040.699951171875,553.0
2026-06-29 12:05:00,4040.60009765625,4042.10009765625,4038.699951171875,4041.800048828125,304.0
2026-06-29 12:10:00,4041.60009765625,4042.10009765625,4037.89990234375,4038.39990234375,271.0
2026-06-29 12:15:00,4038.199951171875,4040.199951171875,4036.300048828125,4040.0,477.0
2026-06-29 12:20:00,4039.60009765625,4041.199951171875,4039.199951171875,4040.60009765625,127.0
2026-06-29 12:25:00,4040.10009765625,4040.199951171875,4037.800048828125,4038.199951171875,146.0
2026-06-29 12:30:00,4038.300048828125,4039.0,4033.0,4033.699951171875,521.0
2026-06-29 12:35:00,4034.10009765625,4036.199951171875,4033.800048828125,4035.699951171875,161.0
2026-06-29 12:40:00,4035.5,4036.699951171875,4034.0,4035.699951171875,240.0
2026-06-29 12:45:00,4035.60009765625,4040.5,4035.300048828125,4040.5,595.0
2026-06-29 12:50:00,4040.699951171875,4042.5,4039.800048828125,4040.39990234375,291.0
2026-06-29 12:55:00,4040.0,4041.10009765625,4038.0,4038.39990234375,220.0
2026-06-29 13:00:00,4038.5,4040.39990234375,4037.800048828125,4039.60009765625,308.0
2026-06-29 13:05:00,4040.199951171875,4046.39990234375,4040.199951171875,4045.0,307.0
2026-06-29 13:10:00,4045.0,4046.699951171875,4042.300048828125,4043.60009765625,706.0
2026-06-29 13:15:00,4043.39990234375,4045.300048828125,4042.89990234375,4044.800048828125,457.0
2026-06-29 13:20:00,4044.89990234375,4044.89990234375,4041.199951171875,4041.800048828125,419.0
2026-06-29 13:25:00,4041.300048828125,4041.699951171875,4036.89990234375,4038.300048828125,1783.0
2026-06-29 13:30:00,4038.5,4038.699951171875,4035.199951171875,4038.10009765625,361.0
2026-06-29 13:35:00,4038.0,4038.89990234375,4036.699951171875,4038.300048828125,151.0
2026-06-29 13:40:00,4038.0,4038.89990234375,4036.199951171875,4036.300048828125,131.0
2026-06-29 13:45:00,4036.699951171875,4036.89990234375,4034.89990234375,4035.5,230.0
2026-06-29 13:50:00,4036.199951171875,4037.10009765625,4034.0,4035.800048828125,291.0
2026-06-29 13:55:00,4035.800048828125,4036.300048828125,4033.800048828125,4035.300048828125,133.0
2026-06-29 14:00:00,4035.699951171875,4038.699951171875,4035.0,4038.199951171875,160.0
2026-06-29 14:05:00,4038.199951171875,4038.199951171875,4036.5,4037.10009765625,58.0
2026-06-29 14:10:00,4037.39990234375,4039.10009765625,4037.39990234375,4038.699951171875,84.0
2026-06-29 14:15:00,4038.5,4040.0,4037.199951171875,4039.5,217.0
2026-06-29 14:20:00,4039.199951171875,4039.89990234375,4038.5,4039.5,68.0
2026-06-29 14:25:00,4039.0,4039.0,4034.800048828125,4035.699951171875,331.0
2026-06-29 14:30:00,4035.699951171875,4036.10009765625,4034.5,4035.10009765625,204.0
2026-06-29 14:35:00,4035.10009765625,4035.60009765625,4034.199951171875,4035.300048828125,134.0
2026-06-29 14:40:00,4035.199951171875,4035.89990234375,4033.89990234375,4035.300048828125,221.0
2026-06-29 14:45:00,4035.39990234375,4035.60009765625,4030.0,4030.0,469.0
2026-06-29 14:50:00,4030.39990234375,4032.39990234375,4030.0,4032.0,185.0
2026-06-29 14:55:00,4031.89990234375,4031.89990234375,4026.10009765625,4027.800048828125,361.0
2026-06-29 15:00:00,4027.699951171875,4029.10009765625,4024.199951171875,4024.300048828125,272.0
2026-06-29 15:05:00,4024.199951171875,4026.199951171875,4023.89990234375,4026.10009765625,237.0
2026-06-29 15:10:00,4025.89990234375,4026.39990234375,4022.199951171875,4022.300048828125,457.0
2026-06-29 15:15:00,4022.199951171875,4023.39990234375,4019.199951171875,4023.39990234375,541.0
2026-06-29 15:20:00,4023.10009765625,4027.0,4022.89990234375,4026.10009765625,514.0
2026-06-29 15:25:00,4026.10009765625,4031.5,4026.10009765625,4031.5,309.0
2026-06-29 15:30:00,4031.5,4034.39990234375,4031.10009765625,4032.0,238.0
2026-06-29 15:35:00,4032.199951171875,4033.5,4031.199951171875,4031.60009765625,135.0
2026-06-29 15:40:00,4031.699951171875,4033.0,4030.89990234375,4032.5,102.0
2026-06-29 15:45:00,4032.60009765625,4033.0,4029.300048828125,4029.39990234375,197.0
2026-06-29 15:50:00,4029.60009765625,4029.89990234375,4027.5,4028.300048828125,220.0
2026-06-29 15:55:00,4028.199951171875,4031.5,4027.10009765625,4030.39990234375,411.0
2026-06-29 16:00:00,4030.60009765625,4030.60009765625,4028.699951171875,4030.0,134.0
2026-06-30 09:30:00,4038.0,4041.699951171875,4033.5,4035.300048828125,850.0
2026-06-30 09:35:00,4036.199951171875,4037.60009765625,4027.199951171875,4028.10009765625,1057.0
2026-06-30 09:40:00,4028.0,4040.89990234375,4027.800048828125,4039.300048828125,802.0
2026-06-30 09:45:00,4039.5,4042.300048828125,4036.5,4038.5,803.0
2026-06-30 09:50:00,4038.5,4047.0,4038.5,4043.0,1063.0
2026-06-30 09:55:00,4043.0,4046.699951171875,4041.300048828125,4043.89990234375,740.0
2026-06-30 10:00:00,4044.39990234375,4045.800048828125,4039.5,4040.39990234375,1892.0
2026-06-30 10:05:00,4040.800048828125,4059.89990234375,4039.800048828125,4058.0,2249.0
2026-06-30 10:10:00,4057.5,4064.699951171875,4051.60009765625,4058.0,2520.0
2026-06-30 10:15:00,4057.89990234375,4064.699951171875,4057.699951171875,4063.699951171875,1354.0
2026-06-30 10:20:00,4063.800048828125,4078.10009765625,4062.5,4077.300048828125,2839.0
2026-06-30 10:25:00,4077.60009765625,4077.60009765625,4068.10009765625,4068.800048828125,1085.0
2026-06-30 10:30:00,4069.0,4073.300048828125,4066.0,4066.5,806.0
2026-06-30 10:35:00,4066.39990234375,4068.300048828125,4059.199951171875,4063.89990234375,1239.0
2026-06-30 10:40:00,4064.0,4068.5,4062.800048828125,4065.39990234375,766.0
2026-06-30 10:45:00,4065.800048828125,4065.800048828125,4058.0,4058.800048828125,691.0
2026-06-30 10:50:00,4058.60009765625,4061.89990234375,4056.39990234375,4057.800048828125,513.0
2026-06-30 10:55:00,4058.199951171875,4059.199951171875,4051.800048828125,4052.0,735.0
2026-06-30 11:00:00,4052.10009765625,4054.300048828125,4048.60009765625,4049.39990234375,1515.0
2026-06-30 11:05:00,4049.300048828125,4053.0,4046.60009765625,4049.699951171875,1062.0
2026-06-30 11:10:00,4049.39990234375,4051.800048828125,4046.60009765625,4050.60009765625,446.0
2026-06-30 11:15:00,4050.39990234375,4050.39990234375,4040.300048828125,4041.60009765625,954.0
2026-06-30 11:20:00,4041.39990234375,4043.39990234375,4036.39990234375,4041.800048828125,1116.0
2026-06-30 11:25:00,4041.699951171875,4045.10009765625,4041.199951171875,4042.699951171875,382.0
2026-06-30 11:30:00,4043.199951171875,4045.60009765625,4041.39990234375,4044.0,313.0
2026-06-30 11:35:00,4044.39990234375,4045.5,4041.800048828125,4045.199951171875,407.0
2026-06-30 11:40:00,4045.10009765625,4045.10009765625,4040.699951171875,4043.699951171875,325.0
2026-06-30 11:45:00,4043.5,4049.300048828125,4043.5,4048.0,487.0
2026-06-30 11:50:00,4047.0,4048.5,4045.699951171875,4048.199951171875,221.0
2026-06-30 11:55:00,4048.5,4049.0,4043.199951171875,4044.199951171875,250.0
2026-06-30 12:00:00,4043.800048828125,4045.0,4040.800048828125,4041.60009765625,323.0
2026-06-30 12:05:00,4042.10009765625,4043.60009765625,4040.10009765625,4041.5,299.0
2026-06-30 12:10:00,4041.60009765625,4044.699951171875,4041.199951171875,4044.5,235.0
2026-06-30 12:15:00,4044.60009765625,4045.699951171875,4042.300048828125,4044.300048828125,183.0
2026-06-30 12:20:00,4044.699951171875,4046.10009765625,4043.5,4043.800048828125,174.0
2026-06-30 12:25:00,4044.0,4045.39990234375,4043.199951171875,4044.5,163.0
2026-06-30 12:30:00,4044.0,4045.89990234375,4043.39990234375,4045.300048828125,230.0
2026-06-30 12:35:00,4045.39990234375,4045.60009765625,4041.89990234375,4044.60009765625,174.0
2026-06-30 12:40:00,4044.5,4046.800048828125,4042.699951171875,4045.800048828125,239.0
2026-06-30 12:45:00,4045.699951171875,4048.5,4045.60009765625,4046.10009765625,312.0
2026-06-30 12:50:00,4045.800048828125,4046.5,4044.5,4046.10009765625,184.0
2026-06-30 12:55:00,4045.89990234375,4045.89990234375,4040.300048828125,4040.300048828125,518.0
2026-06-30 13:00:00,4040.800048828125,4042.5,4039.0,4041.300048828125,547.0
2026-06-30 13:05:00,4041.199951171875,4041.39990234375,4035.39990234375,4037.0,846.0
2026-06-30 13:10:00,4036.89990234375,4037.89990234375,4034.89990234375,4037.60009765625,683.0
2026-06-30 13:15:00,4037.5,4042.800048828125,4037.5,4041.300048828125,524.0
2026-06-30 13:20:00,4041.0,4041.5,4037.5,4038.5,558.0
2026-06-30 13:25:00,4038.10009765625,4040.89990234375,4036.10009765625,4040.0,2118.0
2026-06-30 13:30:00,4040.10009765625,4043.10009765625,4039.800048828125,4042.60009765625,548.0
2026-06-30 13:35:00,4042.0,4043.300048828125,4040.5,4041.699951171875,210.0
2026-06-30 13:40:00,4041.60009765625,4044.60009765625,4040.800048828125,4044.0,137.0
2026-06-30 13:45:00,4043.89990234375,4045.800048828125,4043.800048828125,4044.39990234375,195.0
2026-06-30 13:50:00,4044.800048828125,4047.10009765625,4044.60009765625,4046.300048828125,126.0
2026-06-30 13:55:00,4046.0,4046.300048828125,4044.60009765625,4045.5,144.0
2026-06-30 14:00:00,4045.89990234375,4047.0,4045.5,4046.39990234375,106.0
2026-06-30 14:05:00,4047.0,4048.699951171875,4046.39990234375,4047.699951171875,136.0
2026-06-30 14:10:00,4047.60009765625,4048.199951171875,4046.800048828125,4047.199951171875,135.0
2026-06-30 14:15:00,4047.0,4047.10009765625,4045.10009765625,4047.10009765625,189.0
2026-06-30 14:20:00,4046.89990234375,4047.800048828125,4045.89990234375,4046.39990234375,107.0
2026-06-30 14:25:00,4046.39990234375,4047.10009765625,4045.199951171875,4046.199951171875,99.0
2026-06-30 14:30:00,4046.5,4046.60009765625,4044.10009765625,4044.800048828125,105.0
2026-06-30 14:35:00,4045.10009765625,4046.300048828125,4044.5,4044.5,42.0
2026-06-30 14:40:00,4044.800048828125,4046.10009765625,4042.800048828125,4045.699951171875,294.0
2026-06-30 14:45:00,4045.60009765625,4046.5,4043.800048828125,4046.300048828125,234.0
2026-06-30 14:50:00,4046.5,4047.39990234375,4045.39990234375,4046.800048828125,105.0
2026-06-30 14:55:00,4046.60009765625,4046.60009765625,4043.300048828125,4043.60009765625,169.0
2026-06-30 15:00:00,4043.0,4044.199951171875,4041.300048828125,4041.5,233.0
2026-06-30 15:05:00,4041.60009765625,4042.300048828125,4039.300048828125,4039.800048828125,190.0
2026-06-30 15:10:00,4040.10009765625,4041.300048828125,4038.5,4039.199951171875,465.0
2026-06-30 15:15:00,4038.699951171875,4040.10009765625,4038.10009765625,4038.699951171875,171.0
2026-06-30 15:20:00,4038.60009765625,4039.199951171875,4036.199951171875,4036.699951171875,165.0
2026-06-30 15:25:00,4036.800048828125,4037.300048828125,4035.60009765625,4035.60009765625,115.0
2026-06-30 15:30:00,4036.0,4038.199951171875,4035.300048828125,4036.800048828125,190.0
2026-06-30 15:35:00,4036.60009765625,4037.199951171875,4035.39990234375,4036.60009765625,180.0
2026-06-30 15:40:00,4036.60009765625,4037.39990234375,4035.60009765625,4036.89990234375,187.0
2026-06-30 15:45:00,4036.800048828125,4037.300048828125,4034.5,4035.10009765625,202.0
2026-06-30 15:50:00,4034.89990234375,4035.39990234375,4030.199951171875,4030.89990234375,568.0
2026-06-30 15:55:00,4031.199951171875,4033.199951171875,4029.10009765625,4030.199951171875,777.0
2026-06-30 16:00:00,4030.199951171875,4033.60009765625,4028.300048828125,4032.5,557.0
2026-07-01 09:30:00,4061.199951171875,4068.699951171875,4055.300048828125,4062.5,2445.0
2026-07-01 09:35:00,4062.800048828125,4086.39990234375,4061.199951171875,4085.699951171875,3254.0
2026-07-01 09:40:00,4084.89990234375,4116.0,4084.0,4113.2998046875,5249.0
2026-07-01 09:45:00,4113.10009765625,4122.60009765625,4099.60009765625,4105.0,4379.0
2026-07-01 09:50:00,4104.7998046875,4113.10009765625,4100.10009765625,4102.2998046875,2411.0
2026-07-01 09:55:00,4102.7998046875,4108.0,4100.5,4104.2001953125,1676.0
2026-07-01 10:00:00,4104.7998046875,4116.39990234375,4096.89990234375,4100.2001953125,3565.0
2026-07-01 10:05:00,4100.0,4110.5,4100.0,4108.7998046875,1765.0
2026-07-01 10:10:00,4109.2998046875,4114.5,4106.89990234375,4107.39990234375,1416.0
2026-07-01 10:15:00,4107.60009765625,4113.2998046875,4103.89990234375,4109.0,1336.0
2026-07-01 10:20:00,4108.89990234375,4120.7998046875,4108.39990234375,4119.10009765625,2155.0
2026-07-01 10:25:00,4119.5,4121.5,4110.2998046875,4115.2001953125,1475.0
2026-07-01 10:30:00,4115.2001953125,4126.2001953125,4112.7998046875,4125.2001953125,1641.0
2026-07-01 10:35:00,4125.2998046875,4131.0,4120.2998046875,4120.5,2038.0
2026-07-01 10:40:00,4120.7998046875,4121.5,4106.39990234375,4107.10009765625,1377.0
2026-07-01 10:45:00,4107.7998046875,4110.10009765625,4101.5,4103.39990234375,1131.0
2026-07-01 10:50:00,4103.7998046875,4105.7998046875,4100.7998046875,4103.89990234375,667.0
2026-07-01 10:55:00,4103.7001953125,4109.7001953125,4103.60009765625,4107.89990234375,755.0
2026-07-01 11:00:00,4108.0,4108.7998046875,4102.5,4104.2998046875,573.0
2026-07-01 11:05:00,4104.2998046875,4108.10009765625,4097.7998046875,4098.7998046875,926.0
2026-07-01 11:10:00,4098.5,4100.60009765625,4095.89990234375,4099.5,795.0
2026-07-01 11:15:00,4099.2001953125,4106.39990234375,4099.2001953125,4101.2001953125,964.0
2026-07-01 11:20:00,4100.89990234375,4104.60009765625,4092.89990234375,4095.199951171875,1081.0
2026-07-01 11:25:00,4095.199951171875,4099.0,4093.300048828125,4098.2998046875,579.0
2026-07-01 11:30:00,4097.7998046875,4097.7998046875,4092.0,4092.5,734.0
2026-07-01 11:35:00,4092.300048828125,4095.60009765625,4090.800048828125,4094.89990234375,874.0
2026-07-01 11:40:00,4094.60009765625,4097.0,4093.10009765625,4096.7001953125,422.0
2026-07-01 11:45:00,4096.39990234375,4099.7001953125,4095.699951171875,4098.2998046875,399.0
2026-07-01 11:50:00,4098.2998046875,4102.60009765625,4097.5,4098.39990234375,469.0
2026-07-01 11:55:00,4098.10009765625,4098.39990234375,4093.800048828125,4095.10009765625,439.0
2026-07-01 12:00:00,4095.5,4101.39990234375,4095.5,4099.60009765625,448.0
2026-07-01 12:05:00,4099.5,4102.89990234375,4098.2998046875,4098.2998046875,382.0
2026-07-01 12:10:00,4098.60009765625,4099.10009765625,4095.89990234375,4097.0,226.0
2026-07-01 12:15:00,4096.60009765625,4099.0,4095.5,4098.39990234375,233.0
2026-07-01 12:20:00,4098.10009765625,4099.5,4095.0,4096.10009765625,328.0
2026-07-01 12:25:00,4096.2001953125,4098.7001953125,4095.800048828125,4096.10009765625,146.0
2026-07-01 12:30:00,4095.89990234375,4097.39990234375,4089.699951171875,4090.60009765625,641.0
2026-07-01 12:35:00,4091.0,4094.89990234375,4090.89990234375,4091.300048828125,246.0
2026-07-01 12:40:00,4091.5,4091.800048828125,4086.800048828125,4088.10009765625,505.0
2026-07-01 12:45:00,4088.699951171875,4090.300048828125,4086.699951171875,4087.10009765625,415.0
2026-07-01 12:50:00,4087.0,4088.60009765625,4084.300048828125,4087.0,469.0
2026-07-01 12:55:00,4087.10009765625,4087.39990234375,4084.0,4085.0,286.0
2026-07-01 13:00:00,4084.89990234375,4087.60009765625,4083.60009765625,4085.39990234375,445.0
2026-07-01 13:05:00,4085.0,4085.199951171875,4081.60009765625,4082.60009765625,467.0
2026-07-01 13:10:00,4083.0,4085.699951171875,4081.199951171875,4085.0,459.0
2026-07-01 13:15:00,4085.300048828125,4085.89990234375,4081.60009765625,4083.60009765625,395.0
2026-07-01 13:20:00,4084.199951171875,4085.5,4082.89990234375,4083.800048828125,524.0
2026-07-01 13:25:00,4084.199951171875,4084.60009765625,4081.5,4081.800048828125,1410.0
2026-07-01 13:30:00,4082.0,4085.800048828125,4081.699951171875,4084.5,434.0
2026-07-01 13:35:00,4084.300048828125,4085.39990234375,4083.699951171875,4084.89990234375,137.0
2026-07-01 13:40:00,4084.60009765625,4087.300048828125,4083.199951171875,4084.800048828125,255.0
2026-07-01 13:45:00,4084.699951171875,4085.39990234375,4084.0,4084.699951171875,125.0
2026-07-01 13:50:00,4085.0,4086.5,4083.10009765625,4083.89990234375,153.0
2026-07-01 13:55:00,4083.800048828125,4084.199951171875,4081.0,4082.199951171875,261.0
2026-07-01 14:00:00,4082.300048828125,4084.39990234375,4081.89990234375,4084.39990234375,201.0
2026-07-01 14:05:00,4083.89990234375,4084.10009765625,4081.60009765625,4081.60009765625,114.0
2026-07-01 14:10:00,4081.699951171875,4084.699951171875,4081.0,4082.699951171875,302.0
2026-07-01 14:15:00,4082.800048828125,4083.0,4078.800048828125,4080.800048828125,220.0
2026-07-01 14:20:00,4080.60009765625,4080.89990234375,4077.5,4078.800048828125,293.0
2026-07-01 14:25:00,4079.5,4079.800048828125,4074.60009765625,4074.89990234375,215.0
2026-07-01 14:30:00,4075.300048828125,4079.89990234375,4075.300048828125,4078.60009765625,209.0
2026-07-01 14:35:00,4078.300048828125,4079.0,4076.800048828125,4077.300048828125,124.0
2026-07-01 14:40:00,4077.5,4077.5,4075.0,4076.39990234375,235.0
2026-07-01 14:45:00,4076.5,4076.89990234375,4074.300048828125,4075.10009765625,166.0
2026-07-01 14:50:00,4075.5,4076.0,4071.300048828125,4072.199951171875,459.0
2026-07-01 14:55:00,4072.0,4076.300048828125,4071.89990234375,4076.0,166.0
2026-07-01 15:00:00,4075.5,4080.0,4075.300048828125,4079.89990234375,406.0
2026-07-01 15:05:00,4079.699951171875,4082.199951171875,4078.10009765625,4081.699951171875,207.0
2026-07-01 15:10:00,4081.0,4081.0,4078.10009765625,4079.199951171875,336.0
2026-07-01 15:15:00,4079.199951171875,4080.0,4075.10009765625,4075.39990234375,383.0
2026-07-01 15:20:00,4075.60009765625,4076.300048828125,4070.39990234375,4070.39990234375,907.0
2026-07-01 15:25:00,4070.300048828125,4073.5,4070.300048828125,4072.699951171875,312.0
2026-07-01 15:30:00,4072.800048828125,4073.39990234375,4069.0,4070.199951171875,264.0
2026-07-01 15:35:00,4070.39990234375,4070.60009765625,4069.0,4069.300048828125,197.0
2026-07-01 15:40:00,4069.60009765625,4069.60009765625,4066.199951171875,4067.60009765625,398.0
2026-07-01 15:45:00,4067.39990234375,4068.0,4064.39990234375,4065.699951171875,369.0
2026-07-01 15:50:00,4066.0,4066.39990234375,4052.800048828125,4055.5,1366.0
2026-07-01 15:55:00,4055.699951171875,4056.300048828125,4048.39990234375,4052.300048828125,1062.0
2026-07-01 16:00:00,4052.199951171875,4053.60009765625,4042.199951171875,4043.800048828125,849.0
2026-07-02 09:30:00,4125.39990234375,4142.7998046875,4122.60009765625,4141.2998046875,2011.0
2026-07-02 09:35:00,4140.89990234375,4151.2998046875,4139.60009765625,4148.10009765625,1693.0
2026-07-02 09:40:00,4148.39990234375,4151.0,4139.7001953125,4147.10009765625,1389.0
2026-07-02 09:45:00,4147.60009765625,4156.2998046875,4146.7001953125,4153.7998046875,1419.0
2026-07-02 09:50:00,4153.7001953125,4157.10009765625,4145.39990234375,4146.60009765625,1404.0
2026-07-02 09:55:00,4146.60009765625,4153.89990234375,4145.39990234375,4149.7998046875,737.0
2026-07-02 10:00:00,4149.60009765625,4151.60009765625,4140.7998046875,4143.2998046875,1151.0
2026-07-02 10:05:00,4143.60009765625,4147.60009765625,4140.7001953125,4140.7001953125,881.0
2026-07-02 10:10:00,4140.5,4144.0,4136.89990234375,4141.2998046875,1053.0
2026-07-02 10:15:00,4141.39990234375,4149.2998046875,4139.7001953125,4143.5,1116.0
2026-07-02 10:20:00,4143.5,4143.5,4133.89990234375,4136.0,918.0
2026-07-02 10:25:00,4136.2998046875,4137.10009765625,4127.0,4129.10009765625,806.0
2026-07-02 10:30:00,4129.60009765625,4138.7998046875,4127.7998046875,4132.7001953125,1253.0
2026-07-02 10:35:00,4132.7998046875,4134.0,4129.5,4131.39990234375,605.0
2026-07-02 10:40:00,4131.39990234375,4133.7998046875,4127.7001953125,4131.5,704.0
2026-07-02 10:45:00,4131.89990234375,4136.0,4129.0,4135.2998046875,616.0
2026-07-02 10:50:00,4135.7998046875,4139.39990234375,4134.0,4137.10009765625,584.0
2026-07-02 10:55:00,4137.5,4143.0,4137.10009765625,4141.89990234375,578.0
2026-07-02 11:00:00,4141.89990234375,4144.7001953125,4139.0,4140.2001953125,819.0
2026-07-02 11:05:00,4140.5,4140.89990234375,4127.7998046875,4133.89990234375,995.0
2026-07-02 11:10:00,4134.2998046875,4144.0,4134.2998046875,4139.89990234375,750.0
2026-07-02 11:15:00,4139.7001953125,4142.10009765625,4133.60009765625,4135.39990234375,776.0
2026-07-02 11:20:00,4135.39990234375,4144.60009765625,4135.2998046875,4142.7998046875,761.0
2026-07-02 11:25:00,4142.7001953125,4143.2001953125,4135.2001953125,4135.7001953125,840.0
2026-07-02 11:30:00,4135.7001953125,4144.10009765625,4135.60009765625,4143.2001953125,416.0
2026-07-02 11:35:00,4143.39990234375,4144.2998046875,4140.2998046875,4140.60009765625,447.0
2026-07-02 11:40:00,4141.0,4141.89990234375,4137.60009765625,4138.5,348.0
2026-07-02 11:45:00,4138.2998046875,4143.2001953125,4138.2998046875,4141.7001953125,292.0
2026-07-02 11:50:00,4141.39990234375,4141.5,4137.2001953125,4141.5,374.0
2026-07-02 11:55:00,4141.5,4142.60009765625,4138.39990234375,4141.39990234375,178.0
2026-07-02 12:00:00,4141.7001953125,4143.2001953125,4137.60009765625,4139.5,315.0
2026-07-02 12:05:00,4139.39990234375,4140.2998046875,4134.60009765625,4135.5,320.0
2026-07-02 12:10:00,4135.60009765625,4139.0,4134.89990234375,4136.39990234375,313.0
2026-07-02 12:15:00,4136.5,4137.0,4133.60009765625,4136.2001953125,311.0
2026-07-02 12:20:00,4136.0,4136.7001953125,4128.7001953125,4129.5,752.0
2026-07-02 12:25:00,4130.0,4132.2998046875,4127.7998046875,4129.0,345.0
2026-07-02 12:30:00,4128.60009765625,4128.89990234375,4114.5,4115.7998046875,1544.0
2026-07-02 12:35:00,4116.10009765625,4123.7998046875,4113.0,4123.10009765625,985.0
2026-07-02 12:40:00,4123.2001953125,4129.60009765625,4122.60009765625,4127.5,580.0
2026-07-02 12:45:00,4127.7001953125,4131.39990234375,4126.89990234375,4130.2001953125,421.0
2026-07-02 12:50:00,4130.60009765625,4133.89990234375,4128.0,4130.7001953125,414.0
2026-07-02 12:55:00,4130.7001953125,4132.2998046875,4128.7998046875,4131.2001953125,399.0
2026-07-02 13:00:00,4131.10009765625,4132.60009765625,4127.39990234375,4129.10009765625,599.0
2026-07-02 13:05:00,4128.7998046875,4133.2998046875,4126.5,4129.89990234375,437.0
2026-07-02 13:10:00,4129.89990234375,4131.60009765625,4127.89990234375,4131.39990234375,280.0
2026-07-02 13:15:00,4131.39990234375,4133.10009765625,4129.2001953125,4130.2001953125,446.0
2026-07-02 13:20:00,4129.60009765625,4130.7001953125,4124.7998046875,4127.89990234375,563.0
2026-07-02 13:25:00,4128.10009765625,4129.39990234375,4124.2998046875,4125.89990234375,1767.0
2026-07-02 13:30:00,4125.5,4127.60009765625,4123.39990234375,4125.2001953125,447.0
2026-07-02 13:35:00,4124.60009765625,4126.5,4121.2001953125,4122.10009765625,245.0
2026-07-02 13:40:00,4122.0,4122.5,4118.7998046875,4120.39990234375,246.0
2026-07-02 13:45:00,4120.0,4123.0,4119.10009765625,4122.2998046875,231.0
2026-07-02 13:50:00,4121.7998046875,4123.2001953125,4119.39990234375,4122.5,328.0
2026-07-02 13:55:00,4122.2001953125,4122.7001953125,4118.5,4119.5,110.0
2026-07-02 14:00:00,4119.7001953125,4127.39990234375,4118.60009765625,4127.39990234375,274.0
2026-07-02 14:05:00,4126.89990234375,4135.7001953125,4126.7998046875,4135.2998046875,553.0
2026-07-02 14:10:00,4136.2001953125,4137.0,4131.60009765625,4131.89990234375,352.0
2026-07-02 14:15:00,4132.7998046875,4133.39990234375,4128.7001953125,4130.0,235.0
2026-07-02 14:20:00,4130.0,4131.39990234375,4129.10009765625,4131.10009765625,137.0
2026-07-02 14:25:00,4131.7998046875,4136.2998046875,4131.7998046875,4136.2001953125,223.0
2026-07-02 14:30:00,4136.10009765625,4140.60009765625,4136.0,4138.2998046875,291.0
2026-07-02 14:35:00,4138.39990234375,4139.39990234375,4137.2001953125,4138.0,142.0
2026-07-02 14:40:00,4137.7998046875,4138.2001953125,4134.2998046875,4134.7001953125,367.0
2026-07-02 14:45:00,4134.39990234375,4135.2998046875,4133.0,4135.2998046875,191.0
2026-07-02 14:50:00,4135.0,4137.5,4134.10009765625,4134.5,220.0
2026-07-02 14:55:00,4134.2001953125,4135.89990234375,4133.89990234375,4135.89990234375,97.0
2026-07-02 15:00:00,4136.2001953125,4137.5,4130.60009765625,4130.7001953125,191.0
2026-07-02 15:05:00,4131.39990234375,4132.7001953125,4128.89990234375,4129.60009765625,272.0
2026-07-02 15:10:00,4129.7001953125,4130.10009765625,4126.2001953125,4127.7001953125,212.0
2026-07-02 15:15:00,4127.39990234375,4128.0,4124.89990234375,4125.2001953125,153.0
2026-07-02 15:20:00,4125.0,4125.39990234375,4121.60009765625,4122.0,148.0
2026-07-02 15:25:00,4121.89990234375,4126.7998046875,4121.2998046875,4125.89990234375,182.0
2026-07-02 15:30:00,4125.89990234375,4127.89990234375,4124.7001953125,4126.7998046875,139.0
2026-07-02 15:35:00,4126.60009765625,4126.7998046875,4124.39990234375,4126.0,147.0
2026-07-02 15:40:00,4125.7998046875,4127.2001953125,4125.5,4126.60009765625,113.0
2026-07-02 15:45:00,4126.7001953125,4128.89990234375,4125.7001953125,4128.89990234375,123.0
2026-07-02 15:50:00,4129.0,4136.89990234375,4128.7998046875,4136.89990234375,445.0
2026-07-02 15:55:00,4137.0,4137.10009765625,4132.7998046875,4134.0,406.0
2026-07-02 16:00:00,4134.2001953125,4134.5,4129.39990234375,4133.2998046875,548.0
2026-07-06 09:30:00,4154.2998046875,4162.60009765625,4154.2998046875,4161.2001953125,619.0
2026-07-06 09:35:00,4161.2998046875,4161.60009765625,4156.2001953125,4161.2998046875,482.0
2026-07-06 09:40:00,4161.2998046875,4162.60009765625,4156.5,4161.5,540.0
2026-07-06 09:45:00,4161.5,4187.2998046875,4153.7001953125,4158.7001953125,733.0
2026-07-06 09:50:00,4158.7998046875,4160.89990234375,4154.2001953125,4158.2001953125,663.0
2026-07-06 09:55:00,4157.7001953125,4158.5,4147.10009765625,4153.0,1044.0
2026-07-06 10:00:00,4152.5,4159.5,4150.60009765625,4152.7001953125,1210.0
2026-07-06 10:05:00,4153.39990234375,4155.2998046875,4145.7998046875,4148.7998046875,1337.0
2026-07-06 10:10:00,4148.39990234375,4187.2998046875,4148.39990234375,4152.5,750.0
2026-07-06 10:15:00,4153.2998046875,4153.2998046875,4146.89990234375,4148.7001953125,797.0
2026-07-06 10:20:00,4148.7001953125,4151.2001953125,4144.7001953125,4144.89990234375,647.0
2026-07-06 10:25:00,4145.2998046875,4151.2001953125,4145.10009765625,4149.10009765625,686.0
2026-07-06 10:30:00,4149.7001953125,4153.7001953125,4145.7998046875,4153.39990234375,675.0
2026-07-06 10:35:00,4153.2001953125,4187.2998046875,4148.39990234375,4149.89990234375,436.0
2026-07-06 10:40:00,4149.7998046875,4151.39990234375,4140.60009765625,4142.60009765625,987.0
2026-07-06 10:45:00,4142.2001953125,4146.89990234375,4141.10009765625,4145.7001953125,580.0
2026-07-06 10:50:00,4145.89990234375,4149.0,4145.0,4147.60009765625,446.0
2026-07-06 10:55:00,4148.0,4150.7998046875,4146.5,4150.2001953125,320.0
2026-07-06 11:00:00,4150.60009765625,4187.2998046875,4149.7998046875,4156.5,780.0
2026-07-06 11:05:00,4156.60009765625,4158.7998046875,4154.5,4156.39990234375,539.0
2026-07-06 11:10:00,4156.7998046875,4157.0,4150.0,4151.39990234375,415.0
2026-07-06 11:15:00,4151.60009765625,4154.89990234375,4151.60009765625,4152.10009765625,456.0
2026-07-06 11:20:00,4152.0,4187.2998046875,4150.5,4155.7001953125,669.0
2026-07-06 11:25:00,4155.7001953125,4187.2998046875,4155.39990234375,4162.2001953125,569.0
2026-07-06 11:30:00,4162.2998046875,4164.0,4159.7001953125,4162.2001953125,780.0
2026-07-06 11:35:00,4162.2001953125,4163.10009765625,4158.89990234375,4162.89990234375,335.0
2026-07-06 11:40:00,4162.89990234375,4162.89990234375,4160.60009765625,4161.60009765625,231.0
2026-07-06 11:45:00,4162.10009765625,4187.2998046875,4158.5,4159.2001953125,264.0
2026-07-06 11:50:00,4159.2998046875,4187.2998046875,4156.10009765625,4157.60009765625,403.0
2026-07-06 11:55:00,4157.5,4160.7998046875,4156.5,4159.89990234375,380.0
2026-07-06 12:00:00,4160.10009765625,4160.2001953125,4155.0,4155.7998046875,495.0
2026-07-06 12:05:00,4155.2001953125,4156.7001953125,4155.2001953125,4155.60009765625,917.0
2026-07-06 12:10:00,4155.89990234375,4187.2998046875,4152.0,4152.0,435.0
2026-07-06 12:15:00,4152.2998046875,4187.2998046875,4152.10009765625,4155.39990234375,536.0
2026-07-06 12:20:00,4155.2001953125,4157.39990234375,4154.0,4157.39990234375,352.0
2026-07-06 12:25:00,4157.2001953125,4158.2998046875,4155.7998046875,4157.2001953125,255.0
2026-07-06 12:30:00,4157.5,4160.39990234375,4157.2001953125,4159.39990234375,198.0
2026-07-06 12:35:00,4158.7998046875,4187.2998046875,4158.5,4161.2001953125,206.0
2026-07-06 12:40:00,4161.39990234375,4187.2998046875,4160.39990234375,4161.39990234375,142.0
2026-07-06 12:45:00,4161.2001953125,4162.0,4160.60009765625,4162.0,213.0
2026-07-06 12:50:00,4162.10009765625,4167.5,4162.10009765625,4166.10009765625,455.0
2026-07-06 12:55:00,4166.2001953125,4168.10009765625,4164.60009765625,4166.89990234375,305.0
2026-07-06 13:00:00,4166.89990234375,4187.2998046875,4164.10009765625,4164.60009765625,394.0
2026-07-06 13:05:00,4165.0,4187.2998046875,4164.7998046875,4166.2001953125,241.0
2026-07-06 13:10:00,4166.2001953125,4167.39990234375,4164.2998046875,4165.39990234375,365.0
2026-07-06 13:15:00,4165.5,4166.2998046875,4162.7998046875,4163.2998046875,556.0
2026-07-06 13:20:00,4163.39990234375,4170.5,4162.10009765625,4168.7998046875,776.0
2026-07-06 13:25:00,4168.89990234375,4187.2998046875,4166.10009765625,4167.5,1406.0
2026-07-06 13:30:00,4167.2001953125,4187.2998046875,4166.39990234375,4170.0,367.0
2026-07-06 13:35:00,4169.60009765625,4170.60009765625,4168.0,4170.10009765625,222.0
2026-07-06 13:40:00,4169.7998046875,4171.0,4168.2001953125,4168.39990234375,260.0
2026-07-06 13:45:00,4168.0,4171.7001953125,4167.60009765625,4171.10009765625,137.0
2026-07-06 13:50:00,4171.10009765625,4187.2998046875,4170.39990234375,4171.2001953125,178.0
2026-07-06 13:55:00,4170.7998046875,4187.2998046875,4170.7001953125,4172.89990234375,213.0
2026-07-06 14:00:00,4173.2998046875,4173.7998046875,4168.2998046875,4169.2998046875,607.0
2026-07-06 14:05:00,4169.2998046875,4169.2998046875,4167.2001953125,4168.10009765625,196.0
2026-07-06 14:10:00,4168.0,4170.2001953125,4167.10009765625,4170.0,141.0
2026-07-06 14:15:00,4170.2001953125,4187.2998046875,4170.2001953125,4173.0,166.0
2026-07-06 14:20:00,4172.7998046875,4187.2998046875,4172.0,4173.5,137.0
2026-07-06 14:25:00,4173.7001953125,4175.2001953125,4173.10009765625,4173.89990234375,192.0
2026-07-06 14:30:00,4173.7998046875,4176.10009765625,4171.60009765625,4175.89990234375,225.0
2026-07-06 14:35:00,4175.5,4179.60009765625,4175.5,4177.10009765625,624.0
2026-07-06 14:40:00,4177.39990234375,4187.2998046875,4174.7998046875,4176.2998046875,207.0
2026-07-06 14:45:00,4175.7998046875,4187.2998046875,4175.7001953125,4176.0,100.0
2026-07-06 14:50:00,4176.2998046875,4176.60009765625,4173.7998046875,4174.7001953125,193.0
2026-07-06 14:55:00,4174.60009765625,4176.2001953125,4174.2998046875,4175.7998046875,86.0
2026-07-06 15:00:00,4175.7998046875,4177.39990234375,4173.39990234375,4173.39990234375,169.0
2026-07-06 15:05:00,4173.39990234375,4187.2998046875,4171.7001953125,4172.5,233.0
2026-07-06 15:10:00,4172.7998046875,4187.2998046875,4170.7998046875,4171.2001953125,145.0
2026-07-06 15:15:00,4171.10009765625,4173.10009765625,4170.5,4173.10009765625,118.0
2026-07-06 15:20:00,4173.10009765625,4174.5,4172.39990234375,4174.0,134.0
2026-07-06 15:25:00,4174.0,4175.5,4173.5,4174.7998046875,131.0
2026-07-06 15:30:00,4175.0,4187.2998046875,4173.2998046875,4173.89990234375,101.0
2026-07-06 15:35:00,4174.0,4187.2998046875,4171.5,4172.0,142.0
2026-07-06 15:40:00,4171.60009765625,4173.10009765625,4171.5,4173.10009765625,80.0
2026-07-06 15:45:00,4173.10009765625,4175.7001953125,4173.0,4175.2001953125,161.0
2026-07-06 15:50:00,4174.89990234375,4176.7001953125,4174.5,4175.60009765625,122.0
2026-07-06 15:55:00,4175.10009765625,4187.2998046875,4172.7998046875,4175.5,388.0
2026-07-06 16:00:00,4175.39990234375,4187.2998046875,4174.2001953125,4174.60009765625,114.0
2026-07-07 09:30:00,4177.60009765625,4182.60009765625,4174.7001953125,4180.5,766.0
2026-07-07 09:35:00,4180.39990234375,4191.39990234375,4179.60009765625,4182.0,1730.0
2026-07-07 09:40:00,4182.0,4192.39990234375,4180.0,4189.39990234375,1645.0
2026-07-07 09:45:00,4189.39990234375,4192.0,4182.39990234375,4185.0,854.0
2026-07-07 09:50:00,4184.7001953125,4186.0,4175.7001953125,4177.39990234375,1060.0
2026-07-07 09:55:00,4177.10009765625,4179.10009765625,4167.2998046875,4170.0,1478.0
2026-07-07 10:00:00,4169.7001953125,4175.10009765625,4164.2001953125,4165.7998046875,1707.0
2026-07-07 10:05:00,4165.60009765625,4169.10009765625,4162.7998046875,4166.89990234375,1351.0
2026-07-07 10:10:00,4166.7998046875,4168.0,4161.89990234375,4163.2998046875,936.0
2026-07-07 10:15:00,4162.89990234375,4170.7998046875,4162.39990234375,4169.60009765625,839.0
2026-07-07 10:20:00,4169.60009765625,4170.0,4163.0,4163.2001953125,572.0
2026-07-07 10:25:00,4163.2001953125,4169.5,4162.0,4169.0,593.0
2026-07-07 10:30:00,4169.7998046875,4170.7998046875,4162.2001953125,4162.2001953125,708.0
2026-07-07 10:35:00,4162.2001953125,4162.5,4158.0,4160.39990234375,1260.0
2026-07-07 10:40:00,4160.2998046875,4163.7998046875,4154.5,4163.39990234375,890.0
2026-07-07 10:45:00,4163.2001953125,4168.7998046875,4163.0,4167.39990234375,907.0
2026-07-07 10:50:00,4167.2001953125,4168.5,4164.60009765625,4164.7998046875,283.0
2026-07-07 10:55:00,4164.7001953125,4167.89990234375,4164.7001953125,4165.0,301.0
2026-07-07 11:00:00,4165.0,4165.39990234375,4160.89990234375,4162.2998046875,490.0
2026-07-07 11:05:00,4162.7001953125,4166.7001953125,4160.5,4164.5,732.0
2026-07-07 11:10:00,4164.5,4166.5,4159.2998046875,4159.60009765625,888.0
2026-07-07 11:15:00,4159.7001953125,4159.7001953125,4152.60009765625,4155.7998046875,648.0
2026-07-07 11:20:00,4155.60009765625,4157.7998046875,4154.7001953125,4156.2001953125,379.0
2026-07-07 11:25:00,4156.10009765625,4157.7998046875,4152.7001953125,4154.0,457.0
2026-07-07 11:30:00,4154.0,4157.2998046875,4153.7998046875,4154.89990234375,314.0
2026-07-07 11:35:00,4154.2001953125,4157.2001953125,4153.0,4156.60009765625,439.0
2026-07-07 11:40:00,4156.5,4159.2998046875,4155.2001953125,4157.5,378.0
2026-07-07 11:45:00,4157.2998046875,4159.0,4153.0,4153.0,358.0
2026-07-07 11:50:00,4152.7998046875,4154.2998046875,4148.2998046875,4149.0,656.0
2026-07-07 11:55:00,4148.89990234375,4150.2998046875,4146.89990234375,4150.10009765625,450.0
2026-07-07 12:00:00,4150.39990234375,4152.2001953125,4148.2001953125,4150.39990234375,509.0
2026-07-07 12:05:00,4151.10009765625,4155.0,4150.39990234375,4151.2001953125,361.0
2026-07-07 12:10:00,4151.5,4154.0,4150.60009765625,4152.39990234375,174.0
2026-07-07 12:15:00,4152.2001953125,4156.0,4152.10009765625,4155.10009765625,358.0
2026-07-07 12:20:00,4155.60009765625,4157.60009765625,4153.7998046875,4155.7998046875,652.0
2026-07-07 12:25:00,4156.0,4158.7001953125,4155.2001953125,4157.5,281.0
2026-07-07 12:30:00,4157.2998046875,4158.10009765625,4154.60009765625,4154.7998046875,281.0
2026-07-07 12:35:00,4154.5,4156.7001953125,4153.7001953125,4156.0,318.0
2026-07-07 12:40:00,4155.89990234375,4156.7001953125,4154.2998046875,4154.7001953125,229.0
2026-07-07 12:45:00,4154.89990234375,4156.2998046875,4152.2001953125,4156.2998046875,474.0
2026-07-07 12:50:00,4156.0,4158.2998046875,4155.7001953125,4156.2998046875,289.0
2026-07-07 12:55:00,4155.89990234375,4156.7001953125,4154.5,4156.60009765625,157.0
2026-07-07 13:00:00,4156.7001953125,4157.5,4155.5,4157.39990234375,266.0
2026-07-07 13:05:00,4157.5,4158.5,4156.7001953125,4157.10009765625,130.0
2026-07-07 13:10:00,4157.0,4157.0,4153.60009765625,4154.39990234375,149.0
2026-07-07 13:15:00,4154.2001953125,4154.60009765625,4151.7998046875,4154.2998046875,344.0
2026-07-07 13:20:00,4154.2998046875,4157.5,4153.10009765625,4156.60009765625,266.0
2026-07-07 13:25:00,4156.89990234375,4158.2998046875,4155.2998046875,4157.5,1143.0
2026-07-07 13:30:00,4157.7001953125,4159.7998046875,4157.10009765625,4157.60009765625,1157.0
2026-07-07 13:35:00,4157.5,4158.2998046875,4156.10009765625,4157.7001953125,262.0
2026-07-07 13:40:00,4157.39990234375,4159.2998046875,4157.39990234375,4158.0,112.0
2026-07-07 13:45:00,4158.7001953125,4158.7001953125,4156.7001953125,4156.7001953125,93.0
2026-07-07 13:50:00,4156.5,4156.5,4154.2998046875,4154.89990234375,127.0
2026-07-07 13:55:00,4155.2998046875,4156.2998046875,4155.0,4155.89990234375,53.0
2026-07-07 14:00:00,4156.0,4156.5,4152.60009765625,4153.60009765625,159.0
2026-07-07 14:05:00,4153.89990234375,4154.0,4152.7001953125,4153.0,74.0
2026-07-07 14:10:00,4152.89990234375,4154.2998046875,4152.2001953125,4153.7998046875,120.0
2026-07-07 14:15:00,4153.7001953125,4153.7001953125,4151.2998046875,4153.10009765625,223.0
2026-07-07 14:20:00,4153.0,4155.7998046875,4152.10009765625,4154.39990234375,150.0
2026-07-07 14:25:00,4154.5,4155.60009765625,4152.89990234375,4153.10009765625,106.0
2026-07-07 14:30:00,4152.89990234375,4153.39990234375,4147.7001953125,4150.5,418.0
2026-07-07 14:35:00,4150.5,4153.7998046875,4150.5,4152.89990234375,100.0
2026-07-07 14:40:00,4152.89990234375,4153.2001953125,4151.2998046875,4153.0,118.0
2026-07-07 14:45:00,4153.7001953125,4154.0,4143.5,4146.60009765625,858.0
2026-07-07 14:50:00,4146.10009765625,4148.0,4136.10009765625,4138.10009765625,1454.0
2026-07-07 14:55:00,4138.0,4142.2001953125,4136.7001953125,4138.0,422.0
2026-07-07 15:00:00,4137.89990234375,4138.7001953125,4128.89990234375,4132.0,1070.0
2026-07-07 15:05:00,4132.5,4132.5,4118.5,4122.0,2100.0
2026-07-07 15:10:00,4121.89990234375,4122.39990234375,4113.60009765625,4116.60009765625,1635.0
2026-07-07 15:15:00,4116.10009765625,4116.2998046875,4102.7001953125,4109.39990234375,2434.0
2026-07-07 15:20:00,4109.2998046875,4113.60009765625,4104.2001953125,4112.2998046875,1129.0
2026-07-07 15:25:00,4112.2001953125,4117.7001953125,4108.89990234375,4114.2998046875,816.0
2026-07-07 15:30:00,4114.2998046875,4124.2998046875,4114.2998046875,4123.2001953125,740.0
2026-07-07 15:35:00,4123.5,4125.89990234375,4120.39990234375,4121.39990234375,674.0
2026-07-07 15:40:00,4121.2001953125,4122.7001953125,4118.89990234375,4120.0,411.0
2026-07-07 15:45:00,4120.2998046875,4124.7998046875,4119.2001953125,4123.10009765625,520.0
2026-07-07 15:50:00,4123.39990234375,4126.7998046875,4121.39990234375,4126.60009765625,323.0
2026-07-07 15:55:00,4126.39990234375,4128.89990234375,4124.60009765625,4125.10009765625,1400.0
2026-07-07 16:00:00,4125.2998046875,4126.5,4123.60009765625,4126.10009765625,224.0
2026-07-08 09:30:00,4077.5,4090.89990234375,4077.39990234375,4088.5,1311.0
2026-07-08 09:35:00,4087.10009765625,4091.5,4083.60009765625,4090.199951171875,693.0
2026-07-08 09:40:00,4089.89990234375,4091.199951171875,4081.300048828125,4084.199951171875,806.0
2026-07-08 09:45:00,4083.89990234375,4090.10009765625,4080.199951171875,4080.199951171875,633.0
2026-07-08 09:50:00,4080.300048828125,4084.39990234375,4079.0,4080.60009765625,719.0
2026-07-08 09:55:00,4080.699951171875,4084.0,4079.60009765625,4081.60009765625,1572.0
2026-07-08 10:00:00,4081.10009765625,4082.0,4073.89990234375,4077.0,1454.0
2026-07-08 10:05:00,4077.10009765625,4079.699951171875,4071.699951171875,4074.699951171875,2076.0
2026-07-08 10:10:00,4074.300048828125,4075.60009765625,4067.699951171875,4068.300048828125,1644.0
2026-07-08 10:15:00,4068.199951171875,4072.39990234375,4062.0,4065.60009765625,1729.0
2026-07-08 10:20:00,4065.39990234375,4073.0,4063.60009765625,4070.89990234375,1112.0
2026-07-08 10:25:00,4071.5,4076.39990234375,4069.60009765625,4071.5,983.0
2026-07-08 10:30:00,4071.0,4072.39990234375,4063.0,4066.0,1101.0
2026-07-08 10:35:00,4066.0,4066.5,4052.89990234375,4053.89990234375,2129.0
2026-07-08 10:40:00,4054.0,4060.199951171875,4045.10009765625,4046.800048828125,3429.0
2026-07-08 10:45:00,4046.800048828125,4050.89990234375,4044.0,4046.300048828125,1763.0
2026-07-08 10:50:00,4046.199951171875,4057.10009765625,4045.300048828125,4055.199951171875,1251.0
2026-07-08 10:55:00,4055.0,4056.39990234375,4051.0,4051.800048828125,597.0
2026-07-08 11:00:00,4052.0,4052.5,4046.300048828125,4048.199951171875,791.0
2026-07-08 11:05:00,4048.0,4054.300048828125,4047.800048828125,4050.699951171875,543.0
2026-07-08 11:10:00,4050.300048828125,4053.10009765625,4044.199951171875,4044.60009765625,873.0
2026-07-08 11:15:00,4044.5,4045.60009765625,4038.10009765625,4042.5,2645.0
2026-07-08 11:20:00,4042.60009765625,4046.699951171875,4036.699951171875,4037.0,766.0
2026-07-08 11:25:00,4037.10009765625,4042.89990234375,4036.89990234375,4041.5,683.0
2026-07-08 11:30:00,4042.0,4042.89990234375,4032.5,4035.800048828125,1489.0
2026-07-08 11:35:00,4035.60009765625,4042.60009765625,4034.699951171875,4040.0,825.0
2026-07-08 11:40:00,4039.39990234375,4044.300048828125,4039.300048828125,4042.89990234375,746.0
2026-07-08 11:45:00,4042.800048828125,4044.60009765625,4039.800048828125,4044.0,738.0
2026-07-08 11:50:00,4044.10009765625,4048.60009765625,4043.60009765625,4044.89990234375,869.0
2026-07-08 11:55:00,4044.60009765625,4045.10009765625,4040.60009765625,4044.10009765625,467.0
2026-07-08 12:00:00,4044.5,4047.5,4043.39990234375,4046.39990234375,616.0
2026-07-08 12:05:00,4046.800048828125,4050.800048828125,4046.39990234375,4049.39990234375,599.0
2026-07-08 12:10:00,4049.60009765625,4053.5,4049.10009765625,4049.89990234375,929.0
2026-07-08 12:15:00,4050.0,4051.89990234375,4048.0,4050.800048828125,430.0
2026-07-08 12:20:00,4051.300048828125,4052.39990234375,4048.10009765625,4048.60009765625,467.0
2026-07-08 12:25:00,4048.60009765625,4055.89990234375,4048.60009765625,4053.89990234375,535.0
2026-07-08 12:30:00,4053.60009765625,4057.5,4051.39990234375,4052.0,782.0
2026-07-08 12:35:00,4051.699951171875,4057.0,4049.5,4055.10009765625,1150.0
2026-07-08 12:40:00,4054.699951171875,4068.300048828125,4052.89990234375,4066.60009765625,1683.0
2026-07-08 12:45:00,4066.39990234375,4069.199951171875,4063.300048828125,4068.0,946.0
2026-07-08 12:50:00,4068.39990234375,4073.0,4067.5,4072.199951171875,989.0
2026-07-08 12:55:00,4072.5,4075.0,4071.300048828125,4073.89990234375,636.0
2026-07-08 13:00:00,4073.89990234375,4074.10009765625,4069.39990234375,4071.0,463.0
2026-07-08 13:05:00,4070.89990234375,4079.199951171875,4070.699951171875,4075.800048828125,948.0
2026-07-08 13:10:00,4075.199951171875,4080.699951171875,4073.800048828125,4075.0,1099.0
2026-07-08 13:15:00,4075.199951171875,4077.39990234375,4073.5,4076.5,854.0
2026-07-08 13:20:00,4076.10009765625,4081.0,4075.39990234375,4079.60009765625,2158.0
2026-07-08 13:25:00,4079.60009765625,4084.699951171875,4079.60009765625,4083.39990234375,3609.0
2026-07-08 13:30:00,4083.5,4086.89990234375,4081.5,4083.0,1990.0
2026-07-08 13:35:00,4082.89990234375,4083.699951171875,4080.10009765625,4081.300048828125,539.0
2026-07-08 13:40:00,4081.300048828125,4081.800048828125,4079.39990234375,4080.5,246.0
2026-07-08 13:45:00,4080.300048828125,4081.0,4077.5,4078.0,361.0
2026-07-08 13:50:00,4078.199951171875,4080.5,4077.10009765625,4078.0,270.0
2026-07-08 13:55:00,4078.0,4078.0,4074.699951171875,4076.39990234375,337.0
2026-07-08 14:00:00,4075.800048828125,4085.5,4073.800048828125,4079.60009765625,990.0
2026-07-08 14:05:00,4080.0,4081.10009765625,4076.800048828125,4078.5,303.0
2026-07-08 14:10:00,4078.199951171875,4086.39990234375,4077.5,4085.699951171875,485.0
2026-07-08 14:15:00,4086.0,4086.10009765625,4080.89990234375,4082.10009765625,210.0
2026-07-08 14:20:00,4082.10009765625,4082.10009765625,4078.800048828125,4080.0,228.0
2026-07-08 14:25:00,4079.800048828125,4083.10009765625,4078.0,4080.800048828125,269.0
2026-07-08 14:30:00,4080.5,4082.0,4077.60009765625,4080.300048828125,587.0
2026-07-08 14:35:00,4080.39990234375,4086.0,4079.60009765625,4085.60009765625,266.0
2026-07-08 14:40:00,4085.5,4090.0,4085.300048828125,4089.89990234375,499.0
2026-07-08 14:45:00,4089.800048828125,4101.60009765625,4089.0,4100.89990234375,987.0
2026-07-08 14:50:00,4100.2001953125,4101.5,4094.300048828125,4095.699951171875,553.0
2026-07-08 14:55:00,4095.699951171875,4095.699951171875,4092.10009765625,4094.10009765625,312.0
2026-07-08 15:00:00,4095.0,4101.0,4094.699951171875,4097.2001953125,384.0
2026-07-08 15:05:00,4097.60009765625,4100.2001953125,4096.7001953125,4099.7001953125,215.0
2026-07-08 15:10:00,4099.2001953125,4100.5,4095.5,4097.7998046875,257.0
2026-07-08 15:15:00,4097.2998046875,4098.0,4094.800048828125,4096.60009765625,591.0
2026-07-08 15:20:00,4096.5,4097.7998046875,4096.0,4097.2001953125,116.0
2026-07-08 15:25:00,4097.2998046875,4098.60009765625,4095.10009765625,4098.5,164.0
2026-07-08 15:30:00,4098.60009765625,4101.39990234375,4096.39990234375,4097.2001953125,659.0
2026-07-08 15:35:00,4096.7998046875,4099.2998046875,4096.5,4097.2998046875,114.0
2026-07-08 15:40:00,4097.39990234375,4097.5,4093.39990234375,4094.10009765625,309.0
2026-07-08 15:45:00,4093.89990234375,4094.39990234375,4088.5,4089.300048828125,638.0
2026-07-08 15:50:00,4089.199951171875,4093.5,4089.0,4092.89990234375,441.0
2026-07-08 15:55:00,4093.300048828125,4093.300048828125,4090.0,4090.199951171875,412.0
2026-07-08 16:00:00,4090.5,4090.5,4086.199951171875,4089.39990234375,412.0
2026-07-09 09:30:00,4136.10009765625,4139.2001953125,4129.39990234375,4135.5,1493.0
2026-07-09 09:35:00,4135.0,4138.0,4132.10009765625,4134.89990234375,595.0
2026-07-09 09:40:00,4135.2001953125,4139.60009765625,4131.7998046875,4137.2998046875,1882.0
2026-07-09 09:45:00,4137.2998046875,4137.7001953125,4131.2998046875,4133.39990234375,1156.0
2026-07-09 09:50:00,4133.5,4136.7001953125,4128.60009765625,4128.60009765625,813.0
2026-07-09 09:55:00,4128.7001953125,4132.7001953125,4127.60009765625,4131.7001953125,1087.0
2026-07-09 10:00:00,4131.2998046875,4145.0,4131.10009765625,4141.39990234375,2093.0
2026-07-09 10:05:00,4141.2998046875,4147.39990234375,4135.60009765625,4136.39990234375,1390.0
2026-07-09 10:10:00,4136.2998046875,4136.89990234375,4129.7998046875,4131.7998046875,1247.0
2026-07-09 10:15:00,4132.10009765625,4132.10009765625,4125.5,4127.10009765625,1035.0
2026-07-09 10:20:00,4126.89990234375,4133.2998046875,4123.7001953125,4132.89990234375,1450.0
2026-07-09 10:25:00,4133.0,4135.7001953125,4131.2001953125,4134.2998046875,863.0
2026-07-09 10:30:00,4134.7001953125,4135.10009765625,4130.7998046875,4134.5,509.0
2026-07-09 10:35:00,4134.5,4136.60009765625,4131.10009765625,4133.0,537.0
2026-07-09 10:40:00,4132.7001953125,4134.60009765625,4130.39990234375,4133.89990234375,567.0
2026-07-09 10:45:00,4134.10009765625,4135.10009765625,4128.5,4129.2001953125,609.0
2026-07-09 10:50:00,4129.10009765625,4134.0,4127.89990234375,4134.0,562.0
2026-07-09 10:55:00,4133.7001953125,4138.0,4132.7001953125,4137.2998046875,608.0
2026-07-09 11:00:00,4137.7001953125,4138.39990234375,4134.89990234375,4136.2001953125,513.0
2026-07-09 11:05:00,4136.7001953125,4140.7998046875,4135.10009765625,4136.60009765625,551.0
2026-07-09 11:10:00,4136.5,4137.2001953125,4134.60009765625,4135.2998046875,361.0
2026-07-09 11:15:00,4135.10009765625,4137.7001953125,4134.7998046875,4137.0,618.0
2026-07-09 11:20:00,4137.0,4140.5,4134.60009765625,4139.7001953125,425.0
2026-07-09 11:25:00,4139.2998046875,4140.60009765625,4136.89990234375,4137.7001953125,618.0
2026-07-09 11:30:00,4137.5,4138.5,4136.10009765625,4137.0,369.0
2026-07-09 11:35:00,4136.89990234375,4140.39990234375,4136.60009765625,4140.39990234375,1106.0
2026-07-09 11:40:00,4140.5,4141.2998046875,4138.39990234375,4139.89990234375,389.0
2026-07-09 11:45:00,4140.2001953125,4143.0,4138.5,4139.2001953125,386.0
2026-07-09 11:50:00,4139.2001953125,4141.5,4136.10009765625,4137.2001953125,656.0
2026-07-09 11:55:00,4137.2998046875,4138.39990234375,4136.2001953125,4136.39990234375,446.0
2026-07-09 12:00:00,4136.7998046875,4139.5,4135.39990234375,4135.7998046875,258.0
2026-07-09 12:05:00,4135.89990234375,4138.89990234375,4135.60009765625,4138.7001953125,196.0
2026-07-09 12:10:00,4138.7998046875,4141.39990234375,4137.60009765625,4140.2001953125,429.0
2026-07-09 12:15:00,4140.10009765625,4143.60009765625,4139.10009765625,4139.60009765625,366.0
2026-07-09 12:20:00,4139.5,4141.5,4138.7998046875,4140.5,325.0
2026-07-09 12:25:00,4140.5,4142.89990234375,4138.7998046875,4142.89990234375,298.0
2026-07-09 12:30:00,4142.2998046875,4148.39990234375,4142.10009765625,4145.0,1005.0
2026-07-09 12:35:00,4144.39990234375,4145.7001953125,4141.2001953125,4142.7001953125,354.0
2026-07-09 12:40:00,4142.5,4144.0,4141.60009765625,4143.7001953125,266.0
2026-07-09 12:45:00,4143.2998046875,4144.2001953125,4140.7001953125,4140.7001953125,281.0
2026-07-09 12:50:00,4141.0,4143.5,4140.60009765625,4143.2001953125,252.0
2026-07-09 12:55:00,4142.89990234375,4142.89990234375,4137.7001953125,4137.7001953125,1686.0
2026-07-09 13:00:00,4137.7998046875,4138.5,4135.60009765625,4138.2001953125,857.0
2026-07-09 13:05:00,4138.0,4138.60009765625,4136.2998046875,4137.39990234375,796.0
2026-07-09 13:10:00,4137.60009765625,4138.0,4135.2998046875,4137.2001953125,394.0
2026-07-09 13:15:00,4136.7998046875,4137.7998046875,4134.5,4136.5,688.0
2026-07-09 13:20:00,4136.2998046875,4138.5,4135.2998046875,4138.0,666.0
2026-07-09 13:25:00,4138.0,4138.89990234375,4135.89990234375,4138.89990234375,468.0
2026-07-09 13:28:03,4137.2998046875,4137.2998046875,4137.2998046875,4137.2998046875,0.0
