timestamp,open,high,low,close,volume
2026-04-28 09:30:00,27161.0,27162.5,27068.25,27139.5,19338.0
2026-04-28 09:35:00,27140.25,27187.25,27136.0,27166.75,11594.0
2026-04-28 09:40:00,27165.75,27240.0,27153.75,27213.0,13167.0
2026-04-28 09:45:00,27214.0,27252.0,27205.0,27227.75,10408.0
2026-04-28 09:50:00,27228.5,27236.75,27179.25,27187.0,8099.0
2026-04-28 09:55:00,27186.5,27214.0,27140.75,27202.5,9396.0
2026-04-28 10:00:00,27201.75,27210.5,27168.5,27185.5,6828.0
2026-04-28 10:05:00,27185.5,27235.0,27184.75,27222.75,6286.0
2026-04-28 10:10:00,27222.5,27223.25,27191.5,27205.0,5431.0
2026-04-28 10:15:00,27205.25,27217.25,27177.0,27184.75,6086.0
2026-04-28 10:20:00,27185.25,27201.5,27158.5,27166.75,5553.0
2026-04-28 10:25:00,27167.0,27188.25,27148.75,27168.5,6663.0
2026-04-28 10:30:00,27169.0,27181.25,27137.25,27144.75,6786.0
2026-04-28 10:35:00,27144.75,27146.25,27042.25,27073.5,13667.0
2026-04-28 10:40:00,27073.5,27104.25,27041.0,27101.75,9660.0
2026-04-28 10:45:00,27102.75,27113.5,27058.75,27061.0,8982.0
2026-04-28 10:50:00,27060.0,27062.0,27012.75,27028.0,11631.0
2026-04-28 10:55:00,27028.0,27093.75,27012.5,27091.75,12336.0
2026-04-28 11:00:00,27091.25,27119.75,27078.25,27084.0,8971.0
2026-04-28 11:05:00,27084.25,27092.0,27031.5,27052.75,7341.0
2026-04-28 11:10:00,27053.0,27099.0,27050.25,27096.0,7159.0
2026-04-28 11:15:00,27095.5,27103.0,27069.25,27095.75,4915.0
2026-04-28 11:20:00,27095.75,27099.75,27049.0,27061.25,5703.0
2026-04-28 11:25:00,27062.25,27063.5,27035.75,27046.5,4360.0
2026-04-28 11:30:00,27046.0,27047.75,27014.25,27022.75,6818.0
2026-04-28 11:35:00,27023.0,27059.0,27012.0,27039.75,6188.0
2026-04-28 11:40:00,27039.5,27054.5,27033.5,27038.0,2999.0
2026-04-28 11:45:00,27037.25,27046.75,27009.5,27024.0,4736.0
2026-04-28 11:50:00,27023.5,27046.0,27019.25,27038.75,3337.0
2026-04-28 11:55:00,27039.0,27055.0,27024.5,27053.5,3487.0
2026-04-28 12:00:00,27053.5,27069.0,27040.0,27062.75,5159.0
2026-04-28 12:05:00,27062.0,27086.75,27059.0,27071.0,4675.0
2026-04-28 12:10:00,27070.0,27078.0,27056.0,27070.5,3291.0
2026-04-28 12:15:00,27070.5,27079.25,27054.25,27077.25,3758.0
2026-04-28 12:20:00,27077.5,27088.5,27072.0,27079.25,3381.0
2026-04-28 12:25:00,27079.25,27084.75,27065.0,27070.5,3671.0
2026-04-28 12:30:00,27070.0,27078.25,27040.25,27040.25,3586.0
2026-04-28 12:35:00,27040.0,27051.0,27029.0,27040.75,3677.0
2026-04-28 12:40:00,27040.25,27050.0,27028.0,27039.75,2946.0
2026-04-28 12:45:00,27039.5,27062.5,27037.0,27059.75,3265.0
2026-04-28 12:50:00,27059.75,27095.0,27039.75,27090.5,5682.0
2026-04-28 12:55:00,27091.0,27095.75,27071.75,27084.25,3407.0
2026-04-28 13:00:00,27084.5,27099.0,27054.75,27059.25,3945.0
2026-04-28 13:05:00,27059.25,27072.0,27047.5,27070.0,2856.0
2026-04-28 13:10:00,27069.25,27077.75,27052.25,27071.0,2849.0
2026-04-28 13:15:00,27071.25,27074.25,27048.0,27055.5,2440.0
2026-04-28 13:20:00,27055.75,27069.5,27051.5,27067.75,2183.0
2026-04-28 13:25:00,27068.25,27092.5,27063.0,27083.25,3472.0
2026-04-28 13:30:00,27083.0,27102.75,27082.25,27102.75,3042.0
2026-04-28 13:35:00,27103.25,27115.0,27103.0,27112.5,3364.0
2026-04-28 13:40:00,27112.5,27131.5,27107.25,27118.75,3575.0
2026-04-28 13:45:00,27118.75,27131.0,27117.25,27120.25,3274.0
2026-04-28 13:50:00,27120.5,27135.25,27113.0,27130.5,2961.0
2026-04-28 13:55:00,27130.25,27144.25,27129.5,27141.5,2362.0
2026-04-28 14:00:00,27141.5,27148.0,27127.0,27129.5,3009.0
2026-04-28 14:05:00,27129.5,27140.75,27120.75,27134.5,2584.0
2026-04-28 14:10:00,27135.0,27142.25,27126.75,27140.5,1836.0
2026-04-28 14:15:00,27140.5,27161.5,27140.25,27160.0,3567.0
2026-04-28 14:20:00,27160.25,27183.0,27155.25,27170.5,7056.0
2026-04-28 14:25:00,27171.25,27179.5,27166.75,27176.0,3578.0
2026-04-28 14:30:00,27175.75,27180.75,27156.0,27157.75,4101.0
2026-04-28 14:35:00,27157.5,27167.5,27150.75,27164.25,2416.0
2026-04-28 14:40:00,27164.25,27179.75,27163.0,27178.5,2705.0
2026-04-28 14:45:00,27178.25,27182.75,27170.0,27180.5,2205.0
2026-04-28 14:50:00,27180.5,27194.0,27175.0,27192.5,2602.0
2026-04-28 14:55:00,27192.5,27194.75,27173.25,27194.25,2919.0
2026-04-28 15:00:00,27194.75,27209.75,27187.5,27204.25,3942.0
2026-04-28 15:05:00,27204.75,27223.0,27204.25,27213.25,3654.0
2026-04-28 15:10:00,27213.0,27224.5,27206.5,27207.25,3650.0
2026-04-28 15:15:00,27207.0,27207.5,27184.75,27184.75,4061.0
2026-04-28 15:20:00,27185.25,27192.0,27173.75,27184.25,3436.0
2026-04-28 15:25:00,27185.0,27190.0,27178.5,27187.0,1955.0
2026-04-28 15:30:00,27186.75,27191.75,27171.0,27173.75,2574.0
2026-04-28 15:35:00,27173.75,27180.5,27164.5,27178.75,3311.0
2026-04-28 15:40:00,27180.25,27191.75,27174.25,27178.75,2433.0
2026-04-28 15:45:00,27179.0,27182.5,27167.75,27177.25,2138.0
2026-04-28 15:50:00,27177.0,27188.5,27154.5,27167.5,6851.0
2026-04-28 15:55:00,27168.0,27183.0,27156.5,27169.25,14158.0
2026-04-28 16:00:00,27169.25,27176.25,27147.25,27156.75,4757.0
2026-04-29 09:30:00,27206.75,27218.0,27132.25,27147.0,14342.0
2026-04-29 09:35:00,27147.25,27188.25,27124.25,27183.5,8813.0
2026-04-29 09:40:00,27183.25,27200.0,27173.0,27180.5,5490.0
2026-04-29 09:45:00,27180.25,27198.5,27155.5,27180.25,6588.0
2026-04-29 09:50:00,27180.75,27228.75,27177.0,27226.25,7368.0
2026-04-29 09:55:00,27226.25,27235.75,27215.5,27220.25,5466.0
2026-04-29 10:00:00,27220.75,27225.25,27185.25,27202.25,5700.0
2026-04-29 10:05:00,27202.25,27216.25,27177.75,27188.25,4639.0
2026-04-29 10:10:00,27187.5,27218.5,27178.75,27215.25,4330.0
2026-04-29 10:15:00,27215.25,27229.25,27203.5,27221.75,3908.0
2026-04-29 10:20:00,27221.75,27245.0,27208.75,27243.75,4474.0
2026-04-29 10:25:00,27243.75,27277.0,27238.5,27269.0,6572.0
2026-04-29 10:30:00,27268.75,27289.25,27248.5,27285.75,6915.0
2026-04-29 10:35:00,27286.25,27315.5,27284.0,27303.5,6732.0
2026-04-29 10:40:00,27303.0,27306.5,27279.25,27305.5,5580.0
2026-04-29 10:45:00,27305.75,27312.0,27282.75,27288.25,4588.0
2026-04-29 10:50:00,27288.0,27307.25,27282.0,27302.0,3242.0
2026-04-29 10:55:00,27302.5,27309.75,27292.75,27302.25,2840.0
2026-04-29 11:00:00,27303.0,27309.5,27280.0,27284.25,4677.0
2026-04-29 11:05:00,27283.5,27290.25,27249.5,27249.75,4413.0
2026-04-29 11:10:00,27250.25,27254.25,27221.75,27230.5,6504.0
2026-04-29 11:15:00,27230.5,27262.0,27219.75,27258.5,5674.0
2026-04-29 11:20:00,27258.75,27275.75,27256.25,27266.25,3501.0
2026-04-29 11:25:00,27266.5,27287.0,27258.75,27275.75,4106.0
2026-04-29 11:30:00,27275.25,27291.5,27264.25,27286.75,4783.0
2026-04-29 11:35:00,27287.0,27293.25,27270.75,27282.5,3873.0
2026-04-29 11:40:00,27282.25,27288.25,27268.75,27278.0,2714.0
2026-04-29 11:45:00,27277.5,27298.0,27275.25,27284.25,2679.0
2026-04-29 11:50:00,27286.5,27291.0,27199.25,27219.0,11938.0
2026-04-29 11:55:00,27219.5,27245.5,27204.25,27240.25,8103.0
2026-04-29 12:00:00,27239.75,27257.0,27231.25,27251.75,3590.0
2026-04-29 12:05:00,27252.25,27270.25,27247.25,27256.75,3484.0
2026-04-29 12:10:00,27257.25,27273.5,27246.75,27247.0,3345.0
2026-04-29 12:15:00,27247.25,27257.25,27207.25,27210.25,3756.0
2026-04-29 12:20:00,27210.0,27229.5,27205.25,27222.0,3421.0
2026-04-29 12:25:00,27222.25,27227.5,27200.0,27202.25,3189.0
2026-04-29 12:30:00,27202.0,27202.0,27153.5,27164.75,8440.0
2026-04-29 12:35:00,27165.25,27188.5,27155.25,27188.0,5214.0
2026-04-29 12:40:00,27189.0,27210.0,27187.75,27205.5,3497.0
2026-04-29 12:45:00,27205.0,27210.0,27193.75,27204.75,2844.0
2026-04-29 12:50:00,27203.75,27222.0,27197.5,27204.5,2874.0
2026-04-29 12:55:00,27204.25,27213.5,27184.0,27199.25,3014.0
2026-04-29 13:00:00,27199.0,27204.5,27170.0,27187.25,3876.0
2026-04-29 13:05:00,27187.75,27206.5,27183.5,27206.25,2398.0
2026-04-29 13:10:00,27206.0,27218.0,27197.0,27205.25,2530.0
2026-04-29 13:15:00,27204.75,27215.75,27191.25,27205.5,2238.0
2026-04-29 13:20:00,27203.75,27229.25,27202.5,27208.5,4458.0
2026-04-29 13:25:00,27209.0,27214.25,27194.25,27213.75,2180.0
2026-04-29 13:30:00,27214.0,27231.0,27211.0,27216.25,3568.0
2026-04-29 13:35:00,27216.25,27225.5,27212.75,27221.25,1471.0
2026-04-29 13:40:00,27221.0,27223.5,27205.75,27220.0,1484.0
2026-04-29 13:45:00,27220.25,27247.5,27216.5,27236.75,4183.0
2026-04-29 13:50:00,27237.0,27254.0,27229.75,27233.75,2403.0
2026-04-29 13:55:00,27234.75,27250.0,27230.75,27249.5,1318.0
2026-04-29 14:00:00,27249.5,27256.75,27196.75,27202.75,4430.0
2026-04-29 14:05:00,27202.25,27226.75,27172.75,27177.75,4665.0
2026-04-29 14:10:00,27177.75,27200.5,27158.0,27191.5,4288.0
2026-04-29 14:15:00,27191.75,27238.75,27188.5,27220.25,4369.0
2026-04-29 14:20:00,27219.0,27235.5,27215.0,27225.0,2416.0
2026-04-29 14:25:00,27224.75,27224.75,27204.5,27208.5,2297.0
2026-04-29 14:30:00,27209.25,27212.0,27180.0,27205.5,3611.0
2026-04-29 14:35:00,27205.25,27267.0,27203.25,27220.75,7537.0
2026-04-29 14:40:00,27219.75,27223.5,27185.25,27190.75,3767.0
2026-04-29 14:45:00,27191.0,27243.25,27170.5,27238.75,4347.0
2026-04-29 14:50:00,27239.75,27267.75,27239.75,27254.75,3244.0
2026-04-29 14:55:00,27254.0,27301.0,27252.25,27295.25,4680.0
2026-04-29 15:00:00,27295.5,27307.25,27277.0,27284.75,4578.0
2026-04-29 15:05:00,27284.25,27297.5,27263.5,27282.0,5186.0
2026-04-29 15:10:00,27282.25,27321.25,27277.25,27318.75,4333.0
2026-04-29 15:15:00,27319.5,27340.25,27317.5,27320.25,4388.0
2026-04-29 15:20:00,27320.5,27324.0,27297.75,27319.0,3371.0
2026-04-29 15:25:00,27318.75,27329.75,27310.0,27310.75,2838.0
2026-04-29 15:30:00,27311.0,27313.5,27267.5,27279.0,5272.0
2026-04-29 15:35:00,27278.5,27298.75,27268.25,27292.25,3387.0
2026-04-29 15:40:00,27292.5,27296.75,27272.0,27277.5,2897.0
2026-04-29 15:45:00,27277.5,27287.75,27276.0,27281.5,2415.0
2026-04-29 15:50:00,27281.75,27300.5,27262.25,27295.25,7050.0
2026-04-29 15:55:00,27296.0,27338.75,27287.5,27337.0,11558.0
2026-04-29 16:00:00,27337.0,27414.0,27234.0,27352.0,13363.0
2026-04-30 09:30:00,27491.25,27491.5,27341.25,27345.25,19567.0
2026-04-30 09:35:00,27345.0,27373.0,27294.0,27295.5,15811.0
2026-04-30 09:40:00,27296.25,27351.25,27271.0,27345.25,12073.0
2026-04-30 09:45:00,27345.75,27365.25,27286.25,27324.25,12065.0
2026-04-30 09:50:00,27325.0,27342.75,27241.75,27243.5,12741.0
2026-04-30 09:55:00,27243.75,27265.25,27203.0,27245.75,11167.0
2026-04-30 10:00:00,27247.25,27303.0,27236.25,27288.25,10195.0
2026-04-30 10:05:00,27288.5,27301.0,27200.75,27227.5,11392.0
2026-04-30 10:10:00,27227.0,27274.25,27202.25,27252.75,8887.0
2026-04-30 10:15:00,27253.0,27253.0,27163.25,27214.5,10650.0
2026-04-30 10:20:00,27214.25,27258.25,27205.0,27241.25,8308.0
2026-04-30 10:25:00,27241.0,27243.5,27187.0,27228.25,8060.0
2026-04-30 10:30:00,27228.5,27275.75,27201.5,27220.0,10053.0
2026-04-30 10:35:00,27220.75,27230.75,27171.25,27175.75,8514.0
2026-04-30 10:40:00,27176.25,27257.0,27175.0,27245.5,8001.0
2026-04-30 10:45:00,27245.25,27300.0,27243.25,27284.0,7514.0
2026-04-30 10:50:00,27283.0,27348.5,27273.0,27339.25,8770.0
2026-04-30 10:55:00,27338.75,27376.0,27337.0,27359.5,6917.0
2026-04-30 11:00:00,27359.25,27403.5,27359.25,27379.25,8921.0
2026-04-30 11:05:00,27378.0,27404.25,27356.5,27403.75,8612.0
2026-04-30 11:10:00,27403.5,27415.25,27372.75,27401.75,7043.0
2026-04-30 11:15:00,27401.5,27410.0,27384.0,27397.75,4645.0
2026-04-30 11:20:00,27398.0,27402.0,27377.0,27397.0,4344.0
2026-04-30 11:25:00,27398.5,27417.0,27389.5,27404.75,5111.0
2026-04-30 11:30:00,27404.25,27435.75,27404.0,27404.75,6873.0
2026-04-30 11:35:00,27404.5,27404.75,27363.75,27369.0,6389.0
2026-04-30 11:40:00,27368.5,27377.25,27350.5,27361.25,4855.0
2026-04-30 11:45:00,27362.25,27373.25,27331.25,27373.0,6184.0
2026-04-30 11:50:00,27373.0,27411.5,27369.5,27408.0,5467.0
2026-04-30 11:55:00,27408.75,27422.0,27387.0,27388.5,4781.0
2026-04-30 12:00:00,27388.25,27394.0,27356.25,27384.5,5726.0
2026-04-30 12:05:00,27385.25,27410.25,27383.75,27392.25,3784.0
2026-04-30 12:10:00,27391.75,27433.25,27387.25,27430.75,4027.0
2026-04-30 12:15:00,27430.5,27435.0,27409.5,27424.75,3935.0
2026-04-30 12:20:00,27424.75,27431.75,27406.25,27406.5,2738.0
2026-04-30 12:25:00,27406.5,27417.75,27395.25,27415.0,2887.0
2026-04-30 12:30:00,27415.5,27424.25,27409.5,27414.75,2445.0
2026-04-30 12:35:00,27415.0,27423.0,27405.25,27422.25,2359.0
2026-04-30 12:40:00,27421.75,27423.25,27392.0,27394.75,2573.0
2026-04-30 12:45:00,27394.75,27402.0,27380.0,27397.25,4169.0
2026-04-30 12:50:00,27396.75,27400.0,27359.5,27372.0,3607.0
2026-04-30 12:55:00,27372.5,27375.25,27347.75,27371.25,4800.0
2026-04-30 13:00:00,27370.75,27423.25,27369.5,27413.5,6507.0
2026-04-30 13:05:00,27414.0,27431.5,27404.25,27430.0,3217.0
2026-04-30 13:10:00,27430.5,27455.0,27425.0,27448.75,4508.0
2026-04-30 13:15:00,27448.0,27449.0,27426.0,27440.0,3536.0
2026-04-30 13:20:00,27440.75,27452.75,27428.25,27450.25,3222.0
2026-04-30 13:25:00,27449.75,27463.5,27441.5,27462.25,3133.0
2026-04-30 13:30:00,27461.75,27502.75,27461.5,27483.5,8163.0
2026-04-30 13:35:00,27483.25,27499.0,27480.0,27498.0,3322.0
2026-04-30 13:40:00,27498.25,27504.25,27490.0,27498.0,3204.0
2026-04-30 13:45:00,27498.5,27522.25,27497.5,27511.75,4423.0
2026-04-30 13:50:00,27511.75,27524.0,27507.5,27518.0,3297.0
2026-04-30 13:55:00,27518.75,27548.0,27516.75,27543.25,4024.0
2026-04-30 14:00:00,27543.5,27586.75,27542.0,27579.25,7892.0
2026-04-30 14:05:00,27579.25,27580.25,27560.0,27563.0,4523.0
2026-04-30 14:10:00,27563.0,27573.0,27555.75,27570.25,3812.0
2026-04-30 14:15:00,27570.75,27585.5,27567.0,27568.5,3334.0
2026-04-30 14:20:00,27567.75,27572.5,27557.0,27558.75,3190.0
2026-04-30 14:25:00,27558.75,27564.0,27552.5,27562.5,2847.0
2026-04-30 14:30:00,27563.0,27583.5,27561.0,27573.0,3234.0
2026-04-30 14:35:00,27571.75,27591.75,27571.75,27581.0,3391.0
2026-04-30 14:40:00,27581.5,27588.0,27574.0,27575.5,2109.0
2026-04-30 14:45:00,27575.5,27581.75,27570.0,27573.0,1774.0
2026-04-30 14:50:00,27573.25,27579.25,27565.0,27569.75,2719.0
2026-04-30 14:55:00,27570.0,27573.5,27548.75,27551.25,3173.0
2026-04-30 15:00:00,27551.25,27569.25,27542.0,27565.5,4089.0
2026-04-30 15:05:00,27565.75,27589.25,27560.75,27579.75,4026.0
2026-04-30 15:10:00,27579.75,27598.25,27579.5,27597.5,3946.0
2026-04-30 15:15:00,27597.0,27604.5,27590.0,27594.25,3424.0
2026-04-30 15:20:00,27594.75,27602.25,27587.0,27601.25,2240.0
2026-04-30 15:25:00,27600.75,27608.5,27591.25,27592.0,2715.0
2026-04-30 15:30:00,27592.25,27598.0,27582.0,27596.0,3352.0
2026-04-30 15:35:00,27596.25,27605.0,27587.25,27603.0,2450.0
2026-04-30 15:40:00,27602.75,27619.5,27589.75,27618.0,3754.0
2026-04-30 15:45:00,27618.25,27619.75,27604.75,27615.5,3289.0
2026-04-30 15:50:00,27614.75,27622.0,27572.25,27600.0,9564.0
2026-04-30 15:55:00,27599.75,27620.25,27575.25,27577.5,18996.0
2026-04-30 16:00:00,27578.5,27602.0,27557.0,27580.0,10831.0
2026-05-01 09:30:00,27632.5,27748.25,27617.75,27736.25,19407.0
2026-05-01 09:35:00,27736.5,27772.5,27723.75,27770.0,10616.0
2026-05-01 09:40:00,27769.5,27795.0,27760.25,27788.25,10456.0
2026-05-01 09:45:00,27787.75,27790.75,27752.5,27782.75,8722.0
2026-05-01 09:50:00,27782.0,27812.75,27760.0,27790.25,12491.0
2026-05-01 09:55:00,27790.25,27875.75,27789.5,27873.5,11310.0
2026-05-01 10:00:00,27873.5,27900.0,27852.0,27887.75,9819.0
2026-05-01 10:05:00,27887.75,27889.75,27856.25,27879.0,6597.0
2026-05-01 10:10:00,27879.0,27909.25,27867.5,27889.5,6962.0
2026-05-01 10:15:00,27890.0,27894.0,27859.5,27878.0,5772.0
2026-05-01 10:20:00,27878.25,27905.5,27875.5,27883.0,6027.0
2026-05-01 10:25:00,27882.5,27888.5,27868.0,27871.5,5906.0
2026-05-01 10:30:00,27871.5,27873.25,27802.75,27813.0,10998.0
2026-05-01 10:35:00,27813.0,27818.5,27751.0,27795.5,12873.0
2026-05-01 10:40:00,27795.5,27835.5,27779.75,27816.75,8845.0
2026-05-01 10:45:00,27816.75,27836.75,27809.5,27826.5,5644.0
2026-05-01 10:50:00,27826.25,27835.5,27793.5,27818.25,7212.0
2026-05-01 10:55:00,27818.25,27844.75,27812.5,27814.75,5351.0
2026-05-01 11:00:00,27815.25,27819.0,27769.0,27795.25,8301.0
2026-05-01 11:05:00,27795.75,27807.5,27781.0,27801.25,4379.0
2026-05-01 11:10:00,27801.0,27838.0,27788.75,27837.0,4661.0
2026-05-01 11:15:00,27836.75,27852.5,27828.25,27851.5,5114.0
2026-05-01 11:20:00,27852.0,27870.25,27851.0,27862.0,4081.0
2026-05-01 11:25:00,27862.25,27868.5,27850.0,27863.0,3216.0
2026-05-01 11:30:00,27863.5,27876.75,27856.0,27864.25,3743.0
2026-05-01 11:35:00,27865.0,27903.0,27861.0,27889.25,5002.0
2026-05-01 11:40:00,27889.25,27902.25,27888.25,27895.0,3504.0
2026-05-01 11:45:00,27894.75,27914.75,27890.75,27910.25,4028.0
2026-05-01 11:50:00,27910.5,27917.0,27837.75,27884.5,9950.0
2026-05-01 11:55:00,27885.0,27903.75,27880.5,27890.75,3857.0
2026-05-01 12:00:00,27890.75,27901.5,27880.5,27885.25,2345.0
2026-05-01 12:05:00,27886.5,27891.25,27843.0,27849.0,3745.0
2026-05-01 12:10:00,27847.75,27863.5,27841.0,27844.0,4436.0
2026-05-01 12:15:00,27843.25,27869.25,27840.25,27867.25,3160.0
2026-05-01 12:20:00,27867.25,27877.25,27823.75,27851.5,6352.0
2026-05-01 12:25:00,27851.5,27854.75,27818.0,27832.75,5140.0
2026-05-01 12:30:00,27832.5,27843.75,27808.75,27827.5,4799.0
2026-05-01 12:35:00,27827.5,27848.25,27821.5,27844.5,3624.0
2026-05-01 12:40:00,27843.75,27848.5,27818.75,27819.5,3089.0
2026-05-01 12:45:00,27819.0,27832.25,27805.5,27819.75,3678.0
2026-05-01 12:50:00,27819.5,27843.5,27811.0,27841.25,3407.0
2026-05-01 12:55:00,27841.0,27856.25,27830.25,27831.5,3739.0
2026-05-01 13:00:00,27831.0,27851.0,27828.5,27842.0,3234.0
2026-05-01 13:05:00,27841.5,27852.0,27838.75,27845.25,1848.0
2026-05-01 13:10:00,27844.75,27858.25,27843.25,27856.75,1968.0
2026-05-01 13:15:00,27856.25,27876.75,27855.75,27875.25,3588.0
2026-05-01 13:20:00,27875.25,27887.75,27869.0,27878.0,3041.0
2026-05-01 13:25:00,27878.75,27886.0,27871.5,27885.5,1718.0
2026-05-01 13:30:00,27885.5,27890.5,27874.75,27876.75,1793.0
2026-05-01 13:35:00,27876.25,27878.5,27864.0,27874.0,2926.0
2026-05-01 13:40:00,27874.5,27888.0,27874.5,27885.25,2312.0
2026-05-01 13:45:00,27885.25,27889.5,27879.25,27885.0,1725.0
2026-05-01 13:50:00,27886.0,27897.0,27876.5,27884.0,3938.0
2026-05-01 13:55:00,27884.25,27894.25,27882.25,27883.75,1966.0
2026-05-01 14:00:00,27883.25,27890.25,27867.5,27870.0,2765.0
2026-05-01 14:05:00,27870.0,27882.25,27856.5,27879.25,3273.0
2026-05-01 14:10:00,27878.75,27880.5,27844.0,27846.75,3059.0
2026-05-01 14:15:00,27846.5,27859.5,27835.75,27853.0,3328.0
2026-05-01 14:20:00,27852.25,27868.25,27847.0,27868.0,2632.0
2026-05-01 14:25:00,27867.75,27872.0,27855.25,27867.5,3009.0
2026-05-01 14:30:00,27868.25,27869.25,27843.0,27844.5,4511.0
2026-05-01 14:35:00,27844.75,27846.0,27829.75,27832.5,3512.0
2026-05-01 14:40:00,27832.25,27836.0,27812.75,27822.5,3063.0
2026-05-01 14:45:00,27822.0,27825.0,27794.75,27810.5,3865.0
2026-05-01 14:50:00,27811.0,27820.25,27798.25,27811.75,2837.0
2026-05-01 14:55:00,27812.5,27826.0,27808.5,27821.75,2934.0
2026-05-01 15:00:00,27822.25,27841.75,27818.0,27836.75,3619.0
2026-05-01 15:05:00,27837.0,27854.75,27836.25,27853.5,2615.0
2026-05-01 15:10:00,27853.0,27873.0,27847.25,27868.25,2939.0
2026-05-01 15:15:00,27869.0,27879.5,27861.75,27870.0,3304.0
2026-05-01 15:20:00,27870.0,27878.75,27865.5,27878.0,2600.0
2026-05-01 15:25:00,27877.75,27900.0,27877.25,27896.25,4341.0
2026-05-01 15:30:00,27896.25,27900.75,27875.5,27884.0,4252.0
2026-05-01 15:35:00,27883.75,27886.25,27866.25,27877.75,3010.0
2026-05-01 15:40:00,27877.5,27883.75,27863.5,27874.25,2576.0
2026-05-01 15:45:00,27873.75,27875.5,27859.5,27870.5,2963.0
2026-05-01 15:50:00,27869.75,27881.0,27837.5,27846.25,7627.0
2026-05-01 15:55:00,27846.0,27846.5,27822.75,27837.0,14242.0
2026-05-01 16:00:00,27837.25,27837.5,27824.5,27826.5,4905.0
2026-05-04 09:30:00,27854.75,27874.5,27810.0,27827.25,14852.0
2026-05-04 09:35:00,27827.75,27854.75,27808.25,27836.5,7671.0
2026-05-04 09:40:00,27836.5,27888.0,27824.5,27855.5,6629.0
2026-05-04 09:45:00,27855.25,27895.75,27846.25,27868.5,7441.0
2026-05-04 09:50:00,27868.0,27889.0,27849.0,27870.5,6066.0
2026-05-04 09:55:00,27870.0,27898.75,27840.5,27895.5,5639.0
2026-05-04 10:00:00,27896.0,27900.0,27867.25,27871.0,6167.0
2026-05-04 10:05:00,27869.75,27891.5,27844.0,27855.5,7052.0
2026-05-04 10:10:00,27856.5,27913.25,27851.0,27892.75,7031.0
2026-05-04 10:15:00,27892.75,27907.5,27879.25,27906.5,4920.0
2026-05-04 10:20:00,27905.75,27912.25,27887.5,27895.0,3889.0
2026-05-04 10:25:00,27894.75,27908.0,27867.25,27871.25,3857.0
2026-05-04 10:30:00,27870.75,27904.25,27864.0,27890.75,4821.0
2026-05-04 10:35:00,27891.0,27914.25,27881.5,27903.25,4034.0
2026-05-04 10:40:00,27903.5,27930.0,27903.5,27926.5,4584.0
2026-05-04 10:45:00,27926.75,27941.0,27924.0,27930.25,4575.0
2026-05-04 10:50:00,27930.75,27940.75,27918.0,27928.5,3514.0
2026-05-04 10:55:00,27928.75,27935.75,27874.0,27882.0,8889.0
2026-05-04 11:00:00,27882.0,27914.25,27847.5,27890.75,8282.0
2026-05-04 11:05:00,27890.5,27901.75,27865.75,27882.5,4931.0
2026-05-04 11:10:00,27882.5,27890.5,27837.75,27854.75,5388.0
2026-05-04 11:15:00,27854.5,27867.75,27769.5,27782.75,9779.0
2026-05-04 11:20:00,27782.25,27789.25,27711.5,27726.0,15204.0
2026-05-04 11:25:00,27727.0,27793.25,27722.25,27776.25,9110.0
2026-05-04 11:30:00,27776.25,27783.75,27722.75,27755.75,7674.0
2026-05-04 11:35:00,27755.5,27774.5,27716.5,27736.0,7821.0
2026-05-04 11:40:00,27735.0,27770.0,27697.25,27762.75,7687.0
2026-05-04 11:45:00,27762.25,27764.25,27722.75,27729.25,5637.0
2026-05-04 11:50:00,27729.0,27763.0,27700.75,27756.75,7379.0
2026-05-04 11:55:00,27756.5,27771.5,27725.0,27734.75,4956.0
2026-05-04 12:00:00,27734.25,27746.5,27704.5,27719.25,4783.0
2026-05-04 12:05:00,27718.25,27725.0,27613.0,27666.0,13280.0
2026-05-04 12:10:00,27664.75,27688.0,27636.25,27656.5,5869.0
2026-05-04 12:15:00,27656.75,27733.75,27629.5,27711.5,10396.0
2026-05-04 12:20:00,27712.75,27737.75,27702.75,27725.5,6473.0
2026-05-04 12:25:00,27725.0,27747.75,27705.0,27713.25,4478.0
2026-05-04 12:30:00,27714.5,27744.25,27705.0,27739.25,4110.0
2026-05-04 12:35:00,27737.5,27742.25,27691.0,27700.75,5364.0
2026-05-04 12:40:00,27700.75,27732.25,27698.5,27711.75,3628.0
2026-05-04 12:45:00,27712.0,27723.0,27701.5,27719.75,2502.0
2026-05-04 12:50:00,27719.0,27722.25,27688.75,27706.5,4476.0
2026-05-04 12:55:00,27705.5,27719.75,27699.0,27706.25,2626.0
2026-05-04 13:00:00,27705.25,27743.0,27704.0,27735.75,5347.0
2026-05-04 13:05:00,27736.0,27755.5,27733.75,27747.5,3654.0
2026-05-04 13:10:00,27747.5,27758.5,27728.5,27743.25,3453.0
2026-05-04 13:15:00,27743.75,27793.5,27740.0,27788.0,7794.0
2026-05-04 13:20:00,27788.25,27803.75,27782.0,27795.5,3681.0
2026-05-04 13:25:00,27796.25,27800.0,27780.5,27794.0,2558.0
2026-05-04 13:30:00,27793.25,27798.25,27773.25,27774.75,2727.0
2026-05-04 13:35:00,27774.5,27777.0,27753.5,27775.5,3938.0
2026-05-04 13:40:00,27775.5,27781.5,27762.75,27776.25,1993.0
2026-05-04 13:45:00,27776.5,27779.0,27767.25,27775.75,1482.0
2026-05-04 13:50:00,27775.5,27792.75,27773.0,27786.75,2852.0
2026-05-04 13:55:00,27786.75,27802.5,27786.75,27792.25,2215.0
2026-05-04 14:00:00,27792.25,27816.5,27791.75,27811.0,3057.0
2026-05-04 14:05:00,27811.25,27818.75,27792.25,27797.0,2772.0
2026-05-04 14:10:00,27797.25,27803.75,27786.25,27787.5,2367.0
2026-05-04 14:15:00,27787.0,27789.5,27771.0,27775.0,2840.0
2026-05-04 14:20:00,27774.25,27778.75,27751.0,27763.5,3235.0
2026-05-04 14:25:00,27763.5,27774.75,27732.25,27770.75,4453.0
2026-05-04 14:30:00,27771.5,27777.0,27752.5,27760.25,2995.0
2026-05-04 14:35:00,27761.25,27761.75,27744.75,27755.25,2264.0
2026-05-04 14:40:00,27755.5,27761.5,27726.5,27727.75,2311.0
2026-05-04 14:45:00,27728.25,27747.75,27718.0,27746.0,3605.0
2026-05-04 14:50:00,27745.75,27754.75,27726.25,27736.5,3602.0
2026-05-04 14:55:00,27735.25,27765.0,27733.25,27759.75,2346.0
2026-05-04 15:00:00,27759.0,27764.25,27739.75,27752.0,2400.0
2026-05-04 15:05:00,27751.5,27789.25,27744.0,27771.25,7501.0
2026-05-04 15:10:00,27770.75,27776.75,27764.0,27774.5,1909.0
2026-05-04 15:15:00,27774.75,27784.25,27769.5,27770.0,1924.0
2026-05-04 15:20:00,27770.25,27773.25,27757.0,27769.25,1980.0
2026-05-04 15:25:00,27769.5,27788.5,27749.0,27778.5,3829.0
2026-05-04 15:30:00,27778.5,27792.5,27777.0,27787.5,2040.0
2026-05-04 15:35:00,27786.75,27789.5,27773.25,27775.5,1746.0
2026-05-04 15:40:00,27775.5,27778.5,27762.0,27768.25,2437.0
2026-05-04 15:45:00,27768.25,27789.0,27759.5,27788.5,2976.0
2026-05-04 15:50:00,27789.0,27794.0,27750.0,27757.5,5914.0
2026-05-04 15:55:00,27758.0,27780.75,27747.0,27780.25,8654.0
2026-05-04 16:00:00,27779.75,27781.0,27754.0,27759.5,3034.0
2026-05-05 09:30:00,27988.5,28031.25,27971.0,28025.25,15139.0
2026-05-05 09:35:00,28025.5,28060.75,28019.5,28046.75,10896.0
2026-05-05 09:40:00,28046.25,28084.0,28042.5,28082.75,8962.0
2026-05-05 09:45:00,28082.75,28102.75,28070.0,28074.5,11366.0
2026-05-05 09:50:00,28075.0,28112.0,28069.0,28070.25,9507.0
2026-05-05 09:55:00,28069.75,28096.75,28064.75,28085.25,6022.0
2026-05-05 10:00:00,28085.0,28102.0,28058.75,28099.5,7931.0
2026-05-05 10:05:00,28099.0,28103.5,28089.0,28101.0,5393.0
2026-05-05 10:10:00,28100.5,28109.25,28045.0,28054.75,11604.0
2026-05-05 10:15:00,28055.0,28087.0,28031.75,28053.5,13553.0
2026-05-05 10:20:00,28054.0,28114.25,28046.5,28108.75,7724.0
2026-05-05 10:25:00,28108.0,28134.0,28106.75,28119.5,6695.0
2026-05-05 10:30:00,28119.5,28132.75,28112.0,28126.25,4882.0
2026-05-05 10:35:00,28126.25,28139.25,28092.5,28095.75,6300.0
2026-05-05 10:40:00,28095.5,28114.5,28083.0,28087.5,5086.0
2026-05-05 10:45:00,28087.75,28106.0,28077.5,28100.5,4458.0
2026-05-05 10:50:00,28100.5,28107.75,28079.5,28107.25,3469.0
2026-05-05 10:55:00,28107.5,28113.75,28092.75,28096.0,3728.0
2026-05-05 11:00:00,28095.75,28121.5,28087.75,28121.5,4422.0
2026-05-05 11:05:00,28121.75,28132.0,28109.0,28114.0,3845.0
2026-05-05 11:10:00,28114.25,28134.0,28114.0,28132.0,3061.0
2026-05-05 11:15:00,28132.0,28139.25,28120.25,28125.5,3366.0
2026-05-05 11:20:00,28126.0,28135.0,28119.5,28123.0,3163.0
2026-05-05 11:25:00,28122.75,28138.0,28115.25,28129.5,3224.0
2026-05-05 11:30:00,28129.5,28134.0,28110.5,28119.25,4180.0
2026-05-05 11:35:00,28119.5,28142.0,28119.0,28136.5,4944.0
2026-05-05 11:40:00,28137.25,28138.75,28129.0,28134.75,2371.0
2026-05-05 11:45:00,28134.75,28149.75,28133.25,28140.75,3506.0
2026-05-05 11:50:00,28141.5,28147.0,28132.5,28137.25,2378.0
2026-05-05 11:55:00,28136.5,28139.5,28120.0,28127.0,3218.0
2026-05-05 12:00:00,28126.75,28138.5,28120.5,28133.5,2547.0
2026-05-05 12:05:00,28133.25,28145.0,28133.25,28141.5,2807.0
2026-05-05 12:10:00,28141.75,28152.5,28141.5,28148.25,3028.0
2026-05-05 12:15:00,28147.5,28149.75,28131.0,28139.25,2324.0
2026-05-05 12:20:00,28139.5,28149.75,28136.5,28137.25,2229.0
2026-05-05 12:25:00,28137.5,28138.5,28090.25,28115.75,6035.0
2026-05-05 12:30:00,28115.75,28120.0,28100.0,28112.0,3449.0
2026-05-05 12:35:00,28112.0,28129.0,28098.0,28098.75,3240.0
2026-05-05 12:40:00,28098.5,28109.75,28092.75,28107.5,3522.0
2026-05-05 12:45:00,28107.5,28129.0,28102.5,28122.25,2989.0
2026-05-05 12:50:00,28122.5,28125.75,28114.0,28124.0,1675.0
2026-05-05 12:55:00,28123.5,28135.75,28122.75,28125.5,2773.0
2026-05-05 13:00:00,28125.5,28135.5,28117.75,28129.0,2614.0
2026-05-05 13:05:00,28128.5,28132.0,28111.5,28116.0,1883.0
2026-05-05 13:10:00,28116.0,28123.25,28107.75,28122.0,1687.0
2026-05-05 13:15:00,28122.5,28140.0,28122.5,28137.25,2662.0
2026-05-05 13:20:00,28137.5,28142.0,28125.25,28131.5,2238.0
2026-05-05 13:25:00,28131.75,28145.25,28130.75,28144.5,1849.0
2026-05-05 13:30:00,28144.75,28150.0,28135.75,28137.0,3056.0
2026-05-05 13:35:00,28136.5,28151.75,28135.0,28140.25,2295.0
2026-05-05 13:40:00,28140.25,28152.25,28137.5,28147.75,1843.0
2026-05-05 13:45:00,28148.25,28154.5,28145.5,28152.25,1874.0
2026-05-05 13:50:00,28152.25,28167.75,28150.0,28161.75,3953.0
2026-05-05 13:55:00,28161.75,28167.0,28157.75,28159.0,1738.0
2026-05-05 14:00:00,28159.5,28172.5,28156.75,28170.75,2280.0
2026-05-05 14:05:00,28170.75,28179.25,28169.0,28171.25,2820.0
2026-05-05 14:10:00,28171.5,28186.25,28168.5,28180.5,2699.0
2026-05-05 14:15:00,28181.0,28184.0,28173.75,28179.25,1935.0
2026-05-05 14:20:00,28179.5,28185.5,28170.5,28171.25,2154.0
2026-05-05 14:25:00,28171.75,28183.0,28169.25,28177.25,1843.0
2026-05-05 14:30:00,28177.0,28181.75,28171.5,28172.25,1546.0
2026-05-05 14:35:00,28172.75,28180.25,28170.25,28172.5,1230.0
2026-05-05 14:40:00,28172.75,28178.75,28170.75,28175.25,1151.0
2026-05-05 14:45:00,28175.75,28182.5,28172.75,28174.0,1477.0
2026-05-05 14:50:00,28174.0,28178.0,28154.25,28160.5,3220.0
2026-05-05 14:55:00,28161.0,28172.5,28160.25,28169.25,1958.0
2026-05-05 15:00:00,28168.75,28174.75,28162.25,28164.0,2158.0
2026-05-05 15:05:00,28164.25,28176.75,28163.5,28176.5,2000.0
2026-05-05 15:10:00,28176.25,28188.25,28171.5,28172.75,3109.0
2026-05-05 15:15:00,28172.5,28179.0,28164.0,28176.0,2304.0
2026-05-05 15:20:00,28176.75,28178.25,28161.0,28173.5,2075.0
2026-05-05 15:25:00,28173.5,28176.25,28163.75,28166.25,1990.0
2026-05-05 15:30:00,28166.0,28170.0,28158.5,28161.5,2612.0
2026-05-05 15:35:00,28161.5,28167.25,28152.75,28162.75,2693.0
2026-05-05 15:40:00,28163.0,28168.5,28150.75,28158.75,2293.0
2026-05-05 15:45:00,28158.5,28160.5,28145.75,28148.75,2804.0
2026-05-05 15:50:00,28148.75,28149.0,28112.5,28119.0,10118.0
2026-05-05 15:55:00,28120.0,28139.75,28108.75,28135.5,14638.0
2026-05-05 16:00:00,28135.25,28147.75,28129.0,28145.25,5376.0
2026-05-06 09:30:00,28389.5,28447.0,28336.0,28443.5,19098.0
2026-05-06 09:35:00,28444.5,28457.75,28395.5,28430.5,12257.0
2026-05-06 09:40:00,28429.5,28482.25,28423.0,28481.75,11082.0
2026-05-06 09:45:00,28481.25,28501.0,28455.25,28468.5,12012.0
2026-05-06 09:50:00,28468.75,28505.0,28419.5,28495.0,11632.0
2026-05-06 09:55:00,28495.25,28506.0,28463.5,28469.0,7572.0
2026-05-06 10:00:00,28468.25,28482.5,28412.75,28418.25,9797.0
2026-05-06 10:05:00,28418.25,28481.25,28385.0,28476.75,12230.0
2026-05-06 10:10:00,28477.0,28499.5,28463.5,28474.0,8891.0
2026-05-06 10:15:00,28475.0,28488.0,28404.5,28412.75,10095.0
2026-05-06 10:20:00,28414.25,28444.25,28405.75,28437.0,8028.0
2026-05-06 10:25:00,28436.75,28469.25,28414.0,28419.5,7889.0
2026-05-06 10:30:00,28418.25,28488.0,28418.25,28485.5,7236.0
2026-05-06 10:35:00,28485.5,28503.5,28475.25,28500.5,6235.0
2026-05-06 10:40:00,28500.75,28526.5,28499.25,28521.25,8914.0
2026-05-06 10:45:00,28521.0,28540.25,28518.5,28536.25,6825.0
2026-05-06 10:50:00,28536.5,28546.5,28525.25,28539.5,5126.0
2026-05-06 10:55:00,28539.75,28550.75,28524.25,28537.25,4780.0
2026-05-06 11:00:00,28537.5,28552.0,28531.0,28550.0,5109.0
2026-05-06 11:05:00,28550.25,28558.25,28537.5,28539.0,4084.0
2026-05-06 11:10:00,28539.25,28553.0,28518.0,28535.75,4996.0
2026-05-06 11:15:00,28536.5,28576.5,28532.25,28573.75,5093.0
2026-05-06 11:20:00,28573.75,28580.75,28565.25,28574.0,3874.0
2026-05-06 11:25:00,28574.0,28582.5,28572.25,28578.25,3397.0
2026-05-06 11:30:00,28577.5,28586.75,28571.25,28576.75,4617.0
2026-05-06 11:35:00,28576.25,28580.5,28548.25,28554.75,4201.0
2026-05-06 11:40:00,28554.5,28574.75,28530.25,28557.0,7013.0
2026-05-06 11:45:00,28557.0,28576.0,28547.5,28559.0,4524.0
2026-05-06 11:50:00,28559.0,28572.75,28548.5,28569.0,2523.0
2026-05-06 11:55:00,28569.25,28574.75,28552.5,28560.25,2186.0
2026-05-06 12:00:00,28560.5,28579.5,28554.0,28573.0,2445.0
2026-05-06 12:05:00,28573.5,28580.0,28567.5,28574.0,1988.0
2026-05-06 12:10:00,28574.0,28601.25,28573.0,28596.25,4036.0
2026-05-06 12:15:00,28596.25,28597.5,28569.25,28570.75,3665.0
2026-05-06 12:20:00,28570.5,28580.75,28566.0,28576.0,2594.0
2026-05-06 12:25:00,28576.0,28587.0,28570.5,28574.0,2039.0
2026-05-06 12:30:00,28574.0,28579.75,28567.75,28570.75,1921.0
2026-05-06 12:35:00,28570.25,28576.0,28553.0,28574.25,3136.0
2026-05-06 12:40:00,28573.5,28585.0,28567.25,28567.75,1960.0
2026-05-06 12:45:00,28567.5,28570.75,28535.25,28548.0,3547.0
2026-05-06 12:50:00,28548.0,28557.75,28526.0,28527.75,3522.0
2026-05-06 12:55:00,28527.5,28548.5,28512.25,28539.25,5214.0
2026-05-06 13:00:00,28539.5,28560.5,28528.5,28557.0,3635.0
2026-05-06 13:05:00,28557.25,28569.25,28555.0,28561.75,2108.0
2026-05-06 13:10:00,28562.75,28584.25,28562.75,28578.5,3167.0
2026-05-06 13:15:00,28579.0,28584.75,28567.0,28581.0,2236.0
2026-05-06 13:20:00,28580.75,28591.75,28579.0,28581.5,2155.0
2026-05-06 13:25:00,28581.5,28589.5,28575.75,28583.25,1854.0
2026-05-06 13:30:00,28583.5,28595.25,28581.75,28589.25,1874.0
2026-05-06 13:35:00,28589.75,28610.25,28585.0,28592.0,3065.0
2026-05-06 13:40:00,28592.0,28608.25,28586.25,28606.0,2155.0
2026-05-06 13:45:00,28606.25,28609.5,28590.25,28593.5,2081.0
2026-05-06 13:50:00,28592.75,28602.25,28587.5,28596.25,1545.0
2026-05-06 13:55:00,28596.5,28604.5,28591.5,28600.0,1602.0
2026-05-06 14:00:00,28599.5,28607.25,28591.75,28596.25,1858.0
2026-05-06 14:05:00,28596.5,28618.75,28596.0,28617.25,2748.0
2026-05-06 14:10:00,28617.0,28624.25,28609.5,28620.25,3145.0
2026-05-06 14:15:00,28620.75,28640.0,28620.25,28628.75,4125.0
2026-05-06 14:20:00,28629.0,28638.0,28625.0,28628.75,2165.0
2026-05-06 14:25:00,28628.5,28637.75,28623.25,28634.5,2356.0
2026-05-06 14:30:00,28634.5,28648.75,28625.25,28647.0,3153.0
2026-05-06 14:35:00,28647.0,28665.75,28646.75,28656.25,4424.0
2026-05-06 14:40:00,28656.75,28662.5,28648.75,28649.75,2522.0
2026-05-06 14:45:00,28649.5,28657.25,28636.75,28638.5,2809.0
2026-05-06 14:50:00,28638.75,28652.5,28633.75,28648.0,3034.0
2026-05-06 14:55:00,28647.5,28652.25,28639.5,28640.25,1998.0
2026-05-06 15:00:00,28640.0,28655.0,28637.75,28647.25,2586.0
2026-05-06 15:05:00,28647.25,28668.5,28643.5,28663.25,3133.0
2026-05-06 15:10:00,28663.5,28679.75,28662.0,28677.25,3742.0
2026-05-06 15:15:00,28676.75,28685.25,28672.75,28679.0,3557.0
2026-05-06 15:20:00,28678.5,28695.25,28675.25,28685.5,3892.0
2026-05-06 15:25:00,28685.75,28699.75,28682.25,28694.25,3213.0
2026-05-06 15:30:00,28694.0,28694.0,28667.5,28672.25,3785.0
2026-05-06 15:35:00,28672.0,28689.25,28670.0,28687.5,2669.0
2026-05-06 15:40:00,28687.25,28691.25,28669.0,28669.75,2847.0
2026-05-06 15:45:00,28669.75,28681.75,28666.75,28669.5,3552.0
2026-05-06 15:50:00,28669.0,28702.5,28667.0,28696.25,10960.0
2026-05-06 15:55:00,28695.75,28725.75,28695.25,28711.25,20520.0
2026-05-06 16:00:00,28711.0,28732.0,28701.75,28711.75,8516.0
2026-05-07 09:30:00,28750.0,28769.5,28720.75,28760.75,14438.0
2026-05-07 09:35:00,28760.0,28777.5,28742.25,28773.25,8977.0
2026-05-07 09:40:00,28773.25,28782.5,28734.0,28741.75,8341.0
2026-05-07 09:45:00,28742.0,28748.0,28708.0,28731.25,12568.0
2026-05-07 09:50:00,28732.5,28788.75,28725.0,28785.75,10349.0
2026-05-07 09:55:00,28787.5,28803.0,28770.5,28781.5,9200.0
2026-05-07 10:00:00,28781.5,28810.0,28779.0,28809.75,8185.0
2026-05-07 10:05:00,28809.25,28839.0,28796.25,28832.5,8892.0
2026-05-07 10:10:00,28833.5,28848.75,28826.0,28837.0,7747.0
2026-05-07 10:15:00,28836.75,28857.75,28822.5,28845.25,8248.0
2026-05-07 10:20:00,28845.5,28902.5,28845.0,28863.75,9526.0
2026-05-07 10:25:00,28864.25,28895.25,28862.75,28874.0,6422.0
2026-05-07 10:30:00,28874.25,28880.5,28860.25,28868.0,5415.0
2026-05-07 10:35:00,28868.75,28906.5,28866.25,28904.0,5284.0
2026-05-07 10:40:00,28904.5,28915.0,28889.25,28899.25,5152.0
2026-05-07 10:45:00,28899.25,28918.25,28870.25,28882.0,6250.0
2026-05-07 10:50:00,28882.0,28925.0,28879.0,28921.5,5403.0
2026-05-07 10:55:00,28921.25,28944.75,28919.25,28928.5,6120.0
2026-05-07 11:00:00,28928.0,28930.5,28893.5,28899.25,5958.0
2026-05-07 11:05:00,28898.5,28899.25,28847.0,28882.0,8844.0
2026-05-07 11:10:00,28882.75,28889.5,28853.0,28862.5,5890.0
2026-05-07 11:15:00,28862.75,28883.0,28860.5,28869.25,3893.0
2026-05-07 11:20:00,28869.75,28879.25,28847.75,28859.5,6847.0
2026-05-07 11:25:00,28857.75,28874.0,28823.75,28853.75,7989.0
2026-05-07 11:30:00,28854.5,28890.75,28850.5,28888.5,5529.0
2026-05-07 11:35:00,28888.0,28896.5,28874.75,28881.25,4671.0
2026-05-07 11:40:00,28881.25,28892.0,28864.5,28880.0,3672.0
2026-05-07 11:45:00,28879.5,28887.0,28846.5,28849.75,3925.0
2026-05-07 11:50:00,28850.0,28851.0,28818.25,28836.5,6137.0
2026-05-07 11:55:00,28837.0,28839.5,28772.75,28784.25,8010.0
2026-05-07 12:00:00,28785.5,28788.25,28751.5,28758.75,8821.0
2026-05-07 12:05:00,28758.5,28758.5,28719.0,28746.75,8726.0
2026-05-07 12:10:00,28747.0,28748.0,28692.0,28700.0,8040.0
2026-05-07 12:15:00,28700.5,28700.5,28637.0,28659.0,14034.0
2026-05-07 12:20:00,28659.0,28714.75,28647.5,28711.0,9733.0
2026-05-07 12:25:00,28710.75,28748.25,28710.25,28740.5,8314.0
2026-05-07 12:30:00,28740.5,28776.25,28731.25,28762.75,6546.0
2026-05-07 12:35:00,28763.0,28765.0,28713.0,28716.25,6669.0
2026-05-07 12:40:00,28715.75,28744.75,28706.25,28725.75,5242.0
2026-05-07 12:45:00,28725.75,28735.25,28705.5,28711.75,3675.0
2026-05-07 12:50:00,28713.25,28721.5,28684.25,28713.5,5777.0
2026-05-07 12:55:00,28714.0,28722.25,28661.0,28696.75,5466.0
2026-05-07 13:00:00,28697.5,28710.0,28678.75,28688.25,4217.0
2026-05-07 13:05:00,28689.0,28713.5,28674.75,28683.5,5584.0
2026-05-07 13:10:00,28684.0,28688.5,28653.25,28669.0,5012.0
2026-05-07 13:15:00,28668.0,28668.0,28618.0,28626.0,7035.0
2026-05-07 13:20:00,28625.75,28683.5,28611.5,28675.5,7573.0
2026-05-07 13:25:00,28676.0,28698.75,28552.0,28608.25,17541.0
2026-05-07 13:30:00,28608.5,28646.5,28590.5,28635.5,8090.0
2026-05-07 13:35:00,28636.5,28677.5,28622.25,28669.5,5634.0
2026-05-07 13:40:00,28669.0,28688.75,28636.75,28645.5,4928.0
2026-05-07 13:45:00,28645.5,28654.5,28617.0,28627.25,4898.0
2026-05-07 13:50:00,28626.5,28639.5,28605.0,28627.5,5226.0
2026-05-07 13:55:00,28628.5,28705.75,28624.5,28696.5,8056.0
2026-05-07 14:00:00,28696.75,28702.75,28672.0,28688.0,6055.0
2026-05-07 14:05:00,28688.25,28721.5,28660.0,28669.5,5757.0
2026-05-07 14:10:00,28668.75,28689.75,28654.0,28677.25,5175.0
2026-05-07 14:15:00,28679.25,28707.5,28673.0,28687.25,4376.0
2026-05-07 14:20:00,28686.25,28694.25,28659.75,28663.75,4065.0
2026-05-07 14:25:00,28664.0,28669.0,28642.5,28654.0,4031.0
2026-05-07 14:30:00,28654.25,28688.5,28651.0,28683.25,3165.0
2026-05-07 14:35:00,28684.0,28691.0,28645.5,28667.75,4801.0
2026-05-07 14:40:00,28668.5,28670.25,28594.25,28610.0,6562.0
2026-05-07 14:45:00,28608.5,28631.25,28584.5,28599.5,6942.0
2026-05-07 14:50:00,28599.75,28620.0,28582.75,28607.25,5987.0
2026-05-07 14:55:00,28607.25,28648.75,28592.0,28644.75,6742.0
2026-05-07 15:00:00,28645.0,28652.75,28619.0,28631.0,4023.0
2026-05-07 15:05:00,28632.0,28642.25,28616.0,28625.0,3399.0
2026-05-07 15:10:00,28624.5,28663.25,28618.5,28652.75,3861.0
2026-05-07 15:15:00,28653.25,28657.25,28603.25,28618.25,6012.0
2026-05-07 15:20:00,28617.75,28624.25,28594.0,28600.0,4408.0
2026-05-07 15:25:00,28599.75,28626.25,28586.75,28611.5,4896.0
2026-05-07 15:30:00,28611.75,28647.75,28608.75,28643.0,3196.0
2026-05-07 15:35:00,28643.75,28678.25,28640.25,28674.25,3359.0
2026-05-07 15:40:00,28674.0,28685.25,28663.0,28679.0,3285.0
2026-05-07 15:45:00,28679.5,28687.0,28662.75,28674.0,3928.0
2026-05-07 15:50:00,28674.0,28708.75,28648.0,28661.0,9854.0
2026-05-07 15:55:00,28661.75,28694.5,28655.0,28683.75,13448.0
2026-05-07 16:00:00,28684.25,28766.25,28652.25,28744.0,10762.0
2026-05-08 09:30:00,28878.5,28970.0,28859.5,28963.0,15167.0
2026-05-08 09:35:00,28963.5,28983.0,28949.0,28965.25,9663.0
2026-05-08 09:40:00,28966.0,28997.0,28941.5,28996.75,9066.0
2026-05-08 09:45:00,28997.0,29075.0,28996.75,29066.25,13058.0
2026-05-08 09:50:00,29066.5,29085.25,29041.75,29060.5,8452.0
2026-05-08 09:55:00,29059.75,29111.25,29045.5,29107.25,7562.0
2026-05-08 10:00:00,29106.5,29129.0,29081.25,29116.0,11176.0
2026-05-08 10:05:00,29115.75,29123.0,29090.0,29109.5,6715.0
2026-05-08 10:10:00,29108.75,29113.0,29075.5,29100.75,8050.0
2026-05-08 10:15:00,29099.75,29118.5,29087.5,29114.25,5951.0
2026-05-08 10:20:00,29114.25,29150.0,29109.0,29149.75,7061.0
2026-05-08 10:25:00,29149.25,29166.0,29103.75,29111.25,7943.0
2026-05-08 10:30:00,29111.0,29122.0,29078.0,29118.5,7693.0
2026-05-08 10:35:00,29118.25,29119.5,29073.5,29117.0,6070.0
2026-05-08 10:40:00,29116.75,29138.0,29096.25,29137.5,5135.0
2026-05-08 10:45:00,29137.25,29156.25,29125.0,29147.0,5001.0
2026-05-08 10:50:00,29147.25,29159.5,29132.75,29157.0,4168.0
2026-05-08 10:55:00,29157.25,29175.25,29152.0,29162.0,5034.0
2026-05-08 11:00:00,29162.25,29184.0,29158.75,29168.25,4299.0
2026-05-08 11:05:00,29168.75,29187.5,29159.75,29161.25,4877.0
2026-05-08 11:10:00,29161.25,29179.5,29147.0,29155.5,4496.0
2026-05-08 11:15:00,29154.75,29158.0,29124.75,29146.25,5437.0
2026-05-08 11:20:00,29146.75,29184.5,29141.25,29166.75,5000.0
2026-05-08 11:25:00,29166.5,29185.0,29163.5,29183.75,3286.0
2026-05-08 11:30:00,29183.75,29189.0,29153.25,29186.5,5519.0
2026-05-08 11:35:00,29186.75,29216.5,29184.75,29204.5,6191.0
2026-05-08 11:40:00,29203.75,29210.5,29169.25,29183.75,6554.0
2026-05-08 11:45:00,29185.0,29217.75,29176.5,29205.5,6117.0
2026-05-08 11:50:00,29205.75,29209.0,29184.75,29204.5,4116.0
2026-05-08 11:55:00,29204.75,29209.5,29186.25,29191.5,3619.0
2026-05-08 12:00:00,29191.0,29211.0,29190.25,29198.0,4326.0
2026-05-08 12:05:00,29198.5,29210.5,29190.75,29200.0,2936.0
2026-05-08 12:10:00,29200.25,29227.0,29194.25,29218.75,3592.0
2026-05-08 12:15:00,29219.0,29223.75,29210.0,29210.75,2585.0
2026-05-08 12:20:00,29210.75,29229.25,29210.0,29225.0,2485.0
2026-05-08 12:25:00,29224.75,29244.75,29223.5,29241.75,3899.0
2026-05-08 12:30:00,29241.5,29243.5,29231.25,29235.0,2818.0
2026-05-08 12:35:00,29235.25,29237.25,29213.75,29235.75,3726.0
2026-05-08 12:40:00,29235.5,29237.5,29195.5,29198.0,4420.0
2026-05-08 12:45:00,29197.75,29239.5,29196.75,29239.5,4127.0
2026-05-08 12:50:00,29239.25,29247.75,29222.75,29237.5,4360.0
2026-05-08 12:55:00,29237.5,29247.25,29235.0,29241.0,2763.0
2026-05-08 13:00:00,29241.25,29289.5,29235.0,29287.0,6384.0
2026-05-08 13:05:00,29286.75,29296.25,29265.0,29292.75,5344.0
2026-05-08 13:10:00,29293.5,29295.75,29279.75,29284.0,2611.0
2026-05-08 13:15:00,29283.75,29296.75,29282.25,29291.25,2688.0
2026-05-08 13:20:00,29290.5,29310.5,29284.25,29305.5,4255.0
2026-05-08 13:25:00,29305.75,29316.75,29296.75,29305.75,4378.0
2026-05-08 13:30:00,29305.5,29312.0,29295.0,29306.0,3276.0
2026-05-08 13:35:00,29306.25,29317.5,29291.5,29295.25,3284.0
2026-05-08 13:40:00,29294.5,29298.0,29276.5,29279.5,4038.0
2026-05-08 13:45:00,29279.75,29298.0,29269.0,29271.25,4591.0
2026-05-08 13:50:00,29271.5,29278.5,29254.75,29277.5,4689.0
2026-05-08 13:55:00,29278.0,29287.0,29263.5,29264.25,2933.0
2026-05-08 14:00:00,29264.25,29305.5,29259.5,29282.0,7134.0
2026-05-08 14:05:00,29282.25,29294.5,29270.0,29273.25,2674.0
2026-05-08 14:10:00,29273.5,29290.25,29264.5,29288.75,2777.0
2026-05-08 14:15:00,29288.5,29294.75,29270.25,29271.75,2271.0
2026-05-08 14:20:00,29271.75,29289.0,29270.5,29289.0,1527.0
2026-05-08 14:25:00,29288.75,29291.5,29281.25,29286.75,1543.0
2026-05-08 14:30:00,29286.25,29292.75,29283.0,29285.5,1632.0
2026-05-08 14:35:00,29285.25,29289.75,29275.25,29278.0,1482.0
2026-05-08 14:40:00,29277.0,29288.5,29267.75,29273.75,2216.0
2026-05-08 14:45:00,29274.75,29274.75,29260.5,29268.25,2670.0
2026-05-08 14:50:00,29268.75,29280.75,29257.0,29263.75,2951.0
2026-05-08 14:55:00,29264.75,29265.25,29237.75,29240.5,5335.0
2026-05-08 15:00:00,29240.5,29268.75,29238.5,29265.5,2970.0
2026-05-08 15:05:00,29265.25,29303.25,29260.75,29294.75,3818.0
2026-05-08 15:10:00,29294.0,29304.0,29289.5,29294.25,2746.0
2026-05-08 15:15:00,29294.5,29306.0,29291.25,29302.25,2353.0
2026-05-08 15:20:00,29302.25,29305.25,29280.75,29285.75,4133.0
2026-05-08 15:25:00,29285.5,29291.75,29261.0,29262.0,2999.0
2026-05-08 15:30:00,29262.0,29283.25,29256.25,29276.5,3694.0
2026-05-08 15:35:00,29276.75,29292.5,29270.75,29290.25,2631.0
2026-05-08 15:40:00,29290.75,29303.75,29288.75,29300.5,4016.0
2026-05-08 15:45:00,29300.75,29313.75,29294.75,29305.5,3795.0
2026-05-08 15:50:00,29305.0,29331.25,29298.5,29327.5,8772.0
2026-05-08 15:55:00,29327.5,29341.0,29314.25,29340.0,21341.0
2026-05-08 16:00:00,29339.5,29386.75,29333.25,29356.0,11238.0
2026-05-11 09:30:00,29305.25,29434.75,29281.5,29426.75,20491.0
2026-05-11 09:35:00,29426.0,29427.0,29332.25,29373.0,14105.0
2026-05-11 09:40:00,29373.0,29403.75,29352.0,29399.25,8460.0
2026-05-11 09:45:00,29399.75,29414.0,29360.5,29365.0,9923.0
2026-05-11 09:50:00,29365.25,29383.25,29322.0,29330.75,8794.0
2026-05-11 09:55:00,29329.75,29343.75,29300.75,29310.25,7683.0
2026-05-11 10:00:00,29311.25,29364.0,29307.75,29345.75,8077.0
2026-05-11 10:05:00,29345.5,29389.5,29345.0,29375.25,6112.0
2026-05-11 10:10:00,29376.0,29405.0,29351.25,29400.5,5619.0
2026-05-11 10:15:00,29400.5,29417.75,29382.75,29407.75,5711.0
2026-05-11 10:20:00,29408.0,29410.5,29384.5,29388.25,4146.0
2026-05-11 10:25:00,29388.25,29395.25,29274.5,29285.0,9900.0
2026-05-11 10:30:00,29286.25,29319.0,29246.75,29315.25,12205.0
2026-05-11 10:35:00,29315.0,29360.0,29302.5,29356.0,7767.0
2026-05-11 10:40:00,29356.75,29374.0,29345.25,29365.0,5083.0
2026-05-11 10:45:00,29365.5,29385.0,29357.25,29380.75,5384.0
2026-05-11 10:50:00,29380.5,29411.0,29369.5,29409.75,5433.0
2026-05-11 10:55:00,29410.0,29412.25,29381.75,29391.5,4643.0
2026-05-11 11:00:00,29390.75,29403.5,29375.25,29395.75,3924.0
2026-05-11 11:05:00,29394.75,29408.25,29380.75,29407.25,3010.0
2026-05-11 11:10:00,29407.5,29408.5,29362.25,29369.0,4201.0
2026-05-11 11:15:00,29370.25,29395.0,29359.75,29381.5,4375.0
2026-05-11 11:20:00,29381.5,29407.0,29371.75,29406.25,3243.0
2026-05-11 11:25:00,29406.5,29429.5,29403.0,29427.0,4422.0
2026-05-11 11:30:00,29427.0,29443.5,29409.75,29420.5,5693.0
2026-05-11 11:35:00,29420.75,29426.25,29405.75,29424.0,3261.0
2026-05-11 11:40:00,29424.5,29442.0,29410.75,29421.25,5252.0
2026-05-11 11:45:00,29420.25,29444.75,29416.25,29440.25,4606.0
2026-05-11 11:50:00,29439.75,29465.5,29430.25,29463.0,5480.0
2026-05-11 11:55:00,29463.75,29475.25,29452.5,29465.25,3670.0
2026-05-11 12:00:00,29465.25,29478.25,29456.25,29473.5,3703.0
2026-05-11 12:05:00,29473.5,29479.5,29467.25,29477.25,2786.0
2026-05-11 12:10:00,29477.5,29480.0,29471.0,29479.25,3084.0
2026-05-11 12:15:00,29479.5,29479.75,29451.0,29455.25,3523.0
2026-05-11 12:20:00,29455.75,29465.25,29446.25,29458.5,3238.0
2026-05-11 12:25:00,29457.25,29469.5,29457.25,29465.0,2107.0
2026-05-11 12:30:00,29464.5,29477.5,29461.5,29465.25,2370.0
2026-05-11 12:35:00,29465.0,29468.5,29436.25,29438.0,2678.0
2026-05-11 12:40:00,29437.5,29439.75,29369.0,29414.5,10158.0
2026-05-11 12:45:00,29413.5,29431.0,29406.0,29410.25,3662.0
2026-05-11 12:50:00,29411.25,29423.25,29398.5,29408.0,2879.0
2026-05-11 12:55:00,29408.0,29416.0,29396.0,29405.0,2970.0
2026-05-11 13:00:00,29404.5,29429.0,29404.5,29425.75,3037.0
2026-05-11 13:05:00,29425.75,29432.5,29406.75,29419.0,2407.0
2026-05-11 13:10:00,29419.0,29420.0,29382.75,29390.25,3316.0
2026-05-11 13:15:00,29389.5,29400.5,29377.25,29387.25,2854.0
2026-05-11 13:20:00,29389.0,29423.0,29385.0,29419.5,3454.0
2026-05-11 13:25:00,29420.25,29441.0,29416.5,29436.75,3212.0
2026-05-11 13:30:00,29436.25,29453.5,29435.5,29448.5,3132.0
2026-05-11 13:35:00,29448.25,29474.0,29444.0,29460.0,3365.0
2026-05-11 13:40:00,29460.75,29472.0,29455.75,29467.5,2235.0
2026-05-11 13:45:00,29468.5,29476.5,29457.25,29459.25,3207.0
2026-05-11 13:50:00,29458.5,29469.0,29453.5,29455.5,2887.0
2026-05-11 13:55:00,29455.0,29463.5,29439.75,29441.5,2727.0
2026-05-11 14:00:00,29442.0,29464.0,29440.75,29459.0,2866.0
2026-05-11 14:05:00,29459.25,29475.0,29456.25,29474.0,2268.0
2026-05-11 14:10:00,29474.25,29475.0,29461.25,29464.25,2080.0
2026-05-11 14:15:00,29463.25,29469.0,29457.25,29462.5,1966.0
2026-05-11 14:20:00,29463.0,29469.5,29448.25,29465.0,3190.0
2026-05-11 14:25:00,29464.75,29475.0,29462.75,29472.0,1958.0
2026-05-11 14:30:00,29471.75,29471.75,29454.75,29456.5,2554.0
2026-05-11 14:35:00,29456.75,29471.25,29446.75,29449.25,2521.0
2026-05-11 14:40:00,29448.5,29454.0,29437.0,29446.5,2914.0
2026-05-11 14:45:00,29446.25,29450.5,29431.75,29439.5,2280.0
2026-05-11 14:50:00,29439.75,29452.0,29430.25,29435.75,2541.0
2026-05-11 14:55:00,29435.5,29444.0,29386.0,29387.75,5259.0
2026-05-11 15:00:00,29388.75,29404.0,29377.0,29379.5,4897.0
2026-05-11 15:05:00,29379.75,29427.25,29376.0,29424.75,4903.0
2026-05-11 15:10:00,29424.5,29434.5,29410.0,29416.0,4025.0
2026-05-11 15:15:00,29416.25,29419.5,29393.5,29408.75,3709.0
2026-05-11 15:20:00,29408.25,29412.5,29382.75,29386.25,3172.0
2026-05-11 15:25:00,29386.75,29393.5,29371.25,29382.0,5027.0
2026-05-11 15:30:00,29381.75,29408.5,29375.75,29386.75,4574.0
2026-05-11 15:35:00,29387.5,29393.75,29371.5,29389.5,4003.0
2026-05-11 15:40:00,29390.25,29398.75,29373.5,29382.25,3124.0
2026-05-11 15:45:00,29382.0,29405.75,29376.5,29402.25,3970.0
2026-05-11 15:50:00,29401.5,29430.5,29394.5,29418.5,7408.0
2026-05-11 15:55:00,29419.0,29431.75,29413.5,29429.25,13531.0
2026-05-11 16:00:00,29428.5,29430.0,29403.25,29405.25,5528.0
2026-05-12 09:30:00,29213.0,29227.25,29145.75,29197.75,17313.0
2026-05-12 09:35:00,29198.5,29231.75,29143.0,29227.0,12237.0
2026-05-12 09:40:00,29226.5,29285.75,29213.5,29284.75,14950.0
2026-05-12 09:45:00,29285.25,29296.0,29202.25,29220.5,13923.0
2026-05-12 09:50:00,29219.5,29251.75,29183.75,29224.0,11426.0
2026-05-12 09:55:00,29224.75,29229.0,29109.75,29129.5,15210.0
2026-05-12 10:00:00,29129.0,29162.25,29088.25,29111.25,17114.0
2026-05-12 10:05:00,29111.25,29154.0,29106.0,29136.75,10233.0
2026-05-12 10:10:00,29137.5,29194.75,29117.25,29190.75,8313.0
2026-05-12 10:15:00,29191.75,29222.75,29169.0,29219.25,7759.0
2026-05-12 10:20:00,29218.75,29228.25,29172.25,29177.25,6201.0
2026-05-12 10:25:00,29177.0,29192.5,29081.0,29085.0,9899.0
2026-05-12 10:30:00,29085.75,29093.5,29006.5,29043.25,14188.0
2026-05-12 10:35:00,29043.0,29106.75,29014.75,29099.25,9558.0
2026-05-12 10:40:00,29098.75,29127.0,29061.75,29082.0,7843.0
2026-05-12 10:45:00,29083.0,29084.5,29035.75,29042.0,6326.0
2026-05-12 10:50:00,29040.25,29074.5,29010.25,29058.25,8027.0
2026-05-12 10:55:00,29056.25,29070.25,29000.0,29014.25,6817.0
2026-05-12 11:00:00,29013.75,29031.0,28980.0,28984.0,8162.0
2026-05-12 11:05:00,28983.5,29023.0,28967.0,29018.5,7350.0
2026-05-12 11:10:00,29018.75,29024.5,28964.25,28965.25,5815.0
2026-05-12 11:15:00,28966.5,28969.5,28913.75,28937.25,11313.0
2026-05-12 11:20:00,28937.5,28946.75,28868.25,28884.5,9183.0
2026-05-12 11:25:00,28884.25,28898.25,28856.5,28875.75,8998.0
2026-05-12 11:30:00,28875.75,28924.0,28869.0,28914.25,8820.0
2026-05-12 11:35:00,28914.0,28945.25,28889.25,28931.0,6184.0
2026-05-12 11:40:00,28931.0,28941.0,28898.75,28928.5,4991.0
2026-05-12 11:45:00,28929.5,28940.25,28902.5,28909.5,4097.0
2026-05-12 11:50:00,28909.5,28918.75,28871.75,28871.75,5305.0
2026-05-12 11:55:00,28871.75,28879.0,28828.5,28839.75,6690.0
2026-05-12 12:00:00,28840.0,28896.5,28811.0,28888.5,9179.0
2026-05-12 12:05:00,28887.75,28895.5,28856.25,28867.75,4003.0
2026-05-12 12:10:00,28866.75,28913.5,28857.5,28908.75,4754.0
2026-05-12 12:15:00,28908.75,28911.75,28868.5,28869.0,4315.0
2026-05-12 12:20:00,28869.75,28886.0,28828.0,28848.0,5371.0
2026-05-12 12:25:00,28848.0,28861.75,28833.75,28839.0,3851.0
2026-05-12 12:30:00,28839.5,28846.5,28795.5,28812.75,6065.0
2026-05-12 12:35:00,28812.25,28842.25,28807.5,28812.5,4221.0
2026-05-12 12:40:00,28812.25,28829.75,28769.5,28791.0,6089.0
2026-05-12 12:45:00,28791.25,28805.25,28756.0,28774.75,6192.0
2026-05-12 12:50:00,28773.5,28785.75,28742.0,28753.5,6327.0
2026-05-12 12:55:00,28753.0,28769.0,28742.25,28749.0,4311.0
2026-05-12 13:00:00,28749.5,28801.5,28749.0,28795.75,5475.0
2026-05-12 13:05:00,28795.0,28838.75,28792.5,28814.25,6039.0
2026-05-12 13:10:00,28814.25,28843.75,28809.0,28840.25,4795.0
2026-05-12 13:15:00,28839.75,28883.25,28838.25,28873.25,5472.0
2026-05-12 13:20:00,28873.75,28929.75,28873.75,28909.75,6867.0
2026-05-12 13:25:00,28909.0,28912.0,28864.0,28888.25,5976.0
2026-05-12 13:30:00,28888.75,28929.0,28882.75,28921.5,5455.0
2026-05-12 13:35:00,28922.0,28923.25,28876.75,28899.0,4360.0
2026-05-12 13:40:00,28899.5,28912.5,28892.5,28899.75,2658.0
2026-05-12 13:45:00,28900.0,28907.5,28877.75,28893.5,3085.0
2026-05-12 13:50:00,28894.25,28919.0,28879.5,28919.0,3395.0
2026-05-12 13:55:00,28919.0,28925.0,28895.25,28920.5,3747.0
2026-05-12 14:00:00,28920.25,28942.75,28913.25,28936.75,6395.0
2026-05-12 14:05:00,28937.0,28941.75,28912.25,28917.25,3279.0
2026-05-12 14:10:00,28917.75,28949.25,28911.25,28947.0,3306.0
2026-05-12 14:15:00,28946.75,28962.0,28931.5,28942.5,4431.0
2026-05-12 14:20:00,28942.25,28962.5,28940.0,28957.25,3838.0
2026-05-12 14:25:00,28957.75,29002.5,28957.5,28991.0,6932.0
2026-05-12 14:30:00,28990.75,29007.25,28980.75,28985.5,4565.0
2026-05-12 14:35:00,28986.0,29002.25,28972.5,28983.5,4057.0
2026-05-12 14:40:00,28983.0,28998.5,28977.25,28979.25,2919.0
2026-05-12 14:45:00,28979.5,28982.25,28947.5,28973.75,5504.0
2026-05-12 14:50:00,28974.0,28997.0,28966.75,28985.75,3483.0
2026-05-12 14:55:00,28985.25,29007.0,28949.75,28956.0,5236.0
2026-05-12 15:00:00,28956.25,28987.25,28955.75,28983.0,2994.0
2026-05-12 15:05:00,28983.0,29005.75,28972.0,28992.5,4035.0
2026-05-12 15:10:00,28991.75,29050.0,28991.0,29040.0,5987.0
2026-05-12 15:15:00,29040.25,29064.0,29038.25,29044.0,5664.0
2026-05-12 15:20:00,29044.75,29049.0,29014.5,29040.75,4662.0
2026-05-12 15:25:00,29041.25,29054.0,29038.5,29047.5,2726.0
2026-05-12 15:30:00,29047.5,29110.0,29047.0,29103.25,5809.0
2026-05-12 15:35:00,29103.5,29113.0,29087.75,29108.75,5673.0
2026-05-12 15:40:00,29108.75,29132.0,29102.75,29127.5,4305.0
2026-05-12 15:45:00,29127.75,29145.0,29112.25,29138.25,5151.0
2026-05-12 15:50:00,29137.5,29188.25,29137.25,29159.5,10608.0
2026-05-12 15:55:00,29160.25,29182.75,29155.25,29174.5,16573.0
2026-05-12 16:00:00,29174.25,29176.0,29125.75,29128.25,7313.0
2026-05-13 09:30:00,29286.5,29288.5,29216.0,29257.5,16524.0
2026-05-13 09:35:00,29258.25,29261.5,29180.5,29204.25,13192.0
2026-05-13 09:40:00,29204.25,29265.0,29190.0,29210.5,11582.0
2026-05-13 09:45:00,29211.0,29215.5,29075.0,29136.75,18960.0
2026-05-13 09:50:00,29135.75,29222.75,29096.0,29220.5,12650.0
2026-05-13 09:55:00,29221.0,29225.75,29151.5,29169.25,11152.0
2026-05-13 10:00:00,29170.25,29184.75,29140.0,29164.5,9419.0
2026-05-13 10:05:00,29163.25,29186.0,29112.0,29145.0,8685.0
2026-05-13 10:10:00,29144.0,29193.0,29131.5,29172.75,7586.0
2026-05-13 10:15:00,29172.0,29194.0,29149.5,29166.25,6857.0
2026-05-13 10:20:00,29166.25,29245.25,29161.75,29239.0,8860.0
2026-05-13 10:25:00,29239.0,29268.5,29227.75,29237.25,7550.0
2026-05-13 10:30:00,29236.0,29278.5,29221.5,29274.5,6892.0
2026-05-13 10:35:00,29274.25,29280.5,29218.75,29239.5,7251.0
2026-05-13 10:40:00,29239.5,29276.0,29229.75,29265.25,5419.0
2026-05-13 10:45:00,29265.75,29279.0,29238.25,29270.25,4813.0
2026-05-13 10:50:00,29270.0,29315.0,29257.25,29309.75,6055.0
2026-05-13 10:55:00,29309.75,29322.0,29297.0,29317.5,4818.0
2026-05-13 11:00:00,29317.5,29349.5,29315.0,29336.0,5834.0
2026-05-13 11:05:00,29336.0,29338.5,29315.75,29331.75,4262.0
2026-05-13 11:10:00,29332.0,29335.25,29298.75,29322.75,4196.0
2026-05-13 11:15:00,29321.75,29340.0,29318.75,29332.0,3081.0
2026-05-13 11:20:00,29332.25,29341.25,29305.25,29318.0,3883.0
2026-05-13 11:25:00,29318.0,29318.5,29281.5,29311.5,5011.0
2026-05-13 11:30:00,29312.0,29329.25,29284.25,29322.5,4510.0
2026-05-13 11:35:00,29322.0,29344.75,29316.25,29333.25,3873.0
2026-05-13 11:40:00,29333.75,29386.75,29333.75,29378.5,5335.0
2026-05-13 11:45:00,29378.5,29379.5,29351.25,29352.0,4285.0
2026-05-13 11:50:00,29352.25,29353.5,29316.5,29337.0,4091.0
2026-05-13 11:55:00,29337.75,29338.5,29297.0,29310.0,3670.0
2026-05-13 12:00:00,29310.25,29357.75,29299.25,29356.75,3988.0
2026-05-13 12:05:00,29356.75,29367.75,29333.25,29367.25,3332.0
2026-05-13 12:10:00,29367.75,29388.25,29364.0,29385.75,2913.0
2026-05-13 12:15:00,29385.75,29395.25,29374.0,29382.25,4260.0
2026-05-13 12:20:00,29382.0,29441.0,29376.25,29430.75,6178.0
2026-05-13 12:25:00,29430.75,29444.75,29410.0,29436.75,5494.0
2026-05-13 12:30:00,29436.5,29444.0,29413.25,29440.0,4665.0
2026-05-13 12:35:00,29440.0,29449.0,29430.5,29431.5,3518.0
2026-05-13 12:40:00,29431.5,29445.25,29431.25,29433.75,2157.0
2026-05-13 12:45:00,29433.5,29443.0,29422.5,29428.75,3108.0
2026-05-13 12:50:00,29429.0,29443.25,29415.5,29440.5,4052.0
2026-05-13 12:55:00,29440.75,29463.5,29438.75,29447.75,5385.0
2026-05-13 13:00:00,29448.0,29477.0,29448.0,29470.25,4800.0
2026-05-13 13:05:00,29469.5,29492.0,29469.0,29476.75,4397.0
2026-05-13 13:10:00,29476.25,29492.75,29476.25,29488.0,2696.0
2026-05-13 13:15:00,29488.0,29496.25,29477.25,29484.75,3202.0
2026-05-13 13:20:00,29485.25,29486.5,29467.25,29467.75,2438.0
2026-05-13 13:25:00,29467.75,29493.25,29463.75,29487.25,2754.0
2026-05-13 13:30:00,29486.5,29492.0,29465.75,29470.75,2588.0
2026-05-13 13:35:00,29470.75,29478.25,29465.0,29468.5,2871.0
2026-05-13 13:40:00,29468.5,29482.25,29466.25,29480.25,1786.0
2026-05-13 13:45:00,29480.5,29488.75,29473.0,29478.0,2080.0
2026-05-13 13:50:00,29477.75,29488.25,29477.0,29477.75,1256.0
2026-05-13 13:55:00,29477.5,29481.5,29442.5,29444.25,2960.0
2026-05-13 14:00:00,29445.25,29477.5,29441.5,29475.0,4152.0
2026-05-13 14:05:00,29476.25,29490.75,29471.75,29487.75,2806.0
2026-05-13 14:10:00,29487.25,29523.5,29486.5,29521.75,5133.0
2026-05-13 14:15:00,29522.0,29549.5,29522.0,29544.25,7242.0
2026-05-13 14:20:00,29544.75,29565.5,29541.5,29550.25,5159.0
2026-05-13 14:25:00,29550.25,29564.0,29547.75,29550.5,2966.0
2026-05-13 14:30:00,29549.75,29555.75,29535.5,29543.75,3643.0
2026-05-13 14:35:00,29544.25,29545.25,29510.5,29526.25,3950.0
2026-05-13 14:40:00,29526.75,29535.5,29513.5,29513.5,2581.0
2026-05-13 14:45:00,29514.0,29523.5,29503.5,29512.5,3116.0
2026-05-13 14:50:00,29512.25,29513.75,29497.75,29506.75,3607.0
2026-05-13 14:55:00,29506.75,29506.75,29466.75,29472.25,3532.0
2026-05-13 15:00:00,29472.5,29495.25,29471.0,29490.25,3609.0
2026-05-13 15:05:00,29490.25,29520.25,29478.25,29517.25,3662.0
2026-05-13 15:10:00,29517.25,29527.5,29508.75,29525.25,2907.0
2026-05-13 15:15:00,29525.0,29540.0,29515.75,29536.0,2285.0
2026-05-13 15:20:00,29537.75,29540.0,29502.75,29506.0,3199.0
2026-05-13 15:25:00,29506.0,29525.5,29499.5,29525.5,2973.0
2026-05-13 15:30:00,29526.0,29528.75,29512.0,29515.5,2593.0
2026-05-13 15:35:00,29515.75,29531.5,29510.0,29526.75,2388.0
2026-05-13 15:40:00,29527.0,29535.75,29523.25,29532.0,2643.0
2026-05-13 15:45:00,29532.25,29539.5,29526.5,29530.75,2866.0
2026-05-13 15:50:00,29530.75,29530.75,29449.5,29459.5,10669.0
2026-05-13 15:55:00,29459.75,29485.75,29458.0,29476.0,11504.0
2026-05-13 16:00:00,29476.0,29488.0,29448.75,29459.25,5252.0
2026-05-14 09:30:00,29476.25,29552.0,29458.5,29550.0,17013.0
2026-05-14 09:35:00,29551.0,29599.75,29540.25,29586.5,12914.0
2026-05-14 09:40:00,29586.0,29628.5,29574.5,29626.0,11485.0
2026-05-14 09:45:00,29625.5,29680.75,29625.25,29665.5,15921.0
2026-05-14 09:50:00,29666.0,29684.75,29605.5,29609.25,12260.0
2026-05-14 09:55:00,29609.0,29624.75,29526.75,29541.75,12202.0
2026-05-14 10:00:00,29542.0,29616.75,29533.0,29595.0,11939.0
2026-05-14 10:05:00,29596.25,29605.5,29541.5,29550.5,8544.0
2026-05-14 10:10:00,29549.5,29594.5,29537.5,29583.75,8099.0
2026-05-14 10:15:00,29583.0,29640.0,29578.25,29635.5,7534.0
2026-05-14 10:20:00,29634.75,29666.5,29620.75,29629.25,9206.0
2026-05-14 10:25:00,29630.5,29636.5,29595.5,29623.0,6238.0
2026-05-14 10:30:00,29622.25,29633.75,29607.0,29632.25,4491.0
2026-05-14 10:35:00,29632.75,29679.25,29623.75,29677.5,6320.0
2026-05-14 10:40:00,29677.75,29686.75,29664.5,29686.25,5343.0
2026-05-14 10:45:00,29686.5,29708.0,29684.0,29706.25,7746.0
2026-05-14 10:50:00,29706.25,29730.0,29682.25,29699.0,7768.0
2026-05-14 10:55:00,29699.5,29707.75,29664.0,29674.25,5705.0
2026-05-14 11:00:00,29674.75,29707.0,29665.0,29682.75,5019.0
2026-05-14 11:05:00,29681.75,29719.25,29676.75,29718.25,3839.0
2026-05-14 11:10:00,29717.5,29734.5,29706.25,29733.0,3919.0
2026-05-14 11:15:00,29733.25,29758.5,29731.75,29752.25,6077.0
2026-05-14 11:20:00,29751.5,29767.75,29737.75,29754.0,6225.0
2026-05-14 11:25:00,29754.5,29773.75,29752.0,29756.75,5610.0
2026-05-14 11:30:00,29756.75,29770.0,29736.75,29744.75,4379.0
2026-05-14 11:35:00,29744.5,29755.0,29727.75,29741.75,4170.0
2026-05-14 11:40:00,29742.25,29755.75,29729.5,29752.0,3605.0
2026-05-14 11:45:00,29752.25,29754.75,29733.0,29745.75,3183.0
2026-05-14 11:50:00,29746.0,29757.5,29740.75,29754.75,2560.0
2026-05-14 11:55:00,29754.0,29769.75,29753.25,29755.25,5219.0
2026-05-14 12:00:00,29756.0,29772.75,29752.75,29771.75,3004.0
2026-05-14 12:05:00,29771.5,29779.25,29761.0,29765.75,3011.0
2026-05-14 12:10:00,29765.75,29782.0,29752.5,29756.0,4851.0
2026-05-14 12:15:00,29755.75,29778.0,29747.5,29752.5,3300.0
2026-05-14 12:20:00,29752.0,29782.0,29750.75,29758.0,4931.0
2026-05-14 12:25:00,29757.75,29764.75,29714.5,29727.25,5550.0
2026-05-14 12:30:00,29727.5,29743.25,29697.25,29705.5,5960.0
2026-05-14 12:35:00,29705.25,29726.75,29705.25,29722.75,3655.0
2026-05-14 12:40:00,29722.5,29742.0,29714.0,29719.0,3827.0
2026-05-14 12:45:00,29718.0,29739.0,29692.25,29731.75,5100.0
2026-05-14 12:50:00,29731.75,29733.75,29704.75,29732.0,3069.0
2026-05-14 12:55:00,29732.5,29735.25,29696.0,29728.0,3485.0
2026-05-14 13:00:00,29728.25,29754.5,29728.0,29743.75,4892.0
2026-05-14 13:05:00,29744.0,29744.5,29686.5,29688.0,4998.0
2026-05-14 13:10:00,29687.5,29706.5,29652.0,29660.0,5978.0
2026-05-14 13:15:00,29659.25,29670.0,29606.5,29616.25,9509.0
2026-05-14 13:20:00,29617.0,29654.25,29615.0,29625.75,6467.0
2026-05-14 13:25:00,29626.25,29649.5,29595.25,29648.0,7609.0
2026-05-14 13:30:00,29648.25,29674.25,29636.75,29653.25,6247.0
2026-05-14 13:35:00,29654.0,29693.25,29652.0,29685.75,4434.0
2026-05-14 13:40:00,29685.25,29702.5,29678.75,29697.5,3522.0
2026-05-14 13:45:00,29698.5,29736.0,29698.5,29726.5,4617.0
2026-05-14 13:50:00,29726.0,29745.75,29721.5,29736.25,3892.0
2026-05-14 13:55:00,29736.5,29752.5,29729.75,29731.0,3528.0
2026-05-14 14:00:00,29730.75,29730.75,29640.5,29655.0,9581.0
2026-05-14 14:05:00,29655.5,29672.0,29648.5,29660.25,4476.0
2026-05-14 14:10:00,29661.0,29695.75,29649.25,29690.0,6519.0
2026-05-14 14:15:00,29690.25,29708.0,29681.5,29703.75,4478.0
2026-05-14 14:20:00,29704.25,29706.5,29670.5,29678.0,3247.0
2026-05-14 14:25:00,29677.75,29684.75,29660.25,29673.5,4191.0
2026-05-14 14:30:00,29673.75,29698.0,29673.75,29687.5,2986.0
2026-05-14 14:35:00,29687.75,29694.5,29674.75,29683.0,2569.0
2026-05-14 14:40:00,29683.0,29687.25,29655.0,29673.0,2875.0
2026-05-14 14:45:00,29672.75,29689.25,29656.25,29684.5,3221.0
2026-05-14 14:50:00,29685.0,29701.75,29684.25,29697.75,3127.0
2026-05-14 14:55:00,29698.0,29717.75,29694.75,29708.5,3737.0
2026-05-14 15:00:00,29709.0,29732.0,29709.0,29721.25,3731.0
2026-05-14 15:05:00,29720.5,29730.0,29703.25,29721.25,2609.0
2026-05-14 15:10:00,29721.25,29727.75,29692.5,29706.0,3718.0
2026-05-14 15:15:00,29706.75,29717.25,29701.5,29710.75,2650.0
2026-05-14 15:20:00,29710.75,29735.0,29709.5,29717.5,4293.0
2026-05-14 15:25:00,29717.75,29719.5,29695.25,29698.75,3617.0
2026-05-14 15:30:00,29699.5,29723.5,29696.5,29710.25,3120.0
2026-05-14 15:35:00,29710.25,29721.5,29701.0,29718.25,3245.0
2026-05-14 15:40:00,29718.0,29735.0,29716.75,29727.25,3764.0
2026-05-14 15:45:00,29727.5,29731.25,29712.75,29717.25,3322.0
2026-05-14 15:50:00,29717.75,29719.0,29690.0,29709.0,7167.0
2026-05-14 15:55:00,29709.5,29712.75,29678.5,29686.75,11735.0
2026-05-14 16:00:00,29686.75,29737.75,29685.25,29732.0,6604.0
2026-05-15 09:30:00,29278.0,29291.0,29188.75,29254.0,20787.0
2026-05-15 09:35:00,29254.0,29256.5,29151.0,29166.25,13867.0
2026-05-15 09:40:00,29167.5,29243.75,29161.0,29167.25,12912.0
2026-05-15 09:45:00,29167.0,29223.5,29089.75,29219.75,19366.0
2026-05-15 09:50:00,29219.75,29273.75,29163.25,29260.5,13329.0
2026-05-15 09:55:00,29262.25,29288.0,29139.5,29143.25,13151.0
2026-05-15 10:00:00,29144.0,29213.25,29132.0,29164.5,13752.0
2026-05-15 10:05:00,29164.5,29235.25,29146.5,29212.75,9263.0
2026-05-15 10:10:00,29212.25,29304.75,29193.25,29301.0,11327.0
2026-05-15 10:15:00,29300.75,29363.25,29274.25,29349.0,12521.0
2026-05-15 10:20:00,29349.5,29382.75,29333.5,29340.25,10414.0
2026-05-15 10:25:00,29340.75,29344.5,29269.75,29291.5,9938.0
2026-05-15 10:30:00,29292.25,29347.75,29286.0,29341.75,7452.0
2026-05-15 10:35:00,29342.25,29357.25,29302.25,29323.25,6208.0
2026-05-15 10:40:00,29321.5,29360.5,29321.5,29347.0,6919.0
2026-05-15 10:45:00,29346.75,29354.0,29281.0,29290.5,7311.0
2026-05-15 10:50:00,29291.0,29309.5,29247.5,29306.75,9141.0
2026-05-15 10:55:00,29308.5,29329.25,29274.75,29281.25,6769.0
2026-05-15 11:00:00,29281.0,29312.0,29251.5,29281.25,6165.0
2026-05-15 11:05:00,29280.0,29320.25,29240.5,29319.75,6560.0
2026-05-15 11:10:00,29319.0,29325.5,29265.0,29285.75,6186.0
2026-05-15 11:15:00,29284.75,29321.5,29274.75,29313.25,4217.0
2026-05-15 11:20:00,29313.5,29361.0,29311.75,29323.0,5918.0
2026-05-15 11:25:00,29323.25,29344.5,29294.25,29334.0,5445.0
2026-05-15 11:30:00,29333.75,29372.0,29331.5,29343.25,6474.0
2026-05-15 11:35:00,29342.25,29382.0,29327.5,29333.25,6047.0
2026-05-15 11:40:00,29332.25,29344.5,29271.25,29285.25,6403.0
2026-05-15 11:45:00,29286.0,29301.25,29260.25,29268.5,5101.0
2026-05-15 11:50:00,29269.5,29270.0,29228.0,29243.75,7555.0
2026-05-15 11:55:00,29243.25,29285.75,29212.0,29281.25,6925.0
2026-05-15 12:00:00,29282.0,29313.0,29264.75,29279.5,5409.0
2026-05-15 12:05:00,29277.75,29301.25,29261.25,29297.25,4511.0
2026-05-15 12:10:00,29297.25,29298.5,29251.5,29287.25,4081.0
2026-05-15 12:15:00,29287.25,29288.5,29253.25,29272.75,3280.0
2026-05-15 12:20:00,29272.75,29324.0,29268.0,29320.25,4359.0
2026-05-15 12:25:00,29320.75,29336.5,29311.25,29332.25,4027.0
2026-05-15 12:30:00,29333.0,29348.0,29321.5,29342.0,3493.0
2026-05-15 12:35:00,29342.5,29344.75,29316.25,29333.5,3243.0
2026-05-15 12:40:00,29334.5,29346.25,29316.75,29345.25,2934.0
2026-05-15 12:45:00,29345.25,29351.0,29329.75,29333.75,3363.0
2026-05-15 12:50:00,29333.0,29350.25,29279.75,29286.5,4309.0
2026-05-15 12:55:00,29286.0,29330.0,29285.0,29322.75,3778.0
2026-05-15 13:00:00,29323.25,29339.0,29312.0,29325.5,3206.0
2026-05-15 13:05:00,29326.0,29355.25,29319.75,29350.0,3139.0
2026-05-15 13:10:00,29350.0,29363.0,29341.75,29362.5,2934.0
2026-05-15 13:15:00,29362.5,29366.75,29341.25,29366.25,3129.0
2026-05-15 13:20:00,29366.25,29408.0,29359.75,29402.0,4308.0
2026-05-15 13:25:00,29402.0,29430.0,29401.25,29417.75,4678.0
2026-05-15 13:30:00,29417.75,29444.0,29413.25,29441.5,4045.0
2026-05-15 13:35:00,29441.75,29446.75,29423.75,29439.25,3551.0
2026-05-15 13:40:00,29439.75,29443.5,29404.75,29424.25,3703.0
2026-05-15 13:45:00,29425.0,29434.5,29412.0,29417.0,2208.0
2026-05-15 13:50:00,29417.0,29442.25,29417.0,29438.0,2404.0
2026-05-15 13:55:00,29438.5,29453.75,29425.5,29447.25,2808.0
2026-05-15 14:00:00,29449.0,29465.0,29446.75,29462.0,3694.0
2026-05-15 14:05:00,29462.5,29486.75,29460.75,29469.75,4972.0
2026-05-15 14:10:00,29468.75,29485.5,29464.5,29468.75,3363.0
2026-05-15 14:15:00,29468.5,29472.25,29387.75,29396.25,6935.0
2026-05-15 14:20:00,29395.75,29442.0,29389.75,29421.5,5267.0
2026-05-15 14:25:00,29421.5,29432.0,29376.0,29384.75,4385.0
2026-05-15 14:30:00,29385.5,29389.5,29316.0,29340.5,7642.0
2026-05-15 14:35:00,29340.0,29384.25,29338.75,29383.0,4102.0
2026-05-15 14:40:00,29382.25,29383.0,29348.5,29376.0,3063.0
2026-05-15 14:45:00,29376.25,29379.25,29352.75,29372.25,2454.0
2026-05-15 14:50:00,29372.0,29403.5,29362.75,29399.75,3323.0
2026-05-15 14:55:00,29400.0,29407.0,29370.0,29389.75,3086.0
2026-05-15 15:00:00,29389.5,29398.25,29351.0,29355.0,3558.0
2026-05-15 15:05:00,29353.5,29363.5,29324.0,29332.25,3703.0
2026-05-15 15:10:00,29331.5,29332.5,29300.0,29322.0,4728.0
2026-05-15 15:15:00,29321.5,29322.5,29285.25,29301.5,3791.0
2026-05-15 15:20:00,29301.75,29321.75,29288.25,29288.5,4036.0
2026-05-15 15:25:00,29288.5,29302.5,29283.75,29291.25,2884.0
2026-05-15 15:30:00,29289.75,29324.0,29287.5,29313.0,3665.0
2026-05-15 15:35:00,29313.5,29332.75,29296.5,29328.25,3031.0
2026-05-15 15:40:00,29330.5,29340.25,29292.25,29295.75,3667.0
2026-05-15 15:45:00,29295.25,29307.0,29270.5,29299.5,4897.0
2026-05-15 15:50:00,29299.75,29300.25,29230.25,29234.75,8265.0
2026-05-15 15:55:00,29234.75,29249.0,29208.25,29231.25,20035.0
2026-05-15 16:00:00,29230.5,29233.75,29137.0,29173.0,8918.0
2026-05-18 09:30:00,29338.25,29356.25,29276.25,29288.25,20429.0
2026-05-18 09:35:00,29288.0,29301.75,29240.0,29263.0,11906.0
2026-05-18 09:40:00,29263.5,29282.75,29160.0,29166.5,15080.0
2026-05-18 09:45:00,29167.5,29206.0,29135.0,29158.5,16218.0
2026-05-18 09:50:00,29158.5,29278.0,29157.0,29272.5,13068.0
2026-05-18 09:55:00,29273.0,29308.75,29228.0,29243.75,11371.0
2026-05-18 10:00:00,29242.5,29243.0,29140.5,29161.25,13624.0
2026-05-18 10:05:00,29161.0,29257.5,29129.0,29250.5,11979.0
2026-05-18 10:10:00,29250.0,29272.0,29217.75,29261.5,9341.0
2026-05-18 10:15:00,29259.25,29299.0,29205.0,29252.0,8970.0
2026-05-18 10:20:00,29252.25,29265.75,29198.0,29205.5,7408.0
2026-05-18 10:25:00,29204.75,29231.75,29137.25,29153.25,8809.0
2026-05-18 10:30:00,29154.0,29175.75,29012.75,29024.5,14641.0
2026-05-18 10:35:00,29024.5,29077.75,28970.75,29059.75,14438.0
2026-05-18 10:40:00,29059.25,29121.75,29013.25,29087.75,10838.0
2026-05-18 10:45:00,29087.75,29096.75,29002.5,29018.0,9818.0
2026-05-18 10:50:00,29017.75,29109.0,29003.5,29058.75,9052.0
2026-05-18 10:55:00,29057.25,29101.75,29047.0,29082.5,6311.0
2026-05-18 11:00:00,29082.25,29126.25,29036.0,29073.25,11664.0
2026-05-18 11:05:00,29071.5,29085.0,29015.5,29018.5,6126.0
2026-05-18 11:10:00,29018.5,29087.5,29006.0,29065.75,6813.0
2026-05-18 11:15:00,29066.0,29069.75,28993.5,29007.75,5625.0
2026-05-18 11:20:00,29008.25,29029.0,28980.5,29006.75,6617.0
2026-05-18 11:25:00,29007.5,29046.0,28956.25,28960.25,7727.0
2026-05-18 11:30:00,28960.75,29015.75,28941.5,29011.75,7891.0
2026-05-18 11:35:00,29012.75,29065.25,29008.25,29027.0,6585.0
2026-05-18 11:40:00,29027.0,29060.5,28998.5,29000.75,5233.0
2026-05-18 11:45:00,28999.75,29041.25,28992.0,29010.25,4015.0
2026-05-18 11:50:00,29011.0,29038.0,28978.5,29028.5,4417.0
2026-05-18 11:55:00,29029.0,29046.5,28987.25,28997.25,4470.0
2026-05-18 12:00:00,28996.25,29008.75,28951.75,28971.5,5198.0
2026-05-18 12:05:00,28971.0,29007.25,28963.5,28993.5,4580.0
2026-05-18 12:10:00,28995.5,29030.0,28990.0,29027.5,4145.0
2026-05-18 12:15:00,29026.5,29043.0,29016.75,29029.0,3905.0
2026-05-18 12:20:00,29029.0,29074.0,28974.75,28993.75,8619.0
2026-05-18 12:25:00,28994.75,28999.25,28859.25,28878.5,13018.0
2026-05-18 12:30:00,28877.75,28940.0,28842.5,28909.0,9810.0
2026-05-18 12:35:00,28909.0,28961.5,28899.25,28939.25,5793.0
2026-05-18 12:40:00,28938.75,28947.5,28916.5,28922.75,3904.0
2026-05-18 12:45:00,28921.75,28939.5,28907.75,28931.25,3902.0
2026-05-18 12:50:00,28931.0,29022.25,28926.5,29020.25,7304.0
2026-05-18 12:55:00,29020.5,29045.5,28995.0,29006.0,6452.0
2026-05-18 13:00:00,29004.75,29017.25,28966.75,29008.0,5879.0
2026-05-18 13:05:00,29007.75,29036.5,28996.75,29015.5,4517.0
2026-05-18 13:10:00,29015.75,29038.0,28995.0,28995.75,2961.0
2026-05-18 13:15:00,28995.0,29017.25,28984.5,29007.75,2826.0
2026-05-18 13:20:00,29008.0,29012.75,28966.25,28977.5,3236.0
2026-05-18 13:25:00,28978.5,29013.75,28966.25,29009.5,3306.0
2026-05-18 13:30:00,29009.75,29015.25,28971.25,28983.75,3593.0
2026-05-18 13:35:00,28985.0,28987.75,28959.75,28976.25,3564.0
2026-05-18 13:40:00,28975.75,29029.75,28971.0,29011.25,4272.0
2026-05-18 13:45:00,29011.75,29016.75,28972.0,28981.75,3953.0
2026-05-18 13:50:00,28981.5,29021.25,28977.25,29006.0,3478.0
2026-05-18 13:55:00,29007.25,29023.0,28991.75,29014.0,2552.0
2026-05-18 14:00:00,29014.25,29020.5,28946.25,28952.25,5330.0
2026-05-18 14:05:00,28953.0,28968.75,28932.5,28937.5,4091.0
2026-05-18 14:10:00,28938.0,28948.25,28914.25,28917.0,4104.0
2026-05-18 14:15:00,28916.0,28918.5,28850.5,28866.5,7070.0
2026-05-18 14:20:00,28867.5,28878.25,28847.25,28866.75,5820.0
2026-05-18 14:25:00,28866.5,28895.0,28834.75,28892.5,7525.0
2026-05-18 14:30:00,28892.75,28915.0,28875.25,28885.5,5487.0
2026-05-18 14:35:00,28885.75,28903.75,28856.75,28859.0,3860.0
2026-05-18 14:40:00,28858.5,28875.75,28843.25,28873.75,3996.0
2026-05-18 14:45:00,28873.0,28882.25,28823.75,28835.0,4148.0
2026-05-18 14:50:00,28834.25,28845.75,28814.75,28824.5,4677.0
2026-05-18 14:55:00,28823.5,28861.75,28816.75,28840.0,5293.0
2026-05-18 15:00:00,28842.25,29070.25,28837.75,28985.25,20867.0
2026-05-18 15:05:00,28987.0,29018.75,28918.25,28967.5,12268.0
2026-05-18 15:10:00,28967.5,28995.25,28951.0,28959.5,6337.0
2026-05-18 15:15:00,28959.25,28973.25,28920.75,28934.25,5501.0
2026-05-18 15:20:00,28934.75,28960.75,28907.75,28915.25,5281.0
2026-05-18 15:25:00,28915.25,28926.75,28881.5,28922.5,4336.0
2026-05-18 15:30:00,28923.0,28973.75,28913.25,28952.0,5504.0
2026-05-18 15:35:00,28953.5,29015.25,28949.75,29012.5,4948.0
2026-05-18 15:40:00,29013.0,29055.25,29012.25,29053.5,6400.0
2026-05-18 15:45:00,29053.5,29087.75,29041.75,29079.75,6379.0
2026-05-18 15:50:00,29080.5,29114.0,29057.75,29107.75,7879.0
2026-05-18 15:55:00,29107.25,29107.75,29069.25,29098.75,13180.0
2026-05-18 16:00:00,29099.5,29110.0,29081.25,29082.25,5422.0
2026-05-19 09:30:00,28850.25,28999.0,28850.25,28957.75,23007.0
2026-05-19 09:35:00,28957.25,29068.0,28938.25,29038.0,17403.0
2026-05-19 09:40:00,29035.25,29044.25,28903.75,28909.75,15733.0
2026-05-19 09:45:00,28910.25,29009.25,28868.75,28945.25,16473.0
2026-05-19 09:50:00,28944.0,29010.0,28916.0,28998.25,11456.0
2026-05-19 09:55:00,28998.0,29028.0,28919.25,28937.75,11495.0
2026-05-19 10:00:00,28936.75,28944.0,28866.25,28915.5,13119.0
2026-05-19 10:05:00,28914.75,28926.0,28768.5,28792.75,16049.0
2026-05-19 10:10:00,28792.5,28829.25,28730.25,28736.75,15690.0
2026-05-19 10:15:00,28737.25,28747.0,28691.25,28709.75,15180.0
2026-05-19 10:20:00,28709.75,28729.0,28663.0,28728.5,13887.0
2026-05-19 10:25:00,28727.75,28755.0,28689.5,28711.75,11478.0
2026-05-19 10:30:00,28711.5,28765.0,28684.0,28700.75,11143.0
2026-05-19 10:35:00,28700.5,28770.75,28699.5,28762.75,8389.0
2026-05-19 10:40:00,28763.5,28801.0,28723.0,28744.75,9045.0
2026-05-19 10:45:00,28743.5,28759.75,28675.0,28709.5,8037.0
2026-05-19 10:50:00,28708.5,28762.0,28695.0,28741.0,6856.0
2026-05-19 10:55:00,28740.75,28807.0,28731.75,28804.0,6152.0
2026-05-19 11:00:00,28803.75,28835.0,28780.75,28811.5,7899.0
2026-05-19 11:05:00,28812.5,28818.5,28755.0,28793.25,6275.0
2026-05-19 11:10:00,28793.0,28836.0,28792.75,28827.75,4933.0
2026-05-19 11:15:00,28829.25,28860.0,28787.5,28788.25,6462.0
2026-05-19 11:20:00,28788.0,28819.5,28744.0,28745.75,6383.0
2026-05-19 11:25:00,28744.0,28795.5,28726.0,28770.75,5962.0
2026-05-19 11:30:00,28770.5,28838.25,28757.75,28793.5,7030.0
2026-05-19 11:35:00,28793.5,28856.5,28778.5,28844.25,5448.0
2026-05-19 11:40:00,28845.25,28877.75,28826.0,28855.0,5422.0
2026-05-19 11:45:00,28856.75,28863.5,28822.0,28853.25,4199.0
2026-05-19 11:50:00,28853.25,28859.0,28801.25,28821.25,4357.0
2026-05-19 11:55:00,28820.75,28824.5,28779.75,28815.75,4386.0
2026-05-19 12:00:00,28818.0,28880.5,28814.25,28870.75,5418.0
2026-05-19 12:05:00,28870.0,28874.25,28806.5,28808.25,4097.0
2026-05-19 12:10:00,28807.75,28831.5,28791.5,28814.5,4197.0
2026-05-19 12:15:00,28815.5,28867.0,28814.25,28861.25,5227.0
2026-05-19 12:20:00,28860.5,28877.75,28842.5,28877.75,3632.0
2026-05-19 12:25:00,28876.5,28922.75,28875.75,28910.75,5617.0
2026-05-19 12:30:00,28908.0,28955.25,28902.25,28946.5,5745.0
2026-05-19 12:35:00,28946.0,28971.5,28924.25,28966.25,4695.0
2026-05-19 12:40:00,28965.75,28990.25,28961.75,28989.0,4460.0
2026-05-19 12:45:00,28989.0,28996.0,28967.25,28981.0,4567.0
2026-05-19 12:50:00,28980.25,29024.0,28969.25,29023.5,4726.0
2026-05-19 12:55:00,29023.75,29034.75,29008.25,29021.75,4762.0
2026-05-19 13:00:00,29022.5,29057.5,29011.0,29054.75,5414.0
2026-05-19 13:05:00,29054.75,29072.25,29041.75,29070.0,5013.0
2026-05-19 13:10:00,29069.5,29080.5,29055.25,29073.75,4650.0
2026-05-19 13:15:00,29073.75,29105.25,29073.75,29101.75,5166.0
2026-05-19 13:20:00,29101.25,29126.5,29088.5,29112.5,5552.0
2026-05-19 13:25:00,29111.75,29116.0,29061.5,29082.0,6010.0
2026-05-19 13:30:00,29082.25,29119.0,29079.0,29081.5,4409.0
2026-05-19 13:35:00,29080.75,29106.0,29078.5,29100.0,3397.0
2026-05-19 13:40:00,29101.75,29112.25,29084.25,29089.5,3131.0
2026-05-19 13:45:00,29089.75,29092.0,29035.5,29064.75,5539.0
2026-05-19 13:50:00,29065.75,29066.0,29007.0,29036.0,4199.0
2026-05-19 13:55:00,29037.25,29073.0,29033.25,29068.75,3706.0
2026-05-19 14:00:00,29069.25,29090.25,29063.75,29082.5,3506.0
2026-05-19 14:05:00,29083.0,29100.0,29077.75,29094.25,2724.0
2026-05-19 14:10:00,29093.5,29101.75,29071.5,29072.5,2787.0
2026-05-19 14:15:00,29072.25,29081.75,29052.0,29061.25,3336.0
2026-05-19 14:20:00,29060.25,29062.75,29006.75,29038.25,4636.0
2026-05-19 14:25:00,29038.25,29065.5,29019.0,29023.5,4544.0
2026-05-19 14:30:00,29023.75,29049.0,29008.0,29041.0,3323.0
2026-05-19 14:35:00,29040.75,29061.5,29012.75,29015.5,3720.0
2026-05-19 14:40:00,29015.25,29027.0,29000.5,29017.25,3056.0
2026-05-19 14:45:00,29016.75,29022.0,28992.25,29017.0,3590.0
2026-05-19 14:50:00,29016.5,29020.75,28973.25,28975.5,3800.0
2026-05-19 14:55:00,28973.75,28973.75,28941.75,28959.5,5645.0
2026-05-19 15:00:00,28959.75,28997.75,28957.75,28977.5,4526.0
2026-05-19 15:05:00,28979.0,29016.75,28958.5,29006.5,4301.0
2026-05-19 15:10:00,29006.25,29055.0,29004.5,29053.0,4249.0
2026-05-19 15:15:00,29053.25,29059.75,29001.75,29002.75,3889.0
2026-05-19 15:20:00,29001.25,29012.0,28941.0,28941.75,4849.0
2026-05-19 15:25:00,28941.25,28982.75,28924.5,28977.5,4804.0
2026-05-19 15:30:00,28977.25,29004.0,28962.25,28968.5,3876.0
2026-05-19 15:35:00,28968.5,28975.75,28936.0,28953.25,3502.0
2026-05-19 15:40:00,28951.75,28954.75,28926.5,28931.75,3907.0
2026-05-19 15:45:00,28932.0,28942.0,28912.5,28919.75,4093.0
2026-05-19 15:50:00,28919.5,28936.5,28871.5,28881.5,6960.0
2026-05-19 15:55:00,28882.0,28929.0,28867.0,28923.25,14481.0
2026-05-19 16:00:00,28923.75,28929.75,28897.0,28902.25,4957.0
2026-05-20 09:30:00,29073.75,29154.5,29069.5,29135.5,17866.0
2026-05-20 09:35:00,29134.5,29142.0,29023.25,29066.5,16478.0
2026-05-20 09:40:00,29067.0,29150.0,29038.5,29142.5,13285.0
2026-05-20 09:45:00,29142.75,29194.75,29114.75,29134.75,14062.0
2026-05-20 09:50:00,29135.0,29165.75,29065.0,29084.0,12516.0
2026-05-20 09:55:00,29084.25,29107.5,29047.25,29100.5,8851.0
2026-05-20 10:00:00,29100.75,29119.75,29060.0,29077.0,9694.0
2026-05-20 10:05:00,29075.5,29100.75,29056.75,29073.75,6280.0
2026-05-20 10:10:00,29073.75,29130.0,29008.5,29088.25,13577.0
2026-05-20 10:15:00,29087.25,29233.75,29074.5,29167.0,16430.0
2026-05-20 10:20:00,29168.25,29227.0,29136.25,29143.5,11991.0
2026-05-20 10:25:00,29143.25,29210.5,29117.5,29209.75,8732.0
2026-05-20 10:30:00,29209.75,29263.0,29208.5,29214.5,12187.0
2026-05-20 10:35:00,29214.25,29225.25,29173.0,29202.25,7978.0
2026-05-20 10:40:00,29199.75,29224.75,29187.0,29223.75,4568.0
2026-05-20 10:45:00,29224.0,29236.75,29175.25,29197.75,5400.0
2026-05-20 10:50:00,29198.25,29253.5,29188.5,29244.25,4722.0
2026-05-20 10:55:00,29244.25,29279.5,29232.5,29261.25,7271.0
2026-05-20 11:00:00,29261.5,29281.5,29230.75,29238.75,4713.0
2026-05-20 11:05:00,29237.5,29265.0,29234.5,29257.5,4046.0
2026-05-20 11:10:00,29257.25,29265.0,29243.75,29256.0,3114.0
2026-05-20 11:15:00,29255.0,29395.5,29255.0,29323.5,20112.0
2026-05-20 11:20:00,29322.25,29345.0,29304.5,29314.5,7090.0
2026-05-20 11:25:00,29311.0,29322.0,29283.75,29289.25,5113.0
2026-05-20 11:30:00,29293.5,29326.75,29289.0,29326.75,4703.0
2026-05-20 11:35:00,29327.0,29334.25,29308.5,29314.25,4496.0
2026-05-20 11:40:00,29313.75,29329.0,29299.0,29319.75,3506.0
2026-05-20 11:45:00,29320.0,29345.75,29315.75,29344.25,2810.0
2026-05-20 11:50:00,29345.0,29358.75,29332.75,29345.75,4014.0
2026-05-20 11:55:00,29345.5,29351.5,29305.75,29331.5,4728.0
2026-05-20 12:00:00,29331.5,29337.5,29302.0,29315.25,3088.0
2026-05-20 12:05:00,29315.25,29329.0,29300.0,29311.75,2484.0
2026-05-20 12:10:00,29311.75,29319.0,29286.25,29299.25,2987.0
2026-05-20 12:15:00,29299.5,29300.5,29247.25,29258.5,4782.0
2026-05-20 12:20:00,29258.75,29267.5,29225.75,29239.0,6415.0
2026-05-20 12:25:00,29239.25,29242.25,29210.0,29235.75,5306.0
2026-05-20 12:30:00,29236.25,29265.5,29221.0,29232.5,5810.0
2026-05-20 12:35:00,29232.5,29253.25,29222.25,29234.0,3608.0
2026-05-20 12:40:00,29234.5,29289.0,29229.0,29288.25,5413.0
2026-05-20 12:45:00,29287.5,29296.25,29236.5,29254.5,5501.0
2026-05-20 12:50:00,29254.5,29272.0,29250.5,29268.75,2390.0
2026-05-20 12:55:00,29269.25,29274.25,29224.5,29261.75,3817.0
2026-05-20 13:00:00,29263.0,29283.75,29244.25,29249.25,3532.0
2026-05-20 13:05:00,29248.75,29260.0,29236.5,29243.0,1959.0
2026-05-20 13:10:00,29244.75,29304.75,29229.0,29282.75,5455.0
2026-05-20 13:15:00,29282.5,29290.75,29261.0,29278.25,2680.0
2026-05-20 13:20:00,29278.25,29295.75,29262.75,29271.75,1995.0
2026-05-20 13:25:00,29271.75,29306.0,29267.25,29294.5,3268.0
2026-05-20 13:30:00,29295.25,29311.0,29273.75,29287.5,2757.0
2026-05-20 13:35:00,29286.0,29326.0,29282.25,29307.0,3873.0
2026-05-20 13:40:00,29306.0,29309.0,29290.0,29302.75,1951.0
2026-05-20 13:45:00,29304.0,29310.75,29287.75,29300.25,2055.0
2026-05-20 13:50:00,29300.0,29306.25,29284.0,29284.25,2608.0
2026-05-20 13:55:00,29285.0,29304.5,29282.25,29301.25,2021.0
2026-05-20 14:00:00,29302.5,29322.75,29275.25,29319.75,3412.0
2026-05-20 14:05:00,29319.25,29326.0,29305.75,29313.25,2199.0
2026-05-20 14:10:00,29313.75,29320.25,29297.75,29307.25,1772.0
2026-05-20 14:15:00,29307.25,29317.0,29299.0,29304.75,2052.0
2026-05-20 14:20:00,29305.0,29311.75,29279.5,29281.75,2799.0
2026-05-20 14:25:00,29282.0,29307.0,29278.25,29305.5,2899.0
2026-05-20 14:30:00,29306.25,29317.0,29299.5,29311.0,2232.0
2026-05-20 14:35:00,29310.75,29345.0,29308.5,29334.75,3083.0
2026-05-20 14:40:00,29334.5,29338.25,29296.0,29298.25,3440.0
2026-05-20 14:45:00,29297.75,29316.25,29293.0,29303.5,2662.0
2026-05-20 14:50:00,29303.0,29312.0,29288.25,29297.75,2068.0
2026-05-20 14:55:00,29298.0,29313.5,29296.75,29300.5,1635.0
2026-05-20 15:00:00,29301.25,29328.75,29298.25,29309.5,2861.0
2026-05-20 15:05:00,29309.5,29322.75,29302.25,29319.25,1939.0
2026-05-20 15:10:00,29318.5,29338.75,29313.25,29337.5,2430.0
2026-05-20 15:15:00,29337.5,29349.75,29333.0,29339.75,3556.0
2026-05-20 15:20:00,29339.75,29349.75,29334.5,29343.75,2144.0
2026-05-20 15:25:00,29344.25,29349.5,29329.75,29340.25,3207.0
2026-05-20 15:30:00,29340.75,29346.5,29326.75,29339.75,2896.0
2026-05-20 15:35:00,29340.0,29377.0,29332.0,29360.25,4691.0
2026-05-20 15:40:00,29359.5,29361.75,29348.5,29354.25,2309.0
2026-05-20 15:45:00,29353.25,29372.25,29345.25,29358.75,3448.0
2026-05-20 15:50:00,29358.25,29384.0,29336.25,29363.5,6319.0
2026-05-20 15:55:00,29362.75,29396.75,29350.5,29396.0,13746.0
2026-05-20 16:00:00,29395.5,29397.5,29351.25,29355.75,6145.0
2026-05-21 09:30:00,29215.5,29266.25,29174.0,29264.5,17727.0
2026-05-21 09:35:00,29266.5,29268.5,29190.75,29212.5,12872.0
2026-05-21 09:40:00,29212.0,29264.5,29183.0,29214.0,9208.0
2026-05-21 09:45:00,29216.25,29252.0,29192.25,29202.0,9954.0
2026-05-21 09:50:00,29203.0,29298.0,29188.0,29294.5,15481.0
2026-05-21 09:55:00,29294.25,29315.0,29243.25,29288.25,10589.0
2026-05-21 10:00:00,29287.5,29340.0,29283.25,29306.5,9905.0
2026-05-21 10:05:00,29306.0,29322.0,29270.75,29321.0,7659.0
2026-05-21 10:10:00,29320.75,29323.75,29251.25,29267.0,8564.0
2026-05-21 10:15:00,29267.0,29276.75,29187.5,29189.5,11571.0
2026-05-21 10:20:00,29189.0,29193.25,29127.0,29158.0,12955.0
2026-05-21 10:25:00,29159.0,29197.5,29141.75,29190.0,8812.0
2026-05-21 10:30:00,29189.25,29237.0,29175.75,29196.5,7999.0
2026-05-21 10:35:00,29196.25,29255.75,29194.0,29241.0,6212.0
2026-05-21 10:40:00,29239.75,29246.25,29197.5,29236.0,7019.0
2026-05-21 10:45:00,29234.5,29245.75,29171.75,29199.0,6510.0
2026-05-21 10:50:00,29199.0,29227.75,29166.0,29222.25,6328.0
2026-05-21 10:55:00,29222.25,29253.5,29207.5,29235.75,5301.0
2026-05-21 11:00:00,29235.5,29244.75,29200.0,29212.75,5548.0
2026-05-21 11:05:00,29212.5,29216.0,29142.0,29166.75,7637.0
2026-05-21 11:10:00,29166.75,29249.25,29139.0,29233.0,9634.0
2026-05-21 11:15:00,29233.0,29248.25,29219.5,29244.0,5346.0
2026-05-21 11:20:00,29243.5,29263.5,29225.75,29239.5,5234.0
2026-05-21 11:25:00,29238.25,29255.75,29227.5,29234.75,4387.0
2026-05-21 11:30:00,29234.5,29243.25,29175.5,29185.5,5291.0
2026-05-21 11:35:00,29185.5,29256.25,29176.25,29253.75,5487.0
2026-05-21 11:40:00,29254.75,29274.75,29243.5,29258.0,4451.0
2026-05-21 11:45:00,29257.5,29298.25,29257.0,29295.5,4560.0
2026-05-21 11:50:00,29295.25,29304.5,29277.5,29286.25,3243.0
2026-05-21 11:55:00,29287.0,29291.75,29262.25,29266.25,3104.0
2026-05-21 12:00:00,29267.0,29298.5,29265.25,29290.75,3714.0
2026-05-21 12:05:00,29290.0,29310.5,29268.0,29308.75,3103.0
2026-05-21 12:10:00,29308.75,29309.75,29263.0,29275.25,4507.0
2026-05-21 12:15:00,29274.75,29282.5,29253.25,29263.0,2586.0
2026-05-21 12:20:00,29263.75,29274.0,29215.25,29243.25,3646.0
2026-05-21 12:25:00,29243.75,29252.0,29229.25,29247.75,2406.0
2026-05-21 12:30:00,29247.25,29268.0,29240.0,29262.5,2387.0
2026-05-21 12:35:00,29263.25,29273.75,29232.0,29252.25,2544.0
2026-05-21 12:40:00,29252.5,29263.25,29239.0,29254.5,1642.0
2026-05-21 12:45:00,29256.25,29270.0,29220.25,29232.5,2602.0
2026-05-21 12:50:00,29231.75,29249.25,29207.75,29239.25,2641.0
2026-05-21 12:55:00,29239.25,29258.75,29236.5,29257.75,1964.0
2026-05-21 13:00:00,29258.75,29292.5,29258.25,29275.5,3566.0
2026-05-21 13:05:00,29276.5,29291.75,29274.75,29283.5,2397.0
2026-05-21 13:10:00,29283.75,29382.0,29283.25,29343.25,11588.0
2026-05-21 13:15:00,29344.5,29437.75,29335.25,29412.0,10607.0
2026-05-21 13:20:00,29411.25,29478.25,29365.5,29415.75,11076.0
2026-05-21 13:25:00,29414.25,29432.75,29401.75,29412.75,3375.0
2026-05-21 13:30:00,29412.5,29451.25,29407.25,29436.25,4346.0
2026-05-21 13:35:00,29437.25,29463.5,29434.0,29459.75,3377.0
2026-05-21 13:40:00,29459.75,29496.25,29459.5,29493.0,5267.0
2026-05-21 13:45:00,29493.75,29504.25,29470.0,29500.5,3370.0
2026-05-21 13:50:00,29501.25,29545.0,29485.0,29541.25,5114.0
2026-05-21 13:55:00,29542.25,29554.0,29495.0,29497.25,5709.0
2026-05-21 14:00:00,29497.0,29521.5,29461.0,29467.25,6245.0
2026-05-21 14:05:00,29468.0,29498.75,29459.5,29484.75,3802.0
2026-05-21 14:10:00,29485.25,29489.75,29445.0,29450.75,4271.0
2026-05-21 14:15:00,29451.75,29467.5,29428.0,29465.0,3830.0
2026-05-21 14:20:00,29466.25,29478.0,29445.5,29473.0,3541.0
2026-05-21 14:25:00,29472.5,29476.75,29452.0,29459.0,2585.0
2026-05-21 14:30:00,29459.75,29468.75,29442.75,29454.5,2914.0
2026-05-21 14:35:00,29454.25,29459.75,29435.0,29442.75,2367.0
2026-05-21 14:40:00,29442.75,29469.5,29440.75,29457.5,2672.0
2026-05-21 14:45:00,29456.25,29465.75,29384.75,29406.0,6601.0
2026-05-21 14:50:00,29406.25,29431.25,29306.5,29309.25,9243.0
2026-05-21 14:55:00,29308.5,29337.5,29293.25,29337.0,7391.0
2026-05-21 15:00:00,29338.5,29379.5,29335.25,29375.0,4893.0
2026-05-21 15:05:00,29375.0,29402.5,29344.5,29398.5,4325.0
2026-05-21 15:10:00,29397.5,29413.0,29380.0,29412.25,3185.0
2026-05-21 15:15:00,29411.75,29429.75,29405.0,29429.25,3132.0
2026-05-21 15:20:00,29429.0,29434.5,29405.25,29424.25,2691.0
2026-05-21 15:25:00,29425.0,29439.25,29413.0,29427.5,3355.0
2026-05-21 15:30:00,29428.0,29437.25,29407.25,29409.0,2779.0
2026-05-21 15:35:00,29409.0,29435.0,29408.25,29430.75,2519.0
2026-05-21 15:40:00,29430.5,29444.5,29403.0,29416.5,4294.0
2026-05-21 15:45:00,29416.75,29432.75,29405.0,29426.75,2735.0
2026-05-21 15:50:00,29427.0,29449.5,29401.5,29416.5,6438.0
2026-05-21 15:55:00,29417.25,29466.0,29399.0,29445.25,13877.0
2026-05-21 16:00:00,29445.5,29467.75,29433.75,29459.0,3880.0
2026-05-22 09:30:00,29580.0,29657.75,29551.25,29648.75,19942.0
2026-05-22 09:35:00,29649.0,29697.5,29634.25,29691.0,11115.0
2026-05-22 09:40:00,29690.75,29715.5,29615.5,29642.25,12722.0
2026-05-22 09:45:00,29642.0,29667.75,29613.0,29631.0,7797.0
2026-05-22 09:50:00,29631.0,29633.25,29587.5,29624.75,8374.0
2026-05-22 09:55:00,29624.5,29645.0,29591.5,29640.5,6359.0
2026-05-22 10:00:00,29643.0,29643.0,29532.75,29568.0,10813.0
2026-05-22 10:05:00,29568.0,29570.25,29515.5,29563.75,8737.0
2026-05-22 10:10:00,29564.25,29587.5,29550.0,29564.25,6338.0
2026-05-22 10:15:00,29565.0,29599.0,29544.75,29549.75,7041.0
2026-05-22 10:20:00,29549.75,29559.0,29490.25,29519.0,7521.0
2026-05-22 10:25:00,29518.75,29566.75,29511.25,29564.25,6718.0
2026-05-22 10:30:00,29563.75,29598.75,29553.0,29594.75,6076.0
2026-05-22 10:35:00,29594.5,29617.25,29584.75,29605.75,6137.0
2026-05-22 10:40:00,29605.5,29637.25,29602.5,29635.75,5016.0
2026-05-22 10:45:00,29635.5,29640.75,29607.25,29630.5,4797.0
2026-05-22 10:50:00,29631.0,29633.75,29612.5,29627.0,3148.0
2026-05-22 10:55:00,29627.5,29655.0,29623.75,29647.25,4539.0
2026-05-22 11:00:00,29647.0,29675.0,29644.5,29670.0,4540.0
2026-05-22 11:05:00,29669.75,29693.75,29669.75,29691.75,5354.0
2026-05-22 11:10:00,29692.0,29696.0,29678.75,29688.75,3560.0
2026-05-22 11:15:00,29689.0,29702.5,29682.0,29700.0,4020.0
2026-05-22 11:20:00,29700.0,29702.0,29675.25,29681.25,4215.0
2026-05-22 11:25:00,29680.75,29708.75,29668.75,29708.5,4298.0
2026-05-22 11:30:00,29708.0,29713.75,29690.25,29693.5,4602.0
2026-05-22 11:35:00,29692.5,29707.0,29683.5,29690.75,2815.0
2026-05-22 11:40:00,29690.25,29699.5,29678.0,29695.0,2516.0
2026-05-22 11:45:00,29695.25,29696.0,29660.0,29663.0,2782.0
2026-05-22 11:50:00,29663.25,29694.25,29661.25,29686.75,3740.0
2026-05-22 11:55:00,29687.0,29691.75,29679.0,29687.5,2236.0
2026-05-22 12:00:00,29687.0,29694.75,29666.0,29684.25,3220.0
2026-05-22 12:05:00,29684.75,29690.0,29668.5,29676.5,2483.0
2026-05-22 12:10:00,29677.0,29686.75,29665.0,29681.25,2297.0
2026-05-22 12:15:00,29680.25,29681.25,29645.0,29647.25,3933.0
2026-05-22 12:20:00,29646.75,29665.5,29642.25,29643.75,2645.0
2026-05-22 12:25:00,29643.75,29667.25,29640.25,29666.0,3086.0
2026-05-22 12:30:00,29666.5,29677.5,29640.5,29641.5,3659.0
2026-05-22 12:35:00,29641.5,29659.25,29632.5,29645.0,3030.0
2026-05-22 12:40:00,29644.25,29654.0,29634.0,29640.75,2441.0
2026-05-22 12:45:00,29640.75,29663.0,29639.25,29645.5,2307.0
2026-05-22 12:50:00,29646.25,29669.5,29643.5,29666.5,1929.0
2026-05-22 12:55:00,29666.75,29673.75,29650.75,29671.5,2505.0
2026-05-22 13:00:00,29671.75,29700.0,29671.75,29699.5,3282.0
2026-05-22 13:05:00,29698.75,29704.5,29691.0,29697.5,2549.0
2026-05-22 13:10:00,29697.75,29703.5,29689.0,29696.75,2465.0
2026-05-22 13:15:00,29697.75,29704.0,29647.5,29653.5,3243.0
2026-05-22 13:20:00,29655.75,29686.5,29645.0,29685.0,3557.0
2026-05-22 13:25:00,29684.75,29737.25,29678.0,29736.5,9532.0
2026-05-22 13:30:00,29736.75,29749.0,29696.0,29697.5,6140.0
2026-05-22 13:35:00,29698.0,29720.25,29684.75,29716.75,3427.0
2026-05-22 13:40:00,29716.5,29718.0,29700.5,29702.25,2438.0
2026-05-22 13:45:00,29702.25,29709.0,29691.25,29693.0,2446.0
2026-05-22 13:50:00,29692.75,29696.75,29661.5,29674.25,3372.0
2026-05-22 13:55:00,29674.75,29694.5,29671.25,29678.5,2261.0
2026-05-22 14:00:00,29679.25,29688.75,29646.0,29666.5,4918.0
2026-05-22 14:05:00,29665.5,29682.0,29660.25,29677.75,1526.0
2026-05-22 14:10:00,29678.5,29687.5,29657.5,29664.5,1681.0
2026-05-22 14:15:00,29664.5,29673.25,29650.5,29662.5,2167.0
2026-05-22 14:20:00,29662.5,29673.75,29657.0,29671.25,1642.0
2026-05-22 14:25:00,29671.0,29673.75,29655.25,29660.5,1833.0
2026-05-22 14:30:00,29661.0,29664.5,29643.0,29650.5,2056.0
2026-05-22 14:35:00,29650.5,29664.0,29624.0,29654.25,4818.0
2026-05-22 14:40:00,29654.5,29674.25,29651.5,29666.5,2761.0
2026-05-22 14:45:00,29667.25,29672.25,29642.25,29647.5,2506.0
2026-05-22 14:50:00,29648.0,29667.75,29641.25,29661.25,2711.0
2026-05-22 14:55:00,29661.25,29661.5,29646.5,29650.25,1722.0
2026-05-22 15:00:00,29650.5,29664.5,29602.5,29620.75,5418.0
2026-05-22 15:05:00,29621.0,29626.25,29590.75,29611.0,4735.0
2026-05-22 15:10:00,29610.5,29620.0,29588.0,29599.75,3288.0
2026-05-22 15:15:00,29600.25,29603.5,29576.75,29594.5,4011.0
2026-05-22 15:20:00,29595.0,29595.0,29571.0,29577.5,3295.0
2026-05-22 15:25:00,29577.25,29580.0,29543.25,29551.0,3916.0
2026-05-22 15:30:00,29551.5,29574.0,29533.0,29570.75,4784.0
2026-05-22 15:35:00,29571.0,29588.5,29560.75,29576.5,3514.0
2026-05-22 15:40:00,29575.5,29581.5,29550.75,29561.0,2821.0
2026-05-22 15:45:00,29561.25,29561.75,29532.0,29554.5,3558.0
2026-05-22 15:50:00,29554.25,29563.75,29534.0,29545.25,5434.0
2026-05-22 15:55:00,29545.25,29582.75,29543.5,29551.25,10722.0
2026-05-22 16:00:00,29551.75,29580.75,29541.5,29551.5,5314.0
2026-05-26 09:30:00,29902.75,29935.0,29842.0,29852.75,21490.0
2026-05-26 09:35:00,29853.5,29864.75,29826.75,29860.0,10511.0
2026-05-26 09:40:00,29859.75,29938.0,29852.0,29934.0,11914.0
2026-05-26 09:45:00,29933.5,29985.75,29929.25,29973.5,12618.0
2026-05-26 09:50:00,29973.75,29981.25,29914.0,29959.0,12994.0
2026-05-26 09:55:00,29959.5,30007.0,29949.0,30007.0,10229.0
2026-05-26 10:00:00,30006.75,30020.0,29976.0,29992.25,9098.0
2026-05-26 10:05:00,29992.0,30010.25,29976.5,30004.0,5707.0
2026-05-26 10:10:00,30003.75,30030.0,29989.0,30028.25,6330.0
2026-05-26 10:15:00,30028.75,30049.0,30008.0,30046.5,6993.0
2026-05-26 10:20:00,30047.0,30065.25,30033.5,30062.25,6859.0
2026-05-26 10:25:00,30062.75,30084.0,30053.0,30067.75,7697.0
2026-05-26 10:30:00,30067.5,30081.5,30060.75,30078.5,6002.0
2026-05-26 10:35:00,30078.75,30118.75,30076.75,30100.25,7864.0
2026-05-26 10:40:00,30099.5,30118.25,30094.75,30105.5,4930.0
2026-05-26 10:45:00,30105.25,30113.25,30075.75,30080.25,5360.0
2026-05-26 10:50:00,30080.5,30095.25,30065.5,30072.75,5166.0
2026-05-26 10:55:00,30073.5,30076.75,30053.0,30054.75,5640.0
2026-05-26 11:00:00,30055.5,30066.75,30032.75,30042.75,7702.0
2026-05-26 11:05:00,30043.25,30052.25,30003.75,30045.0,8400.0
2026-05-26 11:10:00,30044.0,30045.25,30012.0,30038.25,7036.0
2026-05-26 11:15:00,30037.75,30038.25,29996.25,30023.5,7475.0
2026-05-26 11:20:00,30023.25,30026.75,29992.5,30010.5,5043.0
2026-05-26 11:25:00,30011.25,30029.5,29994.0,29999.25,5648.0
2026-05-26 11:30:00,29999.0,30005.25,29974.25,29998.25,6336.0
2026-05-26 11:35:00,29997.25,30007.5,29960.25,29988.5,5574.0
2026-05-26 11:40:00,29988.5,29993.0,29965.25,29972.0,4380.0
2026-05-26 11:45:00,29972.25,29981.75,29940.0,29947.0,6998.0
2026-05-26 11:50:00,29946.75,29953.25,29900.25,29909.75,8201.0
2026-05-26 11:55:00,29909.25,29931.0,29886.0,29927.25,7736.0
2026-05-26 12:00:00,29926.75,29970.75,29921.75,29962.5,5601.0
2026-05-26 12:05:00,29962.25,29979.5,29936.25,29944.0,4518.0
2026-05-26 12:10:00,29944.0,29957.75,29926.0,29938.5,4943.0
2026-05-26 12:15:00,29938.5,29957.5,29928.0,29953.25,3346.0
2026-05-26 12:20:00,29953.0,29970.5,29937.0,29970.25,3293.0
2026-05-26 12:25:00,29970.0,29992.5,29966.5,29992.25,4088.0
2026-05-26 12:30:00,29992.0,30013.75,29989.75,30009.0,4777.0
2026-05-26 12:35:00,30009.25,30015.5,29994.5,29994.75,3288.0
2026-05-26 12:40:00,29995.25,29997.5,29961.75,29964.0,3880.0
2026-05-26 12:45:00,29963.5,29983.25,29948.0,29948.5,4579.0
2026-05-26 12:50:00,29948.0,29977.25,29948.0,29973.75,3628.0
2026-05-26 12:55:00,29973.75,29984.5,29969.0,29974.75,2688.0
2026-05-26 13:00:00,29975.5,30002.25,29968.0,29992.75,3244.0
2026-05-26 13:05:00,29993.0,29998.5,29968.75,29976.5,3288.0
2026-05-26 13:10:00,29976.75,29993.0,29970.0,29986.75,2541.0
2026-05-26 13:15:00,29987.0,29990.75,29965.25,29969.25,2835.0
2026-05-26 13:20:00,29967.5,29987.75,29956.5,29962.25,3708.0
2026-05-26 13:25:00,29962.0,29972.5,29954.5,29969.25,2734.0
2026-05-26 13:30:00,29970.0,29992.75,29958.5,29992.5,3379.0
2026-05-26 13:35:00,29992.0,30002.0,29980.5,29981.0,2843.0
2026-05-26 13:40:00,29980.75,29991.75,29969.0,29985.25,2684.0
2026-05-26 13:45:00,29986.0,30013.25,29985.0,30009.25,2494.0
2026-05-26 13:50:00,30008.75,30013.25,30000.75,30000.75,2111.0
2026-05-26 13:55:00,30000.75,30005.0,29987.25,29996.75,2795.0
2026-05-26 14:00:00,29996.5,30013.5,29982.0,30010.0,3009.0
2026-05-26 14:05:00,30010.0,30016.25,30001.75,30014.5,2040.0
2026-05-26 14:10:00,30014.5,30031.0,30011.5,30025.0,3472.0
2026-05-26 14:15:00,30025.5,30043.75,30022.5,30043.0,3124.0
2026-05-26 14:20:00,30043.75,30054.0,30033.5,30046.0,3598.0
2026-05-26 14:25:00,30046.5,30054.25,30040.5,30046.0,3245.0
2026-05-26 14:30:00,30046.0,30060.75,30044.75,30058.25,3348.0
2026-05-26 14:35:00,30058.25,30060.5,30039.25,30045.5,3017.0
2026-05-26 14:40:00,30046.5,30049.0,30030.25,30031.0,2920.0
2026-05-26 14:45:00,30031.0,30039.0,30025.0,30025.75,2153.0
2026-05-26 14:50:00,30026.25,30045.75,30020.5,30036.75,3063.0
2026-05-26 14:55:00,30037.0,30041.25,30008.75,30014.5,3384.0
2026-05-26 15:00:00,30014.0,30024.75,30005.75,30024.25,3209.0
2026-05-26 15:05:00,30024.25,30050.0,30015.75,30047.75,3156.0
2026-05-26 15:10:00,30048.0,30057.75,30042.25,30051.75,2964.0
2026-05-26 15:15:00,30052.0,30062.5,30049.0,30054.5,2613.0
2026-05-26 15:20:00,30054.75,30061.0,30046.0,30055.25,2729.0
2026-05-26 15:25:00,30055.0,30058.75,30044.75,30053.0,2291.0
2026-05-26 15:30:00,30052.75,30078.5,30051.5,30070.25,3716.0
2026-05-26 15:35:00,30070.75,30087.25,30066.5,30084.75,3647.0
2026-05-26 15:40:00,30084.5,30095.25,30080.75,30091.75,3725.0
2026-05-26 15:45:00,30092.0,30100.0,30082.0,30096.0,3614.0
2026-05-26 15:50:00,30095.75,30112.0,30084.0,30098.25,8330.0
2026-05-26 15:55:00,30098.0,30100.0,30067.75,30079.25,14368.0
2026-05-26 16:00:00,30079.25,30084.0,30061.0,30069.0,5425.0
2026-05-27 09:30:00,30187.5,30192.0,30125.75,30140.25,22785.0
2026-05-27 09:35:00,30140.75,30153.5,30053.75,30065.75,18176.0
2026-05-27 09:40:00,30065.5,30068.75,29965.0,29981.75,19638.0
2026-05-27 09:45:00,29982.0,30032.25,29937.0,29997.75,16933.0
2026-05-27 09:50:00,29997.75,30077.0,29986.5,30026.0,15013.0
2026-05-27 09:55:00,30026.25,30063.0,29990.0,30059.75,11893.0
2026-05-27 10:00:00,30060.75,30099.25,30034.0,30083.25,11764.0
2026-05-27 10:05:00,30083.5,30090.5,30000.5,30022.25,13181.0
2026-05-27 10:10:00,30022.5,30030.75,29982.5,30015.5,9597.0
2026-05-27 10:15:00,30015.5,30057.25,30000.75,30034.5,8522.0
2026-05-27 10:20:00,30034.0,30043.0,29961.75,29964.75,12648.0
2026-05-27 10:25:00,29966.0,29966.0,29888.25,29916.0,14452.0
2026-05-27 10:30:00,29916.75,29948.75,29877.5,29948.75,13648.0
2026-05-27 10:35:00,29948.25,30003.5,29930.5,29998.5,8879.0
2026-05-27 10:40:00,29998.25,30024.0,29972.5,29993.75,8286.0
2026-05-27 10:45:00,29993.75,30024.0,29975.5,29976.0,6261.0
2026-05-27 10:50:00,29976.25,30014.25,29974.5,30003.75,4640.0
2026-05-27 10:55:00,30002.25,30004.5,29923.25,29940.75,7853.0
2026-05-27 11:00:00,29940.5,29954.5,29914.75,29930.75,7440.0
2026-05-27 11:05:00,29931.0,29963.5,29908.5,29960.5,5327.0
2026-05-27 11:10:00,29960.25,29977.75,29948.0,29950.5,4140.0
2026-05-27 11:15:00,29950.75,29952.0,29899.0,29903.25,5875.0
2026-05-27 11:20:00,29901.5,29927.0,29883.25,29923.5,6354.0
2026-05-27 11:25:00,29923.0,29951.75,29919.0,29951.75,5138.0
2026-05-27 11:30:00,29951.5,29981.25,29947.25,29967.0,6540.0
2026-05-27 11:35:00,29967.25,29970.75,29905.75,29909.25,5598.0
2026-05-27 11:40:00,29909.25,29928.25,29884.5,29890.5,6539.0
2026-05-27 11:45:00,29890.25,29923.75,29882.5,29900.75,6096.0
2026-05-27 11:50:00,29901.25,29939.5,29888.25,29924.0,6259.0
2026-05-27 11:55:00,29922.75,29943.5,29904.25,29936.0,3995.0
2026-05-27 12:00:00,29934.75,29958.0,29917.25,29928.25,5638.0
2026-05-27 12:05:00,29927.5,29972.0,29927.25,29972.0,3947.0
2026-05-27 12:10:00,29971.75,30001.75,29965.0,29996.0,5412.0
2026-05-27 12:15:00,29996.5,30009.25,29977.25,29988.5,4878.0
2026-05-27 12:20:00,29989.5,30017.0,29985.75,30012.75,4137.0
2026-05-27 12:25:00,30012.75,30014.0,29982.25,29991.75,2960.0
2026-05-27 12:30:00,29990.75,30004.25,29973.25,29990.25,3359.0
2026-05-27 12:35:00,29991.25,30018.25,29987.5,30015.75,2847.0
2026-05-27 12:40:00,30015.75,30039.5,30013.75,30030.0,3780.0
2026-05-27 12:45:00,30031.0,30047.0,30025.0,30046.5,3980.0
2026-05-27 12:50:00,30046.25,30048.25,30002.0,30009.0,3847.0
2026-05-27 12:55:00,30009.0,30009.25,29975.25,29988.0,3754.0
2026-05-27 13:00:00,29989.75,29997.25,29965.0,29974.25,3151.0
2026-05-27 13:05:00,29975.5,29982.75,29894.75,29898.5,7472.0
2026-05-27 13:10:00,29898.25,29932.25,29896.5,29921.5,5067.0
2026-05-27 13:15:00,29920.5,29948.0,29913.25,29944.25,3688.0
2026-05-27 13:20:00,29944.5,29970.75,29939.5,29967.75,3475.0
2026-05-27 13:25:00,29968.0,29976.0,29954.75,29956.25,2606.0
2026-05-27 13:30:00,29956.75,29978.75,29955.75,29970.75,3061.0
2026-05-27 13:35:00,29971.0,29990.5,29968.5,29972.5,2897.0
2026-05-27 13:40:00,29973.0,29978.5,29943.0,29947.5,3698.0
2026-05-27 13:45:00,29947.75,29966.5,29942.25,29966.5,3128.0
2026-05-27 13:50:00,29966.25,29986.5,29963.0,29985.25,2495.0
2026-05-27 13:55:00,29985.5,29994.75,29971.25,29972.5,2724.0
2026-05-27 14:00:00,29972.5,29986.25,29963.0,29982.75,2770.0
2026-05-27 14:05:00,29983.25,30005.75,29966.5,29994.0,3132.0
2026-05-27 14:10:00,29994.0,30002.25,29980.25,29997.25,2474.0
2026-05-27 14:15:00,29997.5,30015.0,29991.5,30010.5,2587.0
2026-05-27 14:20:00,30010.0,30036.0,30007.0,30035.5,3254.0
2026-05-27 14:25:00,30035.75,30054.25,30034.25,30053.5,4617.0
2026-05-27 14:30:00,30053.25,30060.25,30043.5,30053.25,3731.0
2026-05-27 14:35:00,30053.5,30056.25,30023.0,30043.25,3249.0
2026-05-27 14:40:00,30043.75,30056.25,30037.75,30047.5,3302.0
2026-05-27 14:45:00,30047.5,30055.0,30037.25,30038.25,2580.0
2026-05-27 14:50:00,30038.25,30055.0,30033.0,30039.5,3393.0
2026-05-27 14:55:00,30040.5,30055.0,30035.75,30038.75,2318.0
2026-05-27 15:00:00,30039.0,30055.0,30024.5,30052.25,2827.0
2026-05-27 15:05:00,30052.75,30062.25,30035.5,30045.0,3070.0
2026-05-27 15:10:00,30044.0,30051.5,30036.0,30042.0,2429.0
2026-05-27 15:15:00,30041.25,30053.5,30038.5,30041.25,2288.0
2026-05-27 15:20:00,30042.25,30051.75,30040.25,30045.0,2094.0
2026-05-27 15:25:00,30045.5,30046.5,30009.5,30027.25,3781.0
2026-05-27 15:30:00,30027.0,30050.25,30025.25,30041.0,3653.0
2026-05-27 15:35:00,30041.25,30072.0,30040.0,30063.0,4236.0
2026-05-27 15:40:00,30062.25,30066.5,30050.75,30066.0,2916.0
2026-05-27 15:45:00,30066.0,30066.5,30046.0,30047.75,3184.0
2026-05-27 15:50:00,30047.5,30059.5,30034.25,30038.75,5262.0
2026-05-27 15:55:00,30038.25,30055.25,30034.75,30047.25,10402.0
2026-05-27 16:00:00,30047.0,30058.0,30038.5,30055.75,3336.0
2026-05-28 09:30:00,30053.0,30112.0,30005.5,30010.75,19399.0
2026-05-28 09:35:00,30009.5,30025.75,29980.0,29981.75,13141.0
2026-05-28 09:40:00,29981.5,29993.5,29943.25,29955.5,11739.0
2026-05-28 09:45:00,29954.75,29975.25,29928.75,29932.0,11810.0
2026-05-28 09:50:00,29931.75,29999.0,29920.25,29953.25,12532.0
2026-05-28 09:55:00,29953.25,29998.0,29949.25,29990.75,6928.0
2026-05-28 10:00:00,29992.25,30019.5,29963.25,29992.0,9331.0
2026-05-28 10:05:00,29992.5,30046.5,29976.25,30046.5,8488.0
2026-05-28 10:10:00,30046.5,30187.0,30006.25,30161.25,21917.0
2026-05-28 10:15:00,30161.0,30173.25,30105.0,30142.75,11150.0
2026-05-28 10:20:00,30142.75,30154.0,30062.5,30092.0,8582.0
2026-05-28 10:25:00,30092.0,30149.5,30086.5,30147.5,6288.0
2026-05-28 10:30:00,30148.0,30166.25,30110.5,30111.0,8169.0
2026-05-28 10:35:00,30110.75,30147.5,30107.5,30126.5,5975.0
2026-05-28 10:40:00,30126.75,30171.25,30122.25,30167.25,6285.0
2026-05-28 10:45:00,30168.5,30180.0,30123.25,30142.25,7964.0
2026-05-28 10:50:00,30142.75,30180.5,30141.0,30169.25,4610.0
2026-05-28 10:55:00,30168.25,30191.5,30161.25,30187.75,5019.0
2026-05-28 11:00:00,30188.0,30235.75,30180.75,30232.25,7016.0
2026-05-28 11:05:00,30232.5,30244.0,30216.25,30234.0,5586.0
2026-05-28 11:10:00,30234.25,30240.75,30219.75,30221.0,3605.0
2026-05-28 11:15:00,30221.5,30240.25,30209.25,30231.5,4282.0
2026-05-28 11:20:00,30232.25,30249.5,30229.25,30243.25,4000.0
2026-05-28 11:25:00,30243.5,30274.75,30239.75,30262.5,6021.0
2026-05-28 11:30:00,30262.5,30284.75,30256.75,30279.75,4243.0
2026-05-28 11:35:00,30279.75,30293.0,30271.0,30282.5,4593.0
2026-05-28 11:40:00,30282.5,30283.0,30261.5,30261.5,3522.0
2026-05-28 11:45:00,30261.75,30271.25,30251.0,30255.5,3420.0
2026-05-28 11:50:00,30255.75,30281.0,30255.75,30256.75,3429.0
2026-05-28 11:55:00,30255.75,30273.25,30252.0,30264.5,2873.0
2026-05-28 12:00:00,30264.75,30267.75,30238.5,30255.0,3698.0
2026-05-28 12:05:00,30255.5,30277.5,30254.0,30273.5,3021.0
2026-05-28 12:10:00,30273.75,30283.0,30269.25,30274.5,2957.0
2026-05-28 12:15:00,30274.25,30303.0,30268.0,30300.75,3863.0
2026-05-28 12:20:00,30300.75,30318.25,30284.75,30312.0,4444.0
2026-05-28 12:25:00,30312.0,30315.0,30300.0,30301.75,3058.0
2026-05-28 12:30:00,30302.0,30303.25,30283.75,30288.0,2930.0
2026-05-28 12:35:00,30288.25,30298.5,30277.5,30293.5,2509.0
2026-05-28 12:40:00,30294.0,30309.75,30293.0,30306.75,2259.0
2026-05-28 12:45:00,30306.5,30318.5,30303.0,30306.0,2163.0
2026-05-28 12:50:00,30306.75,30314.0,30298.75,30301.25,2170.0
2026-05-28 12:55:00,30301.25,30329.75,30301.0,30327.0,3068.0
2026-05-28 13:00:00,30326.75,30335.75,30320.75,30329.5,3050.0
2026-05-28 13:05:00,30330.0,30334.25,30320.0,30321.25,2659.0
2026-05-28 13:10:00,30321.25,30326.0,30313.75,30317.75,2652.0
2026-05-28 13:15:00,30318.0,30320.5,30298.0,30303.25,3148.0
2026-05-28 13:20:00,30303.25,30319.75,30302.75,30316.75,2994.0
2026-05-28 13:25:00,30316.75,30319.75,30295.25,30299.25,2712.0
2026-05-28 13:30:00,30299.5,30310.0,30285.5,30287.0,2903.0
2026-05-28 13:35:00,30286.5,30315.5,30282.5,30315.5,3627.0
2026-05-28 13:40:00,30315.5,30324.5,30308.5,30321.5,3170.0
2026-05-28 13:45:00,30322.0,30336.75,30320.0,30334.75,4026.0
2026-05-28 13:50:00,30334.25,30344.5,30329.5,30333.25,3123.0
2026-05-28 13:55:00,30332.75,30335.0,30312.0,30319.5,3294.0
2026-05-28 14:00:00,30319.5,30336.25,30308.75,30335.0,3174.0
2026-05-28 14:05:00,30334.75,30337.5,30320.75,30321.75,2370.0
2026-05-28 14:10:00,30321.5,30322.25,30300.75,30303.75,3434.0
2026-05-28 14:15:00,30304.0,30323.5,30297.5,30305.25,4847.0
2026-05-28 14:20:00,30305.0,30322.5,30299.0,30320.75,2344.0
2026-05-28 14:25:00,30320.75,30325.5,30311.5,30315.25,2126.0
2026-05-28 14:30:00,30315.0,30316.0,30303.25,30305.25,2262.0
2026-05-28 14:35:00,30305.0,30306.75,30289.5,30295.0,2605.0
2026-05-28 14:40:00,30294.75,30308.0,30290.25,30300.5,2381.0
2026-05-28 14:45:00,30300.75,30303.75,30280.5,30286.25,2335.0
2026-05-28 14:50:00,30286.25,30313.75,30280.75,30313.5,2916.0
2026-05-28 14:55:00,30313.5,30317.0,30292.0,30293.5,2309.0
2026-05-28 15:00:00,30292.0,30303.25,30277.5,30302.0,2974.0
2026-05-28 15:05:00,30302.0,30311.75,30301.0,30302.0,2022.0
2026-05-28 15:10:00,30302.75,30312.0,30286.75,30287.5,2778.0
2026-05-28 15:15:00,30287.5,30289.5,30274.25,30285.25,3568.0
2026-05-28 15:20:00,30284.5,30294.0,30280.0,30293.5,2925.0
2026-05-28 15:25:00,30293.25,30309.25,30291.0,30306.0,2962.0
2026-05-28 15:30:00,30305.75,30322.0,30303.25,30312.25,3497.0
2026-05-28 15:35:00,30312.0,30331.25,30310.5,30330.75,2794.0
2026-05-28 15:40:00,30330.75,30331.5,30308.5,30310.25,2804.0
2026-05-28 15:45:00,30309.75,30331.0,30304.0,30317.5,3322.0
2026-05-28 15:50:00,30317.0,30317.5,30283.25,30300.75,7225.0
2026-05-28 15:55:00,30300.5,30318.5,30290.75,30306.75,11325.0
2026-05-28 16:00:00,30306.25,30319.0,30292.0,30314.5,3751.0
2026-05-29 09:30:00,30382.25,30426.0,30364.75,30375.0,20866.0
2026-05-29 09:35:00,30375.0,30438.5,30369.75,30429.25,12243.0
2026-05-29 09:40:00,30428.5,30462.0,30423.0,30460.5,9464.0
2026-05-29 09:45:00,30460.5,30492.0,30452.25,30486.0,9826.0
2026-05-29 09:50:00,30486.25,30513.5,30476.5,30496.75,7773.0
2026-05-29 09:55:00,30496.5,30520.75,30490.25,30519.0,6620.0
2026-05-29 10:00:00,30518.0,30536.0,30498.5,30514.75,10036.0
2026-05-29 10:05:00,30514.5,30519.75,30474.25,30476.25,7405.0
2026-05-29 10:10:00,30476.5,30502.25,30444.5,30459.75,10979.0
2026-05-29 10:15:00,30460.0,30462.75,30392.5,30414.75,13435.0
2026-05-29 10:20:00,30414.5,30443.0,30386.75,30387.0,11030.0
2026-05-29 10:25:00,30386.5,30407.75,30346.0,30407.0,14642.0
2026-05-29 10:30:00,30405.5,30437.5,30387.75,30437.0,11656.0
2026-05-29 10:35:00,30437.0,30437.5,30348.5,30349.25,10203.0
2026-05-29 10:40:00,30348.0,30365.5,30289.0,30293.5,13476.0
2026-05-29 10:45:00,30294.0,30323.0,30270.0,30301.75,12789.0
2026-05-29 10:50:00,30300.25,30394.75,30294.5,30340.25,14705.0
2026-05-29 10:55:00,30340.5,30388.5,30339.25,30359.5,6852.0
2026-05-29 11:00:00,30359.75,30378.0,30340.75,30366.75,6117.0
2026-05-29 11:05:00,30367.0,30395.5,30335.25,30390.5,6304.0
2026-05-29 11:10:00,30389.75,30429.5,30387.75,30427.0,5809.0
2026-05-29 11:15:00,30426.25,30439.75,30395.0,30397.0,6202.0
2026-05-29 11:20:00,30396.75,30405.5,30359.5,30397.75,5744.0
2026-05-29 11:25:00,30398.0,30422.0,30374.0,30397.5,5664.0
2026-05-29 11:30:00,30398.0,30418.5,30392.75,30401.5,4510.0
2026-05-29 11:35:00,30401.75,30419.75,30385.25,30410.75,4836.0
2026-05-29 11:40:00,30410.5,30416.5,30362.75,30376.75,5147.0
2026-05-29 11:45:00,30376.75,30385.75,30355.75,30381.5,4444.0
2026-05-29 11:50:00,30381.25,30397.5,30366.0,30380.5,3710.0
2026-05-29 11:55:00,30380.0,30385.25,30352.5,30362.5,2908.0
2026-05-29 12:00:00,30364.0,30410.0,30357.75,30406.0,4073.0
2026-05-29 12:05:00,30406.25,30438.0,30397.0,30436.0,3282.0
2026-05-29 12:10:00,30436.5,30447.75,30427.0,30435.75,3776.0
2026-05-29 12:15:00,30435.0,30447.75,30410.75,30413.25,3732.0
2026-05-29 12:20:00,30413.5,30441.5,30410.25,30427.0,2858.0
2026-05-29 12:25:00,30426.25,30426.25,30400.5,30403.75,2668.0
2026-05-29 12:30:00,30404.0,30430.0,30385.75,30422.25,5212.0
2026-05-29 12:35:00,30421.75,30444.25,30416.0,30441.5,3528.0
2026-05-29 12:40:00,30441.5,30447.5,30418.5,30422.5,3124.0
2026-05-29 12:45:00,30422.75,30426.75,30408.75,30414.25,2767.0
2026-05-29 12:50:00,30415.0,30415.75,30387.0,30398.25,3026.0
2026-05-29 12:55:00,30398.5,30401.75,30375.5,30396.75,3509.0
2026-05-29 13:00:00,30398.0,30410.75,30388.5,30391.75,2669.0
2026-05-29 13:05:00,30392.0,30401.75,30382.25,30394.25,2018.0
2026-05-29 13:10:00,30394.25,30404.0,30381.75,30392.5,2618.0
2026-05-29 13:15:00,30392.25,30399.25,30382.0,30387.0,1680.0
2026-05-29 13:20:00,30387.75,30391.25,30356.0,30378.5,5492.0
2026-05-29 13:25:00,30377.75,30383.0,30355.25,30368.0,2956.0
2026-05-29 13:30:00,30367.0,30372.25,30341.25,30366.75,4481.0
2026-05-29 13:35:00,30367.5,30376.5,30356.25,30364.75,2375.0
2026-05-29 13:40:00,30365.25,30370.5,30340.25,30347.5,2830.0
2026-05-29 13:45:00,30347.0,30354.75,30337.75,30346.25,1962.0
2026-05-29 13:50:00,30345.75,30360.75,30329.5,30330.25,3479.0
2026-05-29 13:55:00,30330.0,30330.5,30296.0,30302.0,5275.0
2026-05-29 14:00:00,30301.75,30331.25,30291.0,30330.5,4735.0
2026-05-29 14:05:00,30331.25,30353.5,30330.0,30351.75,3317.0
2026-05-29 14:10:00,30352.25,30366.25,30335.5,30342.5,3855.0
2026-05-29 14:15:00,30342.75,30352.5,30328.5,30351.25,3104.0
2026-05-29 14:20:00,30350.75,30365.0,30344.75,30364.0,2546.0
2026-05-29 14:25:00,30364.5,30385.5,30359.5,30379.5,3047.0
2026-05-29 14:30:00,30379.5,30402.25,30378.75,30395.0,2921.0
2026-05-29 14:35:00,30395.25,30396.75,30367.0,30377.5,3481.0
2026-05-29 14:40:00,30376.75,30388.25,30374.75,30384.75,2504.0
2026-05-29 14:45:00,30385.25,30385.5,30333.75,30347.75,5989.0
2026-05-29 14:50:00,30348.0,30356.25,30321.75,30343.0,4220.0
2026-05-29 14:55:00,30343.25,30346.25,30316.5,30324.5,2704.0
2026-05-29 15:00:00,30324.0,30352.75,30315.25,30344.25,3960.0
2026-05-29 15:05:00,30344.25,30369.0,30343.5,30363.5,2535.0
2026-05-29 15:10:00,30363.5,30369.25,30357.75,30365.0,1970.0
2026-05-29 15:15:00,30365.5,30370.0,30344.0,30358.75,3021.0
2026-05-29 15:20:00,30359.0,30373.5,30353.75,30368.0,2488.0
2026-05-29 15:25:00,30368.25,30384.25,30354.5,30381.25,2754.0
2026-05-29 15:30:00,30382.25,30402.75,30381.75,30402.75,3578.0
2026-05-29 15:35:00,30402.75,30432.5,30401.5,30428.75,4788.0
2026-05-29 15:40:00,30428.75,30440.0,30421.5,30429.0,4078.0
2026-05-29 15:45:00,30429.75,30439.5,30412.25,30436.0,4115.0
2026-05-29 15:50:00,30435.75,30445.25,30397.0,30408.5,10290.0
2026-05-29 15:55:00,30409.25,30424.25,30393.0,30396.25,17607.0
2026-05-29 16:00:00,30396.25,30411.0,30389.0,30406.5,6431.0
2026-06-01 09:30:00,30343.0,30424.25,30309.5,30380.5,20167.0
2026-06-01 09:35:00,30379.5,30462.25,30371.5,30436.75,13095.0
2026-06-01 09:40:00,30435.5,30449.25,30403.25,30413.25,8775.0
2026-06-01 09:45:00,30412.0,30467.25,30411.25,30427.0,8511.0
2026-06-01 09:50:00,30428.25,30451.5,30377.0,30377.25,9309.0
2026-06-01 09:55:00,30378.0,30383.0,30306.0,30321.5,9576.0
2026-06-01 10:00:00,30314.5,30342.25,30292.0,30307.75,12732.0
2026-06-01 10:05:00,30308.5,30384.0,30303.0,30374.5,10802.0
2026-06-01 10:10:00,30374.0,30379.25,30339.5,30352.0,7355.0
2026-06-01 10:15:00,30352.5,30403.0,30338.5,30364.75,8738.0
2026-06-01 10:20:00,30364.75,30421.75,30359.0,30406.0,6384.0
2026-06-01 10:25:00,30406.0,30410.5,30373.5,30381.75,7330.0
2026-06-01 10:30:00,30381.5,30433.0,30368.75,30415.25,6886.0
2026-06-01 10:35:00,30416.0,30431.25,30391.25,30404.0,5290.0
2026-06-01 10:40:00,30404.0,30430.5,30397.5,30420.0,4346.0
2026-06-01 10:45:00,30420.25,30445.5,30406.25,30429.75,4395.0
2026-06-01 10:50:00,30430.0,30447.25,30411.5,30431.25,4999.0
2026-06-01 10:55:00,30431.0,30440.25,30414.5,30436.75,3304.0
2026-06-01 11:00:00,30437.0,30447.5,30420.0,30432.5,4159.0
2026-06-01 11:05:00,30432.5,30457.25,30412.5,30439.75,5391.0
2026-06-01 11:10:00,30439.5,30454.25,30415.0,30446.0,3984.0
2026-06-01 11:15:00,30445.25,30470.75,30444.75,30462.75,4251.0
2026-06-01 11:20:00,30463.0,30490.0,30462.75,30478.25,4611.0
2026-06-01 11:25:00,30477.25,30487.5,30462.0,30479.5,3843.0
2026-06-01 11:30:00,30479.25,30547.5,30477.75,30534.25,13799.0
2026-06-01 11:35:00,30534.0,30554.25,30530.75,30536.75,5196.0
2026-06-01 11:40:00,30537.5,30548.0,30520.75,30537.75,4364.0
2026-06-01 11:45:00,30538.25,30540.75,30507.0,30508.5,3868.0
2026-06-01 11:50:00,30508.0,30530.0,30500.0,30526.5,4131.0
2026-06-01 11:55:00,30526.75,30528.0,30495.5,30502.25,2908.0
2026-06-01 12:00:00,30501.5,30538.5,30501.0,30512.25,4281.0
2026-06-01 12:05:00,30512.25,30514.25,30496.0,30502.5,2400.0
2026-06-01 12:10:00,30503.25,30506.0,30469.0,30482.5,5857.0
2026-06-01 12:15:00,30482.75,30490.0,30450.0,30474.5,5661.0
2026-06-01 12:20:00,30474.5,30501.75,30471.25,30499.5,2931.0
2026-06-01 12:25:00,30499.25,30513.0,30492.0,30510.0,3135.0
2026-06-01 12:30:00,30510.5,30540.5,30510.5,30530.5,5124.0
2026-06-01 12:35:00,30530.0,30540.5,30517.25,30535.75,2785.0
2026-06-01 12:40:00,30535.75,30539.0,30522.25,30523.5,2193.0
2026-06-01 12:45:00,30523.0,30526.75,30507.5,30525.0,3024.0
2026-06-01 12:50:00,30525.0,30574.75,30522.25,30572.25,6453.0
2026-06-01 12:55:00,30572.25,30584.25,30566.5,30580.75,5292.0
2026-06-01 13:00:00,30581.25,30584.5,30547.75,30548.5,4861.0
2026-06-01 13:05:00,30549.25,30560.0,30535.0,30539.75,3243.0
2026-06-01 13:10:00,30540.0,30557.75,30538.75,30550.5,2465.0
2026-06-01 13:15:00,30549.75,30559.0,30538.0,30543.5,2143.0
2026-06-01 13:20:00,30543.75,30561.5,30538.0,30557.0,2631.0
2026-06-01 13:25:00,30556.25,30605.0,30546.75,30600.75,4792.0
2026-06-01 13:30:00,30602.25,30620.0,30568.75,30576.0,6993.0
2026-06-01 13:35:00,30575.5,30604.75,30568.75,30597.5,4822.0
2026-06-01 13:40:00,30597.75,30693.0,30592.5,30651.0,11744.0
2026-06-01 13:45:00,30651.5,30684.75,30651.25,30673.25,7803.0
2026-06-01 13:50:00,30673.5,30692.25,30669.0,30690.25,3752.0
2026-06-01 13:55:00,30690.5,30691.0,30663.25,30670.0,2987.0
2026-06-01 14:00:00,30670.0,30675.75,30664.5,30667.25,2238.0
2026-06-01 14:05:00,30667.5,30672.5,30653.25,30660.5,2818.0
2026-06-01 14:10:00,30660.75,30666.0,30629.5,30634.75,3642.0
2026-06-01 14:15:00,30635.25,30649.0,30626.75,30647.0,3459.0
2026-06-01 14:20:00,30646.75,30655.5,30641.5,30647.0,2342.0
2026-06-01 14:25:00,30647.0,30651.25,30637.25,30646.75,1905.0
2026-06-01 14:30:00,30646.5,30652.75,30632.25,30650.25,2116.0
2026-06-01 14:35:00,30650.0,30654.5,30633.75,30636.75,1883.0
2026-06-01 14:40:00,30636.5,30644.5,30631.0,30642.25,1887.0
2026-06-01 14:45:00,30642.25,30643.0,30620.5,30623.25,2291.0
2026-06-01 14:50:00,30623.25,30630.0,30614.0,30626.5,2758.0
2026-06-01 14:55:00,30627.0,30645.25,30622.0,30623.5,2729.0
2026-06-01 15:00:00,30622.75,30639.25,30612.75,30638.5,3320.0
2026-06-01 15:05:00,30638.25,30640.75,30619.75,30636.0,2733.0
2026-06-01 15:10:00,30635.75,30648.75,30628.0,30630.5,2638.0
2026-06-01 15:15:00,30630.5,30632.75,30618.0,30623.0,2435.0
2026-06-01 15:20:00,30623.25,30628.0,30616.5,30624.0,2354.0
2026-06-01 15:25:00,30624.25,30631.25,30617.5,30625.0,2081.0
2026-06-01 15:30:00,30624.0,30625.0,30594.0,30596.0,3595.0
2026-06-01 15:35:00,30595.75,30601.5,30583.25,30598.5,3667.0
2026-06-01 15:40:00,30597.75,30597.75,30583.75,30588.5,2391.0
2026-06-01 15:45:00,30588.0,30595.5,30570.75,30572.25,5022.0
2026-06-01 15:50:00,30572.75,30586.0,30560.5,30570.25,7116.0
2026-06-01 15:55:00,30570.5,30574.5,30555.75,30571.25,12462.0
2026-06-01 16:00:00,30571.0,30575.0,30555.25,30566.75,4713.0
2026-06-02 09:30:00,30557.0,30567.75,30467.0,30476.75,17525.0
2026-06-02 09:35:00,30476.75,30489.25,30452.0,30464.5,9866.0
2026-06-02 09:40:00,30464.5,30506.5,30423.75,30503.25,12467.0
2026-06-02 09:45:00,30502.5,30550.75,30497.0,30550.25,9523.0
2026-06-02 09:50:00,30549.75,30583.5,30540.0,30558.75,8797.0
2026-06-02 09:55:00,30559.75,30604.75,30535.0,30601.75,11214.0
2026-06-02 10:00:00,30603.0,30615.25,30570.0,30604.0,9410.0
2026-06-02 10:05:00,30605.75,30623.75,30593.5,30611.75,7017.0
2026-06-02 10:10:00,30612.0,30647.25,30597.25,30633.75,8225.0
2026-06-02 10:15:00,30634.0,30636.25,30600.75,30626.5,5940.0
2026-06-02 10:20:00,30626.25,30638.5,30572.0,30579.25,7785.0
2026-06-02 10:25:00,30578.25,30586.5,30537.75,30559.5,10210.0
2026-06-02 10:30:00,30559.25,30607.0,30555.25,30595.5,7692.0
2026-06-02 10:35:00,30595.0,30613.5,30586.0,30605.25,5268.0
2026-06-02 10:40:00,30604.5,30625.0,30577.75,30623.75,5242.0
2026-06-02 10:45:00,30623.5,30625.0,30600.75,30618.25,4630.0
2026-06-02 10:50:00,30617.75,30634.75,30609.25,30628.25,3725.0
2026-06-02 10:55:00,30629.25,30643.5,30621.25,30642.25,3591.0
2026-06-02 11:00:00,30642.5,30649.0,30615.0,30627.0,5563.0
2026-06-02 11:05:00,30627.0,30657.25,30611.75,30653.75,5281.0
2026-06-02 11:10:00,30653.75,30666.0,30638.75,30666.0,4494.0
2026-06-02 11:15:00,30666.0,30674.75,30661.25,30670.25,4799.0
2026-06-02 11:20:00,30670.75,30676.5,30661.5,30670.0,3896.0
2026-06-02 11:25:00,30670.0,30676.0,30651.75,30665.5,4427.0
2026-06-02 11:30:00,30666.0,30674.0,30650.0,30672.25,3961.0
2026-06-02 11:35:00,30672.5,30685.75,30668.75,30677.25,4646.0
2026-06-02 11:40:00,30676.5,30682.5,30664.0,30668.0,3078.0
2026-06-02 11:45:00,30668.25,30681.5,30657.25,30667.0,3606.0
2026-06-02 11:50:00,30668.25,30690.0,30659.0,30685.5,3885.0
2026-06-02 11:55:00,30685.75,30697.75,30679.75,30689.5,4883.0
2026-06-02 12:00:00,30690.0,30694.5,30668.25,30676.25,3578.0
2026-06-02 12:05:00,30676.0,30713.25,30676.0,30703.0,5893.0
2026-06-02 12:10:00,30703.25,30708.0,30694.25,30700.0,2783.0
2026-06-02 12:15:00,30700.25,30700.25,30668.75,30675.25,3825.0
2026-06-02 12:20:00,30674.25,30679.25,30651.0,30672.5,4029.0
2026-06-02 12:25:00,30671.75,30674.25,30655.0,30658.25,2478.0
2026-06-02 12:30:00,30658.75,30676.0,30653.75,30657.5,2845.0
2026-06-02 12:35:00,30657.5,30659.5,30640.5,30646.25,3562.0
2026-06-02 12:40:00,30646.75,30657.25,30645.75,30647.5,2167.0
2026-06-02 12:45:00,30647.25,30674.75,30642.0,30672.5,3073.0
2026-06-02 12:50:00,30672.5,30687.75,30672.5,30677.75,3413.0
2026-06-02 12:55:00,30678.25,30694.0,30673.5,30691.25,3332.0
2026-06-02 13:00:00,30691.0,30703.25,30677.75,30699.0,3790.0
2026-06-02 13:05:00,30699.0,30702.0,30684.25,30692.0,3073.0
2026-06-02 13:10:00,30692.25,30698.75,30685.25,30695.75,1901.0
2026-06-02 13:15:00,30696.0,30696.5,30652.25,30653.25,3982.0
2026-06-02 13:20:00,30653.5,30665.75,30639.5,30646.0,3710.0
2026-06-02 13:25:00,30645.5,30648.25,30632.0,30643.75,3392.0
2026-06-02 13:30:00,30643.0,30649.75,30626.0,30626.25,3558.0
2026-06-02 13:35:00,30626.0,30629.75,30608.75,30612.5,3974.0
2026-06-02 13:40:00,30612.5,30639.75,30611.25,30635.5,3594.0
2026-06-02 13:45:00,30635.0,30648.75,30630.25,30646.0,2786.0
2026-06-02 13:50:00,30645.5,30650.0,30633.5,30641.0,2442.0
2026-06-02 13:55:00,30641.0,30641.0,30625.0,30627.5,2583.0
2026-06-02 14:00:00,30628.5,30632.0,30614.0,30620.75,2645.0
2026-06-02 14:05:00,30621.0,30648.25,30621.0,30644.25,2654.0
2026-06-02 14:10:00,30644.0,30664.0,30642.75,30647.75,3559.0
2026-06-02 14:15:00,30648.25,30648.25,30632.0,30634.25,2750.0
2026-06-02 14:20:00,30634.0,30641.5,30629.25,30635.5,1936.0
2026-06-02 14:25:00,30635.25,30645.0,30631.75,30637.75,1896.0
2026-06-02 14:30:00,30638.25,30654.5,30637.75,30639.25,3260.0
2026-06-02 14:35:00,30638.75,30638.75,30608.0,30609.75,3456.0
2026-06-02 14:40:00,30609.0,30622.0,30598.5,30619.0,3643.0
2026-06-02 14:45:00,30617.75,30633.5,30614.0,30629.5,2358.0
2026-06-02 14:50:00,30630.0,30633.75,30614.75,30625.5,2002.0
2026-06-02 14:55:00,30624.75,30641.5,30619.0,30638.5,2423.0
2026-06-02 15:00:00,30639.0,30670.0,30637.5,30667.75,3964.0
2026-06-02 15:05:00,30667.25,30671.25,30655.5,30666.75,2919.0
2026-06-02 15:10:00,30666.75,30682.25,30666.25,30672.75,3154.0
2026-06-02 15:15:00,30673.25,30679.25,30662.5,30670.5,2556.0
2026-06-02 15:20:00,30670.0,30686.5,30667.75,30682.75,2663.0
2026-06-02 15:25:00,30683.0,30685.5,30662.0,30664.25,3113.0
2026-06-02 15:30:00,30663.75,30680.0,30662.5,30675.25,3092.0
2026-06-02 15:35:00,30675.25,30685.5,30670.75,30671.5,2236.0
2026-06-02 15:40:00,30671.25,30687.0,30666.5,30681.75,2537.0
2026-06-02 15:45:00,30682.0,30705.75,30678.25,30702.75,4845.0
2026-06-02 15:50:00,30702.5,30713.0,30690.25,30700.0,7979.0
2026-06-02 15:55:00,30699.75,30721.25,30692.75,30707.25,12927.0
2026-06-02 16:00:00,30707.25,30737.5,30697.75,30733.0,6274.0
2026-06-03 09:30:00,30754.75,30807.75,30714.0,30714.25,21041.0
2026-06-03 09:35:00,30715.0,30737.5,30666.0,30734.25,18074.0
2026-06-03 09:40:00,30734.5,30736.75,30622.0,30623.75,14914.0
2026-06-03 09:45:00,30624.25,30648.75,30505.75,30523.75,21713.0
2026-06-03 09:50:00,30524.0,30625.0,30496.0,30573.5,16724.0
2026-06-03 09:55:00,30573.25,30600.75,30543.75,30558.75,9751.0
2026-06-03 10:00:00,30562.0,30644.25,30547.5,30620.75,12082.0
2026-06-03 10:05:00,30622.0,30649.75,30597.75,30635.75,9463.0
2026-06-03 10:10:00,30636.5,30687.75,30632.25,30687.25,8238.0
2026-06-03 10:15:00,30687.25,30710.75,30669.0,30677.5,11404.0
2026-06-03 10:20:00,30678.25,30707.25,30663.0,30676.5,9436.0
2026-06-03 10:25:00,30677.0,30724.75,30665.5,30723.0,6453.0
2026-06-03 10:30:00,30722.75,30728.0,30696.0,30706.5,6769.0
2026-06-03 10:35:00,30705.75,30717.75,30667.25,30711.75,6593.0
2026-06-03 10:40:00,30712.5,30739.5,30697.5,30701.0,5968.0
2026-06-03 10:45:00,30701.25,30723.0,30673.5,30681.25,5826.0
2026-06-03 10:50:00,30680.25,30699.25,30656.25,30684.75,6661.0
2026-06-03 10:55:00,30685.25,30687.0,30644.5,30667.25,5088.0
2026-06-03 11:00:00,30667.75,30706.25,30664.75,30694.75,5187.0
2026-06-03 11:05:00,30694.75,30698.25,30672.5,30684.25,3705.0
2026-06-03 11:10:00,30684.5,30715.5,30681.5,30693.0,3584.0
2026-06-03 11:15:00,30692.75,30698.25,30670.0,30680.25,3557.0
2026-06-03 11:20:00,30680.75,30693.5,30624.5,30636.0,5988.0
2026-06-03 11:25:00,30636.25,30672.5,30615.0,30668.75,6776.0
2026-06-03 11:30:00,30668.5,30692.25,30630.75,30639.5,5733.0
2026-06-03 11:35:00,30640.0,30665.75,30616.0,30622.5,5599.0
2026-06-03 11:40:00,30623.0,30628.0,30599.75,30602.25,5273.0
2026-06-03 11:45:00,30602.0,30614.25,30568.0,30604.5,7785.0
2026-06-03 11:50:00,30605.0,30631.75,30592.0,30610.0,4984.0
2026-06-03 11:55:00,30610.25,30624.25,30594.5,30604.25,3410.0
2026-06-03 12:00:00,30605.0,30621.75,30579.5,30603.0,4470.0
2026-06-03 12:05:00,30603.5,30613.5,30579.0,30592.75,3772.0
2026-06-03 12:10:00,30592.5,30623.25,30589.25,30611.25,2986.0
2026-06-03 12:15:00,30611.25,30611.5,30565.5,30590.25,4740.0
2026-06-03 12:20:00,30589.5,30598.75,30547.0,30548.25,4594.0
2026-06-03 12:25:00,30548.25,30557.5,30531.25,30553.75,6546.0
2026-06-03 12:30:00,30552.75,30578.5,30546.25,30564.75,4914.0
2026-06-03 12:35:00,30564.25,30564.25,30527.0,30535.0,4603.0
2026-06-03 12:40:00,30535.25,30547.75,30505.75,30530.25,6176.0
2026-06-03 12:45:00,30529.75,30578.0,30529.75,30571.5,4380.0
2026-06-03 12:50:00,30571.75,30592.5,30563.0,30571.75,4942.0
2026-06-03 12:55:00,30572.5,30607.5,30561.5,30606.75,5220.0
2026-06-03 13:00:00,30607.25,30609.0,30568.0,30569.75,3881.0
2026-06-03 13:05:00,30570.0,30596.5,30546.0,30579.75,5066.0
2026-06-03 13:10:00,30579.75,30585.25,30534.5,30543.5,4574.0
2026-06-03 13:15:00,30544.0,30551.75,30516.25,30530.5,4053.0
2026-06-03 13:20:00,30530.25,30562.5,30522.0,30560.75,3782.0
2026-06-03 13:25:00,30560.25,30575.25,30553.0,30572.75,3093.0
2026-06-03 13:30:00,30572.75,30592.25,30543.25,30590.5,4322.0
2026-06-03 13:35:00,30590.75,30603.25,30581.0,30591.25,2831.0
2026-06-03 13:40:00,30591.25,30616.5,30582.25,30613.5,3082.0
2026-06-03 13:45:00,30613.75,30624.0,30604.75,30618.5,3131.0
2026-06-03 13:50:00,30619.25,30637.25,30614.5,30637.25,2987.0
2026-06-03 13:55:00,30637.0,30647.25,30632.5,30642.75,3035.0
2026-06-03 14:00:00,30643.25,30655.75,30634.25,30651.75,3411.0
2026-06-03 14:05:00,30652.0,30652.0,30633.25,30639.25,2457.0
2026-06-03 14:10:00,30639.0,30645.25,30612.0,30625.5,3475.0
2026-06-03 14:15:00,30625.75,30639.5,30608.0,30639.25,3205.0
2026-06-03 14:20:00,30639.25,30660.0,30618.25,30659.75,3696.0
2026-06-03 14:25:00,30660.5,30680.0,30655.0,30677.0,3876.0
2026-06-03 14:30:00,30676.5,30682.25,30661.75,30662.25,3019.0
2026-06-03 14:35:00,30662.5,30664.25,30638.5,30646.25,3897.0
2026-06-03 14:40:00,30646.25,30656.0,30635.0,30651.0,2916.0
2026-06-03 14:45:00,30651.75,30668.0,30649.0,30650.5,2620.0
2026-06-03 14:50:00,30650.0,30662.25,30640.0,30652.75,2776.0
2026-06-03 14:55:00,30652.75,30657.25,30636.75,30652.0,2621.0
2026-06-03 15:00:00,30652.0,30652.25,30618.0,30634.75,4197.0
2026-06-03 15:05:00,30635.75,30659.75,30634.0,30640.5,3884.0
2026-06-03 15:10:00,30640.25,30645.75,30615.25,30636.75,3102.0
2026-06-03 15:15:00,30637.25,30660.25,30623.5,30640.25,3944.0
2026-06-03 15:20:00,30640.0,30644.5,30613.5,30621.0,3378.0
2026-06-03 15:25:00,30621.25,30638.5,30611.25,30635.25,2764.0
2026-06-03 15:30:00,30634.5,30651.5,30627.0,30648.25,3805.0
2026-06-03 15:35:00,30649.25,30683.5,30642.75,30676.5,4279.0
2026-06-03 15:40:00,30676.0,30691.25,30670.25,30683.75,4176.0
2026-06-03 15:45:00,30683.75,30694.75,30672.75,30686.75,3906.0
2026-06-03 15:50:00,30686.0,30690.5,30643.25,30647.0,8066.0
2026-06-03 15:55:00,30646.75,30660.0,30625.0,30635.75,13907.0
2026-06-03 16:00:00,30635.75,30639.75,30600.25,30617.5,6807.0
2026-06-04 09:30:00,30268.25,30353.75,30210.0,30343.5,24821.0
2026-06-04 09:35:00,30343.5,30364.5,30305.25,30331.75,16488.0
2026-06-04 09:40:00,30331.5,30341.5,30220.25,30227.25,15154.0
2026-06-04 09:45:00,30226.25,30284.25,30187.75,30248.5,16610.0
2026-06-04 09:50:00,30246.25,30316.0,30221.5,30245.25,13479.0
2026-06-04 09:55:00,30247.0,30305.0,30232.25,30248.0,10029.0
2026-06-04 10:00:00,30247.75,30271.75,30195.0,30197.5,12205.0
2026-06-04 10:05:00,30197.25,30209.0,30151.0,30185.0,15396.0
2026-06-04 10:10:00,30185.5,30282.5,30181.5,30279.25,12787.0
2026-06-04 10:15:00,30279.5,30307.0,30263.0,30264.0,9688.0
2026-06-04 10:20:00,30264.0,30324.75,30251.75,30323.5,7569.0
2026-06-04 10:25:00,30322.75,30348.5,30309.0,30341.25,7471.0
2026-06-04 10:30:00,30341.0,30348.25,30300.0,30326.75,7811.0
2026-06-04 10:35:00,30326.0,30335.5,30290.25,30311.75,6914.0
2026-06-04 10:40:00,30311.75,30339.5,30299.75,30301.5,4951.0
2026-06-04 10:45:00,30300.5,30334.0,30291.75,30314.75,5780.0
2026-06-04 10:50:00,30315.75,30330.25,30297.75,30320.25,5174.0
2026-06-04 10:55:00,30320.25,30360.0,30317.5,30356.75,5790.0
2026-06-04 11:00:00,30357.25,30382.75,30354.5,30369.5,6885.0
2026-06-04 11:05:00,30369.75,30437.5,30368.5,30430.25,7859.0
2026-06-04 11:10:00,30430.25,30453.25,30418.5,30450.5,6512.0
2026-06-04 11:15:00,30451.0,30469.5,30442.75,30462.75,6560.0
2026-06-04 11:20:00,30463.0,30467.75,30431.5,30460.25,6030.0
2026-06-04 11:25:00,30460.75,30461.75,30437.75,30442.0,4057.0
2026-06-04 11:30:00,30442.0,30448.25,30427.0,30440.25,4118.0
2026-06-04 11:35:00,30440.75,30448.75,30425.5,30443.5,3674.0
2026-06-04 11:40:00,30443.5,30448.0,30410.75,30419.0,3824.0
2026-06-04 11:45:00,30419.25,30423.0,30366.75,30373.0,6726.0
2026-06-04 11:50:00,30372.75,30408.5,30363.0,30398.25,7022.0
2026-06-04 11:55:00,30398.0,30421.75,30384.5,30413.75,5037.0
2026-06-04 12:00:00,30413.25,30429.5,30393.0,30421.75,3749.0
2026-06-04 12:05:00,30421.75,30449.5,30412.5,30440.25,4309.0
2026-06-04 12:10:00,30440.75,30452.0,30431.25,30440.0,2703.0
2026-06-04 12:15:00,30440.0,30462.5,30440.0,30458.0,3785.0
2026-06-04 12:20:00,30458.0,30486.25,30451.5,30481.5,4205.0
2026-06-04 12:25:00,30481.0,30484.75,30466.5,30480.0,3411.0
2026-06-04 12:30:00,30480.25,30480.5,30436.0,30449.0,5194.0
2026-06-04 12:35:00,30449.75,30476.25,30443.25,30471.0,3530.0
2026-06-04 12:40:00,30471.75,30490.0,30462.5,30482.75,3537.0
2026-06-04 12:45:00,30482.75,30486.5,30465.75,30474.25,3314.0
2026-06-04 12:50:00,30474.0,30493.25,30473.5,30484.75,3203.0
2026-06-04 12:55:00,30484.25,30490.75,30476.75,30479.0,2531.0
2026-06-04 13:00:00,30479.0,30486.25,30466.5,30474.75,3264.0
2026-06-04 13:05:00,30474.75,30497.0,30464.25,30496.0,3115.0
2026-06-04 13:10:00,30495.25,30502.25,30483.75,30494.0,4231.0
2026-06-04 13:15:00,30493.5,30497.0,30474.0,30489.0,2966.0
2026-06-04 13:20:00,30488.75,30496.0,30475.5,30492.5,2633.0
2026-06-04 13:25:00,30492.0,30519.75,30491.5,30513.75,3956.0
2026-06-04 13:30:00,30514.0,30539.75,30511.0,30531.25,5233.0
2026-06-04 13:35:00,30531.25,30536.25,30514.25,30515.0,3690.0
2026-06-04 13:40:00,30515.0,30540.25,30511.25,30540.0,3437.0
2026-06-04 13:45:00,30539.75,30544.0,30525.75,30543.5,2815.0
2026-06-04 13:50:00,30543.5,30555.0,30540.25,30548.25,3192.0
2026-06-04 13:55:00,30549.25,30563.25,30542.5,30559.5,3327.0
2026-06-04 14:00:00,30559.25,30580.25,30555.25,30578.5,4803.0
2026-06-04 14:05:00,30578.25,30594.25,30578.25,30587.5,4832.0
2026-06-04 14:10:00,30587.75,30598.5,30579.25,30592.0,3401.0
2026-06-04 14:15:00,30592.0,30595.5,30574.0,30591.0,3990.0
2026-06-04 14:20:00,30590.75,30594.25,30576.25,30580.0,3234.0
2026-06-04 14:25:00,30580.25,30595.5,30578.5,30586.25,2936.0
2026-06-04 14:30:00,30586.25,30590.75,30562.25,30579.0,4430.0
2026-06-04 14:35:00,30579.0,30580.75,30562.75,30570.75,3355.0
2026-06-04 14:40:00,30570.25,30575.25,30557.75,30572.5,3051.0
2026-06-04 14:45:00,30572.75,30588.75,30565.0,30587.75,3393.0
2026-06-04 14:50:00,30588.5,30592.25,30578.25,30580.5,2183.0
2026-06-04 14:55:00,30580.25,30582.5,30550.0,30558.0,4181.0
2026-06-04 15:00:00,30558.0,30573.0,30554.25,30571.0,3148.0
2026-06-04 15:05:00,30571.5,30588.75,30569.25,30571.25,3651.0
2026-06-04 15:10:00,30571.25,30574.25,30545.75,30555.25,4018.0
2026-06-04 15:15:00,30555.25,30556.0,30531.0,30535.0,5034.0
2026-06-04 15:20:00,30535.25,30571.75,30535.25,30569.25,3938.0
2026-06-04 15:25:00,30569.5,30596.0,30566.0,30594.75,3616.0
2026-06-04 15:30:00,30594.25,30603.25,30578.5,30588.25,4529.0
2026-06-04 15:35:00,30587.5,30597.25,30577.0,30586.75,2664.0
2026-06-04 15:40:00,30587.25,30589.0,30546.5,30548.75,4215.0
2026-06-04 15:45:00,30548.25,30551.5,30526.5,30539.0,5283.0
2026-06-04 15:50:00,30537.75,30547.0,30511.0,30518.75,8375.0
2026-06-04 15:55:00,30518.25,30518.25,30481.25,30485.25,16241.0
2026-06-04 16:00:00,30485.5,30495.0,30460.0,30465.25,6442.0
2026-06-05 09:30:00,30035.75,30100.5,29998.75,30044.25,24763.0
2026-06-05 09:35:00,30044.5,30047.0,29967.25,30003.75,17520.0
2026-06-05 09:40:00,30003.75,30009.5,29928.75,29932.75,14125.0
2026-06-05 09:45:00,29931.25,29954.0,29851.25,29857.75,16089.0
2026-06-05 09:50:00,29857.5,29903.5,29845.75,29893.5,17139.0
2026-06-05 09:55:00,29893.75,29897.5,29771.0,29773.75,15976.0
2026-06-05 10:00:00,29774.25,29829.75,29758.0,29788.25,20528.0
2026-06-05 10:05:00,29785.25,29858.75,29761.75,29851.75,14577.0
2026-06-05 10:10:00,29852.5,29871.0,29801.0,29871.0,10927.0
2026-06-05 10:15:00,29869.75,29941.5,29866.75,29940.0,11369.0
2026-06-05 10:20:00,29940.5,29942.5,29863.0,29872.0,9848.0
2026-06-05 10:25:00,29871.75,29873.25,29801.5,29824.5,8959.0
2026-06-05 10:30:00,29824.75,29902.0,29814.25,29900.5,9662.0
2026-06-05 10:35:00,29900.25,29929.25,29878.25,29884.0,8940.0
2026-06-05 10:40:00,29884.0,29890.0,29825.0,29843.0,7667.0
2026-06-05 10:45:00,29842.25,29871.0,29805.25,29827.0,8013.0
2026-06-05 10:50:00,29826.75,29855.5,29815.0,29835.25,7229.0
2026-06-05 10:55:00,29834.25,29873.25,29818.0,29853.0,7217.0
2026-06-05 11:00:00,29853.25,29870.0,29790.25,29813.5,7990.0
2026-06-05 11:05:00,29813.5,29823.0,29766.25,29776.75,7441.0
2026-06-05 11:10:00,29777.5,29796.75,29726.5,29727.75,9545.0
2026-06-05 11:15:00,29727.75,29761.5,29723.25,29755.25,7309.0
2026-06-05 11:20:00,29755.25,29765.25,29695.5,29711.0,11058.0
2026-06-05 11:25:00,29712.0,29730.75,29702.0,29717.25,5847.0
2026-06-05 11:30:00,29717.25,29739.75,29688.75,29689.5,6106.0
2026-06-05 11:35:00,29690.25,29706.5,29637.75,29646.25,9018.0
2026-06-05 11:40:00,29646.25,29670.75,29614.5,29645.5,10077.0
2026-06-05 11:45:00,29645.0,29682.5,29628.5,29649.0,7363.0
2026-06-05 11:50:00,29648.75,29675.5,29642.0,29669.5,6662.0
2026-06-05 11:55:00,29669.25,29675.0,29643.5,29658.5,5560.0
2026-06-05 12:00:00,29658.75,29660.25,29606.5,29617.75,7704.0
2026-06-05 12:05:00,29618.0,29618.0,29570.0,29577.0,9668.0
2026-06-05 12:10:00,29577.5,29619.75,29564.25,29593.75,7368.0
2026-06-05 12:15:00,29593.5,29593.5,29538.75,29545.5,9228.0
2026-06-05 12:20:00,29545.0,29582.75,29536.0,29568.75,7602.0
2026-06-05 12:25:00,29569.75,29590.0,29541.5,29543.75,6458.0
2026-06-05 12:30:00,29543.75,29549.0,29486.5,29508.5,10522.0
2026-06-05 12:35:00,29508.0,29519.0,29470.0,29489.75,8948.0
2026-06-05 12:40:00,29489.25,29500.5,29418.0,29433.5,12054.0
2026-06-05 12:45:00,29433.25,29446.5,29379.0,29445.5,13122.0
2026-06-05 12:50:00,29446.0,29507.75,29415.0,29504.75,11830.0
2026-06-05 12:55:00,29504.0,29505.75,29457.0,29490.5,8546.0
2026-06-05 13:00:00,29490.5,29493.0,29420.75,29449.5,10134.0
2026-06-05 13:05:00,29448.25,29451.5,29404.0,29422.75,6518.0
2026-06-05 13:10:00,29422.75,29431.0,29377.0,29410.0,8074.0
2026-06-05 13:15:00,29410.0,29414.0,29366.5,29398.0,6835.0
2026-06-05 13:20:00,29398.25,29449.0,29361.75,29442.0,8901.0
2026-06-05 13:25:00,29442.0,29444.25,29400.25,29440.75,6658.0
2026-06-05 13:30:00,29439.75,29459.0,29411.5,29458.75,7001.0
2026-06-05 13:35:00,29459.25,29491.25,29456.75,29488.0,8652.0
2026-06-05 13:40:00,29487.25,29505.0,29405.5,29418.5,8673.0
2026-06-05 13:45:00,29418.0,29447.75,29407.5,29426.0,5887.0
2026-06-05 13:50:00,29425.5,29448.75,29420.25,29446.75,3926.0
2026-06-05 13:55:00,29446.0,29473.75,29433.5,29471.0,4219.0
2026-06-05 14:00:00,29471.5,29477.0,29394.0,29396.5,7029.0
2026-06-05 14:05:00,29396.25,29414.0,29380.25,29381.5,7089.0
2026-06-05 14:10:00,29381.75,29395.0,29311.0,29317.25,9124.0
2026-06-05 14:15:00,29318.0,29319.75,29265.0,29271.75,12036.0
2026-06-05 14:20:00,29271.0,29294.75,29263.75,29270.0,6952.0
2026-06-05 14:25:00,29269.75,29272.5,29221.0,29243.5,9764.0
2026-06-05 14:30:00,29244.0,29256.75,29209.0,29224.5,7128.0
2026-06-05 14:35:00,29225.0,29230.75,29185.75,29208.0,8611.0
2026-06-05 14:40:00,29207.5,29212.0,29150.5,29181.25,9711.0
2026-06-05 14:45:00,29181.75,29183.75,29096.0,29158.75,14652.0
2026-06-05 14:50:00,29159.25,29174.75,29113.75,29152.5,8052.0
2026-06-05 14:55:00,29151.25,29216.0,29136.25,29191.0,12771.0
2026-06-05 15:00:00,29191.5,29211.0,29140.5,29201.25,9179.0
2026-06-05 15:05:00,29201.0,29203.25,29098.25,29122.75,9838.0
2026-06-05 15:10:00,29123.5,29130.25,29049.5,29071.25,9428.0
2026-06-05 15:15:00,29070.75,29070.75,28974.25,29015.0,11051.0
2026-06-05 15:20:00,29014.5,29060.25,28993.0,29059.75,9346.0
2026-06-05 15:25:00,29061.0,29156.25,29058.75,29155.0,9420.0
2026-06-05 15:30:00,29155.0,29158.0,29070.75,29113.5,9410.0
2026-06-05 15:35:00,29113.5,29157.5,29095.75,29148.75,8246.0
2026-06-05 15:40:00,29148.5,29152.5,29050.5,29095.75,9899.0
2026-06-05 15:45:00,29095.25,29165.75,29085.25,29147.0,8286.0
2026-06-05 15:50:00,29148.25,29194.75,29116.0,29129.0,12744.0
2026-06-05 15:55:00,29129.75,29129.75,29005.5,29016.5,29799.0
2026-06-05 16:00:00,29015.75,29042.25,28885.5,28902.0,13655.0
2026-06-08 09:30:00,29526.0,29584.0,29412.0,29418.25,24431.0
2026-06-08 09:35:00,29417.5,29499.5,29397.5,29426.0,15569.0
2026-06-08 09:40:00,29427.0,29556.0,29423.75,29515.5,14133.0
2026-06-08 09:45:00,29516.0,29554.0,29443.75,29476.25,14468.0
2026-06-08 09:50:00,29476.0,29548.5,29434.25,29501.5,10810.0
2026-06-08 09:55:00,29502.25,29503.75,29341.0,29349.75,11922.0
2026-06-08 10:00:00,29350.25,29432.0,29331.5,29361.75,13546.0
2026-06-08 10:05:00,29362.25,29466.5,29348.5,29455.0,10910.0
2026-06-08 10:10:00,29455.25,29471.75,29412.75,29441.5,9536.0
2026-06-08 10:15:00,29441.0,29443.25,29374.75,29418.0,8474.0
2026-06-08 10:20:00,29416.75,29480.5,29386.0,29465.75,7940.0
2026-06-08 10:25:00,29465.75,29531.0,29455.5,29517.25,8614.0
2026-06-08 10:30:00,29517.0,29550.5,29504.5,29548.25,7146.0
2026-06-08 10:35:00,29548.75,29603.75,29537.5,29586.25,10647.0
2026-06-08 10:40:00,29586.25,29602.0,29527.75,29549.75,8380.0
2026-06-08 10:45:00,29549.25,29649.75,29549.0,29610.75,10184.0
2026-06-08 10:50:00,29611.0,29661.5,29600.5,29640.5,7003.0
2026-06-08 10:55:00,29640.0,29681.0,29613.0,29676.5,7116.0
2026-06-08 11:00:00,29676.5,29706.75,29665.25,29695.5,8809.0
2026-06-08 11:05:00,29695.0,29726.0,29690.0,29725.25,6183.0
2026-06-08 11:10:00,29725.5,29734.0,29710.25,29715.25,4959.0
2026-06-08 11:15:00,29716.25,29740.0,29703.0,29731.75,7949.0
2026-06-08 11:20:00,29732.5,29743.0,29690.0,29725.25,6857.0
2026-06-08 11:25:00,29723.5,29724.75,29623.25,29630.0,7908.0
2026-06-08 11:30:00,29630.25,29637.75,29559.0,29574.25,10255.0
2026-06-08 11:35:00,29575.0,29661.25,29569.0,29654.0,7719.0
2026-06-08 11:40:00,29653.75,29685.25,29635.25,29685.25,5715.0
2026-06-08 11:45:00,29685.25,29710.75,29642.75,29647.5,6629.0
2026-06-08 11:50:00,29646.75,29692.75,29646.5,29655.5,5480.0
2026-06-08 11:55:00,29654.5,29654.75,29594.25,29610.0,6221.0
2026-06-08 12:00:00,29610.25,29649.5,29580.25,29632.0,7299.0
2026-06-08 12:05:00,29631.5,29648.0,29605.0,29616.5,4500.0
2026-06-08 12:10:00,29616.5,29651.25,29595.75,29635.25,4125.0
2026-06-08 12:15:00,29636.75,29679.75,29633.25,29679.25,4163.0
2026-06-08 12:20:00,29678.75,29692.25,29625.5,29635.25,6058.0
2026-06-08 12:25:00,29635.5,29658.75,29581.5,29584.75,5385.0
2026-06-08 12:30:00,29587.5,29616.75,29573.5,29578.25,5323.0
2026-06-08 12:35:00,29578.0,29604.75,29555.5,29562.0,5151.0
2026-06-08 12:40:00,29561.0,29596.0,29554.0,29586.5,4420.0
2026-06-08 12:45:00,29586.5,29630.5,29578.5,29606.75,4204.0
2026-06-08 12:50:00,29607.25,29619.75,29592.0,29605.25,3294.0
2026-06-08 12:55:00,29606.0,29611.75,29577.25,29580.5,3253.0
2026-06-08 13:00:00,29580.75,29584.25,29492.25,29518.5,8277.0
2026-06-08 13:05:00,29518.0,29557.5,29508.0,29525.0,5801.0
2026-06-08 13:10:00,29523.5,29532.5,29485.25,29531.75,5103.0
2026-06-08 13:15:00,29531.0,29545.25,29492.0,29504.5,4969.0
2026-06-08 13:20:00,29505.25,29534.25,29492.0,29515.5,3731.0
2026-06-08 13:25:00,29515.25,29605.5,29509.5,29602.0,6010.0
2026-06-08 13:30:00,29602.0,29624.25,29547.25,29580.5,7335.0
2026-06-08 13:35:00,29580.0,29587.75,29529.5,29561.75,5824.0
2026-06-08 13:40:00,29560.25,29567.5,29509.0,29512.25,4354.0
2026-06-08 13:45:00,29511.75,29574.5,29511.25,29572.25,4869.0
2026-06-08 13:50:00,29573.25,29600.0,29557.5,29584.25,4536.0
2026-06-08 13:55:00,29584.25,29590.0,29545.75,29558.25,3744.0
2026-06-08 14:00:00,29559.25,29596.25,29558.25,29578.0,4205.0
2026-06-08 14:05:00,29578.0,29611.75,29576.0,29595.0,3594.0
2026-06-08 14:10:00,29596.5,29609.25,29556.0,29564.0,4712.0
2026-06-08 14:15:00,29565.5,29592.75,29562.25,29579.0,2878.0
2026-06-08 14:20:00,29579.0,29592.0,29558.0,29583.25,2913.0
2026-06-08 14:25:00,29582.0,29598.25,29572.0,29590.5,2850.0
2026-06-08 14:30:00,29591.25,29617.75,29589.0,29593.0,3860.0
2026-06-08 14:35:00,29593.25,29609.75,29546.0,29551.25,4291.0
2026-06-08 14:40:00,29551.0,29560.5,29527.5,29530.75,5396.0
2026-06-08 14:45:00,29531.5,29571.0,29529.5,29548.75,3441.0
2026-06-08 14:50:00,29549.5,29567.0,29541.75,29558.5,2740.0
2026-06-08 14:55:00,29559.25,29568.75,29536.0,29542.0,2793.0
2026-06-08 15:00:00,29543.0,29548.0,29511.75,29530.0,4286.0
2026-06-08 15:05:00,29529.75,29544.75,29479.75,29479.75,4772.0
2026-06-08 15:10:00,29479.75,29481.5,29427.0,29429.0,7315.0
2026-06-08 15:15:00,29428.75,29442.75,29411.0,29424.5,6452.0
2026-06-08 15:20:00,29424.5,29451.25,29386.75,29389.5,6941.0
2026-06-08 15:25:00,29390.25,29436.75,29377.0,29436.75,5742.0
2026-06-08 15:30:00,29437.0,29495.0,29430.5,29457.25,7432.0
2026-06-08 15:35:00,29457.5,29476.75,29430.75,29447.25,4836.0
2026-06-08 15:40:00,29446.5,29460.5,29420.75,29437.0,4519.0
2026-06-08 15:45:00,29436.5,29468.0,29426.0,29429.5,4867.0
2026-06-08 15:50:00,29428.75,29475.0,29419.0,29452.0,9477.0
2026-06-08 15:55:00,29452.25,29468.0,29436.25,29452.75,16005.0
2026-06-08 16:00:00,29453.0,29467.25,29427.0,29462.25,6001.0
2026-06-09 09:30:00,29737.0,29748.0,29633.25,29649.75,18948.0
2026-06-09 09:35:00,29650.75,29731.0,29647.75,29686.0,12474.0
2026-06-09 09:40:00,29686.5,29769.5,29659.0,29767.0,13437.0
2026-06-09 09:45:00,29766.5,29846.75,29760.0,29843.25,14858.0
2026-06-09 09:50:00,29844.25,29848.25,29726.0,29732.25,13195.0
2026-06-09 09:55:00,29730.5,29746.25,29663.25,29672.75,12419.0
2026-06-09 10:00:00,29672.75,29712.0,29626.25,29664.0,15136.0
2026-06-09 10:05:00,29664.0,29702.5,29624.0,29630.75,11822.0
2026-06-09 10:10:00,29631.25,29632.5,29484.5,29491.0,17483.0
2026-06-09 10:15:00,29491.5,29514.0,29366.75,29411.75,20108.0
2026-06-09 10:20:00,29413.0,29507.0,29365.0,29504.5,16526.0
2026-06-09 10:25:00,29503.5,29526.25,29425.75,29444.0,14964.0
2026-06-09 10:30:00,29444.0,29464.0,29381.75,29438.25,14885.0
2026-06-09 10:35:00,29438.5,29487.5,29396.5,29439.0,12799.0
2026-06-09 10:40:00,29439.5,29468.75,29271.25,29286.25,14373.0
2026-06-09 10:45:00,29287.25,29314.5,29096.75,29115.75,22523.0
2026-06-09 10:50:00,29112.25,29202.75,29083.75,29200.25,16894.0
2026-06-09 10:55:00,29201.0,29241.25,29133.25,29239.75,11378.0
2026-06-09 11:00:00,29242.0,29258.0,29176.75,29183.75,10332.0
2026-06-09 11:05:00,29183.25,29274.0,29143.5,29269.0,9134.0
2026-06-09 11:10:00,29269.25,29302.0,29203.25,29243.5,8683.0
2026-06-09 11:15:00,29243.75,29254.5,29160.0,29164.75,8403.0
2026-06-09 11:20:00,29163.5,29194.0,29013.75,29018.25,11994.0
2026-06-09 11:25:00,29018.0,29034.0,28848.5,28859.25,15565.0
2026-06-09 11:30:00,28861.25,28910.0,28828.25,28853.5,15861.0
2026-06-09 11:35:00,28854.0,28888.0,28809.75,28873.5,13508.0
2026-06-09 11:40:00,28872.75,28944.25,28862.0,28902.75,11661.0
2026-06-09 11:45:00,28903.75,28932.5,28889.0,28923.0,8005.0
2026-06-09 11:50:00,28921.75,28972.0,28847.75,28851.5,11462.0
2026-06-09 11:55:00,28852.5,28862.25,28681.5,28695.25,17313.0
2026-06-09 12:00:00,28696.0,28787.5,28692.0,28720.0,12676.0
2026-06-09 12:05:00,28720.0,28727.25,28575.0,28608.75,16233.0
2026-06-09 12:10:00,28607.0,28668.75,28581.0,28621.75,12123.0
2026-06-09 12:15:00,28621.75,28627.75,28430.75,28447.25,20255.0
2026-06-09 12:20:00,28446.0,28542.5,28404.25,28538.25,16195.0
2026-06-09 12:25:00,28537.75,28581.25,28490.5,28523.5,12452.0
2026-06-09 12:30:00,28522.5,28572.0,28445.0,28486.25,15338.0
2026-06-09 12:35:00,28486.75,28552.75,28246.25,28268.0,17184.0
2026-06-09 12:40:00,28268.25,28394.5,28227.75,28375.5,15739.0
2026-06-09 12:45:00,28375.25,28434.25,28316.25,28367.75,13968.0
2026-06-09 12:50:00,28367.75,28388.0,28282.75,28286.5,9868.0
2026-06-09 12:55:00,28286.75,28487.75,28279.0,28480.0,10851.0
2026-06-09 13:00:00,28480.25,28640.5,28462.5,28624.75,12785.0
2026-06-09 13:05:00,28623.5,28643.75,28556.25,28612.75,10725.0
2026-06-09 13:10:00,28610.0,28674.5,28550.0,28650.0,9226.0
2026-06-09 13:15:00,28650.0,28730.5,28606.25,28723.5,10637.0
2026-06-09 13:20:00,28723.0,28787.25,28673.0,28728.25,13580.0
2026-06-09 13:25:00,28726.5,28778.25,28689.5,28743.25,8228.0
2026-06-09 13:30:00,28743.5,28805.5,28708.0,28801.5,8481.0
2026-06-09 13:35:00,28802.5,28850.0,28757.75,28822.25,8668.0
2026-06-09 13:40:00,28821.75,28924.5,28806.5,28866.0,9945.0
2026-06-09 13:45:00,28867.25,28884.5,28714.25,28732.5,11902.0
2026-06-09 13:50:00,28733.25,28852.25,28731.25,28808.5,10297.0
2026-06-09 13:55:00,28809.75,28865.5,28802.25,28832.5,7096.0
2026-06-09 14:00:00,28831.5,28866.25,28784.75,28818.5,6796.0
2026-06-09 14:05:00,28819.5,28887.5,28803.5,28876.75,6735.0
2026-06-09 14:10:00,28877.75,28878.5,28818.75,28862.25,6627.0
2026-06-09 14:15:00,28861.75,28940.75,28823.0,28936.5,7430.0
2026-06-09 14:20:00,28937.25,28980.0,28898.75,28970.5,7594.0
2026-06-09 14:25:00,28969.25,28974.5,28896.5,28972.75,5084.0
2026-06-09 14:30:00,28973.25,29047.0,28967.0,29004.5,7751.0
2026-06-09 14:35:00,29004.5,29038.0,28983.75,29012.75,3868.0
2026-06-09 14:40:00,29014.0,29016.75,28912.25,28921.75,6038.0
2026-06-09 14:45:00,28922.5,28981.5,28916.0,28979.25,4684.0
2026-06-09 14:50:00,28979.75,29021.75,28951.0,28983.25,4656.0
2026-06-09 14:55:00,28982.75,29091.25,28978.75,29065.75,8061.0
2026-06-09 15:00:00,29066.0,29125.5,29020.25,29120.75,7680.0
2026-06-09 15:05:00,29120.25,29146.5,29045.75,29051.5,6621.0
2026-06-09 15:10:00,29051.25,29051.75,28956.0,28965.25,6620.0
2026-06-09 15:15:00,28965.75,28972.5,28852.0,28864.25,10196.0
2026-06-09 15:20:00,28864.25,28927.0,28839.0,28891.25,7655.0
2026-06-09 15:25:00,28890.25,28970.5,28872.0,28953.75,6325.0
2026-06-09 15:30:00,28952.75,28988.0,28929.75,28977.75,5940.0
2026-06-09 15:35:00,28979.0,28985.0,28919.0,28922.25,4952.0
2026-06-09 15:40:00,28922.25,28949.25,28853.25,28922.25,7515.0
2026-06-09 15:45:00,28922.75,28940.0,28850.5,28879.25,5726.0
2026-06-09 15:50:00,28880.0,29038.5,28880.0,29032.75,12518.0
2026-06-09 15:55:00,29031.5,29135.25,29028.0,29117.0,24647.0
2026-06-09 16:00:00,29116.0,29196.25,29087.0,29194.75,10269.0
2026-06-10 09:30:00,28852.75,28953.25,28778.0,28780.25,15941.0
2026-06-10 09:35:00,28781.0,29022.75,28772.5,28961.75,14720.0
2026-06-10 09:40:00,28959.5,29092.75,28851.0,29079.5,13589.0
2026-06-10 09:45:00,29077.5,29163.25,29020.0,29144.0,14830.0
2026-06-10 09:50:00,29144.0,29145.75,28984.0,29028.0,11247.0
2026-06-10 09:55:00,29028.5,29094.0,29001.0,29020.75,8509.0
2026-06-10 10:00:00,29021.25,29119.5,28965.0,29080.75,11051.0
2026-06-10 10:05:00,29080.25,29151.5,29029.25,29134.75,8269.0
2026-06-10 10:10:00,29135.75,29166.0,29070.5,29091.5,9434.0
2026-06-10 10:15:00,29092.5,29137.75,29046.25,29102.75,9093.0
2026-06-10 10:20:00,29103.5,29219.75,29070.0,29217.75,8816.0
2026-06-10 10:25:00,29217.5,29231.0,29124.5,29170.75,9525.0
2026-06-10 10:30:00,29172.0,29249.0,29093.25,29244.75,9367.0
2026-06-10 10:35:00,29244.25,29250.0,29128.5,29155.75,8119.0
2026-06-10 10:40:00,29153.25,29198.0,29081.5,29082.0,7414.0
2026-06-10 10:45:00,29082.25,29125.0,29007.5,29038.75,9864.0
2026-06-10 10:50:00,29040.25,29106.0,29005.0,29028.5,8118.0
2026-06-10 10:55:00,29027.5,29047.5,28856.0,28900.25,12022.0
2026-06-10 11:00:00,28901.25,28985.75,28831.5,28900.75,10075.0
2026-06-10 11:05:00,28900.5,28910.5,28817.0,28826.0,7013.0
2026-06-10 11:10:00,28824.75,28840.75,28745.0,28748.75,10124.0
2026-06-10 11:15:00,28749.75,28762.75,28663.5,28727.25,10325.0
2026-06-10 11:20:00,28726.5,28865.5,28716.0,28832.75,10028.0
2026-06-10 11:25:00,28831.5,28877.75,28790.0,28790.5,7993.0
2026-06-10 11:30:00,28790.75,28854.75,28742.0,28771.75,7064.0
2026-06-10 11:35:00,28773.75,28810.75,28721.0,28768.0,6488.0
2026-06-10 11:40:00,28765.25,28875.0,28742.25,28854.0,6596.0
2026-06-10 11:45:00,28854.75,28874.5,28666.25,28711.5,13538.0
2026-06-10 11:50:00,28710.0,28826.0,28627.0,28784.25,10124.0
2026-06-10 11:55:00,28784.5,28870.0,28735.5,28855.25,6638.0
2026-06-10 12:00:00,28855.25,28896.5,28799.0,28831.25,5529.0
2026-06-10 12:05:00,28829.25,28854.5,28759.5,28780.75,4130.0
2026-06-10 12:10:00,28776.25,28783.0,28711.75,28728.75,4078.0
2026-06-10 12:15:00,28726.75,28773.0,28711.5,28743.0,3961.0
2026-06-10 12:20:00,28745.0,28764.25,28703.0,28710.5,3823.0
2026-06-10 12:25:00,28711.25,28763.0,28705.75,28742.25,2242.0
2026-06-10 12:30:00,28742.25,28807.0,28704.0,28804.0,3543.0
2026-06-10 12:35:00,28804.25,28851.75,28768.0,28828.5,5210.0
2026-06-10 12:40:00,28828.0,28846.0,28734.5,28752.0,3987.0
2026-06-10 12:45:00,28752.25,28752.25,28664.75,28698.25,6077.0
2026-06-10 12:50:00,28699.0,28761.25,28673.75,28715.0,4495.0
2026-06-10 12:55:00,28715.0,28723.5,28669.25,28717.5,3313.0
2026-06-10 13:00:00,28717.75,28781.5,28694.75,28763.75,4174.0
2026-06-10 13:05:00,28765.25,28766.75,28670.75,28679.5,4423.0
2026-06-10 13:10:00,28678.5,28683.75,28628.5,28648.25,4653.0
2026-06-10 13:15:00,28647.0,28674.0,28628.0,28644.5,4067.0
2026-06-10 13:20:00,28643.75,28681.0,28628.75,28676.0,3644.0
2026-06-10 13:25:00,28674.5,28699.0,28648.5,28688.5,3878.0
2026-06-10 13:30:00,28687.0,28693.5,28626.25,28659.5,4508.0
2026-06-10 13:35:00,28661.0,28668.5,28626.75,28633.75,3045.0
2026-06-10 13:40:00,28634.0,28659.25,28618.0,28622.5,5116.0
2026-06-10 13:45:00,28623.25,28784.75,28616.0,28765.75,8020.0
2026-06-10 13:50:00,28766.25,28772.25,28687.5,28741.75,5732.0
2026-06-10 13:55:00,28744.5,28793.75,28735.5,28780.0,4443.0
2026-06-10 14:00:00,28779.5,28832.5,28760.5,28826.75,5465.0
2026-06-10 14:05:00,28827.5,28831.0,28752.5,28754.25,4859.0
2026-06-10 14:10:00,28754.75,28803.75,28753.25,28781.5,3047.0
2026-06-10 14:15:00,28781.5,28810.25,28706.0,28723.0,4175.0
2026-06-10 14:20:00,28723.75,28765.0,28697.75,28732.5,4408.0
2026-06-10 14:25:00,28733.25,28740.0,28705.0,28713.0,2928.0
2026-06-10 14:30:00,28713.75,28717.75,28674.25,28687.0,4001.0
2026-06-10 14:35:00,28687.5,28690.75,28633.0,28656.0,5058.0
2026-06-10 14:40:00,28655.25,28679.25,28633.0,28661.25,3639.0
2026-06-10 14:45:00,28662.0,28664.0,28627.5,28630.5,3045.0
2026-06-10 14:50:00,28630.5,28637.0,28579.75,28617.25,5967.0
2026-06-10 14:55:00,28616.5,28625.5,28574.0,28607.5,3891.0
2026-06-10 15:00:00,28608.25,28652.5,28574.25,28618.0,5071.0
2026-06-10 15:05:00,28618.75,28669.0,28596.5,28641.75,4834.0
2026-06-10 15:10:00,28642.25,28643.0,28578.25,28593.5,3654.0
2026-06-10 15:15:00,28594.25,28597.5,28525.0,28542.5,5289.0
2026-06-10 15:20:00,28543.5,28546.25,28502.75,28533.25,5105.0
2026-06-10 15:25:00,28532.5,28560.25,28493.0,28547.75,5514.0
2026-06-10 15:30:00,28546.75,28626.25,28524.75,28606.75,6898.0
2026-06-10 15:35:00,28606.75,28657.5,28590.0,28646.0,4588.0
2026-06-10 15:40:00,28647.25,28664.0,28593.0,28621.25,4703.0
2026-06-10 15:45:00,28620.25,28628.75,28551.75,28596.0,4875.0
2026-06-10 15:50:00,28595.25,28663.5,28545.5,28615.5,8923.0
2026-06-10 15:55:00,28616.5,28643.5,28523.5,28527.25,18468.0
2026-06-10 16:00:00,28527.5,28536.75,28471.25,28509.5,7208.0
2026-06-11 09:30:00,28753.25,28786.25,28671.0,28686.5,15461.0
2026-06-11 09:35:00,28687.25,28785.25,28662.75,28701.25,11877.0
2026-06-11 09:40:00,28699.0,28766.75,28650.75,28737.75,11223.0
2026-06-11 09:45:00,28739.0,28892.0,28706.5,28815.25,15563.0
2026-06-11 09:50:00,28818.25,29016.75,28816.75,28968.5,13150.0
2026-06-11 09:55:00,28967.75,29009.75,28875.0,28900.5,8996.0
2026-06-11 10:00:00,28899.5,29049.5,28892.75,29039.25,10274.0
2026-06-11 10:05:00,29039.25,29039.5,28951.0,28969.5,6643.0
2026-06-11 10:10:00,28969.25,28979.0,28827.25,28843.5,9422.0
2026-06-11 10:15:00,28841.75,28882.0,28752.5,28762.5,10148.0
2026-06-11 10:20:00,28761.75,28922.0,28753.25,28884.0,8889.0
2026-06-11 10:25:00,28884.75,28930.25,28791.75,28868.25,6826.0
2026-06-11 10:30:00,28873.5,28900.0,28798.5,28836.75,5674.0
2026-06-11 10:35:00,28835.5,28944.0,28823.75,28869.75,6968.0
2026-06-11 10:40:00,28871.0,28914.75,28816.25,28818.0,4396.0
2026-06-11 10:45:00,28820.0,28844.5,28765.5,28790.0,6664.0
2026-06-11 10:50:00,28789.5,28818.0,28742.75,28760.5,6152.0
2026-06-11 10:55:00,28758.5,28760.75,28607.5,28648.25,10052.0
2026-06-11 11:00:00,28649.5,28699.25,28577.5,28677.75,11803.0
2026-06-11 11:05:00,28679.0,28760.5,28641.0,28719.75,7290.0
2026-06-11 11:10:00,28719.25,28795.0,28710.25,28765.25,5541.0
2026-06-11 11:15:00,28766.75,28839.5,28749.0,28780.5,7828.0
2026-06-11 11:20:00,28780.5,28860.0,28770.5,28830.75,5445.0
2026-06-11 11:25:00,28832.75,28854.75,28750.5,28757.75,5185.0
2026-06-11 11:30:00,28757.75,28814.25,28741.0,28804.5,5145.0
2026-06-11 11:35:00,28804.75,28889.0,28796.5,28857.5,5315.0
2026-06-11 11:40:00,28856.0,28907.25,28791.75,28817.25,4594.0
2026-06-11 11:45:00,28816.5,28871.5,28787.75,28827.5,4082.0
2026-06-11 11:50:00,28828.5,28836.0,28782.75,28805.25,2800.0
2026-06-11 11:55:00,28805.0,28876.0,28775.75,28858.0,4589.0
2026-06-11 12:00:00,28858.5,28917.75,28827.5,28855.0,4350.0
2026-06-11 12:05:00,28855.25,28915.0,28835.0,28899.0,3844.0
2026-06-11 12:10:00,28895.25,28968.25,28886.5,28951.75,5821.0
2026-06-11 12:15:00,28953.0,28975.25,28915.75,28942.0,4604.0
2026-06-11 12:20:00,28942.75,28957.25,28873.75,28878.5,4474.0
2026-06-11 12:25:00,28878.25,28891.75,28841.0,28846.0,4595.0
2026-06-11 12:30:00,28845.5,28969.0,28821.0,28923.25,6945.0
2026-06-11 12:35:00,28921.75,28967.5,28886.0,28895.5,4319.0
2026-06-11 12:40:00,28896.0,28905.75,28865.75,28886.0,2921.0
2026-06-11 12:45:00,28886.0,28903.0,28855.75,28870.5,3171.0
2026-06-11 12:50:00,28871.5,28877.0,28798.75,28804.0,4156.0
2026-06-11 12:55:00,28803.5,28814.75,28763.25,28769.5,3653.0
2026-06-11 13:00:00,28770.0,28807.75,28713.0,28730.25,5158.0
2026-06-11 13:05:00,28730.5,28796.0,28726.5,28784.0,4418.0
2026-06-11 13:10:00,28785.5,28809.25,28735.75,28743.75,3423.0
2026-06-11 13:15:00,28742.75,28763.5,28685.0,28702.0,4490.0
2026-06-11 13:20:00,28701.5,28737.0,28678.5,28728.5,3538.0
2026-06-11 13:25:00,28726.5,29093.25,28722.25,29085.25,11883.0
2026-06-11 13:30:00,29086.75,29265.0,29086.25,29206.0,20949.0
2026-06-11 13:35:00,29208.5,29222.75,29128.0,29180.25,7655.0
2026-06-11 13:40:00,29179.5,29302.25,29159.25,29281.5,8811.0
2026-06-11 13:45:00,29281.5,29300.0,29182.5,29196.0,7461.0
2026-06-11 13:50:00,29199.75,29208.0,29117.75,29182.75,6249.0
2026-06-11 13:55:00,29183.25,29220.25,29140.0,29214.0,5650.0
2026-06-11 14:00:00,29213.5,29254.5,29093.0,29114.25,8908.0
2026-06-11 14:05:00,29115.25,29147.0,29068.5,29110.5,5144.0
2026-06-11 14:10:00,29109.0,29183.0,29103.75,29182.25,4555.0
2026-06-11 14:15:00,29179.5,29266.5,29173.75,29256.0,5257.0
2026-06-11 14:20:00,29253.75,29255.0,29150.0,29193.25,6605.0
2026-06-11 14:25:00,29190.75,29207.5,29171.25,29188.25,3277.0
2026-06-11 14:30:00,29187.5,29240.0,29177.5,29186.0,3850.0
2026-06-11 14:35:00,29186.5,29213.5,29172.5,29183.75,3039.0
2026-06-11 14:40:00,29184.25,29228.0,29177.75,29223.5,2726.0
2026-06-11 14:45:00,29224.0,29281.25,29217.0,29276.25,5568.0
2026-06-11 14:50:00,29275.75,29312.25,29265.0,29266.75,5206.0
2026-06-11 14:55:00,29266.5,29283.75,29234.0,29268.75,4097.0
2026-06-11 15:00:00,29269.0,29317.5,29265.0,29297.0,5401.0
2026-06-11 15:05:00,29296.75,29309.0,29229.5,29304.25,5219.0
2026-06-11 15:10:00,29303.25,29374.25,29299.75,29360.5,6957.0
2026-06-11 15:15:00,29360.5,29396.25,29346.5,29388.25,5433.0
2026-06-11 15:20:00,29387.5,29399.25,29373.75,29386.0,3790.0
2026-06-11 15:25:00,29385.5,29448.0,29377.5,29424.0,5046.0
2026-06-11 15:30:00,29424.25,29541.75,29421.25,29527.5,9698.0
2026-06-11 15:35:00,29528.75,29544.25,29456.0,29466.75,5535.0
2026-06-11 15:40:00,29467.25,29529.75,29457.75,29498.75,4409.0
2026-06-11 15:45:00,29498.75,29498.75,29427.5,29432.0,6101.0
2026-06-11 15:50:00,29432.75,29491.75,29404.0,29477.25,8645.0
2026-06-11 15:55:00,29477.25,29497.75,29438.75,29457.75,19235.0
2026-06-11 16:00:00,29457.5,29484.25,29416.0,29457.75,7219.0
2026-06-12 09:30:00,29496.0,29501.0,29303.0,29339.0,14586.0
2026-06-12 09:35:00,29339.5,29455.5,29332.25,29448.0,7692.0
2026-06-12 09:40:00,29446.75,29473.75,29263.5,29279.25,10928.0
2026-06-12 09:45:00,29282.75,29341.25,29230.0,29298.25,8930.0
2026-06-12 09:50:00,29299.75,29362.25,29271.5,29311.5,7245.0
2026-06-12 09:55:00,29313.25,29407.5,29297.5,29349.5,5759.0
2026-06-12 10:00:00,29354.0,29505.0,29339.0,29480.5,9110.0
2026-06-12 10:05:00,29482.25,29580.75,29441.5,29578.25,8258.0
2026-06-12 10:10:00,29578.25,29598.75,29512.75,29544.75,7445.0
2026-06-12 10:15:00,29543.75,29627.25,29533.25,29586.0,6933.0
2026-06-12 10:20:00,29586.0,29619.0,29487.0,29497.0,7547.0
2026-06-12 10:25:00,29498.75,29559.0,29496.75,29513.5,5696.0
2026-06-12 10:30:00,29512.25,29565.75,29492.5,29527.0,7136.0
2026-06-12 10:35:00,29526.75,29609.25,29520.75,29546.25,7870.0
2026-06-12 10:40:00,29547.0,29550.25,29408.5,29411.5,7534.0
2026-06-12 10:45:00,29411.0,29449.5,29352.5,29374.75,8863.0
2026-06-12 10:50:00,29374.5,29610.25,29369.25,29600.0,9935.0
2026-06-12 10:55:00,29598.25,29644.0,29562.75,29631.0,7042.0
2026-06-12 11:00:00,29634.0,29671.0,29597.25,29623.5,6224.0
2026-06-12 11:05:00,29623.0,29678.25,29613.0,29656.0,4421.0
2026-06-12 11:10:00,29654.0,29703.5,29630.75,29696.25,4922.0
2026-06-12 11:15:00,29696.25,29730.0,29665.0,29729.75,5198.0
2026-06-12 11:20:00,29730.0,29756.5,29700.75,29745.0,4158.0
2026-06-12 11:25:00,29745.0,29760.0,29720.25,29745.25,3563.0
2026-06-12 11:30:00,29745.5,29749.0,29680.75,29685.25,5308.0
2026-06-12 11:35:00,29686.0,29744.0,29617.75,29653.25,6567.0
2026-06-12 11:40:00,29649.0,29666.25,29560.0,29569.0,4694.0
2026-06-12 11:45:00,29569.75,29622.25,29476.0,29488.5,7920.0
2026-06-12 11:50:00,29486.5,29594.0,29461.25,29572.25,6080.0
2026-06-12 11:55:00,29571.75,29574.25,29410.0,29439.75,4977.0
2026-06-12 12:00:00,29440.25,29490.25,29409.0,29465.75,5750.0
2026-06-12 12:05:00,29465.25,29535.5,29444.0,29521.5,4715.0
2026-06-12 12:10:00,29522.75,29651.0,29478.5,29597.25,6933.0
2026-06-12 12:15:00,29595.25,29667.75,29569.5,29588.0,5755.0
2026-06-12 12:20:00,29588.0,29616.25,29548.5,29588.25,3455.0
2026-06-12 12:25:00,29586.25,29615.0,29556.5,29593.5,2218.0
2026-06-12 12:30:00,29593.5,29628.0,29575.0,29623.5,2050.0
2026-06-12 12:35:00,29620.75,29632.0,29586.25,29604.75,1992.0
2026-06-12 12:40:00,29607.5,29641.0,29578.5,29594.5,2621.0
2026-06-12 12:45:00,29595.5,29647.5,29588.25,29644.25,2192.0
2026-06-12 12:50:00,29643.5,29667.5,29631.5,29643.0,2883.0
2026-06-12 12:55:00,29641.25,29678.75,29591.5,29673.0,3457.0
2026-06-12 13:00:00,29673.0,29706.0,29661.0,29699.5,2973.0
2026-06-12 13:05:00,29699.25,29752.25,29691.0,29721.75,4085.0
2026-06-12 13:10:00,29723.0,29731.0,29657.0,29702.75,3276.0
2026-06-12 13:15:00,29703.75,29739.0,29689.5,29730.5,2777.0
2026-06-12 13:20:00,29728.75,29745.0,29719.5,29735.25,1904.0
2026-06-12 13:25:00,29734.5,29741.0,29693.5,29721.0,2675.0
2026-06-12 13:30:00,29722.25,29727.5,29681.0,29687.0,2727.0
2026-06-12 13:35:00,29687.25,29717.25,29684.0,29703.0,2306.0
2026-06-12 13:40:00,29700.5,29730.0,29681.25,29699.0,2287.0
2026-06-12 13:45:00,29700.0,29724.0,29691.25,29706.0,2195.0
2026-06-12 13:50:00,29706.5,29717.0,29696.5,29704.25,1034.0
2026-06-12 13:55:00,29705.25,29706.5,29647.75,29682.5,3014.0
2026-06-12 14:00:00,29684.0,29691.0,29645.0,29656.5,2458.0
2026-06-12 14:05:00,29657.0,29669.75,29627.75,29653.5,2645.0
2026-06-12 14:10:00,29652.0,29708.0,29642.75,29649.75,3319.0
2026-06-12 14:15:00,29650.5,29659.0,29608.5,29628.5,2857.0
2026-06-12 14:20:00,29627.0,29640.25,29608.75,29625.75,2289.0
2026-06-12 14:25:00,29626.25,29672.75,29615.5,29665.25,2411.0
2026-06-12 14:30:00,29664.0,29699.75,29663.75,29687.0,2145.0
2026-06-12 14:35:00,29688.25,29691.5,29673.0,29690.0,1418.0
2026-06-12 14:40:00,29690.25,29719.0,29690.0,29709.75,2363.0
2026-06-12 14:45:00,29710.75,29712.5,29690.0,29704.75,1895.0
2026-06-12 14:50:00,29704.5,29708.5,29673.0,29698.75,2291.0
2026-06-12 14:55:00,29699.0,29699.0,29636.25,29645.0,3259.0
2026-06-12 15:00:00,29645.0,29700.0,29638.75,29694.75,2791.0
2026-06-12 15:05:00,29694.75,29711.0,29672.0,29684.5,2075.0
2026-06-12 15:10:00,29685.75,29689.75,29656.25,29664.25,1903.0
2026-06-12 15:15:00,29665.25,29693.0,29644.0,29686.25,2050.0
2026-06-12 15:20:00,29687.0,29689.75,29662.25,29678.75,2015.0
2026-06-12 15:25:00,29677.25,29696.5,29654.75,29660.5,2359.0
2026-06-12 15:30:00,29660.0,29668.75,29598.25,29605.0,3585.0
2026-06-12 15:35:00,29604.0,29683.75,29580.5,29613.75,4668.0
2026-06-12 15:40:00,29616.75,29659.0,29601.25,29637.25,2676.0
2026-06-12 15:45:00,29636.25,29650.75,29611.0,29637.25,2667.0
2026-06-12 15:50:00,29637.5,29660.0,29626.75,29657.25,3333.0
2026-06-12 15:55:00,29658.75,29683.0,29650.25,29650.5,13391.0
2026-06-12 16:00:00,29650.25,29690.0,29646.0,29680.75,5726.0
2026-06-15 09:30:00,30633.25,30696.0,30604.75,30659.25,18096.0
2026-06-15 09:35:00,30659.5,30719.25,30658.75,30670.25,12799.0
2026-06-15 09:40:00,30668.5,30734.5,30654.75,30704.0,10045.0
2026-06-15 09:45:00,30704.0,30783.5,30702.5,30780.75,9506.0
2026-06-15 09:50:00,30781.25,30800.0,30763.0,30763.25,8540.0
2026-06-15 09:55:00,30763.0,30783.5,30696.5,30703.75,9976.0
2026-06-15 10:00:00,30703.75,30761.75,30689.75,30741.0,9509.0
2026-06-15 10:05:00,30739.5,30764.0,30709.5,30731.25,9705.0
2026-06-15 10:10:00,30731.0,30754.25,30678.75,30729.0,7920.0
2026-06-15 10:15:00,30728.75,30743.25,30692.5,30725.0,6627.0
2026-06-15 10:20:00,30724.5,30724.5,30671.25,30701.0,6649.0
2026-06-15 10:25:00,30700.0,30762.75,30694.5,30759.5,6714.0
2026-06-15 10:30:00,30760.0,30769.5,30710.0,30731.5,7774.0
2026-06-15 10:35:00,30730.5,30748.0,30716.5,30740.25,4886.0
2026-06-15 10:40:00,30739.5,30741.25,30699.0,30716.25,6069.0
2026-06-15 10:45:00,30716.5,30739.75,30707.25,30717.75,4304.0
2026-06-15 10:50:00,30718.0,30759.5,30718.0,30749.5,6173.0
2026-06-15 10:55:00,30748.75,30800.0,30745.5,30775.0,6481.0
2026-06-15 11:00:00,30776.25,30813.5,30772.5,30803.25,4767.0
2026-06-15 11:05:00,30803.0,30828.0,30796.75,30822.25,4844.0
2026-06-15 11:10:00,30822.25,30825.0,30801.0,30818.5,5109.0
2026-06-15 11:15:00,30819.0,30825.5,30801.0,30819.0,3412.0
2026-06-15 11:20:00,30819.25,30839.25,30815.25,30834.25,4536.0
2026-06-15 11:25:00,30834.5,30852.5,30829.0,30847.75,4487.0
2026-06-15 11:30:00,30847.5,30855.0,30808.75,30810.5,6589.0
2026-06-15 11:35:00,30811.25,30847.75,30802.25,30840.5,4964.0
2026-06-15 11:40:00,30840.75,30850.0,30830.0,30834.5,3364.0
2026-06-15 11:45:00,30835.0,30876.75,30835.0,30873.5,4493.0
2026-06-15 11:50:00,30872.75,30887.0,30866.0,30877.5,4937.0
2026-06-15 11:55:00,30877.75,30886.5,30868.25,30879.25,3898.0
2026-06-15 12:00:00,30879.25,30903.0,30875.0,30888.75,5370.0
2026-06-15 12:05:00,30888.5,30895.25,30877.75,30890.0,4036.0
2026-06-15 12:10:00,30890.0,30896.75,30878.0,30889.0,3890.0
2026-06-15 12:15:00,30888.5,30894.25,30868.0,30881.5,3868.0
2026-06-15 12:20:00,30881.25,30907.25,30879.25,30904.75,3206.0
2026-06-15 12:25:00,30904.25,30912.75,30890.5,30901.0,3548.0
2026-06-15 12:30:00,30900.75,30915.0,30877.0,30878.25,3335.0
2026-06-15 12:35:00,30878.25,30892.0,30860.75,30870.75,4120.0
2026-06-15 12:40:00,30871.0,30893.75,30862.25,30880.75,4014.0
2026-06-15 12:45:00,30879.5,30880.0,30850.5,30865.5,4077.0
2026-06-15 12:50:00,30866.5,30878.0,30856.75,30860.75,2354.0
2026-06-15 12:55:00,30862.75,30874.75,30853.0,30867.5,4555.0
2026-06-15 13:00:00,30868.0,30881.25,30836.25,30874.5,5886.0
2026-06-15 13:05:00,30875.0,30886.25,30833.0,30845.0,4637.0
2026-06-15 13:10:00,30845.25,30865.75,30839.75,30855.0,3660.0
2026-06-15 13:15:00,30854.5,30881.25,30848.5,30866.75,3429.0
2026-06-15 13:20:00,30866.5,30878.25,30851.0,30875.5,2366.0
2026-06-15 13:25:00,30876.5,30892.5,30865.75,30882.75,4197.0
2026-06-15 13:30:00,30883.75,30893.0,30862.0,30875.75,3395.0
2026-06-15 13:35:00,30876.0,30891.5,30875.5,30881.5,2202.0
2026-06-15 13:40:00,30882.0,30885.25,30871.5,30874.75,1751.0
2026-06-15 13:45:00,30875.25,30881.25,30862.25,30878.5,2249.0
2026-06-15 13:50:00,30877.25,30885.25,30863.0,30868.5,2087.0
2026-06-15 13:55:00,30867.75,30870.0,30853.75,30858.75,2573.0
2026-06-15 14:00:00,30858.5,30866.0,30833.75,30838.75,3779.0
2026-06-15 14:05:00,30837.75,30857.75,30832.75,30854.75,3705.0
2026-06-15 14:10:00,30854.5,30871.25,30852.5,30867.5,2992.0
2026-06-15 14:15:00,30868.25,30879.75,30861.75,30866.75,2966.0
2026-06-15 14:20:00,30865.25,30871.5,30853.25,30854.0,2808.0
2026-06-15 14:25:00,30854.75,30863.0,30836.75,30840.0,3420.0
2026-06-15 14:30:00,30840.25,30864.0,30824.0,30853.25,3884.0
2026-06-15 14:35:00,30852.75,30881.5,30849.75,30879.25,3108.0
2026-06-15 14:40:00,30879.5,30885.5,30867.5,30880.5,2486.0
2026-06-15 14:45:00,30880.75,30891.0,30867.5,30880.0,3055.0
2026-06-15 14:50:00,30879.5,30884.25,30867.5,30873.25,1582.0
2026-06-15 14:55:00,30872.75,30882.0,30853.75,30861.25,2024.0
2026-06-15 15:00:00,30861.25,30872.5,30846.0,30849.75,2725.0
2026-06-15 15:05:00,30849.75,30863.75,30842.0,30853.0,2760.0
2026-06-15 15:10:00,30853.5,30869.75,30846.75,30858.5,2612.0
2026-06-15 15:15:00,30858.75,30871.5,30849.0,30855.0,2364.0
2026-06-15 15:20:00,30856.0,30859.25,30834.75,30841.25,3197.0
2026-06-15 15:25:00,30840.25,30850.0,30831.25,30832.75,3178.0
2026-06-15 15:30:00,30832.0,30854.75,30819.75,30838.75,4831.0
2026-06-15 15:35:00,30839.5,30861.5,30834.75,30856.5,4051.0
2026-06-15 15:40:00,30855.0,30865.5,30850.25,30854.75,4918.0
2026-06-15 15:45:00,30855.25,30877.0,30845.75,30870.0,4473.0
2026-06-15 15:50:00,30868.75,30868.75,30820.25,30842.75,8590.0
2026-06-15 15:55:00,30843.25,30879.0,30815.0,30872.75,16701.0
2026-06-15 16:00:00,30872.25,30894.0,30867.0,30868.5,6412.0
2026-06-16 09:30:00,30812.5,30819.0,30750.75,30791.75,16388.0
2026-06-16 09:35:00,30792.75,30839.75,30780.0,30781.5,10928.0
2026-06-16 09:40:00,30782.0,30860.5,30780.0,30819.25,10346.0
2026-06-16 09:45:00,30817.75,30883.5,30813.0,30860.25,10121.0
2026-06-16 09:50:00,30861.0,30883.75,30845.5,30869.25,6481.0
2026-06-16 09:55:00,30870.25,30889.0,30800.0,30806.5,9165.0
2026-06-16 10:00:00,30808.0,30839.0,30791.25,30830.25,8432.0
2026-06-16 10:05:00,30831.0,30858.5,30802.75,30852.25,7053.0
2026-06-16 10:10:00,30852.25,30856.5,30801.25,30816.5,6367.0
2026-06-16 10:15:00,30816.5,30825.5,30730.0,30740.25,9270.0
2026-06-16 10:20:00,30739.75,30771.0,30672.5,30713.25,12532.0
2026-06-16 10:25:00,30713.0,30752.0,30677.75,30681.25,8548.0
2026-06-16 10:30:00,30682.25,30682.25,30591.0,30608.25,13800.0
2026-06-16 10:35:00,30608.25,30680.0,30606.5,30673.25,8493.0
2026-06-16 10:40:00,30673.5,30714.75,30653.25,30681.75,6447.0
2026-06-16 10:45:00,30681.25,30681.25,30624.25,30629.0,5769.0
2026-06-16 10:50:00,30628.25,30675.25,30622.75,30629.5,6288.0
2026-06-16 10:55:00,30631.5,30634.0,30562.5,30602.75,7900.0
2026-06-16 11:00:00,30601.0,30640.0,30590.25,30632.0,6953.0
2026-06-16 11:05:00,30631.75,30654.0,30610.5,30637.0,5592.0
2026-06-16 11:10:00,30637.75,30665.25,30611.0,30623.5,4989.0
2026-06-16 11:15:00,30622.5,30648.5,30592.75,30595.0,4169.0
2026-06-16 11:20:00,30595.25,30616.0,30535.25,30562.75,7184.0
2026-06-16 11:25:00,30561.25,30573.25,30500.5,30536.75,7371.0
2026-06-16 11:30:00,30538.75,30572.0,30533.75,30554.5,5125.0
2026-06-16 11:35:00,30556.0,30577.75,30485.0,30503.5,6271.0
2026-06-16 11:40:00,30505.0,30520.5,30465.25,30474.75,5838.0
2026-06-16 11:45:00,30472.75,30489.5,30407.75,30432.0,8143.0
2026-06-16 11:50:00,30431.75,30515.75,30409.5,30508.0,8137.0
2026-06-16 11:55:00,30508.5,30529.5,30465.25,30467.25,6056.0
2026-06-16 12:00:00,30466.25,30546.0,30463.75,30528.0,6023.0
2026-06-16 12:05:00,30528.75,30557.75,30513.5,30539.75,4343.0
2026-06-16 12:10:00,30539.25,30566.75,30523.75,30532.0,4024.0
2026-06-16 12:15:00,30533.0,30556.25,30512.25,30545.25,4119.0
2026-06-16 12:20:00,30545.5,30575.0,30533.25,30548.75,4131.0
2026-06-16 12:25:00,30549.0,30555.25,30523.25,30536.75,3586.0
2026-06-16 12:30:00,30537.0,30541.0,30468.75,30469.75,4533.0
2026-06-16 12:35:00,30470.75,30494.25,30444.0,30470.25,4048.0
2026-06-16 12:40:00,30470.25,30512.25,30457.0,30500.5,3879.0
2026-06-16 12:45:00,30499.75,30522.75,30478.5,30495.0,3523.0
2026-06-16 12:50:00,30496.0,30525.0,30473.25,30482.75,3698.0
2026-06-16 12:55:00,30483.25,30500.25,30450.5,30496.5,4337.0
2026-06-16 13:00:00,30495.5,30497.5,30452.0,30476.5,3437.0
2026-06-16 13:05:00,30476.5,30480.0,30456.75,30467.5,2495.0
2026-06-16 13:10:00,30467.75,30496.75,30460.25,30478.5,3048.0
2026-06-16 13:15:00,30478.25,30490.5,30450.5,30455.5,3217.0
2026-06-16 13:20:00,30456.5,30472.75,30427.5,30471.75,4281.0
2026-06-16 13:25:00,30473.25,30476.75,30448.0,30458.5,3528.0
2026-06-16 13:30:00,30458.5,30470.0,30430.0,30448.75,3633.0
2026-06-16 13:35:00,30450.0,30454.75,30401.75,30415.75,4529.0
2026-06-16 13:40:00,30416.0,30464.75,30404.5,30449.25,4515.0
2026-06-16 13:45:00,30447.5,30476.5,30432.25,30476.5,3119.0
2026-06-16 13:50:00,30476.5,30511.0,30463.75,30510.5,4039.0
2026-06-16 13:55:00,30509.75,30521.0,30475.0,30477.25,3141.0
2026-06-16 14:00:00,30477.25,30496.5,30472.0,30490.75,3191.0
2026-06-16 14:05:00,30490.5,30495.5,30473.25,30483.5,2227.0
2026-06-16 14:10:00,30483.5,30493.75,30472.75,30474.25,2225.0
2026-06-16 14:15:00,30473.5,30476.25,30445.5,30454.25,3966.0
2026-06-16 14:20:00,30454.75,30468.5,30447.5,30460.25,1658.0
2026-06-16 14:25:00,30458.75,30485.25,30456.75,30471.25,2311.0
2026-06-16 14:30:00,30471.25,30477.5,30436.0,30445.5,3222.0
2026-06-16 14:35:00,30444.75,30465.25,30422.0,30459.25,5181.0
2026-06-16 14:40:00,30459.0,30469.0,30450.0,30463.5,3353.0
2026-06-16 14:45:00,30464.0,30470.0,30434.5,30438.25,2214.0
2026-06-16 14:50:00,30438.0,30454.0,30430.0,30441.5,2506.0
2026-06-16 14:55:00,30442.0,30454.25,30424.0,30443.0,3308.0
2026-06-16 15:00:00,30443.25,30480.75,30423.0,30474.75,4621.0
2026-06-16 15:05:00,30474.75,30479.0,30431.75,30438.25,4241.0
2026-06-16 15:10:00,30438.75,30446.5,30390.25,30401.5,6548.0
2026-06-16 15:15:00,30401.75,30404.75,30336.75,30401.0,8113.0
2026-06-16 15:20:00,30401.0,30439.0,30396.5,30434.0,5162.0
2026-06-16 15:25:00,30435.25,30451.5,30420.25,30446.0,4675.0
2026-06-16 15:30:00,30444.5,30462.0,30420.75,30423.5,4783.0
2026-06-16 15:35:00,30423.5,30442.75,30373.75,30379.0,4561.0
2026-06-16 15:40:00,30378.75,30416.75,30367.0,30413.75,4956.0
2026-06-16 15:45:00,30412.5,30417.75,30381.5,30396.25,4554.0
2026-06-16 15:50:00,30395.0,30421.0,30350.25,30390.25,7735.0
2026-06-16 15:55:00,30391.5,30391.5,30302.25,30309.75,21193.0
2026-06-16 16:00:00,30310.0,30321.75,30293.5,30313.25,7213.0
2026-06-17 09:30:00,30526.0,30527.75,30420.0,30441.25,13023.0
2026-06-17 09:35:00,30441.0,30474.25,30398.25,30409.5,9016.0
2026-06-17 09:40:00,30409.0,30525.0,30399.75,30519.75,9152.0
2026-06-17 09:45:00,30520.75,30542.25,30451.0,30452.25,8795.0
2026-06-17 09:50:00,30452.5,30484.5,30426.25,30472.25,8358.0
2026-06-17 09:55:00,30472.25,30477.5,30346.0,30347.75,8914.0
2026-06-17 10:00:00,30346.0,30403.0,30320.0,30389.0,10566.0
2026-06-17 10:05:00,30388.0,30430.0,30348.5,30385.25,8453.0
2026-06-17 10:10:00,30385.0,30447.75,30357.0,30444.25,7288.0
2026-06-17 10:15:00,30444.75,30489.25,30434.75,30469.5,6971.0
2026-06-17 10:20:00,30469.75,30545.75,30456.25,30540.5,6859.0
2026-06-17 10:25:00,30541.5,30542.5,30488.0,30509.5,5979.0
2026-06-17 10:30:00,30510.0,30516.0,30429.0,30461.0,5940.0
2026-06-17 10:35:00,30460.0,30478.5,30410.5,30423.5,5894.0
2026-06-17 10:40:00,30425.0,30448.25,30374.0,30433.5,6112.0
2026-06-17 10:45:00,30432.0,30463.25,30284.75,30370.75,11769.0
2026-06-17 10:50:00,30371.25,30434.75,30354.75,30426.25,5161.0
2026-06-17 10:55:00,30426.0,30427.25,30351.75,30359.25,4182.0
2026-06-17 11:00:00,30357.5,30403.75,30352.25,30383.25,4081.0
2026-06-17 11:05:00,30383.75,30414.25,30346.0,30360.0,4893.0
2026-06-17 11:10:00,30359.5,30419.25,30354.25,30410.25,4210.0
2026-06-17 11:15:00,30410.25,30458.5,30397.0,30423.25,5729.0
2026-06-17 11:20:00,30423.25,30443.5,30397.5,30413.25,3720.0
2026-06-17 11:25:00,30411.25,30424.0,30392.5,30418.25,3150.0
2026-06-17 11:30:00,30417.0,30449.5,30400.25,30432.0,4032.0
2026-06-17 11:35:00,30432.0,30450.25,30416.25,30444.0,2555.0
2026-06-17 11:40:00,30443.25,30448.75,30402.0,30414.25,2976.0
2026-06-17 11:45:00,30415.0,30446.0,30412.5,30443.5,2545.0
2026-06-17 11:50:00,30445.25,30454.5,30428.0,30430.75,2350.0
2026-06-17 11:55:00,30430.0,30458.5,30423.5,30450.0,2465.0
2026-06-17 12:00:00,30450.0,30472.25,30440.0,30447.75,3113.0
2026-06-17 12:05:00,30447.75,30463.5,30434.75,30451.75,2145.0
2026-06-17 12:10:00,30452.5,30453.0,30422.0,30441.25,2208.0
2026-06-17 12:15:00,30441.0,30458.25,30426.75,30455.75,2013.0
2026-06-17 12:20:00,30454.75,30466.5,30445.0,30459.5,1830.0
2026-06-17 12:25:00,30459.5,30472.0,30446.0,30456.75,1968.0
2026-06-17 12:30:00,30457.25,30471.0,30433.0,30440.0,1938.0
2026-06-17 12:35:00,30438.75,30462.5,30433.75,30458.75,1992.0
2026-06-17 12:40:00,30459.25,30459.5,30418.0,30429.75,2594.0
2026-06-17 12:45:00,30430.25,30431.25,30396.5,30406.25,2962.0
2026-06-17 12:50:00,30406.5,30421.0,30396.25,30398.5,1751.0
2026-06-17 12:55:00,30399.75,30415.0,30397.25,30410.25,1684.0
2026-06-17 13:00:00,30408.25,30410.25,30361.25,30370.0,2993.0
2026-06-17 13:05:00,30369.0,30394.5,30326.5,30379.25,4596.0
2026-06-17 13:10:00,30380.25,30395.75,30375.75,30377.0,1869.0
2026-06-17 13:15:00,30376.25,30387.5,30352.5,30387.0,2541.0
2026-06-17 13:20:00,30386.5,30414.5,30374.5,30403.75,2290.0
2026-06-17 13:25:00,30404.0,30425.25,30397.5,30418.75,2128.0
2026-06-17 13:30:00,30418.25,30418.5,30385.0,30388.5,2180.0
2026-06-17 13:35:00,30390.0,30419.75,30381.75,30413.25,1926.0
2026-06-17 13:40:00,30413.75,30415.5,30391.0,30394.0,1591.0
2026-06-17 13:45:00,30393.75,30416.5,30384.5,30411.0,1822.0
2026-06-17 13:50:00,30411.25,30460.75,30398.25,30446.75,2978.0
2026-06-17 13:55:00,30445.75,30484.75,30431.0,30466.75,2124.0
2026-06-17 14:00:00,30465.5,30471.75,30170.0,30177.0,12649.0
2026-06-17 14:05:00,30174.25,30279.0,30070.25,30256.5,12356.0
2026-06-17 14:10:00,30256.75,30291.75,30219.25,30257.75,8441.0
2026-06-17 14:15:00,30255.25,30341.5,30254.0,30322.5,7160.0
2026-06-17 14:20:00,30322.5,30328.5,30219.75,30234.25,6063.0
2026-06-17 14:25:00,30234.0,30262.25,30178.75,30241.75,6551.0
2026-06-17 14:30:00,30242.25,30344.25,30209.5,30230.0,10112.0
2026-06-17 14:35:00,30232.75,30399.0,30230.5,30362.25,7648.0
2026-06-17 14:40:00,30362.0,30520.0,30362.0,30505.5,9803.0
2026-06-17 14:45:00,30505.25,30508.0,30426.5,30452.5,7455.0
2026-06-17 14:50:00,30452.0,30480.0,30407.0,30417.25,5813.0
2026-06-17 14:55:00,30419.0,30421.0,30220.5,30274.75,10182.0
2026-06-17 15:00:00,30274.5,30356.25,30256.25,30294.5,7624.0
2026-06-17 15:05:00,30294.0,30339.5,30274.5,30290.0,4999.0
2026-06-17 15:10:00,30292.25,30370.0,30200.25,30352.25,8949.0
2026-06-17 15:15:00,30354.5,30361.75,30217.25,30218.25,6920.0
2026-06-17 15:20:00,30219.0,30221.75,30101.0,30102.5,9087.0
2026-06-17 15:25:00,30103.5,30207.0,30103.25,30129.0,6227.0
2026-06-17 15:30:00,30128.0,30163.0,30058.0,30060.25,8384.0
2026-06-17 15:35:00,30060.5,30122.0,29935.25,29963.5,9492.0
2026-06-17 15:40:00,29962.5,29990.5,29931.5,29960.25,8229.0
2026-06-17 15:45:00,29963.75,30055.0,29945.0,30014.75,8833.0
2026-06-17 15:50:00,30014.0,30014.5,29923.0,29950.0,10359.0
2026-06-17 15:55:00,29950.75,30045.5,29944.5,29994.75,15219.0
2026-06-17 16:00:00,29995.0,30089.0,29993.0,30044.5,7516.0
2026-06-18 09:30:00,30594.5,30615.5,30482.25,30486.0,18725.0
2026-06-18 09:35:00,30486.25,30503.5,30408.0,30451.0,16080.0
2026-06-18 09:40:00,30452.25,30483.5,30391.0,30402.5,11754.0
2026-06-18 09:45:00,30403.75,30502.25,30402.25,30497.0,10459.0
2026-06-18 09:50:00,30497.25,30540.5,30456.25,30463.25,10825.0
2026-06-18 09:55:00,30463.0,30485.0,30403.0,30468.75,9409.0
2026-06-18 10:00:00,30469.25,30530.5,30449.5,30514.75,8768.0
2026-06-18 10:05:00,30514.0,30591.5,30506.5,30563.75,9062.0
2026-06-18 10:10:00,30564.5,30570.0,30500.75,30523.0,6924.0
2026-06-18 10:15:00,30522.5,30613.5,30500.5,30600.0,9143.0
2026-06-18 10:20:00,30599.25,30644.0,30566.75,30623.25,8111.0
2026-06-18 10:25:00,30624.0,30627.5,30503.5,30520.75,7750.0
2026-06-18 10:30:00,30520.25,30547.0,30463.5,30546.75,7874.0
2026-06-18 10:35:00,30545.75,30606.5,30523.25,30597.25,5643.0
2026-06-18 10:40:00,30597.5,30610.25,30551.5,30573.25,4943.0
2026-06-18 10:45:00,30573.25,30660.75,30571.25,30645.75,6487.0
2026-06-18 10:50:00,30647.0,30647.75,30594.75,30616.25,5170.0
2026-06-18 10:55:00,30615.75,30650.75,30602.75,30623.5,4041.0
2026-06-18 11:00:00,30623.75,30634.25,30584.25,30622.5,5399.0
2026-06-18 11:05:00,30622.5,30652.0,30610.0,30636.25,3612.0
2026-06-18 11:10:00,30637.0,30675.75,30627.75,30628.25,4653.0
2026-06-18 11:15:00,30629.25,30646.5,30595.25,30608.75,4519.0
2026-06-18 11:20:00,30608.75,30632.25,30580.75,30594.75,5219.0
2026-06-18 11:25:00,30595.5,30629.0,30566.75,30583.5,4201.0
2026-06-18 11:30:00,30582.5,30616.5,30563.75,30589.75,5416.0
2026-06-18 11:35:00,30590.0,30590.5,30498.25,30542.75,6339.0
2026-06-18 11:40:00,30543.25,30576.25,30517.0,30537.25,4727.0
2026-06-18 11:45:00,30537.0,30561.0,30496.25,30549.25,5238.0
2026-06-18 11:50:00,30550.5,30625.0,30549.25,30601.5,5128.0
2026-06-18 11:55:00,30601.25,30652.0,30600.75,30640.75,5002.0
2026-06-18 12:00:00,30641.0,30666.25,30631.75,30638.5,5673.0
2026-06-18 12:05:00,30638.25,30675.0,30628.75,30653.25,4609.0
2026-06-18 12:10:00,30651.75,30664.5,30639.25,30652.75,3231.0
2026-06-18 12:15:00,30653.5,30656.25,30630.0,30652.0,3328.0
2026-06-18 12:20:00,30651.75,30690.75,30649.25,30672.0,4630.0
2026-06-18 12:25:00,30671.75,30688.5,30659.5,30682.25,2821.0
2026-06-18 12:30:00,30683.25,30686.75,30664.25,30677.75,2525.0
2026-06-18 12:35:00,30677.75,30707.5,30663.5,30695.25,3997.0
2026-06-18 12:40:00,30695.75,30707.75,30685.0,30691.75,3053.0
2026-06-18 12:45:00,30691.75,30698.25,30680.75,30691.25,2440.0
2026-06-18 12:50:00,30692.0,30692.0,30659.5,30663.5,3545.0
2026-06-18 12:55:00,30664.75,30685.75,30650.0,30684.75,3243.0
2026-06-18 13:00:00,30685.5,30700.0,30656.25,30698.5,3183.0
2026-06-18 13:05:00,30697.75,30725.25,30695.25,30708.25,3624.0
2026-06-18 13:10:00,30707.0,30723.0,30698.5,30712.5,2650.0
2026-06-18 13:15:00,30712.25,30734.75,30703.75,30725.5,3216.0
2026-06-18 13:20:00,30725.75,30734.25,30704.75,30705.25,2740.0
2026-06-18 13:25:00,30705.5,30709.75,30692.5,30709.5,2711.0
2026-06-18 13:30:00,30710.0,30736.75,30709.5,30725.75,3043.0
2026-06-18 13:35:00,30726.5,30730.5,30711.0,30713.0,1724.0
2026-06-18 13:40:00,30713.25,30732.0,30706.0,30723.75,2177.0
2026-06-18 13:45:00,30724.25,30732.0,30715.0,30721.75,1323.0
2026-06-18 13:50:00,30722.75,30733.75,30715.0,30717.0,1549.0
2026-06-18 13:55:00,30716.0,30717.75,30702.25,30708.5,2355.0
2026-06-18 14:00:00,30708.75,30716.25,30690.25,30697.75,2647.0
2026-06-18 14:05:00,30698.25,30717.25,30693.25,30702.75,2243.0
2026-06-18 14:10:00,30703.25,30718.75,30698.25,30698.5,1787.0
2026-06-18 14:15:00,30698.0,30700.5,30680.75,30689.25,2627.0
2026-06-18 14:20:00,30690.0,30710.0,30683.0,30696.25,2204.0
2026-06-18 14:25:00,30697.0,30708.25,30689.5,30693.5,2009.0
2026-06-18 14:30:00,30694.25,30694.25,30671.25,30677.75,2757.0
2026-06-18 14:35:00,30677.75,30684.25,30666.0,30670.5,2552.0
2026-06-18 14:40:00,30671.5,30685.0,30667.0,30676.75,1741.0
2026-06-18 14:45:00,30676.5,30704.0,30672.5,30703.0,2207.0
2026-06-18 14:50:00,30703.75,30718.5,30689.25,30704.0,2489.0
2026-06-18 14:55:00,30704.5,30712.0,30679.75,30690.75,2253.0
2026-06-18 15:00:00,30690.75,30702.5,30660.25,30675.25,2902.0
2026-06-18 15:05:00,30674.75,30683.25,30665.25,30671.5,2244.0
2026-06-18 15:10:00,30671.5,30672.0,30645.25,30653.5,3522.0
2026-06-18 15:15:00,30652.25,30682.0,30647.75,30681.0,3109.0
2026-06-18 15:20:00,30680.75,30695.75,30674.5,30677.75,2503.0
2026-06-18 15:25:00,30677.75,30699.25,30673.0,30688.0,2193.0
2026-06-18 15:30:00,30687.75,30690.75,30659.5,30682.75,3233.0
2026-06-18 15:35:00,30683.0,30721.5,30681.0,30720.5,3063.0
2026-06-18 15:40:00,30720.75,30749.25,30712.0,30747.0,3710.0
2026-06-18 15:45:00,30747.0,30783.25,30742.0,30764.0,5938.0
2026-06-18 15:50:00,30763.5,30773.25,30716.75,30749.0,8995.0
2026-06-18 15:55:00,30748.25,30775.0,30693.0,30693.5,21363.0
2026-06-18 16:00:00,30693.0,30720.0,30683.0,30717.5,7849.0
2026-06-22 09:30:00,30822.75,30904.0,30756.75,30783.75,16698.0
2026-06-22 09:35:00,30786.25,30924.5,30780.25,30920.75,11665.0
2026-06-22 09:40:00,30920.0,30926.75,30763.0,30790.0,12534.0
2026-06-22 09:45:00,30789.25,30903.0,30787.75,30880.0,10057.0
2026-06-22 09:50:00,30879.75,30909.25,30843.75,30852.5,7165.0
2026-06-22 09:55:00,30852.5,30937.25,30842.5,30937.0,7327.0
2026-06-22 10:00:00,30936.25,30954.5,30907.5,30923.0,7836.0
2026-06-22 10:05:00,30922.5,30966.5,30906.25,30949.75,5719.0
2026-06-22 10:10:00,30950.25,30968.0,30897.25,30909.75,5871.0
2026-06-22 10:15:00,30909.75,30911.75,30848.0,30875.75,6700.0
2026-06-22 10:20:00,30876.0,30877.5,30786.75,30804.25,7796.0
2026-06-22 10:25:00,30804.0,30821.25,30744.0,30756.5,9757.0
2026-06-22 10:30:00,30756.75,30762.25,30649.5,30692.0,14544.0
2026-06-22 10:35:00,30692.0,30732.0,30661.5,30695.25,8594.0
2026-06-22 10:40:00,30696.0,30714.75,30612.5,30626.0,8142.0
2026-06-22 10:45:00,30626.25,30682.0,30614.25,30630.25,7961.0
2026-06-22 10:50:00,30631.0,30656.0,30558.0,30580.5,10011.0
2026-06-22 10:55:00,30579.0,30653.75,30545.0,30639.0,7980.0
2026-06-22 11:00:00,30639.75,30680.0,30627.75,30666.0,5627.0
2026-06-22 11:05:00,30666.25,30668.5,30603.0,30639.5,7391.0
2026-06-22 11:10:00,30639.5,30662.0,30616.25,30628.5,4435.0
2026-06-22 11:15:00,30629.75,30656.0,30591.0,30606.0,5841.0
2026-06-22 11:20:00,30607.5,30644.0,30586.75,30632.0,5055.0
2026-06-22 11:25:00,30631.75,30648.75,30583.25,30597.75,5470.0
2026-06-22 11:30:00,30597.5,30633.0,30585.5,30595.75,6266.0
2026-06-22 11:35:00,30596.5,30618.0,30575.75,30607.0,4526.0
2026-06-22 11:40:00,30609.5,30673.0,30609.5,30648.5,4843.0
2026-06-22 11:45:00,30649.0,30673.75,30541.25,30553.0,6441.0
2026-06-22 11:50:00,30555.0,30601.5,30550.75,30552.25,5676.0
2026-06-22 11:55:00,30553.25,30591.25,30543.5,30557.25,4417.0
2026-06-22 12:00:00,30556.75,30570.75,30503.0,30518.25,6807.0
2026-06-22 12:05:00,30518.25,30555.0,30506.25,30550.25,4009.0
2026-06-22 12:10:00,30548.25,30586.5,30547.75,30580.5,3559.0
2026-06-22 12:15:00,30579.75,30586.0,30552.25,30583.5,2621.0
2026-06-22 12:20:00,30583.0,30615.25,30560.0,30572.5,4222.0
2026-06-22 12:25:00,30571.5,30592.0,30553.5,30590.0,2670.0
2026-06-22 12:30:00,30589.5,30590.25,30547.25,30551.0,2466.0
2026-06-22 12:35:00,30550.0,30560.25,30531.0,30548.25,2704.0
2026-06-22 12:40:00,30547.75,30557.75,30526.0,30544.0,2631.0
2026-06-22 12:45:00,30544.25,30578.0,30522.0,30577.5,2983.0
2026-06-22 12:50:00,30576.5,30596.0,30570.0,30592.0,3306.0
2026-06-22 12:55:00,30592.75,30604.25,30566.5,30589.0,3545.0
2026-06-22 13:00:00,30589.5,30602.75,30573.25,30590.75,2565.0
2026-06-22 13:05:00,30591.25,30591.25,30532.0,30540.0,3160.0
2026-06-22 13:10:00,30539.5,30568.0,30536.0,30568.0,1656.0
2026-06-22 13:15:00,30567.75,30600.75,30567.25,30600.75,2515.0
2026-06-22 13:20:00,30600.0,30613.75,30584.75,30600.75,1899.0
2026-06-22 13:25:00,30601.5,30610.75,30589.0,30597.75,1522.0
2026-06-22 13:30:00,30597.25,30605.5,30573.5,30585.75,2041.0
2026-06-22 13:35:00,30585.75,30592.25,30559.0,30589.0,2164.0
2026-06-22 13:40:00,30589.0,30598.25,30574.75,30580.5,1180.0
2026-06-22 13:45:00,30580.75,30616.25,30573.75,30613.25,1842.0
2026-06-22 13:50:00,30613.0,30650.0,30608.5,30642.25,3033.0
2026-06-22 13:55:00,30641.75,30648.5,30613.75,30615.0,2980.0
2026-06-22 14:00:00,30614.5,30628.75,30601.0,30614.75,2491.0
2026-06-22 14:05:00,30614.0,30634.75,30614.0,30630.5,1663.0
2026-06-22 14:10:00,30630.75,30638.25,30614.75,30625.75,1367.0
2026-06-22 14:15:00,30625.5,30650.75,30625.25,30640.5,1875.0
2026-06-22 14:20:00,30640.25,30665.0,30638.5,30644.0,2843.0
2026-06-22 14:25:00,30644.0,30646.5,30615.75,30627.75,2124.0
2026-06-22 14:30:00,30627.75,30647.0,30617.75,30625.75,2269.0
2026-06-22 14:35:00,30625.75,30634.25,30611.0,30613.5,1654.0
2026-06-22 14:40:00,30614.0,30617.0,30580.75,30582.75,2096.0
2026-06-22 14:45:00,30582.75,30604.5,30574.5,30601.25,2322.0
2026-06-22 14:50:00,30601.25,30605.25,30555.25,30574.75,3182.0
2026-06-22 14:55:00,30574.5,30575.75,30550.5,30558.5,2283.0
2026-06-22 15:00:00,30560.5,30596.75,30553.5,30585.5,2945.0
2026-06-22 15:05:00,30584.25,30589.25,30534.5,30559.5,2800.0
2026-06-22 15:10:00,30559.5,30586.75,30549.0,30574.25,2198.0
2026-06-22 15:15:00,30573.5,30587.75,30561.0,30582.0,2159.0
2026-06-22 15:20:00,30581.25,30587.0,30550.25,30562.25,2062.0
2026-06-22 15:25:00,30562.25,30568.75,30549.75,30552.75,2060.0
2026-06-22 15:30:00,30552.5,30597.75,30552.25,30585.25,2937.0
2026-06-22 15:35:00,30584.75,30590.5,30570.5,30580.75,2180.0
2026-06-22 15:40:00,30580.0,30589.0,30560.0,30564.5,2194.0
2026-06-22 15:45:00,30564.75,30599.5,30561.75,30588.25,2717.0
2026-06-22 15:50:00,30590.0,30648.75,30579.0,30626.0,6640.0
2026-06-22 15:55:00,30626.75,30673.5,30611.75,30654.0,13494.0
2026-06-22 16:00:00,30653.25,30677.75,30642.75,30661.25,6761.0
2026-06-23 09:30:00,29718.25,29773.0,29616.5,29768.25,24441.0
2026-06-23 09:35:00,29767.25,29797.75,29671.0,29780.75,15530.0
2026-06-23 09:40:00,29780.5,29806.0,29738.5,29749.25,9001.0
2026-06-23 09:45:00,29758.75,29857.0,29724.0,29818.75,12853.0
2026-06-23 09:50:00,29818.25,29915.0,29817.0,29876.75,10506.0
2026-06-23 09:55:00,29875.75,29934.75,29844.25,29926.0,10602.0
2026-06-23 10:00:00,29926.0,30004.25,29921.0,29986.5,12602.0
2026-06-23 10:05:00,29986.5,29998.25,29934.0,29975.5,9661.0
2026-06-23 10:10:00,29975.25,30015.5,29948.75,30001.5,9760.0
2026-06-23 10:15:00,30001.5,30023.0,29978.0,30011.25,7255.0
2026-06-23 10:20:00,30012.0,30047.0,29977.0,29991.5,9165.0
2026-06-23 10:25:00,29990.75,30002.25,29940.5,29983.5,9172.0
2026-06-23 10:30:00,29983.5,29998.0,29903.0,29939.0,7878.0
2026-06-23 10:35:00,29939.5,29998.25,29893.0,29901.5,8769.0
2026-06-23 10:40:00,29900.5,29944.75,29872.5,29884.0,7879.0
2026-06-23 10:45:00,29885.0,29900.5,29832.75,29868.5,7764.0
2026-06-23 10:50:00,29869.75,29929.0,29828.5,29851.25,8522.0
2026-06-23 10:55:00,29849.5,29865.75,29812.5,29854.5,6812.0
2026-06-23 11:00:00,29854.25,29886.25,29815.5,29827.75,6790.0
2026-06-23 11:05:00,29828.25,29840.25,29765.0,29796.5,7247.0
2026-06-23 11:10:00,29796.75,29813.25,29774.25,29792.0,4387.0
2026-06-23 11:15:00,29792.0,29803.75,29745.25,29746.5,5211.0
2026-06-23 11:20:00,29746.5,29776.5,29722.0,29729.25,5031.0
2026-06-23 11:25:00,29730.0,29751.25,29710.5,29727.25,5117.0
2026-06-23 11:30:00,29727.25,29778.75,29714.0,29757.25,5810.0
2026-06-23 11:35:00,29757.25,29788.0,29698.5,29712.5,6850.0
2026-06-23 11:40:00,29713.0,29747.5,29695.25,29734.25,4704.0
2026-06-23 11:45:00,29733.5,29759.0,29721.5,29724.75,3884.0
2026-06-23 11:50:00,29726.0,29821.25,29719.5,29798.0,5393.0
2026-06-23 11:55:00,29798.0,29814.25,29760.5,29797.75,4132.0
2026-06-23 12:00:00,29798.0,29860.5,29790.25,29857.75,4394.0
2026-06-23 12:05:00,29857.25,29890.0,29838.0,29872.25,4923.0
2026-06-23 12:10:00,29872.5,29915.0,29871.75,29905.0,4297.0
2026-06-23 12:15:00,29905.25,29915.75,29858.0,29864.25,5231.0
2026-06-23 12:20:00,29865.25,29904.0,29833.25,29892.75,4445.0
2026-06-23 12:25:00,29892.75,29897.5,29858.75,29876.0,2896.0
2026-06-23 12:30:00,29877.25,29889.25,29837.75,29848.5,3282.0
2026-06-23 12:35:00,29848.5,29872.0,29837.75,29869.0,2564.0
2026-06-23 12:40:00,29869.5,29903.75,29867.75,29900.5,2781.0
2026-06-23 12:45:00,29902.5,29907.25,29844.75,29863.25,3457.0
2026-06-23 12:50:00,29862.75,29864.25,29831.0,29854.75,2766.0
2026-06-23 12:55:00,29854.75,29881.25,29836.75,29864.0,3063.0
2026-06-23 13:00:00,29864.0,29866.5,29807.0,29815.0,3769.0
2026-06-23 13:05:00,29816.0,29825.0,29791.75,29819.0,2847.0
2026-06-23 13:10:00,29817.75,29883.0,29816.0,29850.75,4219.0
2026-06-23 13:15:00,29851.0,29868.75,29821.0,29833.25,2775.0
2026-06-23 13:20:00,29832.5,29890.0,29825.25,29878.75,2962.0
2026-06-23 13:25:00,29878.0,29891.75,29858.0,29866.5,2471.0
2026-06-23 13:30:00,29866.5,29873.25,29830.5,29873.0,3415.0
2026-06-23 13:35:00,29873.0,29896.5,29847.25,29850.75,2916.0
2026-06-23 13:40:00,29850.0,29857.5,29824.25,29829.25,1956.0
2026-06-23 13:45:00,29829.25,29845.0,29815.0,29827.25,2772.0
2026-06-23 13:50:00,29828.75,29829.0,29751.0,29756.5,4202.0
2026-06-23 13:55:00,29756.75,29766.0,29732.0,29733.0,3664.0
2026-06-23 14:00:00,29732.75,29782.5,29726.25,29751.5,4508.0
2026-06-23 14:05:00,29751.75,29758.0,29709.5,29731.5,3395.0
2026-06-23 14:10:00,29733.25,29751.5,29728.25,29746.0,2566.0
2026-06-23 14:15:00,29744.75,29762.75,29723.5,29735.0,3027.0
2026-06-23 14:20:00,29734.25,29755.75,29719.5,29744.25,2885.0
2026-06-23 14:25:00,29744.75,29746.0,29725.5,29734.5,2204.0
2026-06-23 14:30:00,29734.0,29742.0,29712.25,29714.5,2223.0
2026-06-23 14:35:00,29714.75,29723.5,29693.25,29698.75,2545.0
2026-06-23 14:40:00,29699.0,29699.0,29626.25,29629.5,5256.0
2026-06-23 14:45:00,29629.5,29635.5,29587.5,29625.0,6352.0
2026-06-23 14:50:00,29624.0,29657.5,29577.25,29605.75,5509.0
2026-06-23 14:55:00,29605.0,29642.0,29584.0,29630.0,4719.0
2026-06-23 15:00:00,29628.75,29716.0,29612.5,29710.75,5688.0
2026-06-23 15:05:00,29710.25,29753.0,29644.25,29656.0,6724.0
2026-06-23 15:10:00,29657.0,29688.5,29636.0,29673.25,4292.0
2026-06-23 15:15:00,29673.25,29687.0,29628.5,29631.0,3555.0
2026-06-23 15:20:00,29629.75,29715.75,29616.0,29688.75,4571.0
2026-06-23 15:25:00,29688.5,29733.5,29677.25,29710.75,5502.0
2026-06-23 15:30:00,29710.75,29744.75,29681.5,29738.25,5095.0
2026-06-23 15:35:00,29737.25,29745.0,29714.25,29715.75,4010.0
2026-06-23 15:40:00,29715.75,29723.75,29675.5,29696.5,3945.0
2026-06-23 15:45:00,29696.0,29710.75,29643.0,29682.75,5259.0
2026-06-23 15:50:00,29684.0,29732.75,29659.25,29728.0,7733.0
2026-06-23 15:55:00,29728.0,29728.5,29642.75,29651.0,21056.0
2026-06-23 16:00:00,29651.0,29681.0,29633.25,29674.75,7083.0
2026-06-24 09:30:00,29711.25,29840.0,29635.0,29808.25,18783.0
2026-06-24 09:35:00,29809.0,29841.5,29720.0,29726.25,9701.0
2026-06-24 09:40:00,29726.75,29741.5,29603.0,29663.75,11906.0
2026-06-24 09:45:00,29662.5,29714.5,29562.25,29660.75,14800.0
2026-06-24 09:50:00,29661.25,29790.0,29657.25,29765.75,8879.0
2026-06-24 09:55:00,29767.25,29770.0,29666.75,29684.25,7469.0
2026-06-24 10:00:00,29684.25,29717.75,29625.75,29666.5,7910.0
2026-06-24 10:05:00,29665.5,29725.5,29644.5,29677.25,7097.0
2026-06-24 10:10:00,29676.0,29723.25,29635.0,29665.25,6839.0
2026-06-24 10:15:00,29664.5,29695.5,29575.5,29584.25,6180.0
2026-06-24 10:20:00,29582.5,29676.5,29525.0,29663.5,10477.0
2026-06-24 10:25:00,29665.0,29731.75,29652.0,29706.75,6896.0
2026-06-24 10:30:00,29705.25,29777.0,29703.5,29761.25,6137.0
2026-06-24 10:35:00,29761.5,29791.25,29719.75,29726.25,5711.0
2026-06-24 10:40:00,29726.0,29794.0,29710.25,29786.25,5642.0
2026-06-24 10:45:00,29787.0,29877.75,29780.0,29832.5,8571.0
2026-06-24 10:50:00,29833.25,29867.5,29810.5,29812.5,5561.0
2026-06-24 10:55:00,29812.5,29893.25,29790.25,29891.0,5971.0
2026-06-24 11:00:00,29891.0,29907.5,29840.5,29858.75,6608.0
2026-06-24 11:05:00,29857.0,29866.25,29772.5,29783.75,5228.0
2026-06-24 11:10:00,29784.5,29806.0,29748.5,29783.0,4742.0
2026-06-24 11:15:00,29781.5,29821.0,29761.75,29789.25,4376.0
2026-06-24 11:20:00,29789.25,29800.0,29732.25,29739.75,3656.0
2026-06-24 11:25:00,29738.5,29803.0,29704.0,29801.0,5148.0
2026-06-24 11:30:00,29800.75,29829.25,29755.0,29778.75,4997.0
2026-06-24 11:35:00,29780.0,29809.75,29744.0,29761.75,4389.0
2026-06-24 11:40:00,29761.75,29773.25,29712.75,29744.0,4670.0
2026-06-24 11:45:00,29744.0,29769.25,29700.0,29760.75,5126.0
2026-06-24 11:50:00,29761.25,29810.0,29760.25,29787.0,4554.0
2026-06-24 11:55:00,29788.25,29805.75,29748.0,29756.0,3987.0
2026-06-24 12:00:00,29757.25,29785.0,29738.0,29762.75,4008.0
2026-06-24 12:05:00,29762.75,29777.0,29728.75,29759.75,3543.0
2026-06-24 12:10:00,29759.5,29806.25,29745.5,29773.25,3838.0
2026-06-24 12:15:00,29773.75,29792.25,29760.25,29775.5,2619.0
2026-06-24 12:20:00,29775.5,29801.0,29755.0,29780.75,2510.0
2026-06-24 12:25:00,29782.0,29784.0,29741.0,29752.75,2840.0
2026-06-24 12:30:00,29753.0,29754.0,29705.75,29713.25,3480.0
2026-06-24 12:35:00,29713.25,29735.25,29650.0,29653.25,4764.0
2026-06-24 12:40:00,29654.25,29655.5,29610.5,29640.0,5800.0
2026-06-24 12:45:00,29640.25,29655.0,29610.75,29639.0,4513.0
2026-06-24 12:50:00,29638.75,29672.5,29611.75,29614.0,3426.0
2026-06-24 12:55:00,29614.25,29627.0,29596.25,29606.5,3681.0
2026-06-24 13:00:00,29606.5,29661.5,29591.75,29658.75,3700.0
2026-06-24 13:05:00,29659.25,29660.75,29543.75,29564.0,4634.0
2026-06-24 13:10:00,29564.75,29588.0,29538.5,29547.5,4733.0
2026-06-24 13:15:00,29548.0,29571.75,29478.0,29492.25,7683.0
2026-06-24 13:20:00,29493.25,29495.5,29446.0,29455.75,7690.0
2026-06-24 13:25:00,29456.75,29464.5,29403.0,29411.0,6442.0
2026-06-24 13:30:00,29411.5,29442.25,29364.75,29426.25,8468.0
2026-06-24 13:35:00,29427.5,29465.0,29391.75,29439.5,6233.0
2026-06-24 13:40:00,29438.75,29461.5,29400.75,29410.25,4501.0
2026-06-24 13:45:00,29411.0,29463.0,29386.5,29440.75,5044.0
2026-06-24 13:50:00,29441.5,29451.5,29410.25,29426.25,3400.0
2026-06-24 13:55:00,29428.75,29464.0,29374.0,29387.25,4336.0
2026-06-24 14:00:00,29389.25,29452.0,29376.5,29408.5,5680.0
2026-06-24 14:05:00,29407.5,29463.25,29404.25,29449.75,4246.0
2026-06-24 14:10:00,29450.5,29454.0,29412.0,29440.75,2851.0
2026-06-24 14:15:00,29442.5,29517.0,29440.75,29510.0,6109.0
2026-06-24 14:20:00,29511.0,29538.5,29496.25,29537.75,3402.0
2026-06-24 14:25:00,29537.0,29563.5,29529.0,29539.75,4769.0
2026-06-24 14:30:00,29540.0,29556.0,29497.25,29509.5,4729.0
2026-06-24 14:35:00,29510.25,29517.0,29460.25,29469.75,4385.0
2026-06-24 14:40:00,29469.0,29480.0,29423.75,29449.0,4393.0
2026-06-24 14:45:00,29447.5,29448.0,29336.75,29356.25,5062.0
2026-06-24 14:50:00,29356.0,29375.75,29325.0,29365.75,6594.0
2026-06-24 14:55:00,29365.5,29411.25,29329.5,29345.25,5229.0
2026-06-24 15:00:00,29346.0,29414.25,29310.75,29392.75,6460.0
2026-06-24 15:05:00,29394.25,29395.0,29279.25,29299.0,7018.0
2026-06-24 15:10:00,29298.75,29318.0,29264.75,29312.0,6271.0
2026-06-24 15:15:00,29311.5,29322.5,29284.25,29313.75,4557.0
2026-06-24 15:20:00,29312.0,29350.25,29295.0,29349.75,5410.0
2026-06-24 15:25:00,29350.25,29396.0,29345.5,29384.75,5724.0
2026-06-24 15:30:00,29384.0,29412.0,29371.5,29398.75,5470.0
2026-06-24 15:35:00,29399.5,29442.25,29376.75,29429.25,5926.0
2026-06-24 15:40:00,29428.25,29446.75,29357.5,29388.0,5606.0
2026-06-24 15:45:00,29387.5,29426.25,29373.25,29422.0,4796.0
2026-06-24 15:50:00,29421.25,29490.0,29400.0,29482.25,7920.0
2026-06-24 15:55:00,29483.5,29529.0,29435.0,29514.0,14724.0
2026-06-24 16:00:00,29515.25,29747.25,29486.75,29747.25,14977.0
2026-06-25 09:30:00,30153.25,30193.0,30040.0,30057.75,18801.0
2026-06-25 09:35:00,30057.75,30090.5,29991.75,29995.5,10881.0
2026-06-25 09:40:00,29995.75,30010.5,29747.0,29768.25,18222.0
2026-06-25 09:45:00,29768.25,29817.0,29528.75,29637.5,22170.0
2026-06-25 09:50:00,29638.25,29683.0,29405.75,29421.5,18689.0
2026-06-25 09:55:00,29421.75,29464.0,29295.75,29316.0,16726.0
2026-06-25 10:00:00,29316.75,29546.25,29306.5,29487.0,15251.0
2026-06-25 10:05:00,29487.5,29615.25,29484.75,29604.0,12606.0
2026-06-25 10:10:00,29605.25,29690.0,29542.75,29548.25,12580.0
2026-06-25 10:15:00,29547.25,29618.75,29477.25,29612.25,11160.0
2026-06-25 10:20:00,29609.0,29685.5,29524.0,29569.75,10813.0
2026-06-25 10:25:00,29570.0,29638.25,29551.0,29586.25,7427.0
2026-06-25 10:30:00,29586.0,29716.25,29584.0,29670.25,8926.0
2026-06-25 10:35:00,29666.5,29709.75,29607.75,29698.0,6556.0
2026-06-25 10:40:00,29697.5,29711.5,29564.25,29603.75,6878.0
2026-06-25 10:45:00,29604.0,29685.25,29562.0,29672.0,5736.0
2026-06-25 10:50:00,29670.75,29776.75,29646.25,29772.25,8090.0
2026-06-25 10:55:00,29772.0,29772.5,29611.75,29633.25,10594.0
2026-06-25 11:00:00,29633.25,29733.25,29607.25,29726.5,5737.0
2026-06-25 11:05:00,29727.25,29746.25,29624.75,29643.5,7290.0
2026-06-25 11:10:00,29642.75,29661.0,29509.75,29534.25,7738.0
2026-06-25 11:15:00,29534.0,29608.75,29462.5,29591.25,7925.0
2026-06-25 11:20:00,29591.0,29666.75,29542.5,29645.5,6544.0
2026-06-25 11:25:00,29644.5,29644.75,29583.25,29612.75,4219.0
2026-06-25 11:30:00,29614.5,29693.0,29605.5,29620.25,5758.0
2026-06-25 11:35:00,29621.75,29680.25,29620.5,29641.0,2845.0
2026-06-25 11:40:00,29639.75,29702.0,29631.5,29695.75,3140.0
2026-06-25 11:45:00,29695.5,29761.5,29668.5,29678.25,5645.0
2026-06-25 11:50:00,29678.25,29714.25,29652.25,29698.75,3408.0
2026-06-25 11:55:00,29698.0,29714.5,29652.0,29659.75,2690.0
2026-06-25 12:00:00,29661.75,29689.0,29643.75,29684.5,3889.0
2026-06-25 12:05:00,29686.0,29797.25,29677.0,29790.5,5054.0
2026-06-25 12:10:00,29791.25,29844.25,29781.75,29825.5,5570.0
2026-06-25 12:15:00,29826.5,29872.0,29810.75,29819.75,6748.0
2026-06-25 12:20:00,29819.25,29837.25,29743.25,29760.75,5164.0
2026-06-25 12:25:00,29760.25,29771.5,29732.0,29763.0,3492.0
2026-06-25 12:30:00,29765.0,29768.5,29673.25,29710.75,4777.0
2026-06-25 12:35:00,29710.0,29735.25,29672.75,29683.75,3844.0
2026-06-25 12:40:00,29683.75,29697.25,29638.0,29651.0,4019.0
2026-06-25 12:45:00,29650.0,29706.75,29586.5,29698.5,6977.0
2026-06-25 12:50:00,29698.75,29715.75,29662.5,29688.75,3494.0
2026-06-25 12:55:00,29690.0,29693.0,29648.0,29682.0,2979.0
2026-06-25 13:00:00,29681.5,29717.5,29678.75,29687.75,2882.0
2026-06-25 13:05:00,29688.5,29715.5,29671.75,29705.25,2140.0
2026-06-25 13:10:00,29706.75,29778.75,29706.75,29748.5,4750.0
2026-06-25 13:15:00,29747.75,29811.0,29700.0,29702.0,5136.0
2026-06-25 13:20:00,29701.0,29744.0,29674.0,29734.5,3823.0
2026-06-25 13:25:00,29734.5,29779.75,29725.25,29764.5,3340.0
2026-06-25 13:30:00,29764.75,29779.25,29720.0,29732.75,2427.0
2026-06-25 13:35:00,29733.25,29773.25,29729.75,29768.0,1949.0
2026-06-25 13:40:00,29768.0,29798.25,29726.5,29735.25,3133.0
2026-06-25 13:45:00,29735.5,29737.5,29681.75,29695.75,3420.0
2026-06-25 13:50:00,29694.0,29760.5,29681.25,29746.75,3499.0
2026-06-25 13:55:00,29745.75,29804.0,29725.25,29794.5,4457.0
2026-06-25 14:00:00,29793.75,29802.0,29678.75,29708.75,8907.0
2026-06-25 14:05:00,29709.75,29811.5,29692.0,29798.5,6427.0
2026-06-25 14:10:00,29797.75,29818.0,29751.5,29773.0,4550.0
2026-06-25 14:15:00,29772.5,29869.75,29747.5,29838.25,6027.0
2026-06-25 14:20:00,29836.5,29858.75,29790.5,29824.75,5072.0
2026-06-25 14:25:00,29824.25,29891.25,29824.0,29877.25,4092.0
2026-06-25 14:30:00,29877.25,29878.0,29765.5,29769.75,4495.0
2026-06-25 14:35:00,29768.5,29806.5,29739.25,29789.0,4662.0
2026-06-25 14:40:00,29789.0,29801.0,29754.25,29789.0,2829.0
2026-06-25 14:45:00,29789.25,29789.25,29703.25,29765.75,3857.0
2026-06-25 14:50:00,29764.75,29812.0,29751.0,29771.0,3252.0
2026-06-25 14:55:00,29770.25,29794.5,29750.5,29773.5,2235.0
2026-06-25 15:00:00,29773.75,29777.5,29690.0,29694.0,3748.0
2026-06-25 15:05:00,29693.25,29720.25,29676.0,29705.75,3262.0
2026-06-25 15:10:00,29706.75,29714.5,29661.0,29672.25,3035.0
2026-06-25 15:15:00,29670.25,29682.0,29626.0,29651.75,5005.0
2026-06-25 15:20:00,29651.5,29677.25,29635.25,29672.5,3798.0
2026-06-25 15:25:00,29673.25,29699.25,29652.75,29682.75,3737.0
2026-06-25 15:30:00,29682.75,29688.75,29629.5,29667.5,3591.0
2026-06-25 15:35:00,29667.0,29667.5,29620.5,29646.25,2984.0
2026-06-25 15:40:00,29648.75,29687.5,29629.0,29673.0,3857.0
2026-06-25 15:45:00,29672.75,29680.25,29634.75,29654.25,3408.0
2026-06-25 15:50:00,29652.5,29709.5,29616.25,29692.75,5741.0
2026-06-25 15:55:00,29693.5,29751.5,29681.0,29749.25,11479.0
2026-06-25 16:00:00,29750.0,29922.5,29747.75,29838.25,13081.0
2026-06-26 09:30:00,29362.5,29371.75,29181.5,29231.25,14857.0
2026-06-26 09:35:00,29231.5,29349.5,29228.25,29240.75,10279.0
2026-06-26 09:40:00,29239.25,29365.25,29217.75,29342.25,8588.0
2026-06-26 09:45:00,29343.5,29350.5,29235.5,29267.75,9563.0
2026-06-26 09:50:00,29267.25,29348.0,29259.75,29323.0,5720.0
2026-06-26 09:55:00,29326.0,29464.5,29300.0,29440.5,9177.0
2026-06-26 10:00:00,29444.0,29541.25,29414.0,29534.75,8669.0
2026-06-26 10:05:00,29534.25,29586.0,29508.5,29571.5,7836.0
2026-06-26 10:10:00,29569.25,29604.5,29505.25,29589.5,7736.0
2026-06-26 10:15:00,29588.25,29605.5,29523.0,29527.25,6368.0
2026-06-26 10:20:00,29528.5,29665.25,29520.5,29605.75,7674.0
2026-06-26 10:25:00,29605.75,29637.25,29567.5,29592.0,4934.0
2026-06-26 10:30:00,29593.5,29618.25,29532.0,29584.25,5971.0
2026-06-26 10:35:00,29585.0,29588.5,29481.5,29488.25,5339.0
2026-06-26 10:40:00,29489.0,29555.5,29455.5,29493.5,7002.0
2026-06-26 10:45:00,29493.75,29567.5,29486.5,29530.0,4627.0
2026-06-26 10:50:00,29531.75,29580.0,29490.5,29521.0,4618.0
2026-06-26 10:55:00,29521.25,29543.5,29466.0,29501.75,3930.0
2026-06-26 11:00:00,29505.25,29553.25,29501.0,29511.25,3281.0
2026-06-26 11:05:00,29511.0,29537.75,29467.5,29525.25,3803.0
2026-06-26 11:10:00,29526.0,29535.5,29438.0,29444.5,4001.0
2026-06-26 11:15:00,29446.5,29520.0,29408.75,29503.25,6331.0
2026-06-26 11:20:00,29504.25,29560.25,29481.75,29559.25,4396.0
2026-06-26 11:25:00,29558.5,29594.25,29539.0,29592.5,4483.0
2026-06-26 11:30:00,29591.75,29659.5,29567.0,29582.25,6911.0
2026-06-26 11:35:00,29582.5,29675.0,29582.5,29665.0,4720.0
2026-06-26 11:40:00,29665.25,29716.0,29640.25,29697.5,5476.0
2026-06-26 11:45:00,29696.75,29705.25,29623.75,29623.75,4670.0
2026-06-26 11:50:00,29625.0,29665.0,29531.0,29558.5,7974.0
2026-06-26 11:55:00,29561.25,29649.0,29547.25,29621.25,5140.0
2026-06-26 12:00:00,29620.75,29626.5,29580.25,29609.75,3269.0
2026-06-26 12:05:00,29608.0,29615.5,29540.0,29548.25,3304.0
2026-06-26 12:10:00,29547.5,29564.0,29518.75,29555.25,3965.0
2026-06-26 12:15:00,29555.0,29584.5,29535.75,29557.75,3501.0
2026-06-26 12:20:00,29558.0,29571.0,29493.75,29541.25,5556.0
2026-06-26 12:25:00,29541.5,29579.0,29536.5,29557.25,3063.0
2026-06-26 12:30:00,29559.25,29636.0,29559.0,29634.5,4195.0
2026-06-26 12:35:00,29634.75,29642.75,29604.5,29607.5,2950.0
2026-06-26 12:40:00,29607.75,29631.25,29593.75,29598.75,2394.0
2026-06-26 12:45:00,29599.25,29619.75,29585.75,29611.5,2794.0
2026-06-26 12:50:00,29611.25,29645.5,29606.0,29625.5,3176.0
2026-06-26 12:55:00,29627.25,29627.25,29600.75,29612.25,1676.0
2026-06-26 13:00:00,29612.0,29657.25,29595.0,29644.0,3084.0
2026-06-26 13:05:00,29643.75,29693.25,29637.0,29688.25,2996.0
2026-06-26 13:10:00,29689.0,29700.0,29645.75,29651.75,2609.0
2026-06-26 13:15:00,29652.0,29655.5,29594.5,29604.25,3355.0
2026-06-26 13:20:00,29605.5,29626.25,29578.75,29595.75,2903.0
2026-06-26 13:25:00,29594.5,29651.25,29575.25,29635.25,3182.0
2026-06-26 13:30:00,29634.5,29676.5,29615.0,29620.75,3379.0
2026-06-26 13:35:00,29620.75,29620.75,29578.75,29583.75,2572.0
2026-06-26 13:40:00,29583.25,29610.0,29558.25,29597.75,2751.0
2026-06-26 13:45:00,29596.75,29612.5,29568.75,29571.5,2009.0
2026-06-26 13:50:00,29573.0,29595.0,29566.25,29576.25,1746.0
2026-06-26 13:55:00,29575.5,29577.0,29535.75,29544.0,2796.0
2026-06-26 14:00:00,29545.25,29570.0,29540.5,29561.5,2322.0
2026-06-26 14:05:00,29560.0,29582.0,29536.0,29547.0,2384.0
2026-06-26 14:10:00,29546.5,29555.25,29524.75,29538.75,2029.0
2026-06-26 14:15:00,29539.0,29550.75,29490.0,29501.25,3101.0
2026-06-26 14:20:00,29501.25,29522.75,29487.75,29503.25,2925.0
2026-06-26 14:25:00,29502.0,29518.0,29456.5,29461.5,2743.0
2026-06-26 14:30:00,29462.75,29512.25,29454.0,29500.0,3167.0
2026-06-26 14:35:00,29502.0,29503.25,29461.25,29476.0,2223.0
2026-06-26 14:40:00,29473.75,29493.75,29461.5,29474.5,2450.0
2026-06-26 14:45:00,29475.5,29475.5,29427.5,29443.25,3490.0
2026-06-26 14:50:00,29443.25,29443.25,29417.0,29430.0,2815.0
2026-06-26 14:55:00,29430.5,29455.5,29388.75,29415.5,3541.0
2026-06-26 15:00:00,29417.0,29442.0,29402.0,29405.25,3296.0
2026-06-26 15:05:00,29406.0,29486.25,29395.25,29478.25,4193.0
2026-06-26 15:10:00,29477.25,29505.0,29459.5,29502.0,3779.0
2026-06-26 15:15:00,29501.5,29503.75,29470.5,29488.0,2643.0
2026-06-26 15:20:00,29487.25,29503.25,29420.0,29445.0,4379.0
2026-06-26 15:25:00,29445.25,29463.5,29437.5,29452.25,2377.0
2026-06-26 15:30:00,29451.25,29498.25,29429.25,29488.5,2736.0
2026-06-26 15:35:00,29488.25,29509.5,29465.5,29466.0,2962.0
2026-06-26 15:40:00,29466.75,29544.0,29464.25,29537.75,3160.0
2026-06-26 15:45:00,29538.5,29569.5,29509.75,29517.5,3864.0
2026-06-26 15:50:00,29519.25,29534.25,29420.25,29452.5,8362.0
2026-06-26 15:55:00,29451.75,29468.75,29283.75,29317.75,17271.0
2026-06-26 16:00:00,29318.0,29410.0,29266.25,29301.75,12450.0
2026-06-29 09:30:00,29643.0,29769.25,29557.0,29762.25,14642.0
2026-06-29 09:35:00,29762.25,29767.75,29635.25,29710.0,8755.0
2026-06-29 09:40:00,29709.5,29795.0,29676.0,29786.75,7371.0
2026-06-29 09:45:00,29786.0,29824.5,29747.75,29768.0,9043.0
2026-06-29 09:50:00,29768.0,29840.0,29720.25,29763.0,7108.0
2026-06-29 09:55:00,29760.5,29776.0,29578.0,29617.75,10291.0
2026-06-29 10:00:00,29618.75,29631.5,29531.75,29542.5,10062.0
2026-06-29 10:05:00,29543.75,29555.0,29452.0,29497.75,10239.0
2026-06-29 10:10:00,29498.25,29516.0,29328.0,29330.75,11164.0
2026-06-29 10:15:00,29330.0,29388.0,29273.75,29381.5,13675.0
2026-06-29 10:20:00,29381.5,29437.0,29338.25,29401.75,9050.0
2026-06-29 10:25:00,29402.75,29551.0,29392.5,29546.0,9128.0
2026-06-29 10:30:00,29546.0,29652.5,29525.75,29632.75,10228.0
2026-06-29 10:35:00,29631.0,29642.0,29560.0,29587.5,6443.0
2026-06-29 10:40:00,29588.0,29625.0,29562.75,29580.25,4621.0
2026-06-29 10:45:00,29578.0,29584.25,29497.25,29569.5,6863.0
2026-06-29 10:50:00,29569.25,29687.5,29567.0,29673.75,7408.0
2026-06-29 10:55:00,29672.25,29716.5,29642.75,29713.75,5113.0
2026-06-29 11:00:00,29714.25,29735.0,29697.0,29702.5,6278.0
2026-06-29 11:05:00,29702.0,29728.0,29681.5,29717.75,4373.0
2026-06-29 11:10:00,29717.25,29726.25,29663.75,29724.5,4800.0
2026-06-29 11:15:00,29725.5,29752.5,29681.0,29695.0,5008.0
2026-06-29 11:20:00,29696.0,29741.0,29659.25,29681.0,4875.0
2026-06-29 11:25:00,29680.5,29775.25,29676.0,29771.0,4418.0
2026-06-29 11:30:00,29770.0,29803.25,29759.25,29766.25,5019.0
2026-06-29 11:35:00,29765.75,29802.75,29734.75,29794.75,4699.0
2026-06-29 11:40:00,29792.5,29823.0,29773.25,29819.5,4168.0
2026-06-29 11:45:00,29818.75,29819.0,29778.0,29793.0,3428.0
2026-06-29 11:50:00,29791.75,29829.75,29787.0,29819.5,4003.0
2026-06-29 11:55:00,29820.25,29847.25,29796.75,29838.75,4020.0
2026-06-29 12:00:00,29839.75,29873.75,29836.0,29869.25,4295.0
2026-06-29 12:05:00,29868.25,29879.25,29851.25,29860.5,3161.0
2026-06-29 12:10:00,29860.5,29869.0,29834.25,29848.5,3017.0
2026-06-29 12:15:00,29849.25,29888.0,29848.0,29878.75,3763.0
2026-06-29 12:20:00,29877.75,29906.5,29868.25,29902.5,3712.0
2026-06-29 12:25:00,29902.75,29907.5,29865.5,29871.25,3036.0
2026-06-29 12:30:00,29871.0,29882.25,29843.25,29862.5,3346.0
2026-06-29 12:35:00,29862.75,29887.25,29855.5,29882.75,2549.0
2026-06-29 12:40:00,29883.25,29910.5,29877.0,29906.5,3046.0
2026-06-29 12:45:00,29906.5,29920.75,29892.75,29905.75,3518.0
2026-06-29 12:50:00,29907.0,29932.5,29899.75,29928.0,3201.0
2026-06-29 12:55:00,29927.75,29929.25,29913.0,29915.5,1968.0
2026-06-29 13:00:00,29916.0,29947.75,29915.75,29944.75,2781.0
2026-06-29 13:05:00,29944.25,29952.5,29932.75,29949.75,2276.0
2026-06-29 13:10:00,29950.0,30001.0,29948.25,29988.0,4457.0
2026-06-29 13:15:00,29988.75,30000.0,29979.0,29990.75,3363.0
2026-06-29 13:20:00,29990.0,30003.0,29950.0,29958.5,4383.0
2026-06-29 13:25:00,29958.5,30014.5,29952.25,30011.0,3355.0
2026-06-29 13:30:00,30012.25,30038.25,29987.0,29995.75,4151.0
2026-06-29 13:35:00,29996.0,30012.5,29990.0,30007.5,2117.0
2026-06-29 13:40:00,30007.5,30010.75,29997.25,30005.25,1782.0
2026-06-29 13:45:00,30005.25,30025.25,29993.25,30021.25,2144.0
2026-06-29 13:50:00,30021.5,30029.75,30006.0,30017.0,1928.0
2026-06-29 13:55:00,30016.75,30029.0,29989.75,30003.5,2472.0
2026-06-29 14:00:00,30004.0,30021.75,29993.0,30013.75,2256.0
2026-06-29 14:05:00,30013.5,30024.25,30003.75,30010.5,2249.0
2026-06-29 14:10:00,30010.25,30023.0,30006.5,30021.0,2051.0
2026-06-29 14:15:00,30020.5,30024.75,30008.25,30017.75,2353.0
2026-06-29 14:20:00,30017.5,30022.75,29996.0,30003.5,2113.0
2026-06-29 14:25:00,30003.5,30004.5,29986.5,29992.25,2186.0
2026-06-29 14:30:00,29992.25,30026.5,29988.75,30023.0,2600.0
2026-06-29 14:35:00,30023.25,30044.25,30018.5,30039.0,2944.0
2026-06-29 14:40:00,30039.5,30057.0,30037.25,30053.75,2709.0
2026-06-29 14:45:00,30054.25,30069.5,30046.75,30050.25,2897.0
2026-06-29 14:50:00,30049.5,30052.25,30032.0,30045.25,2583.0
2026-06-29 14:55:00,30045.25,30048.5,30025.75,30032.25,2310.0
2026-06-29 15:00:00,30032.75,30045.0,30003.75,30005.5,3958.0
2026-06-29 15:05:00,30005.0,30038.0,29997.0,30022.75,4155.0
2026-06-29 15:10:00,30022.5,30029.75,30008.25,30013.75,2276.0
2026-06-29 15:15:00,30013.5,30034.0,30006.25,30022.5,2455.0
2026-06-29 15:20:00,30022.75,30058.5,30022.75,30047.0,3298.0
2026-06-29 15:25:00,30047.25,30050.75,30024.0,30025.0,2981.0
2026-06-29 15:30:00,30025.5,30030.5,30004.25,30008.0,3156.0
2026-06-29 15:35:00,30008.25,30032.0,30007.5,30031.75,2461.0
2026-06-29 15:40:00,30032.0,30047.25,30007.75,30020.75,2889.0
2026-06-29 15:45:00,30020.0,30030.5,30014.5,30022.0,3000.0
2026-06-29 15:50:00,30023.0,30029.5,29973.75,29991.0,6740.0
2026-06-29 15:55:00,29991.75,30069.0,29991.75,30047.5,15623.0
2026-06-29 16:00:00,30046.25,30051.75,29995.5,30031.0,8443.0
2026-06-30 09:30:00,30047.0,30189.0,30033.0,30179.0,15883.0
2026-06-30 09:35:00,30179.75,30264.0,30156.75,30187.5,12957.0
2026-06-30 09:40:00,30186.0,30241.5,30150.25,30215.75,9921.0
2026-06-30 09:45:00,30212.75,30252.0,30190.75,30212.75,8614.0
2026-06-30 09:50:00,30213.25,30313.25,30199.5,30293.0,9332.0
2026-06-30 09:55:00,30293.75,30366.75,30293.75,30366.75,7520.0
2026-06-30 10:00:00,30366.75,30393.75,30274.5,30391.75,11621.0
2026-06-30 10:05:00,30391.75,30391.75,30321.0,30334.25,7119.0
2026-06-30 10:10:00,30334.5,30366.25,30306.0,30354.5,6009.0
2026-06-30 10:15:00,30352.75,30381.0,30332.75,30365.0,5259.0
2026-06-30 10:20:00,30365.0,30423.0,30349.5,30411.0,6628.0
2026-06-30 10:25:00,30411.75,30424.5,30383.25,30410.25,5163.0
2026-06-30 10:30:00,30410.75,30440.75,30403.0,30440.0,4815.0
2026-06-30 10:35:00,30439.75,30442.5,30386.75,30406.75,5772.0
2026-06-30 10:40:00,30405.5,30420.5,30369.5,30411.75,5472.0
2026-06-30 10:45:00,30412.75,30412.75,30345.5,30352.25,5270.0
2026-06-30 10:50:00,30352.0,30378.5,30310.5,30317.0,5310.0
2026-06-30 10:55:00,30316.25,30346.25,30282.25,30305.25,6688.0
2026-06-30 11:00:00,30305.25,30371.0,30299.75,30368.0,5709.0
2026-06-30 11:05:00,30368.0,30391.5,30358.75,30385.25,3931.0
2026-06-30 11:10:00,30385.75,30410.0,30360.25,30401.5,3733.0
2026-06-30 11:15:00,30400.5,30407.25,30369.0,30381.0,3140.0
2026-06-30 11:20:00,30380.75,30403.5,30373.75,30394.5,2362.0
2026-06-30 11:25:00,30394.25,30416.0,30391.0,30410.75,2745.0
2026-06-30 11:30:00,30410.25,30431.75,30398.5,30430.25,3430.0
2026-06-30 11:35:00,30430.75,30433.5,30401.75,30409.0,3189.0
2026-06-30 11:40:00,30409.25,30427.0,30393.75,30415.5,2938.0
2026-06-30 11:45:00,30415.5,30440.0,30415.0,30431.75,2935.0
2026-06-30 11:50:00,30432.25,30470.5,30429.75,30467.5,4716.0
2026-06-30 11:55:00,30467.25,30482.0,30459.25,30459.75,4540.0
2026-06-30 12:00:00,30460.5,30487.75,30452.5,30483.5,3273.0
2026-06-30 12:05:00,30483.5,30496.0,30479.75,30484.0,2954.0
2026-06-30 12:10:00,30483.75,30489.5,30474.25,30487.75,2319.0
2026-06-30 12:15:00,30487.75,30508.25,30482.25,30501.5,3798.0
2026-06-30 12:20:00,30500.75,30504.25,30486.75,30497.5,2100.0
2026-06-30 12:25:00,30496.5,30509.0,30486.75,30494.25,2462.0
2026-06-30 12:30:00,30495.0,30501.75,30477.5,30485.75,2797.0
2026-06-30 12:35:00,30486.0,30500.5,30485.0,30500.0,1716.0
2026-06-30 12:40:00,30499.5,30514.0,30493.25,30511.75,2274.0
2026-06-30 12:45:00,30511.75,30538.25,30509.5,30538.0,3520.0
2026-06-30 12:50:00,30537.5,30546.5,30529.75,30543.5,2880.0
2026-06-30 12:55:00,30543.0,30546.25,30520.5,30528.0,2635.0
2026-06-30 13:00:00,30528.25,30557.75,30525.75,30550.5,3382.0
2026-06-30 13:05:00,30551.0,30562.75,30544.75,30555.5,2231.0
2026-06-30 13:10:00,30555.5,30556.25,30534.75,30535.0,2268.0
2026-06-30 13:15:00,30536.25,30545.5,30530.0,30542.0,2505.0
2026-06-30 13:20:00,30543.25,30554.25,30533.5,30539.75,2863.0
2026-06-30 13:25:00,30539.5,30543.25,30524.75,30530.0,2635.0
2026-06-30 13:30:00,30530.75,30532.75,30515.75,30530.75,2550.0
2026-06-30 13:35:00,30530.0,30539.25,30518.5,30521.75,2112.0
2026-06-30 13:40:00,30520.75,30545.25,30519.25,30543.25,2266.0
2026-06-30 13:45:00,30543.0,30545.75,30521.75,30524.75,2032.0
2026-06-30 13:50:00,30524.75,30533.5,30515.75,30528.0,2482.0
2026-06-30 13:55:00,30527.75,30531.25,30519.75,30524.5,1260.0
2026-06-30 14:00:00,30524.75,30540.25,30517.5,30529.5,2404.0
2026-06-30 14:05:00,30528.75,30537.5,30498.75,30531.75,2987.0
2026-06-30 14:10:00,30530.75,30535.75,30523.0,30525.5,1430.0
2026-06-30 14:15:00,30525.5,30543.25,30519.0,30541.25,2029.0
2026-06-30 14:20:00,30542.0,30549.0,30531.0,30531.5,2060.0
2026-06-30 14:25:00,30531.25,30537.75,30528.25,30533.75,1561.0
2026-06-30 14:30:00,30533.5,30537.5,30523.0,30530.0,2072.0
2026-06-30 14:35:00,30528.75,30539.25,30527.0,30530.0,1453.0
2026-06-30 14:40:00,30529.75,30557.75,30528.5,30554.0,2259.0
2026-06-30 14:45:00,30554.0,30568.0,30544.75,30566.25,3070.0
2026-06-30 14:50:00,30566.0,30575.25,30542.5,30547.0,3370.0
2026-06-30 14:55:00,30547.0,30562.25,30545.75,30554.5,1912.0
2026-06-30 15:00:00,30554.0,30570.75,30552.5,30564.25,1971.0
2026-06-30 15:05:00,30564.5,30581.75,30552.0,30578.75,2820.0
2026-06-30 15:10:00,30578.5,30593.0,30571.75,30591.5,3171.0
2026-06-30 15:15:00,30591.0,30599.75,30576.25,30580.0,3507.0
2026-06-30 15:20:00,30580.0,30588.25,30574.25,30577.5,2247.0
2026-06-30 15:25:00,30577.0,30584.25,30567.75,30575.0,2668.0
2026-06-30 15:30:00,30575.5,30583.5,30565.75,30569.5,3195.0
2026-06-30 15:35:00,30569.5,30572.5,30548.75,30561.25,3643.0
2026-06-30 15:40:00,30561.5,30580.75,30559.25,30577.25,3739.0
2026-06-30 15:45:00,30577.5,30590.0,30561.25,30565.5,3716.0
2026-06-30 15:50:00,30565.25,30594.0,30540.0,30572.0,8594.0
2026-06-30 15:55:00,30572.0,30592.75,30510.0,30514.0,23397.0
2026-06-30 16:00:00,30512.0,30537.75,30505.0,30531.0,9136.0
2026-07-01 09:30:00,30235.75,30260.0,30104.75,30118.5,23279.0
2026-07-01 09:35:00,30117.5,30162.5,30087.75,30114.5,14025.0
2026-07-01 09:40:00,30114.5,30184.75,30097.5,30141.25,11901.0
2026-07-01 09:45:00,30141.75,30226.25,30111.75,30204.5,13192.0
2026-07-01 09:50:00,30205.5,30260.0,30188.5,30231.0,7970.0
2026-07-01 09:55:00,30231.75,30285.0,30217.25,30283.75,6791.0
2026-07-01 10:00:00,30280.0,30307.5,30244.25,30263.25,8270.0
2026-07-01 10:05:00,30263.5,30316.75,30257.0,30296.75,6230.0
2026-07-01 10:10:00,30296.5,30327.25,30279.75,30287.5,6099.0
2026-07-01 10:15:00,30287.0,30314.75,30250.75,30302.5,6185.0
2026-07-01 10:20:00,30302.0,30313.5,30272.75,30294.0,4414.0
2026-07-01 10:25:00,30293.0,30312.0,30268.5,30284.75,3733.0
2026-07-01 10:30:00,30284.5,30289.25,30218.0,30235.5,7545.0
2026-07-01 10:35:00,30236.5,30264.75,30203.5,30264.25,6395.0
2026-07-01 10:40:00,30264.25,30272.0,30202.0,30203.25,5945.0
2026-07-01 10:45:00,30202.25,30204.0,30137.25,30195.0,8184.0
2026-07-01 10:50:00,30194.0,30242.25,30189.5,30214.75,5400.0
2026-07-01 10:55:00,30215.0,30220.75,30144.5,30192.25,6480.0
2026-07-01 11:00:00,30193.0,30271.0,30186.0,30260.5,6274.0
2026-07-01 11:05:00,30261.0,30270.25,30202.25,30226.75,5243.0
2026-07-01 11:10:00,30226.75,30265.0,30204.25,30261.75,4599.0
2026-07-01 11:15:00,30262.25,30315.0,30262.25,30298.0,5380.0
2026-07-01 11:20:00,30298.5,30334.75,30298.5,30303.0,4884.0
2026-07-01 11:25:00,30302.0,30346.0,30294.75,30343.25,4615.0
2026-07-01 11:30:00,30342.5,30356.5,30315.0,30318.5,4529.0
2026-07-01 11:35:00,30317.75,30327.75,30285.25,30296.5,3916.0
2026-07-01 11:40:00,30297.5,30318.75,30278.25,30291.25,3564.0
2026-07-01 11:45:00,30291.5,30296.5,30246.25,30251.75,3877.0
2026-07-01 11:50:00,30251.75,30272.5,30236.0,30237.25,3943.0
2026-07-01 11:55:00,30238.0,30268.25,30228.0,30254.75,3562.0
2026-07-01 12:00:00,30255.0,30278.25,30235.0,30243.25,3409.0
2026-07-01 12:05:00,30244.0,30267.0,30232.5,30239.5,2445.0
2026-07-01 12:10:00,30239.5,30261.5,30223.25,30242.25,2866.0
2026-07-01 12:15:00,30241.25,30260.75,30217.25,30256.25,3070.0
2026-07-01 12:20:00,30256.0,30284.25,30248.0,30267.0,2692.0
2026-07-01 12:25:00,30267.75,30274.25,30243.75,30245.75,2173.0
2026-07-01 12:30:00,30245.75,30263.0,30237.25,30256.75,2260.0
2026-07-01 12:35:00,30256.75,30256.75,30219.0,30220.0,2069.0
2026-07-01 12:40:00,30220.0,30229.0,30201.75,30223.75,2961.0
2026-07-01 12:45:00,30223.25,30241.5,30203.75,30217.5,2717.0
2026-07-01 12:50:00,30218.0,30229.25,30197.0,30214.5,2890.0
2026-07-01 12:55:00,30214.75,30220.0,30172.75,30190.25,3137.0
2026-07-01 13:00:00,30190.0,30217.5,30171.0,30181.25,3249.0
2026-07-01 13:05:00,30179.5,30193.25,30152.25,30185.25,3901.0
2026-07-01 13:10:00,30184.5,30206.0,30165.5,30198.0,2624.0
2026-07-01 13:15:00,30197.5,30214.0,30188.25,30212.75,2353.0
2026-07-01 13:20:00,30213.25,30235.75,30209.75,30230.75,2330.0
2026-07-01 13:25:00,30231.0,30240.5,30203.75,30210.0,2579.0
2026-07-01 13:30:00,30209.25,30223.5,30186.75,30198.5,2600.0
2026-07-01 13:35:00,30200.5,30210.75,30184.5,30205.5,1929.0
2026-07-01 13:40:00,30206.25,30214.0,30185.5,30188.25,1697.0
2026-07-01 13:45:00,30189.25,30196.5,30168.5,30181.75,2369.0
2026-07-01 13:50:00,30181.75,30207.5,30180.25,30193.5,2143.0
2026-07-01 13:55:00,30193.5,30195.5,30157.5,30163.75,2642.0
2026-07-01 14:00:00,30164.25,30187.75,30158.5,30185.5,2627.0
2026-07-01 14:05:00,30186.5,30187.5,30168.0,30184.25,1596.0
2026-07-01 14:10:00,30184.75,30190.0,30153.5,30155.5,2121.0
2026-07-01 14:15:00,30155.5,30166.25,30137.75,30163.75,3279.0
2026-07-01 14:20:00,30163.75,30176.5,30156.25,30174.75,2271.0
2026-07-01 14:25:00,30175.5,30182.25,30158.75,30159.5,1627.0
2026-07-01 14:30:00,30158.75,30165.75,30143.75,30161.0,2196.0
2026-07-01 14:35:00,30161.0,30174.75,30149.0,30154.25,1928.0
2026-07-01 14:40:00,30154.75,30158.75,30132.5,30145.25,2302.0
2026-07-01 14:45:00,30145.25,30145.5,30109.25,30122.25,3307.0
2026-07-01 14:50:00,30122.75,30135.0,30101.75,30102.75,3091.0
2026-07-01 14:55:00,30102.5,30136.25,30099.0,30132.75,2909.0
2026-07-01 15:00:00,30132.75,30179.5,30127.25,30178.5,3972.0
2026-07-01 15:05:00,30178.75,30217.0,30173.5,30212.5,3922.0
2026-07-01 15:10:00,30213.0,30214.5,30182.0,30186.75,3053.0
2026-07-01 15:15:00,30187.25,30198.0,30168.0,30194.75,2389.0
2026-07-01 15:20:00,30193.75,30210.75,30190.75,30206.5,2394.0
2026-07-01 15:25:00,30207.0,30208.75,30171.5,30190.0,2907.0
2026-07-01 15:30:00,30190.0,30231.5,30190.0,30213.25,3852.0
2026-07-01 15:35:00,30213.25,30213.25,30163.0,30166.5,3277.0
2026-07-01 15:40:00,30166.0,30169.75,30134.25,30143.25,3617.0
2026-07-01 15:45:00,30143.5,30145.5,30122.0,30133.5,3074.0
2026-07-01 15:50:00,30132.25,30161.75,30094.5,30117.5,6939.0
2026-07-01 15:55:00,30117.5,30119.25,30054.0,30080.25,19783.0
2026-07-01 16:00:00,30080.25,30086.25,30008.5,30029.25,11104.0
2026-07-02 09:30:00,30075.75,30138.25,30007.75,30135.25,15535.0
2026-07-02 09:35:00,30133.5,30161.0,30028.0,30054.75,11837.0
2026-07-02 09:40:00,30054.75,30188.75,30052.25,30124.25,10851.0
2026-07-02 09:45:00,30127.0,30205.0,30102.0,30178.75,8316.0
2026-07-02 09:50:00,30179.25,30260.5,30158.75,30233.25,9964.0
2026-07-02 09:55:00,30234.0,30263.0,30192.0,30257.5,5986.0
2026-07-02 10:00:00,30257.75,30293.5,30228.0,30259.75,6472.0
2026-07-02 10:05:00,30259.5,30261.0,30167.75,30182.25,7014.0
2026-07-02 10:10:00,30182.5,30253.75,30131.5,30215.5,7593.0
2026-07-02 10:15:00,30216.25,30226.5,30108.75,30156.0,8818.0
2026-07-02 10:20:00,30155.5,30169.5,30074.0,30079.75,8773.0
2026-07-02 10:25:00,30080.0,30094.75,29910.75,29935.0,12520.0
2026-07-02 10:30:00,29935.0,30006.25,29888.0,29903.0,11735.0
2026-07-02 10:35:00,29902.0,29986.25,29877.5,29923.25,9576.0
2026-07-02 10:40:00,29924.0,29933.0,29777.0,29809.5,12288.0
2026-07-02 10:45:00,29810.0,29868.25,29754.25,29825.75,10091.0
2026-07-02 10:50:00,29825.25,29852.5,29730.75,29767.0,7362.0
2026-07-02 10:55:00,29767.5,29843.25,29760.0,29840.25,6240.0
2026-07-02 11:00:00,29840.25,29852.0,29712.5,29715.0,7337.0
2026-07-02 11:05:00,29715.5,29745.0,29629.0,29704.25,9889.0
2026-07-02 11:10:00,29704.5,29778.0,29683.5,29716.5,5885.0
2026-07-02 11:15:00,29718.75,29743.0,29622.0,29639.5,7267.0
2026-07-02 11:20:00,29640.25,29722.5,29610.75,29721.0,6730.0
2026-07-02 11:25:00,29721.0,29748.25,29669.0,29672.5,5652.0
2026-07-02 11:30:00,29671.0,29766.75,29667.75,29756.75,5093.0
2026-07-02 11:35:00,29757.5,29817.25,29746.0,29782.0,5815.0
2026-07-02 11:40:00,29782.0,29815.5,29710.0,29711.75,4908.0
2026-07-02 11:45:00,29710.0,29747.75,29691.25,29701.25,4305.0
2026-07-02 11:50:00,29700.5,29712.0,29645.0,29678.0,5057.0
2026-07-02 11:55:00,29678.25,29695.25,29636.25,29676.0,4746.0
2026-07-02 12:00:00,29676.75,29688.25,29595.25,29634.0,6383.0
2026-07-02 12:05:00,29633.25,29653.0,29585.0,29598.75,4231.0
2026-07-02 12:10:00,29599.25,29661.75,29590.5,29646.75,4731.0
2026-07-02 12:15:00,29649.25,29653.25,29590.25,29594.75,3900.0
2026-07-02 12:20:00,29593.0,29598.5,29549.25,29556.75,5067.0
2026-07-02 12:25:00,29555.0,29596.0,29548.0,29558.75,4312.0
2026-07-02 12:30:00,29559.0,29563.25,29497.5,29499.75,6693.0
2026-07-02 12:35:00,29499.5,29514.0,29453.25,29486.25,7134.0
2026-07-02 12:40:00,29486.5,29547.25,29483.25,29539.0,6266.0
2026-07-02 12:45:00,29537.0,29542.5,29501.5,29507.0,3593.0
2026-07-02 12:50:00,29507.5,29534.5,29478.0,29500.25,4022.0
2026-07-02 12:55:00,29501.0,29501.75,29434.0,29462.25,5456.0
2026-07-02 13:00:00,29461.0,29469.5,29391.0,29411.0,6348.0
2026-07-02 13:05:00,29410.0,29482.5,29387.5,29447.5,6090.0
2026-07-02 13:10:00,29447.75,29468.0,29424.0,29454.0,3566.0
2026-07-02 13:15:00,29453.75,29482.25,29432.25,29437.0,4080.0
2026-07-02 13:20:00,29437.0,29482.75,29427.25,29443.25,3313.0
2026-07-02 13:25:00,29442.5,29454.0,29421.75,29447.5,2523.0
2026-07-02 13:30:00,29447.75,29473.25,29427.5,29427.75,3312.0
2026-07-02 13:35:00,29427.25,29438.0,29372.75,29380.25,4395.0
2026-07-02 13:40:00,29379.5,29418.5,29355.75,29404.75,4080.0
2026-07-02 13:45:00,29405.5,29408.5,29342.5,29362.0,3951.0
2026-07-02 13:50:00,29362.75,29397.5,29345.0,29389.75,3249.0
2026-07-02 13:55:00,29389.75,29397.25,29328.5,29338.5,3252.0
2026-07-02 14:00:00,29339.5,29384.0,29330.5,29382.75,3877.0
2026-07-02 14:05:00,29382.0,29481.0,29378.25,29478.0,6241.0
2026-07-02 14:10:00,29478.25,29503.25,29450.5,29459.25,5205.0
2026-07-02 14:15:00,29460.75,29470.25,29409.75,29425.5,4190.0
2026-07-02 14:20:00,29425.25,29460.25,29422.25,29450.25,2994.0
2026-07-02 14:25:00,29450.25,29489.25,29437.75,29488.0,3496.0
2026-07-02 14:30:00,29487.75,29525.0,29470.5,29481.5,4418.0
2026-07-02 14:35:00,29481.5,29505.75,29464.25,29491.75,2971.0
2026-07-02 14:40:00,29492.25,29501.0,29469.75,29481.0,2340.0
2026-07-02 14:45:00,29480.75,29500.75,29439.25,29493.75,3992.0
2026-07-02 14:50:00,29494.5,29528.0,29480.0,29483.75,3850.0
2026-07-02 14:55:00,29484.5,29498.75,29455.25,29489.0,3420.0
2026-07-02 15:00:00,29488.75,29503.25,29398.5,29402.75,4835.0
2026-07-02 15:05:00,29403.5,29427.0,29381.5,29397.25,4602.0
2026-07-02 15:10:00,29398.75,29425.25,29381.75,29413.0,2650.0
2026-07-02 15:15:00,29412.5,29422.75,29380.75,29394.75,2525.0
2026-07-02 15:20:00,29395.25,29401.5,29354.75,29362.5,2946.0
2026-07-02 15:25:00,29363.0,29445.0,29349.5,29421.75,4607.0
2026-07-02 15:30:00,29422.5,29468.75,29412.0,29461.0,4506.0
2026-07-02 15:35:00,29462.0,29475.5,29426.0,29458.25,3698.0
2026-07-02 15:40:00,29458.5,29463.5,29429.5,29454.25,2949.0
2026-07-02 15:45:00,29454.5,29461.5,29432.0,29449.75,3505.0
2026-07-02 15:50:00,29451.25,29535.0,29451.25,29533.5,8174.0
2026-07-02 15:55:00,29533.25,29588.0,29508.5,29539.5,17923.0
2026-07-02 16:00:00,29539.25,29553.0,29524.75,29533.0,7021.0
2026-07-06 09:30:00,29835.75,29939.25,29776.25,29926.5,13906.0
2026-07-06 09:35:00,29925.75,29928.25,29786.0,29896.75,10792.0
2026-07-06 09:40:00,29896.75,29925.0,29845.75,29921.5,8037.0
2026-07-06 09:45:00,29917.0,29967.25,29896.0,29952.0,10187.0
2026-07-06 09:50:00,29953.0,30009.0,29921.0,29970.5,10344.0
2026-07-06 09:55:00,29971.25,29988.25,29915.0,29932.5,5933.0
2026-07-06 10:00:00,29935.5,29977.75,29903.25,29930.5,6978.0
2026-07-06 10:05:00,29929.25,30004.75,29914.0,29993.0,6197.0
2026-07-06 10:10:00,29992.75,30027.75,29972.0,30021.75,6365.0
2026-07-06 10:15:00,30021.75,30042.5,29999.0,30007.5,6224.0
2026-07-06 10:20:00,30007.75,30041.75,29986.75,30014.0,5475.0
2026-07-06 10:25:00,30016.0,30033.25,29992.25,30012.75,3851.0
2026-07-06 10:30:00,30013.25,30057.25,30001.25,30044.5,5205.0
2026-07-06 10:35:00,30044.5,30052.5,30016.5,30027.25,3966.0
2026-07-06 10:40:00,30027.75,30051.25,29988.0,30037.75,5118.0
2026-07-06 10:45:00,30037.5,30055.75,30022.25,30042.5,3458.0
2026-07-06 10:50:00,30043.5,30067.5,30015.5,30022.0,5022.0
2026-07-06 10:55:00,30021.5,30030.0,29986.75,30025.25,4630.0
2026-07-06 11:00:00,30025.75,30044.0,29997.5,30026.25,4074.0
2026-07-06 11:05:00,30027.25,30035.0,29987.0,30010.0,3468.0
2026-07-06 11:10:00,30008.75,30019.5,29959.0,29984.0,4839.0
2026-07-06 11:15:00,29984.0,29985.0,29941.25,29977.75,4843.0
2026-07-06 11:20:00,29978.0,30008.5,29963.75,30006.5,3692.0
2026-07-06 11:25:00,30005.75,30062.75,30001.5,30061.0,4786.0
2026-07-06 11:30:00,30061.0,30073.0,30044.75,30049.25,4786.0
2026-07-06 11:35:00,30049.75,30066.0,30031.5,30054.75,3291.0
2026-07-06 11:40:00,30055.0,30079.0,30045.0,30070.0,3214.0
2026-07-06 11:45:00,30070.25,30079.75,30061.25,30075.75,2247.0
2026-07-06 11:50:00,30075.75,30083.75,30049.25,30049.75,2821.0
2026-07-06 11:55:00,30050.0,30082.75,30049.75,30074.25,2599.0
2026-07-06 12:00:00,30074.0,30075.75,30053.5,30057.5,2149.0
2026-07-06 12:05:00,30058.0,30090.0,30054.75,30076.5,2649.0
2026-07-06 12:10:00,30076.75,30094.0,30069.5,30070.5,3066.0
2026-07-06 12:15:00,30071.25,30078.25,30052.25,30067.75,2043.0
2026-07-06 12:20:00,30066.5,30075.5,30038.5,30046.75,2895.0
2026-07-06 12:25:00,30045.75,30048.0,30024.75,30032.25,2650.0
2026-07-06 12:30:00,30033.75,30044.25,30018.25,30032.5,2889.0
2026-07-06 12:35:00,30033.25,30034.0,30002.75,30019.25,3001.0
2026-07-06 12:40:00,30019.5,30034.0,30014.0,30016.5,2117.0
2026-07-06 12:45:00,30017.25,30035.0,30002.25,30034.0,2307.0
2026-07-06 12:50:00,30034.25,30038.5,29995.5,29996.5,2667.0
2026-07-06 12:55:00,29997.25,30007.25,29981.0,29990.0,3068.0
2026-07-06 13:00:00,29989.0,30003.75,29975.25,29994.75,3142.0
2026-07-06 13:05:00,29994.5,30032.25,29991.5,30029.5,2845.0
2026-07-06 13:10:00,30028.5,30036.75,30009.75,30019.0,2175.0
2026-07-06 13:15:00,30019.25,30032.0,29993.0,29999.75,2583.0
2026-07-06 13:20:00,29999.75,30002.25,29963.5,29979.5,3013.0
2026-07-06 13:25:00,29979.25,29996.75,29948.0,29954.75,3152.0
2026-07-06 13:30:00,29955.5,29960.5,29919.75,29933.25,4746.0
2026-07-06 13:35:00,29933.75,29939.75,29913.0,29922.25,3647.0
2026-07-06 13:40:00,29921.25,29921.25,29882.25,29904.75,4582.0
2026-07-06 13:45:00,29904.5,29931.5,29882.75,29919.25,4122.0
2026-07-06 13:50:00,29919.5,29936.0,29900.0,29903.25,2991.0
2026-07-06 13:55:00,29904.0,29909.5,29886.5,29896.75,2483.0
2026-07-06 14:00:00,29896.25,29933.75,29895.5,29924.25,3974.0
2026-07-06 14:05:00,29924.25,29967.5,29923.75,29961.25,3740.0
2026-07-06 14:10:00,29961.75,29967.5,29945.5,29949.25,2264.0
2026-07-06 14:15:00,29950.0,29994.75,29950.0,29983.5,4279.0
2026-07-06 14:20:00,29983.75,29991.5,29971.25,29989.25,2190.0
2026-07-06 14:25:00,29989.25,30000.0,29967.0,29971.75,2435.0
2026-07-06 14:30:00,29971.75,29978.5,29949.25,29949.25,2435.0
2026-07-06 14:35:00,29950.0,29977.75,29948.5,29958.25,2528.0
2026-07-06 14:40:00,29958.25,29984.25,29957.75,29978.0,2238.0
2026-07-06 14:45:00,29978.0,30003.0,29973.75,29987.25,2488.0
2026-07-06 14:50:00,29987.0,29995.0,29976.75,29989.5,1612.0
2026-07-06 14:55:00,29989.0,30004.0,29980.0,29990.0,1954.0
2026-07-06 15:00:00,29990.75,30009.25,29980.75,29989.0,2816.0
2026-07-06 15:05:00,29989.0,30008.5,29987.0,30006.0,2064.0
2026-07-06 15:10:00,30006.75,30025.0,30003.5,30011.25,2730.0
2026-07-06 15:15:00,30011.5,30036.0,30004.5,30033.5,3010.0
2026-07-06 15:20:00,30033.5,30052.0,30027.0,30047.75,2293.0
2026-07-06 15:25:00,30047.75,30052.0,30032.0,30035.5,2338.0
2026-07-06 15:30:00,30035.75,30038.0,30002.25,30026.75,3939.0
2026-07-06 15:35:00,30026.5,30033.0,30000.25,30003.0,3028.0
2026-07-06 15:40:00,30002.75,30030.0,29996.25,30024.0,2687.0
2026-07-06 15:45:00,30023.75,30036.25,30018.75,30024.0,2738.0
2026-07-06 15:50:00,30023.25,30028.0,29964.25,29965.0,7510.0
2026-07-06 15:55:00,29965.0,29980.75,29931.5,29951.0,16020.0
2026-07-06 16:00:00,29950.75,29964.75,29933.0,29948.75,6289.0
2026-07-07 09:30:00,29593.0,29685.75,29515.25,29532.0,21408.0
2026-07-07 09:35:00,29532.5,29577.5,29491.25,29544.5,12237.0
2026-07-07 09:40:00,29544.0,29607.0,29524.75,29595.0,11229.0
2026-07-07 09:45:00,29594.0,29596.75,29503.0,29511.25,10962.0
2026-07-07 09:50:00,29511.0,29538.25,29444.5,29454.5,10629.0
2026-07-07 09:55:00,29455.0,29484.25,29420.25,29469.0,9910.0
2026-07-07 10:00:00,29468.75,29505.75,29422.5,29443.25,10173.0
2026-07-07 10:05:00,29444.0,29474.0,29414.0,29442.25,7397.0
2026-07-07 10:10:00,29443.0,29443.25,29332.0,29343.0,12484.0
2026-07-07 10:15:00,29342.0,29369.0,29307.0,29364.25,10276.0
2026-07-07 10:20:00,29364.25,29378.25,29290.75,29293.0,8509.0
2026-07-07 10:25:00,29293.5,29313.0,29259.75,29303.25,8704.0
2026-07-07 10:30:00,29303.5,29327.75,29270.75,29282.75,7054.0
2026-07-07 10:35:00,29282.25,29286.25,29240.75,29256.75,7396.0
2026-07-07 10:40:00,29256.0,29274.75,29210.0,29239.75,7594.0
2026-07-07 10:45:00,29239.5,29292.5,29232.5,29266.25,7877.0
2026-07-07 10:50:00,29266.0,29315.75,29254.25,29296.5,6582.0
2026-07-07 10:55:00,29295.75,29325.75,29284.0,29302.5,5876.0
2026-07-07 11:00:00,29302.25,29325.0,29271.25,29316.25,6097.0
2026-07-07 11:05:00,29315.5,29335.5,29297.5,29327.75,4807.0
2026-07-07 11:10:00,29325.75,29358.0,29318.0,29318.25,5030.0
2026-07-07 11:15:00,29317.0,29319.5,29275.5,29280.5,5025.0
2026-07-07 11:20:00,29279.25,29318.25,29271.75,29280.75,4264.0
2026-07-07 11:25:00,29281.25,29322.5,29276.0,29314.0,3267.0
2026-07-07 11:30:00,29315.0,29323.75,29289.5,29290.75,3530.0
2026-07-07 11:35:00,29291.5,29314.25,29257.75,29257.75,4020.0
2026-07-07 11:40:00,29258.25,29330.0,29248.25,29329.0,4791.0
2026-07-07 11:45:00,29329.25,29376.75,29325.25,29332.25,6720.0
2026-07-07 11:50:00,29332.75,29380.0,29332.75,29368.75,3500.0
2026-07-07 11:55:00,29368.75,29389.25,29347.0,29386.75,3066.0
2026-07-07 12:00:00,29388.0,29432.0,29377.0,29420.5,5095.0
2026-07-07 12:05:00,29420.0,29452.0,29398.0,29411.25,5384.0
2026-07-07 12:10:00,29411.5,29473.75,29411.5,29466.25,5257.0
2026-07-07 12:15:00,29467.25,29474.75,29450.5,29467.75,3533.0
2026-07-07 12:20:00,29468.0,29548.0,29467.25,29506.0,8460.0
2026-07-07 12:25:00,29506.75,29547.0,29501.5,29532.0,5046.0
2026-07-07 12:30:00,29532.25,29558.25,29512.75,29531.25,5499.0
2026-07-07 12:35:00,29530.5,29538.5,29486.25,29514.5,4672.0
2026-07-07 12:40:00,29514.25,29528.75,29491.75,29527.75,3125.0
2026-07-07 12:45:00,29527.25,29548.25,29521.5,29540.0,3809.0
2026-07-07 12:50:00,29540.5,29557.75,29529.0,29535.0,3281.0
2026-07-07 12:55:00,29535.75,29547.25,29502.5,29540.0,3024.0
2026-07-07 13:00:00,29539.5,29559.75,29530.0,29551.0,3336.0
2026-07-07 13:05:00,29551.25,29580.75,29547.0,29573.5,4488.0
2026-07-07 13:10:00,29573.0,29575.0,29530.25,29534.5,3690.0
2026-07-07 13:15:00,29533.25,29536.75,29510.0,29525.5,3407.0
2026-07-07 13:20:00,29526.5,29573.5,29523.5,29556.0,3405.0
2026-07-07 13:25:00,29554.5,29554.5,29524.25,29533.75,2384.0
2026-07-07 13:30:00,29533.5,29561.5,29532.5,29547.25,2841.0
2026-07-07 13:35:00,29548.0,29567.0,29535.5,29557.5,2848.0
2026-07-07 13:40:00,29556.25,29570.0,29543.5,29561.75,2127.0
2026-07-07 13:45:00,29561.25,29565.75,29528.25,29542.75,2392.0
2026-07-07 13:50:00,29541.5,29560.0,29529.0,29537.75,2308.0
2026-07-07 13:55:00,29538.25,29568.0,29533.0,29567.25,1983.0
2026-07-07 14:00:00,29567.5,29574.25,29538.0,29550.75,2634.0
2026-07-07 14:05:00,29552.0,29563.75,29531.25,29539.25,2387.0
2026-07-07 14:10:00,29540.0,29561.0,29536.5,29547.25,2253.0
2026-07-07 14:15:00,29547.5,29555.25,29529.0,29542.75,2303.0
2026-07-07 14:20:00,29542.5,29561.0,29532.5,29550.5,2019.0
2026-07-07 14:25:00,29549.5,29555.0,29509.75,29517.0,2998.0
2026-07-07 14:30:00,29517.5,29531.5,29495.75,29504.75,4221.0
2026-07-07 14:35:00,29503.5,29518.5,29489.0,29505.5,2646.0
2026-07-07 14:40:00,29505.25,29506.0,29452.75,29472.75,3863.0
2026-07-07 14:45:00,29472.25,29485.0,29418.75,29451.25,5040.0
2026-07-07 14:50:00,29452.0,29456.75,29398.75,29419.0,5848.0
2026-07-07 14:55:00,29421.0,29422.75,29385.25,29391.0,3793.0
2026-07-07 15:00:00,29390.25,29402.75,29353.25,29376.0,5055.0
2026-07-07 15:05:00,29375.75,29410.0,29333.25,29337.75,5287.0
2026-07-07 15:10:00,29338.5,29349.0,29318.5,29334.75,3482.0
2026-07-07 15:15:00,29334.5,29335.75,29271.0,29307.25,5888.0
2026-07-07 15:20:00,29306.5,29324.5,29292.5,29311.75,3924.0
2026-07-07 15:25:00,29311.75,29329.5,29280.75,29321.25,3846.0
2026-07-07 15:30:00,29320.75,29371.75,29315.75,29369.25,6299.0
2026-07-07 15:35:00,29369.5,29369.75,29316.75,29324.25,3866.0
2026-07-07 15:40:00,29323.25,29327.5,29303.75,29310.0,3076.0
2026-07-07 15:45:00,29309.75,29341.75,29306.5,29338.75,3326.0
2026-07-07 15:50:00,29337.25,29370.25,29318.5,29369.0,5998.0
2026-07-07 15:55:00,29369.75,29400.0,29361.75,29395.5,15429.0
2026-07-07 16:00:00,29395.75,29420.25,29387.75,29419.5,7526.0
2026-07-08 09:30:00,29202.75,29327.5,29201.0,29303.5,16052.0
2026-07-08 09:35:00,29303.75,29338.0,29254.5,29320.0,10524.0
2026-07-08 09:40:00,29321.5,29385.0,29311.5,29347.75,10439.0
2026-07-08 09:45:00,29349.5,29399.0,29301.0,29304.25,8664.0
2026-07-08 09:50:00,29302.75,29374.25,29287.75,29321.75,7066.0
2026-07-08 09:55:00,29321.5,29394.75,29291.0,29367.5,6822.0
2026-07-08 10:00:00,29366.25,29389.25,29297.5,29316.25,7477.0
2026-07-08 10:05:00,29316.75,29348.0,29301.5,29321.25,4899.0
2026-07-08 10:10:00,29322.0,29335.5,29245.75,29271.25,7002.0
2026-07-08 10:15:00,29271.75,29316.0,29235.25,29285.75,6740.0
2026-07-08 10:20:00,29285.5,29373.0,29268.25,29313.0,6868.0
2026-07-08 10:25:00,29313.75,29358.0,29254.25,29292.5,5456.0
2026-07-08 10:30:00,29292.75,29335.25,29264.0,29309.75,5429.0
2026-07-08 10:35:00,29311.5,29312.0,29244.0,29253.75,5702.0
2026-07-08 10:40:00,29253.5,29282.25,29209.25,29252.5,6964.0
2026-07-08 10:45:00,29252.25,29257.5,29171.25,29173.25,6025.0
2026-07-08 10:50:00,29173.0,29297.5,29151.0,29246.5,8919.0
2026-07-08 10:55:00,29243.75,29289.5,29193.25,29210.25,5888.0
2026-07-08 11:00:00,29212.0,29224.25,29180.75,29183.0,3590.0
2026-07-08 11:05:00,29183.5,29223.25,29178.75,29193.5,3537.0
2026-07-08 11:10:00,29194.25,29210.25,29131.0,29136.75,4795.0
2026-07-08 11:15:00,29138.25,29161.75,29093.0,29141.75,6200.0
2026-07-08 11:20:00,29141.25,29151.5,29056.0,29062.0,4975.0
2026-07-08 11:25:00,29062.0,29074.5,29034.5,29057.75,6014.0
2026-07-08 11:30:00,29058.0,29106.75,29034.0,29105.5,5763.0
2026-07-08 11:35:00,29105.0,29153.0,29084.0,29106.75,5521.0
2026-07-08 11:40:00,29107.5,29144.75,29102.25,29114.0,3748.0
2026-07-08 11:45:00,29113.75,29131.0,29080.25,29096.5,3840.0
2026-07-08 11:50:00,29095.25,29100.5,29051.25,29078.0,3360.0
2026-07-08 11:55:00,29078.5,29108.75,29061.0,29096.25,3651.0
2026-07-08 12:00:00,29097.25,29143.25,29092.75,29138.25,4149.0
2026-07-08 12:05:00,29138.5,29176.25,29125.75,29170.0,4346.0
2026-07-08 12:10:00,29170.25,29222.25,29168.75,29214.5,4545.0
2026-07-08 12:15:00,29216.0,29242.75,29194.5,29241.25,4176.0
2026-07-08 12:20:00,29242.5,29298.0,29240.0,29257.75,6163.0
2026-07-08 12:25:00,29257.5,29303.25,29254.25,29277.0,3666.0
2026-07-08 12:30:00,29275.5,29331.75,29269.5,29276.0,5223.0
2026-07-08 12:35:00,29274.75,29316.0,29245.5,29295.5,6055.0
2026-07-08 12:40:00,29292.5,29350.0,29273.25,29331.0,4947.0
2026-07-08 12:45:00,29331.5,29351.0,29309.75,29348.5,2750.0
2026-07-08 12:50:00,29348.75,29372.75,29332.5,29356.75,4368.0
2026-07-08 12:55:00,29357.25,29377.0,29346.0,29373.25,2796.0
2026-07-08 13:00:00,29372.25,29375.5,29343.75,29351.25,3038.0
2026-07-08 13:05:00,29352.5,29389.75,29346.5,29361.25,3184.0
2026-07-08 13:10:00,29362.25,29365.0,29335.5,29336.25,3352.0
2026-07-08 13:15:00,29336.75,29382.75,29334.75,29377.75,2746.0
2026-07-08 13:20:00,29378.0,29421.25,29368.25,29420.25,4174.0
2026-07-08 13:25:00,29420.5,29445.25,29413.5,29440.25,3833.0
2026-07-08 13:30:00,29441.5,29457.75,29433.5,29437.25,3150.0
2026-07-08 13:35:00,29436.75,29449.0,29421.25,29423.0,2112.0
2026-07-08 13:40:00,29423.75,29427.25,29382.5,29388.5,3250.0
2026-07-08 13:45:00,29387.75,29388.75,29346.75,29354.25,3924.0
2026-07-08 13:50:00,29354.25,29390.0,29349.5,29354.0,2929.0
2026-07-08 13:55:00,29354.5,29356.0,29324.25,29352.5,3184.0
2026-07-08 14:00:00,29352.25,29422.75,29330.0,29403.75,4164.0
2026-07-08 14:05:00,29405.25,29414.25,29375.75,29412.5,2325.0
2026-07-08 14:10:00,29412.5,29429.25,29391.5,29406.0,2640.0
2026-07-08 14:15:00,29407.25,29418.0,29383.0,29411.25,2383.0
2026-07-08 14:20:00,29411.25,29411.25,29381.25,29382.75,1693.0
2026-07-08 14:25:00,29384.75,29406.75,29369.0,29372.75,2034.0
2026-07-08 14:30:00,29371.75,29380.5,29347.5,29359.0,2560.0
2026-07-08 14:35:00,29359.0,29412.0,29355.25,29409.0,2791.0
2026-07-08 14:40:00,29408.25,29417.75,29372.5,29400.75,2411.0
2026-07-08 14:45:00,29401.25,29409.25,29380.25,29403.25,1772.0
2026-07-08 14:50:00,29403.0,29424.25,29395.0,29404.75,2759.0
2026-07-08 14:55:00,29405.0,29408.75,29383.0,29405.75,2050.0
2026-07-08 15:00:00,29405.75,29437.25,29392.25,29401.25,2963.0
2026-07-08 15:05:00,29400.75,29413.75,29375.75,29409.0,2748.0
2026-07-08 15:10:00,29409.0,29411.0,29388.0,29395.75,1812.0
2026-07-08 15:15:00,29396.25,29402.25,29380.0,29390.25,2232.0
2026-07-08 15:20:00,29391.25,29419.0,29383.75,29407.0,2281.0
2026-07-08 15:25:00,29407.75,29438.75,29404.5,29425.25,2143.0
2026-07-08 15:30:00,29425.0,29433.25,29388.5,29399.0,2888.0
2026-07-08 15:35:00,29398.25,29427.5,29391.25,29416.25,1802.0
2026-07-08 15:40:00,29415.5,29420.25,29395.0,29418.25,1996.0
2026-07-08 15:45:00,29417.0,29424.0,29381.0,29405.25,3115.0
2026-07-08 15:50:00,29403.5,29464.0,29388.0,29460.5,4957.0
2026-07-08 15:55:00,29459.75,29500.0,29450.5,29457.75,13925.0
2026-07-08 16:00:00,29457.75,29468.5,29424.5,29439.25,5367.0
2026-07-09 09:30:00,29746.25,29781.5,29672.0,29778.75,13902.0
2026-07-09 09:35:00,29778.25,29863.0,29767.25,29852.0,10127.0
2026-07-09 09:40:00,29852.75,29871.25,29811.75,29858.5,9389.0
2026-07-09 09:45:00,29859.25,29891.75,29808.5,29844.5,11310.0
2026-07-09 09:50:00,29844.0,29916.75,29817.5,29901.5,9173.0
2026-07-09 09:55:00,29901.25,29931.25,29897.5,29909.5,5605.0
2026-07-09 10:00:00,29909.75,29922.75,29886.0,29911.25,5768.0
2026-07-09 10:05:00,29911.5,29915.25,29850.5,29850.75,6537.0
2026-07-09 10:10:00,29850.25,29854.5,29785.25,29802.75,8851.0
2026-07-09 10:15:00,29803.5,29803.5,29674.0,29692.0,13412.0
2026-07-09 10:20:00,29691.5,29714.25,29614.5,29710.25,11743.0
2026-07-09 10:25:00,29710.5,29777.5,29688.75,29763.75,7555.0
2026-07-09 10:30:00,29763.25,29772.0,29694.25,29739.25,5899.0
2026-07-09 10:35:00,29739.75,29791.75,29726.25,29784.0,4689.0
2026-07-09 10:40:00,29784.75,29799.0,29750.5,29759.5,4377.0
2026-07-09 10:45:00,29758.5,29811.0,29755.0,29799.25,4104.0
2026-07-09 10:50:00,29798.0,29799.75,29723.5,29761.25,5381.0
2026-07-09 10:55:00,29761.0,29821.25,29753.25,29787.75,5378.0
2026-07-09 11:00:00,29788.25,29823.75,29779.5,29820.75,3123.0
2026-07-09 11:05:00,29821.75,29863.5,29819.0,29858.25,5030.0
2026-07-09 11:10:00,29858.25,29864.25,29833.25,29854.75,3339.0
2026-07-09 11:15:00,29853.5,29879.0,29830.0,29841.75,4351.0
2026-07-09 11:20:00,29843.0,29881.5,29838.75,29879.25,3816.0
2026-07-09 11:25:00,29879.75,29886.25,29863.75,29873.5,3185.0
2026-07-09 11:30:00,29874.25,29883.0,29856.25,29864.25,2872.0
2026-07-09 11:35:00,29863.25,29876.0,29858.75,29874.0,1782.0
2026-07-09 11:40:00,29875.25,29899.75,29871.25,29882.0,3021.0
2026-07-09 11:45:00,29883.0,29899.75,29880.25,29899.0,3035.0
2026-07-09 11:50:00,29899.0,29905.25,29887.0,29892.25,3610.0
2026-07-09 11:55:00,29892.0,29898.75,29878.5,29886.25,2634.0
2026-07-09 12:00:00,29886.5,29913.5,29886.5,29904.5,2876.0
2026-07-09 12:05:00,29905.25,29924.25,29904.0,29908.75,2797.0
2026-07-09 12:10:00,29909.0,29914.0,29896.75,29900.25,2184.0
2026-07-09 12:15:00,29900.25,29917.0,29892.5,29904.25,2358.0
2026-07-09 12:20:00,29903.5,29912.5,29892.5,29909.75,2120.0
2026-07-09 12:25:00,29909.25,29910.25,29880.75,29890.75,2459.0
2026-07-09 12:30:00,29890.5,29912.5,29880.75,29881.5,3102.0
2026-07-09 12:35:00,29881.75,29889.0,29864.0,29888.0,3490.0
2026-07-09 12:40:00,29889.0,29916.5,29889.0,29909.0,2900.0
2026-07-09 12:45:00,29908.5,29913.25,29891.25,29896.5,2015.0
2026-07-09 12:50:00,29896.75,29910.0,29895.75,29904.0,1439.0
2026-07-09 12:55:00,29903.75,29907.5,29885.25,29893.25,536.0
2026-07-09 12:57:29,29889.25,29889.25,29889.25,29889.25,0.0
