timestamp,open,high,low,close,volume
2026-07-13 09:30:00,752.469970703125,753.2000122070312,752.4000244140625,753.1950073242188,1240525.0
2026-07-13 09:31:00,753.1799926757812,753.6599731445312,753.0250244140625,753.5700073242188,195088.0
2026-07-13 09:32:00,753.5598754882812,753.9099731445312,753.4600219726562,753.510009765625,151444.0
2026-07-13 09:33:00,753.510009765625,753.5798950195312,753.1799926757812,753.27001953125,95703.0
2026-07-13 09:34:00,753.27001953125,753.6199951171875,753.2166137695312,753.4249877929688,83429.0
2026-07-13 09:35:00,753.4299926757812,753.780029296875,753.4099731445312,753.6199951171875,119251.0
2026-07-13 09:36:00,753.625,753.6300048828125,753.3800048828125,753.4500122070312,236040.0
2026-07-13 09:37:00,753.4349975585938,753.510009765625,753.1199951171875,753.1400146484375,140001.0
2026-07-13 09:38:00,753.1400146484375,753.530029296875,753.0399780273438,753.4600219726562,139169.0
2026-07-13 09:39:00,753.4600219726562,753.510009765625,753.219970703125,753.219970703125,105122.0
2026-07-13 09:40:00,753.219970703125,753.219970703125,752.5599975585938,752.7849731445312,209971.0
2026-07-13 09:41:00,752.780029296875,753.02001953125,752.6599731445312,752.8099975585938,146038.0
2026-07-13 09:42:00,752.8099975585938,752.9299926757812,752.5399780273438,752.8800048828125,130072.0
2026-07-13 09:43:00,752.8790283203125,753.1400146484375,752.6300048828125,752.73681640625,117345.0
2026-07-13 09:44:00,752.72998046875,753.076171875,752.6900024414062,752.989990234375,66596.0
2026-07-13 09:45:00,753.010009765625,753.0499877929688,752.280029296875,752.406005859375,141961.0
2026-07-13 09:46:00,752.4199829101562,753.1300048828125,752.38037109375,752.8800048828125,87874.0
2026-07-13 09:47:00,752.9199829101562,753.02001953125,752.7100219726562,752.7100219726562,74831.0
2026-07-13 09:48:00,752.7100219726562,752.9600219726562,752.6400146484375,752.8532104492188,52547.0
2026-07-13 09:49:00,752.8300170898438,753.0599975585938,752.5800170898438,752.8699951171875,102274.0
2026-07-13 09:50:00,752.9000244140625,752.9600219726562,752.5800170898438,752.5900268554688,143358.0
2026-07-13 09:51:00,752.6099853515625,752.6900024414062,751.969970703125,751.9899291992188,180600.0
2026-07-13 09:52:00,752.010009765625,752.4099731445312,751.9199829101562,752.3800048828125,79541.0
2026-07-13 09:53:00,752.4099731445312,752.6099853515625,752.0700073242188,752.3599853515625,67610.0
2026-07-13 09:54:00,752.3499755859375,752.7127075195312,752.3300170898438,752.6099853515625,156349.0
2026-07-13 09:55:00,752.5900268554688,752.9749755859375,752.4199829101562,752.79052734375,87356.0
2026-07-13 09:56:00,752.7899780273438,752.97998046875,752.6199951171875,752.6875,46272.0
2026-07-13 09:57:00,752.7100219726562,753.0700073242188,752.6799926757812,753.0499877929688,59405.0
2026-07-13 09:58:00,753.0499877929688,753.3800048828125,753.0499877929688,753.2999877929688,76494.0
2026-07-13 09:59:00,753.3049926757812,753.739990234375,753.280029296875,753.6199951171875,132635.0
2026-07-13 10:00:00,753.6300048828125,753.9105224609375,753.6099853515625,753.75,104503.0
2026-07-13 10:01:00,753.75,753.8200073242188,753.3599853515625,753.375,99289.0
2026-07-13 10:02:00,753.3800048828125,753.47998046875,752.760009765625,753.0399780273438,192936.0
2026-07-13 10:03:00,753.030029296875,753.2000122070312,752.7999877929688,753.1599731445312,73224.0
2026-07-13 10:04:00,753.1500244140625,753.1799926757812,752.6599731445312,752.7899780273438,140168.0
2026-07-13 10:05:00,752.77001953125,752.969970703125,752.489990234375,752.6199951171875,118517.0
2026-07-13 10:06:00,752.6300048828125,752.8099975585938,752.469970703125,752.510009765625,114119.0
2026-07-13 10:07:00,752.510009765625,752.7100219726562,752.27001953125,752.385009765625,72794.0
2026-07-13 10:08:00,752.3800048828125,752.6799926757812,752.3400268554688,752.5800170898438,35193.0
2026-07-13 10:09:00,752.5599975585938,752.8461303710938,752.4600219726562,752.8200073242188,36550.0
2026-07-13 10:10:00,752.8099975585938,753.1199951171875,752.6699829101562,753.1099853515625,79643.0
2026-07-13 10:11:00,753.1099853515625,753.22998046875,752.969970703125,753.0800170898438,102145.0
2026-07-13 10:12:00,753.0700073242188,753.0750122070312,752.739990234375,753.0449829101562,49035.0
2026-07-13 10:13:00,753.0499877929688,753.27001953125,753.0499877929688,753.1599731445312,34253.0
2026-07-13 10:14:00,753.1699829101562,753.3300170898438,753.1099853515625,753.27001953125,37097.0
2026-07-13 10:15:00,753.27001953125,753.3699951171875,753.1199951171875,753.1300048828125,47200.0
2026-07-13 10:16:00,753.1099853515625,753.2996215820312,750.2999877929688,751.4000244140625,727630.0
2026-07-13 10:17:00,751.4199829101562,751.8499755859375,750.4400024414062,751.5499877929688,525861.0
2026-07-13 10:18:00,751.510009765625,751.760009765625,750.989990234375,751.47998046875,231750.0
2026-07-13 10:19:00,751.530029296875,752.0399780273438,751.4099731445312,751.9299926757812,186527.0
2026-07-13 10:20:00,751.9199829101562,752.22998046875,751.6704711914062,751.9000244140625,130197.0
2026-07-13 10:21:00,751.9099731445312,752.0700073242188,751.4600219726562,751.739990234375,79583.0
2026-07-13 10:22:00,751.7100219726562,752.0499877929688,751.5999755859375,751.7899780273438,59137.0
2026-07-13 10:23:00,751.7949829101562,752.1994018554688,751.5709228515625,752.02001953125,98274.0
2026-07-13 10:24:00,752.0050048828125,752.9099731445312,752.0050048828125,752.780029296875,146620.0
2026-07-13 10:25:00,752.7449951171875,752.9199829101562,752.530029296875,752.6199951171875,86051.0
2026-07-13 10:26:00,752.5999755859375,753.02001953125,752.5999755859375,752.885009765625,77685.0
2026-07-13 10:27:00,752.8900146484375,752.9299926757812,752.6300048828125,752.7000122070312,78451.0
2026-07-13 10:28:00,752.6799926757812,753.1400146484375,752.5700073242188,752.8400268554688,91497.0
2026-07-13 10:29:00,752.8499755859375,753.1900024414062,752.8400268554688,753.0900268554688,85181.0
2026-07-13 10:30:00,753.0900268554688,753.2999877929688,752.9420166015625,752.97998046875,102246.0
2026-07-13 10:31:00,752.969970703125,753.0800170898438,752.7603149414062,752.8300170898438,77507.0
2026-07-13 10:32:00,752.7999877929688,752.9000244140625,752.6599731445312,752.719970703125,54674.0
2026-07-13 10:33:00,752.719970703125,752.8099975585938,752.5700073242188,752.7899780273438,52416.0
2026-07-13 10:34:00,752.7899780273438,752.8699951171875,752.6300048828125,752.6400146484375,84270.0
2026-07-13 10:35:00,752.6500244140625,752.6849975585938,752.3214721679688,752.3699951171875,60051.0
2026-07-13 10:36:00,752.3699951171875,752.3800048828125,752.1400146484375,752.1511840820312,49522.0
2026-07-13 10:37:00,752.155029296875,752.219970703125,751.969970703125,752.1439819335938,81054.0
2026-07-13 10:38:00,752.1300048828125,752.3099975585938,752.0700073242188,752.2100219726562,68313.0
2026-07-13 10:39:00,752.22998046875,752.3200073242188,752.0999755859375,752.1900024414062,40001.0
2026-07-13 10:40:00,752.2000122070312,752.2100219726562,751.7000122070312,751.8300170898438,62027.0
2026-07-13 10:41:00,751.8300170898438,752.0700073242188,751.6500244140625,751.75,42336.0
2026-07-13 10:42:00,751.719970703125,751.780029296875,751.47998046875,751.5700073242188,51234.0
2026-07-13 10:43:00,751.5598754882812,751.5598754882812,751.2899780273438,751.3098754882812,73138.0
2026-07-13 10:44:00,751.3099975585938,751.5399780273438,751.25,751.5,72044.0
2026-07-13 10:45:00,751.510009765625,751.530029296875,751.0999755859375,751.135009765625,158437.0
2026-07-13 10:46:00,751.1199951171875,751.7249755859375,751.0,751.6799926757812,144100.0
2026-07-13 10:47:00,751.6849975585938,751.8300170898438,751.52001953125,751.7150268554688,38283.0
2026-07-13 10:48:00,751.6900024414062,752.1199951171875,751.6900024414062,752.030029296875,59342.0
2026-07-13 10:49:00,752.030029296875,752.4550170898438,752.02001953125,752.3800048828125,70661.0
2026-07-13 10:50:00,752.380126953125,752.469970703125,752.1599731445312,752.1900024414062,155265.0
2026-07-13 10:51:00,752.2000122070312,752.2999877929688,751.969970703125,752.0499877929688,159574.0
2026-07-13 10:52:00,751.97998046875,752.1099853515625,751.6199951171875,751.77001953125,70125.0
2026-07-13 10:53:00,751.780029296875,751.8300170898438,751.530029296875,751.708984375,147717.0
2026-07-13 10:54:00,751.7050170898438,751.7849731445312,751.6099853515625,751.72998046875,28183.0
2026-07-13 10:55:00,751.72998046875,752.0,751.56201171875,751.9849853515625,37298.0
2026-07-13 10:56:00,752.010009765625,752.3400268554688,751.9299926757812,752.280029296875,65442.0
2026-07-13 10:57:00,752.27001953125,752.4099731445312,752.1199951171875,752.3200073242188,48979.0
2026-07-13 10:58:00,752.3400268554688,752.4500122070312,752.22998046875,752.3400268554688,41414.0
2026-07-13 10:59:00,752.3400268554688,752.7899780273438,752.2899780273438,752.7401123046875,61587.0
2026-07-13 11:00:00,752.739990234375,753.02001953125,752.6600952148438,752.9650268554688,109129.0
2026-07-13 11:01:00,752.969970703125,753.0549926757812,752.7899780273438,752.8800048828125,49219.0
2026-07-13 11:02:00,752.9000244140625,752.9149780273438,752.6199951171875,752.719970703125,40746.0
2026-07-13 11:03:00,752.7100219726562,752.719970703125,752.5,752.6400146484375,50559.0
2026-07-13 11:04:00,752.6300048828125,752.760009765625,752.3078002929688,752.3319702148438,38829.0
2026-07-13 11:05:00,752.3400268554688,752.4000244140625,752.2000122070312,752.3400268554688,27198.0
2026-07-13 11:06:00,752.3499755859375,752.5900268554688,752.3499755859375,752.469970703125,26834.0
2026-07-13 11:07:00,752.469970703125,752.510009765625,752.3499755859375,752.3800048828125,17346.0
2026-07-13 11:08:00,752.3599853515625,752.364990234375,752.1699829101562,752.280029296875,24901.0
2026-07-13 11:09:00,752.280029296875,752.4500122070312,752.1599731445312,752.25,44265.0
2026-07-13 11:10:00,752.2550048828125,752.5150146484375,752.1599731445312,752.469970703125,29969.0
2026-07-13 11:11:00,752.489990234375,752.5549926757812,752.27001953125,752.3599853515625,28606.0
2026-07-13 11:12:00,752.3400268554688,752.3400268554688,752.1099853515625,752.1900024414062,39929.0
2026-07-13 11:13:00,752.1799926757812,752.22998046875,751.9600219726562,752.0999755859375,52654.0
2026-07-13 11:14:00,752.0800170898438,752.1799926757812,751.9199829101562,752.0850219726562,59219.0
2026-07-13 11:15:00,752.0800170898438,752.0800170898438,751.8812255859375,751.9199829101562,29670.0
2026-07-13 11:16:00,751.9199829101562,752.1400146484375,751.9099731445312,752.0700073242188,26641.0
2026-07-13 11:17:00,752.0700073242188,752.1599731445312,751.97998046875,752.1599731445312,28576.0
2026-07-13 11:18:00,752.1699829101562,752.3250122070312,752.0499877929688,752.1199951171875,24850.0
2026-07-13 11:19:00,752.1199951171875,752.27001953125,752.0399780273438,752.25,19553.0
2026-07-13 11:20:00,752.25,752.2899780273438,752.1099853515625,752.2150268554688,37229.0
2026-07-13 11:21:00,752.22998046875,752.2849731445312,752.1400146484375,752.239990234375,25250.0
2026-07-13 11:22:00,752.219970703125,752.3499755859375,752.1649780273438,752.3049926757812,24235.0
2026-07-13 11:23:00,752.3049926757812,752.52001953125,752.27001953125,752.5,32456.0
2026-07-13 11:24:00,752.469970703125,752.5679931640625,752.3599853515625,752.447509765625,33044.0
2026-07-13 11:25:00,752.4400024414062,752.4420166015625,752.030029296875,752.0399780273438,81718.0
2026-07-13 11:26:00,752.02001953125,752.1751098632812,751.9650268554688,752.0599975585938,28068.0
2026-07-13 11:27:00,752.0399780273438,752.1500244140625,752.02001953125,752.114990234375,20239.0
2026-07-13 11:28:00,752.1300048828125,752.2899780273438,752.0700073242188,752.1824951171875,21729.0
2026-07-13 11:29:00,752.1900024414062,752.489990234375,752.1699829101562,752.3800048828125,33860.0
2026-07-13 11:30:00,752.3900146484375,752.4000244140625,752.0,752.10498046875,41411.0
2026-07-13 11:31:00,752.1199951171875,752.3920288085938,752.0900268554688,752.3599853515625,22422.0
2026-07-13 11:32:00,752.3599853515625,752.5250244140625,752.3300170898438,752.4000244140625,58261.0
2026-07-13 11:33:00,752.4099731445312,752.4099731445312,752.2020263671875,752.280029296875,25966.0
2026-07-13 11:34:00,752.27001953125,752.4849853515625,752.0900268554688,752.1500244140625,35579.0
2026-07-13 11:35:00,752.1599731445312,752.2899780273438,751.9199829101562,751.9450073242188,36245.0
2026-07-13 11:36:00,751.9400024414062,752.1099853515625,751.8499755859375,751.969970703125,56071.0
2026-07-13 11:37:00,751.969970703125,752.2401123046875,751.9600219726562,752.239990234375,31558.0
2026-07-13 11:38:00,752.239990234375,752.239990234375,752.0399780273438,752.1199951171875,37110.0
2026-07-13 11:39:00,752.1300048828125,752.1699829101562,751.969970703125,752.1300048828125,33759.0
2026-07-13 11:40:00,752.1099853515625,752.1500244140625,752.010009765625,752.1400146484375,30748.0
2026-07-13 11:41:00,752.1699829101562,752.1699829101562,751.8800048828125,751.9199829101562,25390.0
2026-07-13 11:42:00,751.9199829101562,752.0549926757812,751.8400268554688,751.9099731445312,35354.0
2026-07-13 11:43:00,751.8900146484375,751.9500122070312,751.780029296875,751.823486328125,53942.0
2026-07-13 11:44:00,751.8200073242188,751.885009765625,751.6900024414062,751.72998046875,38457.0
2026-07-13 11:45:00,751.719970703125,751.780029296875,751.5700073242188,751.7000122070312,117822.0
2026-07-13 11:46:00,751.6799926757812,751.7880249023438,751.5499877929688,751.72998046875,43395.0
2026-07-13 11:47:00,751.7249755859375,751.77001953125,751.6099853515625,751.6500244140625,44256.0
2026-07-13 11:48:00,751.6599731445312,751.7550048828125,751.510009765625,751.5499877929688,66808.0
2026-07-13 11:49:00,751.5599975585938,751.72998046875,751.489990234375,751.7150268554688,60008.0
2026-07-13 11:50:00,751.7150268554688,751.760009765625,751.469970703125,751.510009765625,83923.0
2026-07-13 11:51:00,751.510009765625,751.510009765625,751.155029296875,751.1900024414062,49638.0
2026-07-13 11:52:00,751.2000122070312,751.469970703125,751.1599731445312,751.4400024414062,77195.0
2026-07-13 11:53:00,751.469970703125,751.6950073242188,751.4000244140625,751.6950073242188,44251.0
2026-07-13 11:54:00,751.6699829101562,751.7100219726562,751.4299926757812,751.5499877929688,56805.0
2026-07-13 11:55:00,751.5599975585938,751.5700073242188,751.3599853515625,751.4099731445312,61386.0
2026-07-13 11:56:00,751.4099731445312,751.4400024414062,751.219970703125,751.27001953125,43749.0
2026-07-13 11:57:00,751.260009765625,751.3099975585938,751.0999755859375,751.3099975585938,29387.0
2026-07-13 11:58:00,751.3300170898438,751.375,751.1799926757812,751.219970703125,39464.0
2026-07-13 11:59:00,751.1950073242188,751.280029296875,751.094482421875,751.2349853515625,24792.0
2026-07-13 12:00:00,751.22998046875,751.2650146484375,750.9500122070312,751.04541015625,92597.0
2026-07-13 12:01:00,751.0399780273438,751.280029296875,751.010009765625,751.2100219726562,29623.0
2026-07-13 12:02:00,751.2100219726562,751.280029296875,751.026611328125,751.280029296875,24733.0
2026-07-13 12:03:00,751.27001953125,751.469970703125,751.219970703125,751.3300170898438,44679.0
2026-07-13 12:04:00,751.3400268554688,751.3800048828125,751.1400146484375,751.169921875,26966.0
2026-07-13 12:05:00,751.1300048828125,751.2100219726562,751.0599975585938,751.0911865234375,17495.0
2026-07-13 12:06:00,751.0989990234375,751.260009765625,751.0900268554688,751.251220703125,27535.0
2026-07-13 12:07:00,751.260009765625,751.3099975585938,751.1849975585938,751.25,32450.0
2026-07-13 12:08:00,751.27001953125,751.52001953125,751.260009765625,751.4299926757812,88016.0
2026-07-13 12:09:00,751.4219970703125,751.5499877929688,751.2949829101562,751.47998046875,52503.0
2026-07-13 12:10:00,751.47998046875,751.8099975585938,751.4500122070312,751.75,74330.0
2026-07-13 12:11:00,751.711181640625,751.739990234375,751.60498046875,751.6300048828125,33174.0
2026-07-13 12:12:00,751.6300048828125,751.6599731445312,751.3300170898438,751.4299926757812,60109.0
2026-07-13 12:13:00,751.4299926757812,751.510009765625,751.3690185546875,751.4299926757812,33603.0
2026-07-13 12:14:00,751.4400024414062,751.5,751.2537231445312,751.4299926757812,39895.0
2026-07-13 12:15:00,751.4199829101562,751.4400024414062,751.1500244140625,751.2012939453125,43546.0
2026-07-13 12:16:00,751.1799926757812,751.1799926757812,750.7999877929688,750.9199829101562,185337.0
2026-07-13 12:17:00,750.8800048828125,750.9500122070312,750.75,750.9450073242188,76483.0
2026-07-13 12:18:00,750.9500122070312,750.9500122070312,750.6699829101562,750.739990234375,47061.0
2026-07-13 12:19:00,750.72998046875,750.9000244140625,750.6799926757812,750.85498046875,53590.0
2026-07-13 12:20:00,750.8599853515625,750.8599853515625,750.6900024414062,750.7999877929688,44613.0
2026-07-13 12:21:00,750.8099975585938,750.8800048828125,750.6799926757812,750.7113037109375,166367.0
2026-07-13 12:22:00,750.7249755859375,750.780029296875,750.6799926757812,750.760009765625,43906.0
2026-07-13 12:23:00,750.719970703125,750.8250122070312,750.6400146484375,750.7550048828125,52772.0
2026-07-13 12:24:00,750.75,750.780029296875,750.5900268554688,750.6400146484375,50886.0
2026-07-13 12:25:00,750.6300048828125,750.6799926757812,750.47998046875,750.47998046875,62167.0
2026-07-13 12:26:00,750.4949951171875,750.510009765625,750.1900024414062,750.3499755859375,101922.0
2026-07-13 12:27:00,750.3499755859375,750.3499755859375,750.1400146484375,750.280029296875,63153.0
2026-07-13 12:28:00,750.3099975585938,750.530029296875,750.3099975585938,750.4149780273438,54497.0
2026-07-13 12:29:00,750.4149780273438,750.4299926757812,749.9299926757812,750.2899780273438,137606.0
2026-07-13 12:30:00,750.27001953125,750.280029296875,749.72998046875,749.7999877929688,86083.0
2026-07-13 12:31:00,749.780029296875,750.0,749.5900268554688,749.92041015625,138365.0
2026-07-13 12:32:00,749.9249877929688,750.02001953125,749.7999877929688,749.8599853515625,66742.0
2026-07-13 12:33:00,749.8400268554688,749.9650268554688,749.6599731445312,749.8099975585938,115340.0
2026-07-13 12:34:00,749.8200073242188,749.8200073242188,749.5900268554688,749.6199951171875,61569.0
2026-07-13 12:35:00,749.6300048828125,749.7000122070312,749.0999755859375,749.2100219726562,137926.0
2026-07-13 12:36:00,749.2100219726562,749.3599853515625,748.9299926757812,749.2100219726562,141928.0
2026-07-13 12:37:00,749.260009765625,749.4199829101562,749.1099853515625,749.260009765625,86265.0
2026-07-13 12:38:00,749.22998046875,749.8200073242188,749.1801147460938,749.8099975585938,186111.0
2026-07-13 12:39:00,749.7999877929688,750.260009765625,749.7999877929688,749.993408203125,175901.0
2026-07-13 12:40:00,749.969970703125,750.0900268554688,749.5900268554688,749.5900268554688,69060.0
2026-07-13 12:41:00,749.5999755859375,750.1900024414062,749.5750122070312,750.1900024414062,64117.0
2026-07-13 12:42:00,750.2000122070312,750.3400268554688,750.0900268554688,750.3200073242188,62383.0
2026-07-13 12:43:00,750.3300170898438,750.5,750.27001953125,750.4749755859375,68537.0
2026-07-13 12:44:00,750.4600219726562,750.52001953125,750.1599731445312,750.3599853515625,92981.0
2026-07-13 12:45:00,750.3900146484375,750.6599731445312,750.385009765625,750.49609375,89284.0
2026-07-13 12:46:00,750.47998046875,750.5999755859375,750.4199829101562,750.5999755859375,98441.0
2026-07-13 12:47:00,750.5999755859375,750.647705078125,750.260009765625,750.280029296875,103710.0
2026-07-13 12:48:00,750.2899780273438,750.2899780273438,750.0399780273438,750.1199951171875,51799.0
2026-07-13 12:49:00,750.1400146484375,750.1900024414062,749.9600219726562,749.97998046875,49776.0
2026-07-13 12:50:00,749.9600219726562,750.0399780273438,749.1799926757812,749.510009765625,141574.0
2026-07-13 12:51:00,749.52001953125,749.6799926757812,749.50048828125,749.6199951171875,91631.0
2026-07-13 12:52:00,749.5999755859375,749.8908081054688,749.5499877929688,749.8350219726562,54402.0
2026-07-13 12:53:00,749.8200073242188,749.8200073242188,749.6400146484375,749.6599731445312,44638.0
2026-07-13 12:54:00,749.6500244140625,749.6995239257812,749.4400024414062,749.4500122070312,47584.0
2026-07-13 12:55:00,749.4400024414062,749.5999755859375,749.2838745117188,749.5750122070312,63961.0
2026-07-13 12:56:00,749.5900268554688,749.789306640625,749.5700073242188,749.780029296875,69129.0
2026-07-13 12:57:00,749.780029296875,750.0800170898438,749.6199951171875,750.0800170898438,106166.0
2026-07-13 12:58:00,750.0800170898438,750.1199951171875,749.8400268554688,749.969970703125,43421.0
2026-07-13 12:59:00,749.9199829101562,749.969970703125,749.7100219726562,749.8699951171875,35640.0
2026-07-13 13:00:00,749.9000244140625,750.25,749.75,750.25,68019.0
2026-07-13 13:01:00,750.260009765625,750.2899780273438,750.1099853515625,750.1300048828125,56665.0
2026-07-13 13:02:00,750.1199951171875,750.1900024414062,749.9600219726562,749.989990234375,34102.0
2026-07-13 13:03:00,750.0,750.260009765625,749.9373779296875,750.110107421875,42039.0
2026-07-13 13:04:00,750.0900268554688,750.1799926757812,749.8400268554688,749.8400268554688,35373.0
2026-07-13 13:05:00,749.8400268554688,750.1400146484375,749.7849731445312,750.030029296875,38517.0
2026-07-13 13:06:00,750.010009765625,750.2000122070312,750.0,750.0867919921875,40372.0
2026-07-13 13:07:00,750.0999755859375,750.3900146484375,750.0700073242188,750.3300170898438,42833.0
2026-07-13 13:08:00,750.3300170898438,750.3897094726562,750.2188110351562,750.280029296875,36173.0
2026-07-13 13:09:00,750.260009765625,750.5,750.260009765625,750.4199829101562,29103.0
2026-07-13 13:10:00,750.4199829101562,750.6400146484375,750.3699951171875,750.39501953125,59722.0
2026-07-13 13:11:00,750.3800048828125,750.489990234375,750.260009765625,750.3400268554688,168190.0
2026-07-13 13:12:00,750.3400268554688,750.4299926757812,750.1699829101562,750.260009765625,27276.0
2026-07-13 13:13:00,750.260009765625,750.3699951171875,750.1300048828125,750.1300048828125,32092.0
2026-07-13 13:14:00,750.1199951171875,750.1361083984375,749.9301147460938,750.0599975585938,91813.0
2026-07-13 13:15:00,750.0499877929688,750.0800170898438,749.7999877929688,749.8200073242188,37728.0
2026-07-13 13:16:00,749.8200073242188,749.9299926757812,749.6400146484375,749.9199829101562,44057.0
2026-07-13 13:17:00,749.9199829101562,750.1599731445312,749.8200073242188,750.0750122070312,70252.0
2026-07-13 13:18:00,750.0700073242188,750.2449951171875,750.02001953125,750.22998046875,60631.0
2026-07-13 13:19:00,750.2100219726562,750.2899780273438,750.1300048828125,750.1599731445312,33220.0
2026-07-13 13:20:00,750.1400146484375,750.1699829101562,750.0,750.1400146484375,51114.0
2026-07-13 13:21:00,750.1300048828125,750.22998046875,749.97998046875,750.22119140625,41519.0
2026-07-13 13:22:00,750.22998046875,750.3499755859375,750.1430053710938,750.1699829101562,94084.0
2026-07-13 13:23:00,750.1599731445312,750.2100219726562,750.030029296875,750.0551147460938,41411.0
2026-07-13 13:24:00,750.0695190429688,750.0905151367188,749.7000122070312,749.7100219726562,69469.0
2026-07-13 13:25:00,749.719970703125,749.780029296875,749.530029296875,749.5625,78423.0
2026-07-13 13:26:00,749.5599975585938,749.6799926757812,749.5549926757812,749.6325073242188,65573.0
2026-07-13 13:27:00,749.6199951171875,749.875,749.5900268554688,749.8200073242188,68610.0
2026-07-13 13:28:00,749.8200073242188,749.969970703125,749.7999877929688,749.9598999023438,47734.0
2026-07-13 13:29:00,749.9400024414062,749.969970703125,749.7100219726562,749.8099975585938,45481.0
2026-07-13 13:30:00,749.8099975585938,749.9600219726562,749.739990234375,749.9000244140625,45754.0
2026-07-13 13:31:00,749.9099731445312,749.9099731445312,749.6599731445312,749.8699951171875,46941.0
2026-07-13 13:32:00,749.844970703125,749.9849853515625,749.75,749.9757080078125,36811.0
2026-07-13 13:33:00,749.969970703125,750.1199951171875,749.8800048828125,749.9299926757812,59269.0
2026-07-13 13:34:00,749.9450073242188,750.010009765625,749.8499755859375,749.9500122070312,22351.0
2026-07-13 13:35:00,749.9199829101562,749.9199829101562,749.6699829101562,749.8300170898438,31396.0
2026-07-13 13:36:00,749.8099975585938,749.9000244140625,749.6500244140625,749.72998046875,35911.0
2026-07-13 13:37:00,749.7100219726562,749.7999877929688,749.6820068359375,749.719970703125,45424.0
2026-07-13 13:38:00,749.719970703125,749.780029296875,749.6400146484375,749.6900024414062,39301.0
2026-07-13 13:39:00,749.6799926757812,749.7100219726562,749.4609985351562,749.7083740234375,31969.0
2026-07-13 13:40:00,749.7000122070312,749.7000122070312,749.489990234375,749.5299072265625,30149.0
2026-07-13 13:41:00,749.510009765625,749.9199829101562,749.510009765625,749.8300170898438,57540.0
2026-07-13 13:42:00,749.8200073242188,750.0800170898438,749.780029296875,749.8699951171875,116556.0
2026-07-13 13:43:00,749.8699951171875,750.1300048828125,749.8699951171875,750.0399780273438,30913.0
2026-07-13 13:44:00,750.0499877929688,750.0850219726562,749.9299926757812,749.9849853515625,33111.0
2026-07-13 13:45:00,750.0,750.260009765625,749.989990234375,750.1599731445312,34941.0
2026-07-13 13:46:00,750.1599731445312,750.2100219726562,749.9099731445312,750.0,41675.0
2026-07-13 13:47:00,749.97998046875,750.0900268554688,749.8800048828125,749.8900146484375,22168.0
2026-07-13 13:48:00,749.8900146484375,749.9600219726562,749.7150268554688,749.75,34716.0
2026-07-13 13:49:00,749.739990234375,749.739990234375,749.5999755859375,749.6300048828125,90242.0
2026-07-13 13:50:00,749.6400146484375,749.7100219726562,749.3599853515625,749.4805908203125,58759.0
2026-07-13 13:51:00,749.5,749.52001953125,749.3300170898438,749.4299926757812,47546.0
2026-07-13 13:52:00,749.4199829101562,749.5900268554688,749.260009765625,749.5499877929688,82489.0
2026-07-13 13:53:00,749.5399780273438,749.6199951171875,749.219970703125,749.3098754882812,53245.0
2026-07-13 13:54:00,749.3099975585938,749.530029296875,749.260009765625,749.4600219726562,45446.0
2026-07-13 13:55:00,749.4650268554688,749.5499877929688,749.3599853515625,749.4299926757812,63814.0
2026-07-13 13:56:00,749.4400024414062,749.4400024414062,749.2100219726562,749.280029296875,40642.0
2026-07-13 13:57:00,749.27001953125,749.5,749.219970703125,749.3099975585938,56499.0
2026-07-13 13:58:00,749.2999877929688,749.3800048828125,749.22998046875,749.35498046875,25016.0
2026-07-13 13:59:00,749.3699951171875,749.3699951171875,749.2100219726562,749.2349853515625,43913.0
2026-07-13 14:00:00,749.260009765625,749.7999877929688,749.1900024414062,749.6500244140625,136842.0
2026-07-13 14:01:00,749.6300048828125,749.8300170898438,749.5599975585938,749.7000122070312,47182.0
2026-07-13 14:02:00,749.6500244140625,749.8699951171875,749.5999755859375,749.6400146484375,44424.0
2026-07-13 14:03:00,749.6500244140625,749.739990234375,749.5800170898438,749.7100219726562,39795.0
2026-07-13 14:04:00,749.75,749.8200073242188,749.6099853515625,749.6699829101562,28057.0
2026-07-13 14:05:00,749.6599731445312,750.1599731445312,749.6300048828125,750.0999755859375,70567.0
2026-07-13 14:06:00,750.0999755859375,750.2100219726562,749.9299926757812,750.030029296875,46746.0
2026-07-13 14:07:00,750.0390014648438,750.0390014648438,749.8599853515625,750.0,33371.0
2026-07-13 14:08:00,749.9849853515625,749.989990234375,749.8460083007812,749.8699951171875,79638.0
2026-07-13 14:09:00,749.85498046875,749.885009765625,749.5919799804688,749.6400146484375,87512.0
2026-07-13 14:10:00,749.6500244140625,749.655029296875,749.3300170898438,749.3300170898438,79217.0
2026-07-13 14:11:00,749.3300170898438,749.3800048828125,749.1300048828125,749.3499755859375,51683.0
2026-07-13 14:12:00,749.3400268554688,749.4295043945312,749.2899780273438,749.4099731445312,61183.0
2026-07-13 14:13:00,749.3900146484375,749.7100219726562,749.3900146484375,749.7100219726562,62529.0
2026-07-13 14:14:00,749.7059936523438,749.8099975585938,749.5800170898438,749.760009765625,64299.0
2026-07-13 14:15:00,749.75,749.8200073242188,749.530029296875,749.6199951171875,287966.0
2026-07-13 14:16:00,749.5999755859375,749.6500244140625,749.5,749.5,46956.0
2026-07-13 14:17:00,749.5,749.6099853515625,749.2899780273438,749.469970703125,88480.0
2026-07-13 14:18:00,749.4600219726562,749.47998046875,749.1959838867188,749.2100219726562,47054.0
2026-07-13 14:19:00,749.2000122070312,749.2349853515625,749.0399780273438,749.2100219726562,52885.0
2026-07-13 14:20:00,749.219970703125,749.280029296875,749.0499877929688,749.1799926757812,59296.0
2026-07-13 14:21:00,749.1699829101562,749.3411865234375,749.1699829101562,749.2899780273438,50076.0
2026-07-13 14:22:00,749.3099975585938,749.3800048828125,749.1300048828125,749.1400146484375,59163.0
2026-07-13 14:23:00,749.1599731445312,749.2949829101562,749.0999755859375,749.27001953125,42123.0
2026-07-13 14:24:00,749.3099975585938,749.5399780273438,749.1400146484375,749.5,89188.0
2026-07-13 14:25:00,749.5,749.5499877929688,749.1599731445312,749.4600219726562,160908.0
2026-07-13 14:26:00,749.4500122070312,749.5599975585938,749.3300170898438,749.3350219726562,70915.0
2026-07-13 14:27:00,749.3250122070312,749.4099731445312,749.3099975585938,749.3300170898438,61048.0
2026-07-13 14:28:00,749.3499755859375,749.510009765625,749.25,749.2919921875,83737.0
2026-07-13 14:29:00,749.280029296875,749.375,749.1799926757812,749.239990234375,64820.0
2026-07-13 14:30:00,749.239990234375,749.239990234375,748.97021484375,749.010009765625,96251.0
2026-07-13 14:31:00,749.010009765625,749.3699951171875,748.989990234375,749.3699951171875,77907.0
2026-07-13 14:32:00,749.375,749.5,749.2999877929688,749.3699951171875,115201.0
2026-07-13 14:33:00,749.3599853515625,749.530029296875,749.3200073242188,749.4500122070312,54389.0
2026-07-13 14:34:00,749.4500122070312,749.4500122070312,749.219970703125,749.219970703125,83965.0
2026-07-13 14:35:00,749.219970703125,749.52001953125,749.1900024414062,749.5,61760.0
2026-07-13 14:36:00,749.489990234375,749.5700073242188,749.3499755859375,749.47998046875,81235.0
2026-07-13 14:37:00,749.469970703125,749.6599731445312,749.4199829101562,749.625,71421.0
2026-07-13 14:38:00,749.6298828125,749.75,749.5999755859375,749.6699829101562,143047.0
2026-07-13 14:39:00,749.6599731445312,749.7100219726562,749.510009765625,749.6799926757812,76291.0
2026-07-13 14:40:00,749.6699829101562,749.8699951171875,749.5599975585938,749.8298950195312,43047.0
2026-07-13 14:41:00,749.8201293945312,749.8800048828125,749.72998046875,749.8499755859375,59828.0
2026-07-13 14:42:00,749.8200073242188,749.9199829101562,749.7999877929688,749.8699951171875,38830.0
2026-07-13 14:43:00,749.9000244140625,750.0399780273438,749.8150024414062,749.8400268554688,1065847.0
2026-07-13 14:44:00,749.8300170898438,749.8599853515625,749.739990234375,749.8499755859375,41972.0
2026-07-13 14:45:00,749.8499755859375,749.9199829101562,749.6699829101562,749.7000122070312,104414.0
2026-07-13 14:46:00,749.7000122070312,749.8300170898438,749.614990234375,749.6500244140625,349883.0
2026-07-13 14:47:00,749.6799926757812,749.7550048828125,749.602294921875,749.6199951171875,66186.0
2026-07-13 14:48:00,749.6500244140625,749.6849975585938,749.510009765625,749.5499877929688,115295.0
2026-07-13 14:49:00,749.5399780273438,749.8099975585938,749.5399780273438,749.760009765625,80511.0
2026-07-13 14:50:00,749.75,749.7949829101562,749.5250244140625,749.6870727539062,75996.0
2026-07-13 14:51:00,749.6900024414062,749.9500122070312,749.6599731445312,749.8250122070312,50013.0
2026-07-13 14:52:00,749.8200073242188,749.989990234375,749.8200073242188,749.9000244140625,73496.0
2026-07-13 14:53:00,749.9099731445312,749.9400024414062,749.77001953125,749.9099731445312,33466.0
2026-07-13 14:54:00,749.9099731445312,750.0700073242188,749.7899780273438,749.7899780273438,44505.0
2026-07-13 14:55:00,749.780029296875,749.9099731445312,749.7000122070312,749.7100219726562,55780.0
2026-07-13 14:56:00,749.7000122070312,749.8930053710938,749.6901245117188,749.8300170898438,89942.0
2026-07-13 14:57:00,749.8599853515625,749.8599853515625,749.7100219726562,749.8300170898438,58507.0
2026-07-13 14:58:00,749.8099975585938,749.8599853515625,749.510009765625,749.530029296875,56663.0
2026-07-13 14:59:00,749.530029296875,749.6099853515625,749.4600219726562,749.5599975585938,101900.0
2026-07-13 15:00:00,749.5800170898438,749.6400146484375,749.1799926757812,749.3099975585938,66973.0
2026-07-13 15:01:00,749.3099975585938,749.6461181640625,749.2999877929688,749.6300048828125,83895.0
2026-07-13 15:02:00,749.6400146484375,749.8200073242188,749.6099853515625,749.77001953125,51046.0
2026-07-13 15:03:00,749.780029296875,749.9000244140625,749.7100219726562,749.719970703125,45913.0
2026-07-13 15:04:00,749.72998046875,749.8499755859375,749.7000122070312,749.8499755859375,77219.0
2026-07-13 15:05:00,749.8599853515625,749.9000244140625,749.77001953125,749.8599853515625,43451.0
2026-07-13 15:06:00,749.8350219726562,749.969970703125,749.6555786132812,749.6599731445312,72397.0
2026-07-13 15:07:00,749.6599731445312,749.7100219726562,749.5499877929688,749.5999755859375,46689.0
2026-07-13 15:08:00,749.5900268554688,749.75,749.5499877929688,749.6799926757812,72453.0
2026-07-13 15:09:00,749.6699829101562,749.6950073242188,749.5,749.510009765625,34791.0
2026-07-13 15:10:00,749.5,749.530029296875,749.239990234375,749.3170776367188,52402.0
2026-07-13 15:11:00,749.2999877929688,749.3099975585938,749.1699829101562,749.219970703125,65907.0
2026-07-13 15:12:00,749.219970703125,749.27001953125,749.1599731445312,749.1749877929688,95018.0
2026-07-13 15:13:00,749.1799926757812,749.2999877929688,749.0999755859375,749.239990234375,107328.0
2026-07-13 15:14:00,749.25,749.4099731445312,749.1599731445312,749.2899780273438,110957.0
2026-07-13 15:15:00,749.2899780273438,749.2899780273438,749.1300048828125,749.2000122070312,118252.0
2026-07-13 15:16:00,749.2100219726562,749.3300170898438,749.1599731445312,749.1900024414062,73934.0
2026-07-13 15:17:00,749.1950073242188,749.3499755859375,749.1699829101562,749.2899780273438,81959.0
2026-07-13 15:18:00,749.2949829101562,749.3400268554688,749.1799926757812,749.2999877929688,227311.0
2026-07-13 15:19:00,749.3099975585938,749.4400024414062,749.239990234375,749.2550048828125,356228.0
2026-07-13 15:20:00,749.260009765625,749.2999877929688,749.0599975585938,749.2050170898438,95744.0
2026-07-13 15:21:00,749.1900024414062,749.260009765625,749.1199951171875,749.1500244140625,63812.0
2026-07-13 15:22:00,749.1799926757812,749.1799926757812,748.9199829101562,749.0499877929688,130333.0
2026-07-13 15:23:00,749.0800170898438,749.1900024414062,748.7000122070312,748.8599853515625,191254.0
2026-07-13 15:24:00,748.8800048828125,748.969970703125,748.7899780273438,748.9149780273438,109589.0
2026-07-13 15:25:00,748.9099731445312,748.9600219726562,748.6851196289062,748.7747802734375,141036.0
2026-07-13 15:26:00,748.7899780273438,748.8200073242188,748.6900024414062,748.75,91376.0
2026-07-13 15:28:00,748.5800170898438,748.5800170898438,748.5700073242188,748.5700073242188,312444.0
2026-07-13 15:29:00,748.5700073242188,748.5900268554688,748.1699829101562,748.3800048828125,227205.0
2026-07-13 15:30:00,748.3900146484375,748.6400146484375,748.3099975585938,748.52001953125,242937.0
2026-07-13 15:31:00,748.510009765625,748.708984375,748.4299926757812,748.5999755859375,150235.0
2026-07-13 15:32:00,748.6099853515625,748.8400268554688,748.5700073242188,748.72998046875,150016.0
2026-07-13 15:33:00,748.739990234375,748.9000244140625,748.489990234375,748.6749877929688,147626.0
2026-07-13 15:34:00,748.6699829101562,748.7100219726562,748.510009765625,748.655029296875,119153.0
2026-07-13 15:35:00,748.6500244140625,748.6500244140625,748.280029296875,748.3900146484375,111984.0
2026-07-13 15:36:00,748.4000244140625,748.4099731445312,748.1500244140625,748.2899780273438,173062.0
2026-07-13 15:37:00,748.2899780273438,748.4000244140625,748.1799926757812,748.3400268554688,94870.0
2026-07-13 15:38:00,748.3400268554688,748.4099731445312,748.0,748.1599731445312,163393.0
2026-07-13 15:39:00,748.15478515625,748.280029296875,748.1199951171875,748.260009765625,100324.0
2026-07-13 15:40:00,748.27001953125,748.52001953125,748.1749877929688,748.4849853515625,102677.0
2026-07-13 15:41:00,748.47998046875,748.5250244140625,748.3800048828125,748.489990234375,130811.0
2026-07-13 15:42:00,748.5,748.6799926757812,748.469970703125,748.6699829101562,117874.0
2026-07-13 15:43:00,748.6900024414062,748.9199829101562,748.6699829101562,748.8900146484375,130302.0
2026-07-13 15:44:00,748.8900146484375,749.0,748.8099975585938,748.9400024414062,318194.0
2026-07-13 15:45:00,748.9400024414062,749.0499877929688,748.6099853515625,748.7449951171875,576560.0
2026-07-13 15:46:00,748.739990234375,748.760009765625,748.6099853515625,748.6500244140625,247360.0
2026-07-13 15:47:00,748.6500244140625,748.719970703125,748.5700073242188,748.6699829101562,394847.0
2026-07-13 15:48:00,748.6699829101562,748.8900146484375,748.6699829101562,748.8699951171875,100516.0
2026-07-13 15:49:00,748.8699951171875,748.969970703125,748.8499755859375,748.8800048828125,177042.0
2026-07-13 15:50:00,748.8900146484375,749.27001953125,748.8699951171875,749.2000122070312,475970.0
2026-07-13 15:51:00,749.2000122070312,749.4000244140625,749.0999755859375,749.3400268554688,300645.0
2026-07-13 15:52:00,749.3699951171875,749.4199829101562,749.25,749.405029296875,400075.0
2026-07-13 15:53:00,749.39501953125,749.4500122070312,749.1599731445312,749.27001953125,455750.0
2026-07-13 15:54:00,749.280029296875,749.4099731445312,748.969970703125,749.030029296875,495719.0
2026-07-13 15:55:00,749.0599975585938,749.3900146484375,748.989990234375,749.375,501200.0
2026-07-13 15:56:00,749.364990234375,749.3800048828125,749.1699829101562,749.3699951171875,459833.0
2026-07-13 15:57:00,749.3699951171875,749.5050048828125,749.3599853515625,749.469970703125,620752.0
2026-07-13 15:58:00,749.4600219726562,749.5900268554688,749.3599853515625,749.5900268554688,898921.0
2026-07-13 15:59:00,749.5900268554688,749.6099853515625,748.9299926757812,749.0999755859375,1039644.0
2026-07-14 09:30:00,750.9099731445312,751.0399780273438,750.0999755859375,750.60498046875,2445267.0
2026-07-14 09:31:00,750.5900268554688,750.8599853515625,749.8599853515625,750.0,192655.0
2026-07-14 09:32:00,750.02001953125,750.3900146484375,749.75,749.7750244140625,153763.0
2026-07-14 09:33:00,749.7650146484375,749.9299926757812,749.5700073242188,749.8599853515625,186528.0
2026-07-14 09:34:00,749.864990234375,749.9400024414062,749.5443115234375,749.6400146484375,104176.0
2026-07-14 09:35:00,749.6799926757812,749.9099731445312,749.4400024414062,749.6099853515625,91601.0
2026-07-14 09:36:00,749.6099853515625,750.0819702148438,749.5499877929688,749.9705200195312,118494.0
2026-07-14 09:37:00,749.989990234375,750.739990234375,749.9000244140625,750.5693969726562,167995.0
2026-07-14 09:38:00,750.5900268554688,751.2100219726562,750.4600219726562,751.1500244140625,194746.0
2026-07-14 09:39:00,751.1300048828125,751.3599853515625,751.0009765625,751.1699829101562,174138.0
2026-07-14 09:40:00,751.1799926757812,751.22998046875,750.7999877929688,751.030029296875,97000.0
2026-07-14 09:41:00,751.02001953125,751.2899780273438,750.8204956054688,751.2100219726562,91398.0
2026-07-14 09:42:00,751.2000122070312,751.52001953125,750.6699829101562,750.8300170898438,117153.0
2026-07-14 09:43:00,750.8499755859375,751.1849975585938,750.5700073242188,751.0800170898438,80981.0
2026-07-14 09:44:00,751.1199951171875,751.3900146484375,751.0399780273438,751.3099975585938,59886.0
2026-07-14 09:45:00,751.3049926757812,751.7899780273438,751.2000122070312,751.6699829101562,104002.0
2026-07-14 09:46:00,751.6900024414062,751.7550048828125,751.1599731445312,751.2999877929688,123417.0
2026-07-14 09:47:00,751.2999877929688,751.3699951171875,750.5800170898438,750.8499755859375,193294.0
2026-07-14 09:48:00,750.8300170898438,751.1500244140625,750.739990234375,750.8099975585938,49602.0
2026-07-14 09:49:00,750.8699951171875,751.030029296875,750.75,750.989990234375,49064.0
2026-07-14 09:50:00,750.969970703125,751.3499755859375,750.8800048828125,751.0399780273438,76404.0
2026-07-14 09:51:00,751.0399780273438,751.3499755859375,751.0,751.159912109375,120169.0
2026-07-14 09:52:00,751.1599731445312,751.27001953125,750.6300048828125,750.7200927734375,117797.0
2026-07-14 09:53:00,750.75,751.3200073242188,750.6900024414062,751.3099975585938,122684.0
2026-07-14 09:54:00,751.3200073242188,751.5999755859375,751.0900268554688,751.0900268554688,69481.0
2026-07-14 09:55:00,751.1099853515625,751.260009765625,750.719970703125,750.7849731445312,101679.0
2026-07-14 09:56:00,750.7899780273438,751.1699829101562,750.7899780273438,751.0599975585938,99874.0
2026-07-14 09:57:00,751.0349731445312,751.4000244140625,750.9749755859375,751.3599853515625,64938.0
2026-07-14 09:58:00,751.3599853515625,751.5700073242188,751.2999877929688,751.3107299804688,85013.0
2026-07-14 09:59:00,751.3250122070312,751.5599975585938,751.260009765625,751.3099975585938,31065.0
2026-07-14 10:00:00,751.3200073242188,751.47998046875,751.02001953125,751.1099243164062,67798.0
2026-07-14 10:01:00,751.0850219726562,751.0999755859375,750.6749877929688,750.760009765625,109785.0
2026-07-14 10:02:00,750.739990234375,750.75,750.3599853515625,750.5150146484375,100162.0
2026-07-14 10:03:00,750.510009765625,750.9600219726562,750.2100219726562,750.7899780273438,84572.0
2026-07-14 10:04:00,750.7899780273438,750.9249877929688,750.4249877929688,750.4400024414062,82308.0
2026-07-14 10:05:00,750.4400024414062,750.4500122070312,749.939697265625,750.3200073242188,98955.0
2026-07-14 10:06:00,750.3200073242188,750.530029296875,750.1199951171875,750.4650268554688,65387.0
2026-07-14 10:07:00,750.4600219726562,750.6900024414062,750.25,750.4749755859375,85734.0
2026-07-14 10:08:00,750.4500122070312,750.6160278320312,750.1300048828125,750.2999877929688,54869.0
2026-07-14 10:09:00,750.27001953125,750.2999877929688,749.8800048828125,750.239501953125,77726.0
2026-07-14 10:10:00,750.219970703125,750.489990234375,749.8499755859375,749.9199829101562,77371.0
2026-07-14 10:11:00,749.9400024414062,750.0499877929688,749.7799072265625,749.9600219726562,69563.0
2026-07-14 10:12:00,749.9199829101562,750.3699951171875,749.8699951171875,750.1799926757812,108458.0
2026-07-14 10:13:00,750.1799926757812,750.3699951171875,749.9099731445312,750.0700073242188,81820.0
2026-07-14 10:14:00,750.0609741210938,750.47998046875,749.8300170898438,750.4299926757812,62801.0
2026-07-14 10:15:00,750.4199829101562,750.4199829101562,749.5,749.5250244140625,111709.0
2026-07-14 10:16:00,749.52001953125,749.52001953125,748.6599731445312,749.1900024414062,205424.0
2026-07-14 10:17:00,749.2000122070312,749.3599853515625,749.0599975585938,749.2279052734375,81994.0
2026-07-14 10:18:00,749.1799926757812,749.52001953125,749.0305786132812,749.4392700195312,70606.0
2026-07-14 10:19:00,749.3499755859375,750.010009765625,749.3499755859375,749.85498046875,85249.0
2026-07-14 10:20:00,749.8483276367188,750.3800048828125,749.780029296875,750.2899780273438,78570.0
2026-07-14 10:21:00,750.2999877929688,750.39501953125,750.0700073242188,750.3599853515625,73003.0
2026-07-14 10:22:00,750.4000244140625,750.8800048828125,750.3499755859375,750.7999877929688,108483.0
2026-07-14 10:23:00,750.780029296875,750.8099975585938,750.22998046875,750.3599853515625,77600.0
2026-07-14 10:24:00,750.3599853515625,750.6199951171875,750.0800170898438,750.1300048828125,53764.0
2026-07-14 10:25:00,750.1099853515625,750.3699951171875,749.9600219726562,750.2899780273438,91505.0
2026-07-14 10:26:00,750.2999877929688,751.2999877929688,750.0800170898438,750.72998046875,141080.0
2026-07-14 10:27:00,750.6900024414062,750.760009765625,750.3200073242188,750.4600219726562,48502.0
2026-07-14 10:28:00,750.4099731445312,750.5399780273438,750.2406005859375,750.3900146484375,50960.0
2026-07-14 10:29:00,750.3599853515625,750.7800903320312,750.1599731445312,750.7100219726562,44174.0
2026-07-14 10:30:00,750.7100219726562,750.9400024414062,750.5399780273438,750.6300048828125,115670.0
2026-07-14 10:31:00,750.635009765625,750.7999877929688,750.47998046875,750.764404296875,30879.0
2026-07-14 10:32:00,750.780029296875,751.4099731445312,750.719970703125,751.3699951171875,83548.0
2026-07-14 10:33:00,751.3800048828125,751.5900268554688,751.2700805664062,751.4400024414062,46940.0
2026-07-14 10:34:00,751.4400024414062,753.3099975585938,751.4199829101562,752.02001953125,776144.0
2026-07-14 10:35:00,752.0399780273438,752.1500244140625,751.6799926757812,751.9099731445312,132851.0
2026-07-14 10:36:00,751.9000244140625,752.1300048828125,751.77001953125,751.9199829101562,153162.0
2026-07-14 10:37:00,751.9199829101562,751.989990234375,751.5999755859375,751.7100219726562,93333.0
2026-07-14 10:38:00,751.7349853515625,751.9600219726562,751.5399780273438,751.9088134765625,82809.0
2026-07-14 10:39:00,751.9400024414062,752.010009765625,751.75,751.9299926757812,41101.0
2026-07-14 10:40:00,751.9099731445312,752.2849731445312,751.8699951171875,752.219970703125,72106.0
2026-07-14 10:41:00,752.1749877929688,752.1749877929688,751.7899780273438,751.8599853515625,44028.0
2026-07-14 10:42:00,751.8699951171875,752.1199951171875,751.6199951171875,751.6199951171875,52952.0
2026-07-14 10:43:00,751.5999755859375,751.6799926757812,751.1300048828125,751.260009765625,68106.0
2026-07-14 10:44:00,751.2100219726562,751.3547973632812,750.9600219726562,751.094970703125,64528.0
2026-07-14 10:45:00,751.1099243164062,751.4500122070312,751.0,751.3499755859375,76569.0
2026-07-14 10:46:00,751.3599853515625,751.4600219726562,750.8099975585938,750.9099731445312,70355.0
2026-07-14 10:47:00,750.91552734375,751.0800170898438,750.780029296875,750.969970703125,50910.0
2026-07-14 10:48:00,751.0050048828125,751.219970703125,750.8499755859375,751.2000122070312,34622.0
2026-07-14 10:49:00,751.219970703125,751.219970703125,750.77001953125,750.8900146484375,52796.0
2026-07-14 10:50:00,750.8599853515625,750.8795776367188,750.469970703125,750.8200073242188,74942.0
2026-07-14 10:51:00,750.7999877929688,751.25,750.64501953125,751.22998046875,39111.0
2026-07-14 10:52:00,751.25,751.3499755859375,751.0701293945312,751.3499755859375,56550.0
2026-07-14 10:53:00,751.3499755859375,751.3499755859375,751.0900268554688,751.2449951171875,31284.0
2026-07-14 10:54:00,751.25,751.594970703125,751.2000122070312,751.5900268554688,29159.0
2026-07-14 10:55:00,751.6099853515625,751.781005859375,751.510009765625,751.6824951171875,51877.0
2026-07-14 10:56:00,751.6799926757812,751.7899780273438,751.5499877929688,751.5900268554688,31056.0
2026-07-14 10:57:00,751.6099853515625,751.8599853515625,751.5599975585938,751.7999877929688,38690.0
2026-07-14 10:58:00,751.8300170898438,751.9600219726562,751.72998046875,751.77001953125,55977.0
2026-07-14 10:59:00,751.7449951171875,751.8400268554688,751.6699829101562,751.7100219726562,94776.0
2026-07-14 11:00:00,751.7100219726562,752.0399780273438,751.6599731445312,751.698974609375,94757.0
2026-07-14 11:01:00,751.6849975585938,751.77001953125,751.489990234375,751.530029296875,74720.0
2026-07-14 11:02:00,751.5399780273438,751.6599731445312,751.3900146484375,751.52001953125,50615.0
2026-07-14 11:03:00,751.489990234375,751.5599975585938,751.3599853515625,751.4400024414062,39985.0
2026-07-14 11:04:00,751.4400024414062,753.0700073242188,751.280029296875,752.3200073242188,396284.0
2026-07-14 11:05:00,752.3300170898438,752.4199829101562,752.1400146484375,752.3800048828125,102876.0
2026-07-14 11:06:00,752.4099731445312,752.7000122070312,752.3300170898438,752.510009765625,78395.0
2026-07-14 11:07:00,752.510009765625,752.7000122070312,752.3599853515625,752.5650024414062,66894.0
2026-07-14 11:08:00,752.5800170898438,753.02001953125,752.530029296875,752.968994140625,121850.0
2026-07-14 11:09:00,752.9550170898438,753.0499877929688,752.7100219726562,752.77001953125,203473.0
2026-07-14 11:10:00,752.7999877929688,753.0,752.6799926757812,752.6900024414062,70075.0
2026-07-14 11:11:00,752.6799926757812,752.8499755859375,752.469970703125,752.489990234375,75338.0
2026-07-14 11:12:00,752.489990234375,752.6500244140625,752.3599853515625,752.5599975585938,39410.0
2026-07-14 11:13:00,752.5750122070312,752.6749877929688,752.52001953125,752.625,45222.0
2026-07-14 11:14:00,752.625,752.625,752.47998046875,752.5499877929688,33561.0
2026-07-14 11:15:00,752.5900268554688,752.64501953125,752.5,752.530029296875,25025.0
2026-07-14 11:16:00,752.530029296875,752.5399780273438,752.2301025390625,752.3300170898438,40569.0
2026-07-14 11:17:00,752.3200073242188,752.3499755859375,752.0900268554688,752.1500244140625,79447.0
2026-07-14 11:18:00,752.1500244140625,752.1699829101562,751.9000244140625,751.9094848632812,79960.0
2026-07-14 11:19:00,751.9000244140625,752.068115234375,751.72998046875,751.9500122070312,64093.0
2026-07-14 11:20:00,751.9400024414062,752.0399780273438,751.6500244140625,752.02001953125,42869.0
2026-07-14 11:21:00,752.02001953125,752.3250122070312,751.989990234375,752.2349853515625,37235.0
2026-07-14 11:22:00,752.22998046875,752.2899780273438,752.0599975585938,752.1300048828125,45321.0
2026-07-14 11:23:00,752.1799926757812,752.3599853515625,752.1199951171875,752.3200073242188,40601.0
2026-07-14 11:24:00,752.3200073242188,752.530029296875,752.2910766601562,752.52001953125,40940.0
2026-07-14 11:25:00,752.52001953125,752.5798950195312,752.2999877929688,752.3499755859375,50602.0
2026-07-14 11:26:00,752.3499755859375,752.6170043945312,752.3400268554688,752.5349731445312,33987.0
2026-07-14 11:27:00,752.530029296875,752.5399169921875,752.3599853515625,752.4600219726562,52613.0
2026-07-14 11:28:00,752.4686889648438,752.6900024414062,752.4686889648438,752.5800170898438,41397.0
2026-07-14 11:29:00,752.6099853515625,752.7100219726562,752.5800170898438,752.6599731445312,40783.0
2026-07-14 11:30:00,752.6400146484375,752.9000244140625,752.6201171875,752.7449951171875,161722.0
2026-07-14 11:31:00,752.7449951171875,752.760009765625,752.469970703125,752.64501953125,71839.0
2026-07-14 11:32:00,752.6599731445312,752.6699829101562,752.3499755859375,752.3787231445312,62000.0
2026-07-14 11:33:00,752.3499755859375,752.3499755859375,751.9907836914062,752.0,63416.0
2026-07-14 11:34:00,752.0,752.1199951171875,751.8499755859375,751.97998046875,68167.0
2026-07-14 11:35:00,751.969970703125,752.0449829101562,751.530029296875,751.780029296875,71195.0
2026-07-14 11:36:00,751.77001953125,751.8900146484375,751.5900268554688,751.72998046875,55446.0
2026-07-14 11:37:00,751.739990234375,751.9199829101562,751.6729125976562,751.85498046875,31160.0
2026-07-14 11:38:00,751.8800048828125,752.0211181640625,751.8499755859375,751.9401245117188,33151.0
2026-07-14 11:39:00,751.9400024414062,751.9400024414062,751.780029296875,751.8599853515625,22460.0
2026-07-14 11:40:00,751.8499755859375,751.8499755859375,751.3699951171875,751.489990234375,42380.0
2026-07-14 11:41:00,751.489990234375,751.530029296875,751.010009765625,751.2420043945312,102262.0
2026-07-14 11:42:00,751.260009765625,751.260009765625,750.760009765625,751.0599975585938,88182.0
2026-07-14 11:43:00,751.0900268554688,751.1699829101562,750.9000244140625,751.1599731445312,45199.0
2026-07-14 11:44:00,751.1749877929688,751.64501953125,751.1749877929688,751.5599975585938,561240.0
2026-07-14 11:45:00,751.5599975585938,751.7869873046875,751.5599975585938,751.6300048828125,64918.0
2026-07-14 11:46:00,751.6400146484375,751.6699829101562,751.530029296875,751.5700073242188,25606.0
2026-07-14 11:47:00,751.5800170898438,751.9400024414062,751.5701293945312,751.9000244140625,31625.0
2026-07-14 11:48:00,751.8800048828125,751.9500122070312,751.719970703125,751.8599853515625,40900.0
2026-07-14 11:49:00,751.8699951171875,751.9500122070312,751.5599975585938,751.6300048828125,32815.0
2026-07-14 11:50:00,751.5900268554688,751.6699829101562,751.25,751.3599853515625,54228.0
2026-07-14 11:51:00,751.3300170898438,751.3699951171875,751.0549926757812,751.0999755859375,37771.0
2026-07-14 11:52:00,751.1199951171875,751.1699829101562,750.9299926757812,751.030029296875,44731.0
2026-07-14 11:53:00,751.0549926757812,751.3200073242188,751.010009765625,751.25,41236.0
2026-07-14 11:54:00,751.25,751.2899780273438,750.9099731445312,751.0,49192.0
2026-07-14 11:55:00,751.010009765625,751.0700073242188,750.8099975585938,750.9249877929688,47487.0
2026-07-14 11:56:00,750.9249877929688,751.1699829101562,750.9249877929688,751.0700073242188,36414.0
2026-07-14 11:57:00,751.0700073242188,751.1199951171875,750.6199951171875,750.7550048828125,45402.0
2026-07-14 11:58:00,750.739990234375,750.9099731445312,750.6699829101562,750.7100219726562,32479.0
2026-07-14 11:59:00,750.72998046875,751.0150146484375,750.6699829101562,750.97998046875,39417.0
2026-07-14 12:00:00,750.989990234375,751.0499877929688,750.4199829101562,750.4199829101562,92950.0
2026-07-14 12:01:00,750.4199829101562,750.6400146484375,750.2899780273438,750.3499145507812,52663.0
2026-07-14 12:02:00,750.3499755859375,750.40771484375,750.1799926757812,750.2999877929688,82283.0
2026-07-14 12:03:00,750.280029296875,750.3800048828125,750.0,750.0999755859375,49469.0
2026-07-14 12:04:00,750.0900268554688,750.3392944335938,750.0599975585938,750.3200073242188,46931.0
2026-07-14 12:05:00,750.3400268554688,750.489990234375,750.27001953125,750.3099975585938,38353.0
2026-07-14 12:06:00,750.2999877929688,750.4500122070312,750.1500244140625,750.4500122070312,41225.0
2026-07-14 12:07:00,750.4550170898438,750.47998046875,750.02001953125,750.2100219726562,85349.0
2026-07-14 12:08:00,750.2100219726562,750.5,750.1799926757812,750.5,40922.0
2026-07-14 12:09:00,750.47998046875,750.7000122070312,750.4299926757812,750.4500122070312,65378.0
2026-07-14 12:10:00,750.4600219726562,750.5599975585938,750.1199951171875,750.1599731445312,58960.0
2026-07-14 12:11:00,750.1599731445312,750.4099731445312,750.02001953125,750.3699951171875,77475.0
2026-07-14 12:12:00,750.3800048828125,750.4299926757812,750.1900024414062,750.3099975585938,58488.0
2026-07-14 12:13:00,750.2999877929688,750.6199951171875,750.219970703125,750.52001953125,64447.0
2026-07-14 12:14:00,750.510009765625,750.72998046875,750.4600219726562,750.5399780273438,104492.0
2026-07-14 12:15:00,750.530029296875,750.7100219726562,750.02001953125,750.2100219726562,68997.0
2026-07-14 12:16:00,750.1900024414062,750.3499755859375,750.0999755859375,750.2899780273438,16429.0
2026-07-14 12:17:00,750.2899780273438,750.3800048828125,750.1099853515625,750.25,24482.0
2026-07-14 12:18:00,750.239990234375,750.3699951171875,750.22998046875,750.35009765625,20847.0
2026-07-14 12:19:00,750.3200073242188,750.4299926757812,750.1099853515625,750.4299926757812,56296.0
2026-07-14 12:20:00,750.4299926757812,750.5612182617188,750.3300170898438,750.3300170898438,79731.0
2026-07-14 12:21:00,750.4000244140625,750.4099731445312,750.1500244140625,750.280029296875,31606.0
2026-07-14 12:22:00,750.2899780273438,750.4000244140625,750.1199951171875,750.1900024414062,66998.0
2026-07-14 12:23:00,750.1900024414062,750.3200073242188,750.0,750.1099853515625,39215.0
2026-07-14 12:24:00,750.1199951171875,750.3800048828125,750.0999755859375,750.3300170898438,31443.0
2026-07-14 12:25:00,750.3499755859375,750.4600219726562,750.239990234375,750.4299926757812,37096.0
2026-07-14 12:26:00,750.3800048828125,750.5,750.3400268554688,750.4299926757812,51507.0
2026-07-14 12:27:00,750.4299926757812,750.8599853515625,750.4299926757812,750.7899780273438,59230.0
2026-07-14 12:28:00,750.7800903320312,750.8400268554688,750.6699829101562,750.77001953125,101999.0
2026-07-14 12:29:00,750.739990234375,750.9099731445312,750.739990234375,750.780029296875,77916.0
2026-07-14 12:30:00,750.780029296875,750.9400024414062,750.719970703125,750.8800048828125,57615.0
2026-07-14 12:31:00,750.9000244140625,751.0399780273438,750.8599853515625,750.9907836914062,25584.0
2026-07-14 12:32:00,750.989990234375,751.1099853515625,750.7899780273438,750.7899780273438,42723.0
2026-07-14 12:33:00,750.7999877929688,750.8400268554688,750.6199951171875,750.8300170898438,55798.0
2026-07-14 12:34:00,750.8300170898438,751.0700073242188,750.72998046875,751.0599975585938,34026.0
2026-07-14 12:35:00,751.0499877929688,751.22998046875,751.030029296875,751.1099853515625,60982.0
2026-07-14 12:36:00,751.1300048828125,751.3300170898438,751.1099853515625,751.2150268554688,65250.0
2026-07-14 12:37:00,751.1799926757812,751.2025146484375,751.0700073242188,751.0700073242188,54030.0
2026-07-14 12:38:00,751.0599975585938,751.3200073242188,750.9506225585938,751.2650146484375,43372.0
2026-07-14 12:39:00,751.2650146484375,751.27001953125,751.2000122070312,751.2349853515625,22784.0
2026-07-14 12:40:00,751.2138061523438,751.39892578125,751.0700073242188,751.3699951171875,95367.0
2026-07-14 12:41:00,751.3699951171875,751.5700073242188,751.3499755859375,751.510009765625,49168.0
2026-07-14 12:42:00,751.530029296875,751.7000122070312,751.4199829101562,751.6500244140625,54470.0
2026-07-14 12:43:00,751.6500244140625,751.739990234375,751.6099853515625,751.6799926757812,39571.0
2026-07-14 12:44:00,751.6799926757812,751.7000122070312,751.4299926757812,751.4650268554688,34450.0
2026-07-14 12:45:00,751.4600219726562,751.739990234375,751.4000244140625,751.4099731445312,48421.0
2026-07-14 12:46:00,751.39501953125,751.4149780273438,751.1300048828125,751.2064208984375,61144.0
2026-07-14 12:47:00,751.1900024414062,751.3142700195312,751.1599731445312,751.1900024414062,29697.0
2026-07-14 12:48:00,751.1799926757812,751.1900024414062,750.9600219726562,751.0800170898438,30867.0
2026-07-14 12:49:00,751.0999755859375,751.4000244140625,751.0800170898438,751.4000244140625,22315.0
2026-07-14 12:50:00,751.3900146484375,751.4400024414062,751.3300170898438,751.375,21264.0
2026-07-14 12:51:00,751.3800048828125,751.5,751.280029296875,751.489990234375,29472.0
2026-07-14 12:52:00,751.4600219726562,751.5399169921875,751.3900146484375,751.530029296875,33039.0
2026-07-14 12:53:00,751.5299072265625,751.6599731445312,751.5299072265625,751.5999755859375,20389.0
2026-07-14 12:54:00,751.5650024414062,751.5999755859375,751.4400024414062,751.4758911132812,19672.0
2026-07-14 12:55:00,751.47998046875,751.6500244140625,751.47998046875,751.5999755859375,20753.0
2026-07-14 12:56:00,751.5999755859375,751.6799926757812,751.5700073242188,751.6300048828125,26986.0
2026-07-14 12:57:00,751.635009765625,751.6400146484375,751.4400024414062,751.5599975585938,28706.0
2026-07-14 12:58:00,751.5800170898438,751.6799926757812,751.4600219726562,751.6699829101562,22664.0
2026-07-14 12:59:00,751.6699829101562,751.8499755859375,751.6400146484375,751.8499755859375,37513.0
2026-07-14 13:00:00,751.8699951171875,752.0,751.723876953125,751.9600219726562,36421.0
2026-07-14 13:01:00,751.9500122070312,752.0399780273438,751.9400024414062,752.0399780273438,80791.0
2026-07-14 13:02:00,752.0349731445312,752.0499877929688,751.9199829101562,752.010009765625,36494.0
2026-07-14 13:03:00,752.0,752.030029296875,751.8499755859375,751.8599853515625,47237.0
2026-07-14 13:04:00,751.8599853515625,751.9099731445312,751.6500244140625,751.7150268554688,40914.0
2026-07-14 13:05:00,751.719970703125,751.7999877929688,751.6500244140625,751.739990234375,31867.0
2026-07-14 13:06:00,751.7349853515625,751.8200073242188,751.5599975585938,751.780029296875,37551.0
2026-07-14 13:07:00,751.780029296875,751.8591918945312,751.77001953125,751.8400268554688,20653.0
2026-07-14 13:08:00,751.8200073242188,751.9400024414062,751.8200073242188,751.9299926757812,17684.0
2026-07-14 13:09:00,751.9199829101562,752.2000122070312,751.9199829101562,752.119873046875,33606.0
2026-07-14 13:10:00,752.0999755859375,752.1900024414062,752.02001953125,752.1799926757812,120818.0
2026-07-14 13:11:00,752.1699829101562,752.2100219726562,752.0900268554688,752.1475219726562,25849.0
2026-07-14 13:12:00,752.1400146484375,752.2100219726562,752.02001953125,752.1500244140625,26716.0
2026-07-14 13:13:00,752.1500244140625,752.1699829101562,752.02001953125,752.02001953125,39866.0
2026-07-14 13:14:00,752.02001953125,752.030029296875,751.8099975585938,751.8099975585938,47557.0
2026-07-14 13:15:00,751.8099975585938,751.9099731445312,751.5,751.74951171875,87943.0
2026-07-14 13:16:00,751.739990234375,751.8599853515625,751.7100219726562,751.8300170898438,42512.0
2026-07-14 13:17:00,751.8300170898438,751.8400268554688,751.6799926757812,751.739990234375,38187.0
2026-07-14 13:18:00,751.72998046875,751.9600219726562,751.72998046875,751.9199829101562,24996.0
2026-07-14 13:19:00,751.9199829101562,752.1300048828125,751.8800048828125,752.0700073242188,29549.0
2026-07-14 13:20:00,752.0850219726562,752.2100219726562,752.0850219726562,752.1500244140625,28268.0
2026-07-14 13:21:00,752.155029296875,752.2999877929688,752.1400146484375,752.2999877929688,31201.0
2026-07-14 13:22:00,752.3099975585938,752.3800048828125,752.260009765625,752.3800048828125,35064.0
2026-07-14 13:23:00,752.3699951171875,752.4957885742188,752.3599853515625,752.47998046875,44539.0
2026-07-14 13:24:00,752.489990234375,752.6099853515625,752.3599853515625,752.4299926757812,66559.0
2026-07-14 13:25:00,752.4400024414062,752.5599975585938,752.4000244140625,752.4199829101562,29630.0
2026-07-14 13:26:00,752.4299926757812,752.5,752.4000244140625,752.5,24692.0
2026-07-14 13:27:00,752.5,752.5399780273438,752.280029296875,752.4000244140625,25188.0
2026-07-14 13:28:00,752.4000244140625,752.4299926757812,752.2700805664062,752.3800048828125,37496.0
2026-07-14 13:29:00,752.3800048828125,752.3900146484375,752.239990234375,752.2999877929688,26515.0
2026-07-14 13:30:00,752.3200073242188,752.4400024414062,752.3200073242188,752.385009765625,24678.0
2026-07-14 13:31:00,752.4099731445312,752.489990234375,752.3499755859375,752.4600219726562,30375.0
2026-07-14 13:32:00,752.4450073242188,752.4500122070312,752.1699829101562,752.1799926757812,30380.0
2026-07-14 13:33:00,752.1900024414062,752.27001953125,752.0999755859375,752.0999755859375,25316.0
2026-07-14 13:34:00,752.1199951171875,752.1627197265625,752.0,752.010009765625,27071.0
2026-07-14 13:35:00,752.0050048828125,752.02001953125,751.7999877929688,751.8989868164062,56257.0
2026-07-14 13:36:00,751.9099731445312,751.9949951171875,751.8400268554688,751.8699951171875,31396.0
2026-07-14 13:37:00,751.8699951171875,752.0899047851562,751.8504028320312,752.0899047851562,29559.0
2026-07-14 13:38:00,752.0900268554688,752.115478515625,751.989990234375,752.0,22414.0
2026-07-14 13:39:00,751.989990234375,752.1300048828125,751.989990234375,752.1201171875,24904.0
2026-07-14 13:40:00,752.135009765625,752.1900024414062,752.0800170898438,752.1500244140625,22644.0
2026-07-14 13:41:00,752.1400146484375,752.1500244140625,751.9600219726562,751.989990234375,25291.0
2026-07-14 13:42:00,751.989990234375,752.0499877929688,751.9299926757812,751.9500122070312,28678.0
2026-07-14 13:43:00,751.9600219726562,752.0900268554688,751.9000244140625,752.02001953125,36419.0
2026-07-14 13:44:00,752.02001953125,752.1099853515625,751.969970703125,752.0399780273438,24347.0
2026-07-14 13:45:00,752.0599975585938,752.1099853515625,751.8699951171875,751.9099731445312,28506.0
2026-07-14 13:46:00,751.8900146484375,751.9199829101562,751.7899780273438,751.909912109375,23594.0
2026-07-14 13:47:00,751.8900146484375,751.969970703125,751.760009765625,751.9124755859375,24978.0
2026-07-14 13:48:00,751.9249877929688,752.25,751.9000244140625,752.1900024414062,29247.0
2026-07-14 13:49:00,752.1900024414062,752.2100219726562,752.030029296875,752.0800170898438,31776.0
2026-07-14 13:50:00,752.0800170898438,752.1900024414062,752.0700073242188,752.1799926757812,22796.0
2026-07-14 13:51:00,752.1699829101562,752.27001953125,752.0900268554688,752.25,21424.0
2026-07-14 13:52:00,752.2509155273438,752.3099975585938,752.1900024414062,752.219970703125,28540.0
2026-07-14 13:53:00,752.2000122070312,752.2799072265625,752.1300048828125,752.1599731445312,28812.0
2026-07-14 13:54:00,752.155029296875,752.2498779296875,752.1400146484375,752.2260131835938,21644.0
2026-07-14 13:55:00,752.219970703125,752.22998046875,752.1300048828125,752.1799926757812,21866.0
2026-07-14 13:56:00,752.1799926757812,752.22998046875,752.1300048828125,752.219970703125,20759.0
2026-07-14 13:57:00,752.2000122070312,752.27001953125,752.1500244140625,752.267822265625,38830.0
2026-07-14 13:58:00,752.260009765625,752.3099975585938,752.219970703125,752.2449951171875,17656.0
2026-07-14 13:59:00,752.25,752.3099975585938,752.2100219726562,752.2750244140625,44362.0
2026-07-14 14:00:00,752.280029296875,752.3099975585938,752.0,752.0,40406.0
2026-07-14 14:01:00,752.010009765625,752.1599731445312,751.9299926757812,752.1500244140625,55878.0
2026-07-14 14:02:00,752.1300048828125,752.2899780273438,752.0800170898438,752.22998046875,30466.0
2026-07-14 14:03:00,752.25,752.4099731445312,752.2000122070312,752.3900146484375,72954.0
2026-07-14 14:04:00,752.4096069335938,752.47998046875,752.3499755859375,752.4400024414062,29779.0
2026-07-14 14:05:00,752.4500122070312,752.47998046875,752.4000244140625,752.4099731445312,27484.0
2026-07-14 14:06:00,752.4199829101562,752.4400024414062,752.2899780273438,752.3400268554688,34197.0
2026-07-14 14:07:00,752.3499755859375,752.4099731445312,752.260009765625,752.4099731445312,34950.0
2026-07-14 14:08:00,752.4099731445312,752.5,752.3800048828125,752.4201049804688,34102.0
2026-07-14 14:09:00,752.4199829101562,752.469970703125,752.3900146484375,752.4000244140625,12765.0
2026-07-14 14:10:00,752.4000244140625,752.469970703125,752.4000244140625,752.469970703125,28776.0
2026-07-14 14:11:00,752.4500122070312,752.4600219726562,752.3400268554688,752.4199829101562,34293.0
2026-07-14 14:12:00,752.4099731445312,752.469970703125,752.3900146484375,752.4400024414062,24805.0
2026-07-14 14:13:00,752.4400024414062,752.5499877929688,752.4199829101562,752.52001953125,32046.0
2026-07-14 14:14:00,752.510009765625,752.6300048828125,752.489990234375,752.5999755859375,29830.0
2026-07-14 14:15:00,752.5994873046875,752.77001953125,752.5900268554688,752.5999755859375,66899.0
2026-07-14 14:16:00,752.5999755859375,752.6699829101562,752.5800170898438,752.594970703125,45626.0
2026-07-14 14:17:00,752.594970703125,752.6500244140625,752.489990234375,752.5599975585938,30732.0
2026-07-14 14:18:00,752.5549926757812,752.5800170898438,752.4500122070312,752.5599975585938,23199.0
2026-07-14 14:19:00,752.5800170898438,752.6400146484375,752.530029296875,752.6199951171875,30819.0
2026-07-14 14:20:00,752.60498046875,752.6699829101562,752.510009765625,752.6599731445312,30745.0
2026-07-14 14:21:00,752.6400146484375,752.7100219726562,752.590087890625,752.6300048828125,27262.0
2026-07-14 14:22:00,752.6199951171875,752.760009765625,752.6199951171875,752.739990234375,26813.0
2026-07-14 14:23:00,752.739990234375,752.739990234375,752.6599731445312,752.6649780273438,34103.0
2026-07-14 14:24:00,752.6699829101562,752.6900024414062,752.4099731445312,752.4400024414062,55527.0
2026-07-14 14:25:00,752.4598999023438,752.5750122070312,752.2999877929688,752.5250244140625,109799.0
2026-07-14 14:26:00,752.52001953125,752.52001953125,752.4099731445312,752.52001953125,60093.0
2026-07-14 14:27:00,752.5399780273438,752.5399780273438,752.4400024414062,752.5,18947.0
2026-07-14 14:28:00,752.5,752.6099853515625,752.489990234375,752.5700073242188,43988.0
2026-07-14 14:29:00,752.58447265625,752.58447265625,752.4299926757812,752.5,28549.0
2026-07-14 14:30:00,752.4849853515625,752.5595092773438,752.3800048828125,752.4000244140625,42344.0
2026-07-14 14:31:00,752.4099731445312,752.469970703125,752.3300170898438,752.4500122070312,47762.0
2026-07-14 14:32:00,752.4550170898438,752.47998046875,752.3300170898438,752.469970703125,33920.0
2026-07-14 14:33:00,752.470703125,752.510009765625,752.3886108398438,752.4299926757812,38674.0
2026-07-14 14:34:00,752.4199829101562,752.5,752.3900146484375,752.4600219726562,33939.0
2026-07-14 14:35:00,752.469970703125,752.530029296875,752.469970703125,752.510009765625,34441.0
2026-07-14 14:36:00,752.510009765625,752.5999755859375,752.4500122070312,752.5399780273438,70782.0
2026-07-14 14:37:00,752.510009765625,752.5900268554688,752.0,752.4299926757812,160993.0
2026-07-14 14:38:00,752.4000244140625,752.4000244140625,752.2100219726562,752.2999877929688,22317.0
2026-07-14 14:39:00,752.2999877929688,752.3900146484375,752.22998046875,752.3499755859375,22583.0
2026-07-14 14:40:00,752.3400268554688,752.3400268554688,752.1400146484375,752.2100219726562,31111.0
2026-07-14 14:41:00,752.22998046875,752.2874755859375,751.6599731445312,752.030029296875,164516.0
2026-07-14 14:42:00,752.0349731445312,752.094970703125,751.8800048828125,752.0499877929688,76294.0
2026-07-14 14:43:00,752.0499877929688,752.0700073242188,751.8499755859375,751.8699951171875,103106.0
2026-07-14 14:44:00,751.860107421875,752.0399780273438,751.8599853515625,752.010009765625,34439.0
2026-07-14 14:45:00,752.010009765625,752.02001953125,751.9000244140625,751.9425048828125,50969.0
2026-07-14 14:46:00,751.9450073242188,752.239990234375,751.9099731445312,752.0999755859375,51331.0
2026-07-14 14:47:00,752.1099853515625,752.1799926757812,752.0900268554688,752.1500244140625,38551.0
2026-07-14 14:48:00,752.1500244140625,752.1799926757812,752.0499877929688,752.0800170898438,38543.0
2026-07-14 14:49:00,752.1099853515625,752.1199951171875,751.9400024414062,751.9500122070312,57425.0
2026-07-14 14:50:00,751.969970703125,752.030029296875,751.8599853515625,751.9400024414062,52822.0
2026-07-14 14:51:00,751.9400024414062,752.0999755859375,751.9199829101562,752.0700073242188,32122.0
2026-07-14 14:52:00,752.0399780273438,752.1400146484375,751.97998046875,752.1099853515625,1034587.0
2026-07-14 14:53:00,752.1099853515625,752.3200073242188,752.0999755859375,752.2650146484375,31847.0
2026-07-14 14:54:00,752.27001953125,752.2899780273438,752.1400146484375,752.239990234375,38110.0
2026-07-14 14:55:00,752.2100219726562,752.260009765625,752.0900268554688,752.1599731445312,58900.0
2026-07-14 14:56:00,752.1599731445312,752.219970703125,752.0999755859375,752.1900024414062,36141.0
2026-07-14 14:57:00,752.1900024414062,752.27001953125,752.0999755859375,752.114990234375,34509.0
2026-07-14 14:58:00,752.1199951171875,752.260009765625,752.0800170898438,752.260009765625,41909.0
2026-07-14 14:59:00,752.260009765625,752.260009765625,752.1099853515625,752.1704711914062,39770.0
2026-07-14 15:00:00,752.1900024414062,752.27001953125,752.0999755859375,752.2000122070312,53836.0
2026-07-14 15:01:00,752.1900024414062,752.219970703125,752.010009765625,752.010009765625,68775.0
2026-07-14 15:02:00,752.010009765625,752.010009765625,751.8699951171875,751.9600219726562,139084.0
2026-07-14 15:03:00,751.97998046875,752.0599975585938,751.8699951171875,751.9400024414062,83811.0
2026-07-14 15:04:00,751.9299926757812,752.0399780273438,751.8701171875,751.969970703125,42526.0
2026-07-14 15:05:00,751.9500122070312,752.0399780273438,751.8900146484375,751.969970703125,39848.0
2026-07-14 15:06:00,751.97998046875,752.1099853515625,751.9650268554688,752.0800170898438,40805.0
2026-07-14 15:07:00,752.0900268554688,752.0999755859375,751.8400268554688,751.9500122070312,64830.0
2026-07-14 15:08:00,751.969970703125,752.0900268554688,751.9199829101562,752.02001953125,68126.0
2026-07-14 15:09:00,752.02001953125,752.0800170898438,751.9000244140625,751.9025268554688,128695.0
2026-07-14 15:10:00,751.8900146484375,751.969970703125,751.8300170898438,751.9400024414062,47402.0
2026-07-14 15:11:00,751.9199829101562,751.969970703125,751.77001953125,751.8400268554688,58916.0
2026-07-14 15:12:00,751.8300170898438,751.9500122070312,751.8300170898438,751.9299926757812,67825.0
2026-07-14 15:13:00,751.9149780273438,752.1400146484375,751.8800048828125,752.1099853515625,92532.0
2026-07-14 15:14:00,752.0999755859375,752.1400146484375,752.010009765625,752.0599975585938,45571.0
2026-07-14 15:15:00,752.0800170898438,752.1799926757812,752.0399780273438,752.1799926757812,49953.0
2026-07-14 15:16:00,752.1699829101562,752.2100219726562,752.0599975585938,752.0599975585938,553846.0
2026-07-14 15:17:00,752.0999755859375,752.1699829101562,752.030029296875,752.1500244140625,41532.0
2026-07-14 15:18:00,752.1599731445312,752.25,751.7999877929688,752.1300048828125,115481.0
2026-07-14 15:19:00,752.0999755859375,752.1199951171875,752.0499877929688,752.0900268554688,42098.0
2026-07-14 15:20:00,752.1099853515625,752.1799926757812,752.0588989257812,752.1699829101562,56162.0
2026-07-14 15:21:00,752.1699829101562,752.27001953125,752.1599731445312,752.239990234375,48518.0
2026-07-14 15:22:00,752.2349853515625,752.4000244140625,752.22998046875,752.3699951171875,59867.0
2026-07-14 15:23:00,752.3699951171875,752.3800048828125,752.3099975585938,752.3125,31350.0
2026-07-14 15:24:00,752.3099975585938,752.4400024414062,752.2899780273438,752.4149780273438,49341.0
2026-07-14 15:25:00,752.4000244140625,752.4498901367188,752.3400268554688,752.3800048828125,38744.0
2026-07-14 15:26:00,752.3800048828125,752.4500122070312,752.3300170898438,752.3900146484375,75893.0
2026-07-14 15:27:00,752.4000244140625,752.4199829101562,752.3250122070312,752.3699951171875,53341.0
2026-07-14 15:28:00,752.3699951171875,752.3800048828125,752.260009765625,752.260009765625,48905.0
2026-07-14 15:29:00,752.27001953125,752.2899780273438,752.1199951171875,752.1500244140625,46181.0
2026-07-14 15:30:00,752.1599731445312,752.1699829101562,751.7100219726562,751.8900146484375,261315.0
2026-07-14 15:31:00,751.8800048828125,752.010009765625,751.760009765625,751.969970703125,86413.0
2026-07-14 15:32:00,751.969970703125,752.0,751.7999877929688,751.8699951171875,70972.0
2026-07-14 15:33:00,751.8800048828125,752.0700073242188,751.7899780273438,752.02001953125,55082.0
2026-07-14 15:34:00,752.02001953125,752.0700073242188,751.9400024414062,752.02001953125,64305.0
2026-07-14 15:35:00,752.02001953125,752.0399780273438,751.8800048828125,752.010009765625,66343.0
2026-07-14 15:36:00,752.010009765625,752.2799072265625,751.9500122070312,752.27001953125,72723.0
2026-07-14 15:37:00,752.27001953125,752.3200073242188,752.1300048828125,752.1599731445312,148645.0
2026-07-14 15:38:00,752.1699829101562,752.22998046875,751.9299926757812,751.9299926757812,75269.0
2026-07-14 15:39:00,751.9500122070312,752.0679931640625,751.9199829101562,751.9600219726562,60176.0
2026-07-14 15:40:00,751.9600219726562,752.0599975585938,751.9099731445312,751.9600219726562,55874.0
2026-07-14 15:41:00,751.969970703125,752.1300048828125,751.9500122070312,752.0800170898438,72892.0
2026-07-14 15:42:00,752.0700073242188,752.1500244140625,752.0599975585938,752.1300048828125,63925.0
2026-07-14 15:43:00,752.1099853515625,752.280029296875,752.0999755859375,752.27001953125,74007.0
2026-07-14 15:44:00,752.25,752.4000244140625,752.25,752.2899780273438,99251.0
2026-07-14 15:45:00,752.280029296875,752.4000244140625,752.25,752.3900146484375,98341.0
2026-07-14 15:46:00,752.3800048828125,752.4099731445312,752.280029296875,752.3300170898438,114483.0
2026-07-14 15:47:00,752.3300170898438,752.4199829101562,752.2899780273438,752.2899780273438,76542.0
2026-07-14 15:48:00,752.2999877929688,752.4099731445312,752.280029296875,752.3699951171875,157764.0
2026-07-14 15:49:00,752.3699951171875,752.52001953125,752.3400268554688,752.4749755859375,129096.0
2026-07-14 15:50:00,752.47998046875,752.52001953125,752.1599731445312,752.1599731445312,505198.0
2026-07-14 15:51:00,752.1500244140625,752.3200073242188,752.1300048828125,752.2949829101562,162613.0
2026-07-14 15:52:00,752.2999877929688,752.469970703125,752.2899780273438,752.3699951171875,235313.0
2026-07-14 15:53:00,752.375,752.4500122070312,752.3400268554688,752.3900146484375,112344.0
2026-07-14 15:54:00,752.3800048828125,752.4199829101562,752.0900268554688,752.094970703125,163215.0
2026-07-14 15:55:00,752.0999755859375,752.260009765625,751.989990234375,752.0999755859375,206562.0
2026-07-14 15:56:00,752.0900268554688,752.260009765625,752.0399780273438,752.22998046875,155225.0
2026-07-14 15:57:00,752.219970703125,752.489990234375,752.2100219726562,752.469970703125,307331.0
2026-07-14 15:58:00,752.47998046875,752.47998046875,752.1799926757812,752.1900024414062,469379.0
2026-07-14 15:59:00,752.1849975585938,752.3800048828125,751.7899780273438,751.8699951171875,1298154.0
2026-07-15 09:30:00,754.239990234375,754.9000244140625,754.2000122070312,754.5999755859375,1244541.0
2026-07-15 09:31:00,754.6099853515625,754.8300170898438,754.4500122070312,754.7100219726562,235221.0
2026-07-15 09:32:00,754.7100219726562,755.0700073242188,754.6099853515625,755.0,118363.0
2026-07-15 09:33:00,755.010009765625,755.02001953125,754.760009765625,755.02001953125,85009.0
2026-07-15 09:34:00,755.030029296875,755.260009765625,754.9299926757812,755.1900024414062,177837.0
2026-07-15 09:35:00,755.2000122070312,755.219970703125,754.7999877929688,755.02001953125,116344.0
2026-07-15 09:36:00,755.02001953125,755.5399780273438,755.02001953125,755.4144287109375,159038.0
2026-07-15 09:37:00,755.4099731445312,755.5800170898438,754.9000854492188,754.9099731445312,128764.0
2026-07-15 09:38:00,754.9088134765625,754.97998046875,754.510009765625,754.6900024414062,174186.0
2026-07-15 09:39:00,754.7000122070312,754.9299926757812,754.6099853515625,754.8400268554688,57509.0
2026-07-15 09:40:00,754.8599853515625,754.8599853515625,754.4400024414062,754.5700073242188,91640.0
2026-07-15 09:41:00,754.5650024414062,754.72998046875,754.4400024414062,754.469970703125,87595.0
2026-07-15 09:42:00,754.4749755859375,754.6099853515625,754.280029296875,754.3300170898438,111740.0
2026-07-15 09:43:00,754.3200073242188,754.77001953125,754.3099975585938,754.739990234375,116131.0
2026-07-15 09:44:00,754.739990234375,754.8200073242188,754.340087890625,754.3599853515625,81118.0
2026-07-15 09:45:00,754.3599853515625,754.47998046875,753.9199829101562,753.9949951171875,154304.0
2026-07-15 09:46:00,753.9949951171875,754.0399780273438,753.6199951171875,753.6550903320312,142959.0
2026-07-15 09:47:00,753.6649780273438,753.8300170898438,753.4099731445312,753.5900268554688,107870.0
2026-07-15 09:48:00,753.5900268554688,753.8099975585938,753.4299926757812,753.52001953125,99337.0
2026-07-15 09:49:00,753.5050048828125,753.6199951171875,753.3499755859375,753.5599975585938,100577.0
2026-07-15 09:50:00,753.5800170898438,753.64501953125,753.1799926757812,753.3300170898438,182586.0
2026-07-15 09:51:00,753.3300170898438,753.4299926757812,753.1900024414062,753.3099975585938,290358.0
2026-07-15 09:52:00,753.3099975585938,753.7999877929688,753.260009765625,753.739990234375,185656.0
2026-07-15 09:53:00,753.7689819335938,753.7689819335938,753.3699951171875,753.510009765625,82621.0
2026-07-15 09:54:00,753.47998046875,754.0800170898438,753.47998046875,754.0800170898438,91928.0
2026-07-15 09:55:00,754.0599975585938,754.3800048828125,753.9199829101562,754.1849975585938,90251.0
2026-07-15 09:56:00,754.1900024414062,754.4600219726562,753.9400024414062,753.9600219726562,102088.0
2026-07-15 09:57:00,753.969970703125,754.3699951171875,753.969970703125,754.3400268554688,50083.0
2026-07-15 09:58:00,754.369873046875,754.6099853515625,754.1900024414062,754.489990234375,140214.0
2026-07-15 09:59:00,754.469970703125,754.469970703125,754.1599731445312,754.4500122070312,80239.0
2026-07-15 10:00:00,754.52001953125,754.9500122070312,754.5,754.8400268554688,155620.0
2026-07-15 10:01:00,754.8400268554688,755.1199951171875,754.7899780273438,755.1199951171875,172065.0
2026-07-15 10:02:00,755.1099853515625,755.1099853515625,754.8300170898438,754.9099731445312,159148.0
2026-07-15 10:03:00,754.8900146484375,755.1799926757812,754.8499755859375,755.0399780273438,80833.0
2026-07-15 10:04:00,755.038818359375,755.0800170898438,754.72998046875,754.77001953125,93044.0
2026-07-15 10:05:00,754.8099975585938,754.9299926757812,754.6400146484375,754.8099975585938,79771.0
2026-07-15 10:06:00,754.8200073242188,755.2999877929688,754.7965087890625,755.2899780273438,149041.0
2026-07-15 10:07:00,755.2999877929688,755.2999877929688,755.010009765625,755.2000122070312,136194.0
2026-07-15 10:08:00,755.2000122070312,755.3200073242188,755.0999755859375,755.1500244140625,65263.0
2026-07-15 10:09:00,755.1300048828125,755.1699829101562,754.9400024414062,755.0499877929688,86179.0
2026-07-15 10:10:00,755.0599975585938,755.2150268554688,754.9500122070312,755.0900268554688,60416.0
2026-07-15 10:11:00,755.0900268554688,755.114990234375,754.9000244140625,754.9450073242188,67927.0
2026-07-15 10:12:00,754.9600219726562,755.144287109375,754.875,755.1400146484375,60793.0
2026-07-15 10:13:00,755.1400146484375,755.1400146484375,754.8800048828125,754.97998046875,76543.0
2026-07-15 10:14:00,755.0,755.0900268554688,754.6400146484375,754.739990234375,80304.0
2026-07-15 10:15:00,754.760009765625,755.0399780273438,754.7100219726562,754.9749755859375,60195.0
2026-07-15 10:16:00,754.9749755859375,755.3300170898438,754.8699951171875,755.2999877929688,76586.0
2026-07-15 10:17:00,755.2899780273438,755.52001953125,755.2899780273438,755.3701171875,92407.0
2026-07-15 10:18:00,755.3900146484375,755.4400024414062,755.219970703125,755.260009765625,58299.0
2026-07-15 10:19:00,755.25,755.5599975585938,755.2000122070312,755.3200073242188,63849.0
2026-07-15 10:20:00,755.3300170898438,755.3699951171875,754.6199951171875,754.72998046875,110570.0
2026-07-15 10:21:00,754.72998046875,754.9099731445312,754.5905151367188,754.9071044921875,129935.0
2026-07-15 10:22:00,754.885009765625,754.9600219726562,754.6300048828125,754.75,251073.0
2026-07-15 10:23:00,754.760009765625,754.760009765625,753.9600219726562,754.0800170898438,167111.0
2026-07-15 10:24:00,754.0850219726562,754.1599731445312,753.3499755859375,753.8049926757812,267118.0
2026-07-15 10:25:00,753.7999877929688,753.8499755859375,753.3800048828125,753.6799926757812,224204.0
2026-07-15 10:26:00,753.6950073242188,753.8499755859375,753.4899291992188,753.8200073242188,85943.0
2026-07-15 10:27:00,753.8599243164062,754.1799926757812,753.6099853515625,754.0999755859375,127827.0
2026-07-15 10:28:00,754.1190185546875,754.5,754.0900268554688,754.27001953125,192366.0
2026-07-15 10:29:00,754.27001953125,754.7225952148438,754.27001953125,754.6199951171875,84086.0
2026-07-15 10:30:00,754.6400146484375,754.8699951171875,754.5419921875,754.6400146484375,85578.0
2026-07-15 10:31:00,754.6300048828125,754.6599731445312,754.1950073242188,754.25,153118.0
2026-07-15 10:32:00,754.2449951171875,754.3699951171875,753.9500122070312,754.27001953125,117018.0
2026-07-15 10:33:00,754.27001953125,754.7000122070312,754.27001953125,754.7000122070312,81453.0
2026-07-15 10:34:00,754.7000122070312,754.77001953125,754.5399780273438,754.5999755859375,53367.0
2026-07-15 10:35:00,754.6300048828125,754.7899780273438,754.3607177734375,754.510009765625,55226.0
2026-07-15 10:36:00,754.530029296875,754.530029296875,753.9099731445312,753.9375,83672.0
2026-07-15 10:37:00,753.97998046875,754.0999755859375,753.7899780273438,753.8200073242188,66707.0
2026-07-15 10:38:00,753.8300170898438,754.02001953125,753.5999755859375,753.8400268554688,137049.0
2026-07-15 10:39:00,753.8200073242188,753.8599853515625,753.5150146484375,753.669921875,78217.0
2026-07-15 10:40:00,753.6699829101562,753.97998046875,753.4849853515625,753.7999877929688,82183.0
2026-07-15 10:41:00,753.8200073242188,753.969970703125,753.594970703125,753.719970703125,53154.0
2026-07-15 10:42:00,753.7000122070312,753.7000122070312,752.8200073242188,752.9299926757812,116552.0
2026-07-15 10:43:00,752.9099731445312,753.3900146484375,752.9000244140625,753.280029296875,146201.0
2026-07-15 10:44:00,753.2899780273438,753.635009765625,753.280029296875,753.5299072265625,73017.0
2026-07-15 10:45:00,753.5050048828125,753.5050048828125,752.989990234375,753.0750122070312,186139.0
2026-07-15 10:46:00,753.0399780273438,753.3099975585938,752.9099731445312,753.260009765625,88571.0
2026-07-15 10:47:00,753.25,753.4450073242188,753.2100219726562,753.3800048828125,63129.0
2026-07-15 10:48:00,753.3800048828125,753.6900024414062,753.1699829101562,753.6699829101562,72862.0
2026-07-15 10:49:00,753.6599731445312,753.8300170898438,753.5349731445312,753.7899780273438,51277.0
2026-07-15 10:50:00,753.7999877929688,753.8250122070312,753.5599975585938,753.5700073242188,41195.0
2026-07-15 10:51:00,753.5900268554688,753.6099853515625,753.2000122070312,753.3496704101562,74928.0
2026-07-15 10:52:00,753.3499755859375,753.469970703125,753.0599975585938,753.0599975585938,111218.0
2026-07-15 10:53:00,753.0499877929688,753.22998046875,753.010009765625,753.1400146484375,122390.0
2026-07-15 10:54:00,753.1400146484375,753.1400146484375,752.7410278320312,753.0499877929688,62524.0
2026-07-15 10:55:00,753.0800170898438,753.239990234375,752.8400268554688,753.02001953125,64431.0
2026-07-15 10:56:00,753.010009765625,753.3300170898438,752.9000854492188,753.2999877929688,53501.0
2026-07-15 10:57:00,753.3049926757812,753.4600219726562,753.1900024414062,753.219970703125,67854.0
2026-07-15 10:58:00,753.239013671875,753.3599853515625,753.0800170898438,753.1589965820312,55236.0
2026-07-15 10:59:00,753.1500244140625,753.530029296875,753.1400146484375,753.460693359375,46568.0
2026-07-15 11:00:00,753.47998046875,753.6799926757812,753.3499755859375,753.4400024414062,35620.0
2026-07-15 11:01:00,753.4500122070312,753.4500122070312,753.0599975585938,753.1199951171875,69722.0
2026-07-15 11:02:00,753.14501953125,753.469970703125,753.0900268554688,753.4099731445312,59406.0
2026-07-15 11:03:00,753.4500122070312,753.510009765625,753.1500244140625,753.25,36175.0
2026-07-15 11:04:00,753.22998046875,753.27001953125,753.0900268554688,753.2100219726562,45432.0
2026-07-15 11:05:00,753.2100219726562,753.4199829101562,752.989990234375,753.4199829101562,37151.0
2026-07-15 11:06:00,753.4400024414062,753.489990234375,753.2999877929688,753.469970703125,34526.0
2026-07-15 11:07:00,753.489501953125,753.739990234375,753.3900146484375,753.7357788085938,54884.0
2026-07-15 11:08:00,753.7396850585938,753.9949951171875,753.6500244140625,753.9777221679688,70367.0
2026-07-15 11:09:00,753.97998046875,754.1500244140625,753.9299926757812,754.0349731445312,75553.0
2026-07-15 11:10:00,754.030029296875,754.1599731445312,753.7100219726562,753.8099975585938,191907.0
2026-07-15 11:11:00,753.8099975585938,753.9099731445312,753.6400146484375,753.7960205078125,37173.0
2026-07-15 11:12:00,753.780029296875,753.8499755859375,753.52001953125,753.52001953125,31645.0
2026-07-15 11:13:00,753.5499877929688,753.77001953125,753.4500122070312,753.510009765625,53360.0
2026-07-15 11:14:00,753.5,753.52001953125,753.0800170898438,753.1400146484375,32866.0
2026-07-15 11:15:00,753.135009765625,753.1400146484375,752.6599731445312,752.8099975585938,188907.0
2026-07-15 11:16:00,752.7899780273438,752.8699951171875,752.5599975585938,752.5900268554688,51408.0
2026-07-15 11:17:00,752.5700073242188,753.0499877929688,752.2000122070312,752.9600219726562,127260.0
2026-07-15 11:18:00,752.9600219726562,753.25,752.9000244140625,753.25,66271.0
2026-07-15 11:19:00,753.25,753.364990234375,753.1300048828125,753.280029296875,57605.0
2026-07-15 11:20:00,753.27001953125,753.27001953125,752.9400024414062,753.1895141601562,43748.0
2026-07-15 11:21:00,753.1900024414062,753.2000122070312,752.9000244140625,752.9550170898438,57470.0
2026-07-15 11:22:00,752.9400024414062,752.9400024414062,752.5700073242188,752.5900268554688,45755.0
2026-07-15 11:23:00,752.5800170898438,752.719970703125,752.469970703125,752.6900024414062,58315.0
2026-07-15 11:24:00,752.7000122070312,752.9299926757812,752.5800170898438,752.9199829101562,83786.0
2026-07-15 11:25:00,752.9199829101562,753.1599731445312,752.780029296875,752.989990234375,141913.0
2026-07-15 11:26:00,753.0,753.2000122070312,752.9600219726562,753.02001953125,62778.0
2026-07-15 11:27:00,753.0250244140625,753.1599731445312,752.8900146484375,753.0800170898438,52802.0
2026-07-15 11:28:00,753.0800170898438,753.4509887695312,753.0800170898438,753.3099975585938,86434.0
2026-07-15 11:29:00,753.2999877929688,753.6199951171875,753.2650146484375,753.60498046875,45694.0
2026-07-15 11:30:00,753.5999755859375,753.6900024414062,753.2999877929688,753.3099975585938,82870.0
2026-07-15 11:31:00,753.3200073242188,753.4500122070312,753.1500244140625,753.4249877929688,78342.0
2026-07-15 11:32:00,753.4199829101562,753.719970703125,753.3699951171875,753.719970703125,53532.0
2026-07-15 11:33:00,753.739990234375,753.8400268554688,753.6950073242188,753.7100219726562,62838.0
2026-07-15 11:34:00,753.7000122070312,753.780029296875,753.510009765625,753.5700073242188,56155.0
2026-07-15 11:35:00,753.530029296875,753.5999755859375,753.030029296875,753.2899780273438,49313.0
2026-07-15 11:36:00,753.2899780273438,753.6900024414062,753.280029296875,753.6300048828125,100447.0
2026-07-15 11:37:00,753.6300048828125,753.780029296875,753.4400024414062,753.5599975585938,57235.0
2026-07-15 11:38:00,753.5900268554688,753.7000122070312,753.5203857421875,753.6500244140625,18698.0
2026-07-15 11:39:00,753.6599731445312,753.739990234375,753.489990234375,753.6799926757812,42493.0
2026-07-15 11:40:00,753.6900024414062,753.760009765625,753.4749755859375,753.52001953125,45124.0
2026-07-15 11:41:00,753.510009765625,753.6300048828125,753.4000244140625,753.5700073242188,50959.0
2026-07-15 11:42:00,753.5700073242188,753.5900268554688,753.3699951171875,753.4400024414062,25065.0
2026-07-15 11:43:00,753.4450073242188,753.4450073242188,753.2000122070312,753.239990234375,33150.0
2026-07-15 11:44:00,753.239990234375,753.2849731445312,753.0399780273438,753.1500244140625,38619.0
2026-07-15 11:45:00,753.1500244140625,753.239990234375,752.9400024414062,753.02001953125,108680.0
2026-07-15 11:46:00,753.0150146484375,753.1599731445312,752.9000244140625,753.153076171875,49537.0
2026-07-15 11:47:00,753.1599731445312,753.239990234375,752.875,752.8767700195312,45318.0
2026-07-15 11:48:00,752.8699951171875,752.9400024414062,752.780029296875,752.9299926757812,47424.0
2026-07-15 11:49:00,752.9000244140625,753.1300048828125,752.8099975585938,752.8200073242188,45676.0
2026-07-15 11:50:00,752.8099975585938,752.8300170898438,752.4099731445312,752.4328002929688,61365.0
2026-07-15 11:51:00,752.469970703125,752.6599731445312,752.3300170898438,752.5599975585938,69018.0
2026-07-15 11:52:00,752.5599975585938,752.7000122070312,752.52001953125,752.5798950195312,27408.0
2026-07-15 11:53:00,752.5599975585938,752.6900024414062,752.3900146484375,752.6699829101562,154884.0
2026-07-15 11:54:00,752.6699829101562,752.760009765625,752.5700073242188,752.7100219726562,40110.0
2026-07-15 11:55:00,752.6900024414062,752.739990234375,752.5700073242188,752.6300048828125,41450.0
2026-07-15 11:56:00,752.6300048828125,752.64501953125,752.280029296875,752.5,46465.0
2026-07-15 11:57:00,752.5,752.5700073242188,752.3701171875,752.4000244140625,36883.0
2026-07-15 11:58:00,752.3900146484375,752.7100219726562,752.3699951171875,752.6900024414062,26892.0
2026-07-15 11:59:00,752.7000122070312,752.780029296875,752.6300048828125,752.6694946289062,36816.0
2026-07-15 12:00:00,752.6400146484375,752.8280029296875,752.489990234375,752.5900268554688,51122.0
2026-07-15 12:01:00,752.5700073242188,752.5700073242188,752.1300048828125,752.2000122070312,55790.0
2026-07-15 12:02:00,752.1900024414062,752.239990234375,752.0399780273438,752.1099853515625,50084.0
2026-07-15 12:03:00,752.10498046875,752.2100219726562,751.760009765625,751.8499755859375,138419.0
2026-07-15 12:04:00,751.8499755859375,752.135009765625,751.8198852539062,752.0800170898438,147120.0
2026-07-15 12:05:00,752.0900268554688,752.1099853515625,751.7821044921875,751.8198852539062,93695.0
2026-07-15 12:06:00,751.8200073242188,751.8400268554688,751.489990234375,751.5599975585938,115840.0
2026-07-15 12:07:00,751.5700073242188,751.7899780273438,751.530029296875,751.5700073242188,67126.0
2026-07-15 12:08:00,751.5599975585938,751.6099853515625,751.3900146484375,751.5800170898438,72365.0
2026-07-15 12:09:00,751.5599975585938,751.969970703125,751.5599975585938,751.9500122070312,69435.0
2026-07-15 12:10:00,751.9500122070312,752.0700073242188,751.7899780273438,752.0225219726562,70289.0
2026-07-15 12:11:00,752.0250244140625,752.0250244140625,751.760009765625,751.8200073242188,46698.0
2026-07-15 12:12:00,751.8300170898438,751.9299926757812,751.6500244140625,751.9299926757812,64709.0
2026-07-15 12:13:00,751.9299926757812,751.9600219726562,751.5700073242188,751.5999755859375,37715.0
2026-07-15 12:14:00,751.5900268554688,751.5900268554688,751.1400146484375,751.219970703125,82667.0
2026-07-15 12:15:00,751.2000122070312,751.3800048828125,751.0999755859375,751.27001953125,105039.0
2026-07-15 12:16:00,751.27001953125,751.3599853515625,751.030029296875,751.0549926757812,72737.0
2026-07-15 12:17:00,751.0499877929688,751.219970703125,750.9099731445312,751.2000122070312,104941.0
2026-07-15 12:18:00,751.2000122070312,751.3599853515625,751.0549926757812,751.27001953125,70064.0
2026-07-15 12:19:00,751.27001953125,751.3699951171875,751.030029296875,751.0399780273438,56191.0
2026-07-15 12:20:00,751.030029296875,751.1699829101562,750.7899780273438,750.8099975585938,203643.0
2026-07-15 12:21:00,750.7999877929688,750.9299926757812,750.739990234375,750.77001953125,74163.0
2026-07-15 12:22:00,750.7899780273438,750.969970703125,750.6699829101562,750.8795776367188,54416.0
2026-07-15 12:23:00,750.85498046875,751.0599975585938,750.8099975585938,750.8599853515625,58828.0
2026-07-15 12:24:00,750.8599853515625,750.8599853515625,750.4400024414062,750.5399780273438,83235.0
2026-07-15 12:25:00,750.530029296875,750.8499755859375,750.489990234375,750.7000122070312,68263.0
2026-07-15 12:26:00,750.7100219726562,750.8699951171875,750.64501953125,750.760009765625,89690.0
2026-07-15 12:27:00,750.7650146484375,750.8400268554688,750.489990234375,750.5499877929688,79713.0
2026-07-15 12:28:00,750.5283203125,750.6699829101562,750.4400024414062,750.6199951171875,46667.0
2026-07-15 12:29:00,750.6400146484375,750.8997192382812,750.6400146484375,750.8300170898438,67095.0
2026-07-15 12:30:00,750.8099975585938,751.1900024414062,750.7999877929688,751.0900268554688,70405.0
2026-07-15 12:31:00,751.0800170898438,751.0850219726562,750.75,750.8800048828125,54998.0
2026-07-15 12:32:00,750.8699951171875,750.9299926757812,750.7899780273438,750.8400268554688,99388.0
2026-07-15 12:33:00,750.8499755859375,750.9000244140625,750.6199951171875,750.75,56654.0
2026-07-15 12:34:00,750.72998046875,750.7999877929688,750.4500122070312,750.5499877929688,49501.0
2026-07-15 12:35:00,750.5700073242188,750.5700073242188,750.219970703125,750.4199829101562,151219.0
2026-07-15 12:36:00,750.4000244140625,750.469970703125,750.27001953125,750.3499755859375,60955.0
2026-07-15 12:37:00,750.3400268554688,750.489990234375,750.3200073242188,750.4400024414062,39444.0
2026-07-15 12:38:00,750.4500122070312,750.5900268554688,750.3699951171875,750.469970703125,35298.0
2026-07-15 12:39:00,750.47998046875,750.6199951171875,750.4199829101562,750.4400024414062,25935.0
2026-07-15 12:40:00,750.4400024414062,750.469970703125,750.25,750.280029296875,28154.0
2026-07-15 12:41:00,750.280029296875,750.6300048828125,750.2000122070312,750.4450073242188,48323.0
2026-07-15 12:42:00,750.4500122070312,750.5499877929688,750.385009765625,750.4000244140625,45667.0
2026-07-15 12:43:00,750.3900146484375,750.5399780273438,750.3200073242188,750.5103759765625,42232.0
2026-07-15 12:44:00,750.510009765625,750.9400024414062,750.5,750.9099731445312,164744.0
2026-07-15 12:45:00,750.9199829101562,750.9949951171875,750.75,750.7821044921875,54891.0
2026-07-15 12:46:00,750.780029296875,752.3200073242188,750.72998046875,751.510009765625,362975.0
2026-07-15 12:47:00,751.5399780273438,751.5399780273438,751.0599975585938,751.0599975585938,208164.0
2026-07-15 12:48:00,751.0800170898438,751.2899780273438,751.0800170898438,751.1199951171875,71762.0
2026-07-15 12:49:00,751.1300048828125,751.3900146484375,751.1300048828125,751.3300170898438,72203.0
2026-07-15 12:50:00,751.3300170898438,751.780029296875,751.2999877929688,751.739990234375,56152.0
2026-07-15 12:51:00,751.719970703125,751.8400268554688,751.489990234375,751.489990234375,69327.0
2026-07-15 12:52:00,751.510009765625,751.72998046875,751.4199829101562,751.6599731445312,64517.0
2026-07-15 12:53:00,751.6500244140625,751.72998046875,751.5800170898438,751.6900024414062,38263.0
2026-07-15 12:54:00,751.6500244140625,751.6599731445312,751.2899780273438,751.4299926757812,97605.0
2026-07-15 12:55:00,751.4199829101562,751.54638671875,751.1400146484375,751.1799926757812,104917.0
2026-07-15 12:56:00,751.1900024414062,751.27001953125,751.010009765625,751.1300048828125,59592.0
2026-07-15 12:57:00,751.1300048828125,751.2999877929688,750.9603271484375,751.2899780273438,66548.0
2026-07-15 12:58:00,751.2899780273438,751.5499877929688,751.219970703125,751.5,43037.0
2026-07-15 12:59:00,751.4727783203125,751.6799926757812,751.4727783203125,751.6699829101562,35958.0
2026-07-15 13:00:00,751.6799926757812,751.969970703125,751.5800170898438,751.9450073242188,102436.0
2026-07-15 13:01:00,751.9400024414062,752.0499877929688,751.8499755859375,751.9099731445312,87042.0
2026-07-15 13:02:00,751.9099731445312,752.0399780273438,751.9099731445312,751.9299926757812,46710.0
2026-07-15 13:03:00,751.9349975585938,752.0700073242188,751.8900146484375,752.02001953125,47586.0
2026-07-15 13:04:00,752.030029296875,752.030029296875,751.8800048828125,751.9199829101562,47684.0
2026-07-15 13:05:00,751.9249877929688,751.97998046875,751.8400268554688,751.8900146484375,477965.0
2026-07-15 13:06:00,751.8809814453125,752.22998046875,751.8800048828125,752.1199951171875,50681.0
2026-07-15 13:07:00,752.1300048828125,752.3200073242188,752.1199951171875,752.2999877929688,60241.0
2026-07-15 13:08:00,752.3099975585938,752.4025268554688,752.2291259765625,752.2291259765625,49205.0
2026-07-15 13:09:00,752.22998046875,752.27001953125,752.0800170898438,752.0999755859375,33577.0
2026-07-15 13:10:00,752.10498046875,752.22998046875,751.97998046875,752.2249755859375,41516.0
2026-07-15 13:11:00,752.2249755859375,752.260009765625,752.02001953125,752.030029296875,42079.0
2026-07-15 13:12:00,752.0499877929688,752.1849975585938,752.0499877929688,752.1699829101562,23403.0
2026-07-15 13:13:00,752.1799926757812,752.1799926757812,751.97998046875,751.9901733398438,113946.0
2026-07-15 13:14:00,751.989990234375,751.99951171875,751.780029296875,751.7999877929688,60933.0
2026-07-15 13:15:00,751.8099975585938,752.02001953125,751.760009765625,752.010009765625,25838.0
2026-07-15 13:16:00,752.02001953125,752.030029296875,751.7999877929688,751.9500122070312,31827.0
2026-07-15 13:17:00,751.9500122070312,752.219970703125,751.9400024414062,752.155029296875,44768.0
2026-07-15 13:18:00,752.1599731445312,752.3499145507812,752.1599731445312,752.3099975585938,43852.0
2026-07-15 13:19:00,752.3300170898438,752.530029296875,752.3200073242188,752.4000244140625,154973.0
2026-07-15 13:20:00,752.405029296875,752.5900268554688,752.3251953125,752.3251953125,33234.0
2026-07-15 13:21:00,752.2899780273438,752.3599853515625,752.22998046875,752.3099975585938,26027.0
2026-07-15 13:22:00,752.2999877929688,752.4199829101562,752.2999877929688,752.344970703125,34083.0
2026-07-15 13:23:00,752.3599853515625,752.469970703125,752.3499755859375,752.39501953125,25101.0
2026-07-15 13:24:00,752.3800048828125,752.510009765625,752.3699951171875,752.4500122070312,18582.0
2026-07-15 13:25:00,752.4500122070312,752.5700073242188,752.4400024414062,752.5399780273438,37654.0
2026-07-15 13:26:00,752.54150390625,752.5800170898438,752.469970703125,752.4710083007812,40357.0
2026-07-15 13:27:00,752.4835815429688,752.5,752.3499755859375,752.4949951171875,34686.0
2026-07-15 13:28:00,752.489990234375,752.5399780273438,752.3699951171875,752.3900146484375,32701.0
2026-07-15 13:29:00,752.4099731445312,752.8499755859375,752.3900146484375,752.8099975585938,146435.0
2026-07-15 13:30:00,752.8099975585938,753.1300048828125,752.8099975585938,752.9199829101562,133553.0
2026-07-15 13:31:00,752.9299926757812,753.030029296875,752.875,752.9699096679688,86597.0
2026-07-15 13:32:00,752.9400024414062,753.0700073242188,752.8900146484375,753.0700073242188,45832.0
2026-07-15 13:33:00,753.0700073242188,753.2100219726562,752.97998046875,753.1500244140625,91206.0
2026-07-15 13:34:00,753.1400146484375,753.1699829101562,753.030029296875,753.0900268554688,55503.0
2026-07-15 13:35:00,753.1090087890625,753.219970703125,753.010009765625,753.1599731445312,50732.0
2026-07-15 13:36:00,753.1599731445312,753.280029296875,753.1400146484375,753.2301635742188,78978.0
2026-07-15 13:37:00,753.22998046875,753.4149780273438,753.2150268554688,753.3599853515625,60477.0
2026-07-15 13:38:00,753.3499755859375,753.4299926757812,753.3099975585938,753.4000244140625,73074.0
2026-07-15 13:39:00,753.4000244140625,753.4500122070312,753.3599853515625,753.3900146484375,37375.0
2026-07-15 13:40:00,753.4000244140625,753.4400024414062,753.219970703125,753.27001953125,42717.0
2026-07-15 13:41:00,753.27001953125,753.3800048828125,753.239990234375,753.2899780273438,36299.0
2026-07-15 13:42:00,753.2899780273438,753.3300170898438,753.2100219726562,753.2100219726562,49290.0
2026-07-15 13:43:00,753.2150268554688,753.3900146484375,753.2000122070312,753.3599853515625,76896.0
2026-07-15 13:44:00,753.35498046875,753.3599853515625,753.260009765625,753.3300170898438,17462.0
2026-07-15 13:45:00,753.3300170898438,753.4600219726562,753.25,753.4249877929688,27213.0
2026-07-15 13:46:00,753.4199829101562,753.7999877929688,753.4199829101562,753.7799072265625,117068.0
2026-07-15 13:47:00,753.760009765625,753.9500122070312,753.760009765625,753.9299926757812,55639.0
2026-07-15 13:48:00,753.9299926757812,753.9351196289062,753.7550048828125,753.8300170898438,47727.0
2026-07-15 13:49:00,753.844970703125,754.0750122070312,753.780029296875,754.0399780273438,62391.0
2026-07-15 13:50:00,754.0349731445312,754.0800170898438,753.969970703125,753.989990234375,63508.0
2026-07-15 13:51:00,753.989990234375,754.0,753.8499755859375,753.9099731445312,33132.0
2026-07-15 13:52:00,753.9099731445312,754.27001953125,753.8800048828125,754.219970703125,107778.0
2026-07-15 13:53:00,754.2100219726562,754.344970703125,754.2000122070312,754.2899780273438,66760.0
2026-07-15 13:54:00,754.280029296875,754.5499877929688,754.2000122070312,754.469970703125,115700.0
2026-07-15 13:55:00,754.4600219726562,754.4600219726562,754.252197265625,754.3099975585938,112555.0
2026-07-15 13:56:00,754.3099975585938,754.3200073242188,754.1900024414062,754.2100219726562,61054.0
2026-07-15 13:57:00,754.2299194335938,754.3599853515625,754.1699829101562,754.3200073242188,38540.0
2026-07-15 13:58:00,754.3099975585938,754.3699951171875,754.22998046875,754.260009765625,141279.0
2026-07-15 13:59:00,754.280029296875,754.2949829101562,754.010009765625,754.1901245117188,105147.0
2026-07-15 14:00:00,754.2000122070312,754.3099975585938,754.1400146484375,754.2000122070312,54584.0
2026-07-15 14:01:00,754.2100219726562,754.469970703125,754.2100219726562,754.4500122070312,98059.0
2026-07-15 14:02:00,754.4600219726562,754.510009765625,754.3699951171875,754.4500122070312,42370.0
2026-07-15 14:03:00,754.4600219726562,754.52001953125,754.4299926757812,754.489990234375,36831.0
2026-07-15 14:04:00,754.489990234375,754.5499877929688,754.3400268554688,754.3400268554688,53181.0
2026-07-15 14:05:00,754.3400268554688,754.52001953125,754.280029296875,754.510009765625,76604.0
2026-07-15 14:06:00,754.510009765625,754.64501953125,754.5,754.6400146484375,65832.0
2026-07-15 14:07:00,754.64501953125,754.6500244140625,754.47998046875,754.530029296875,52656.0
2026-07-15 14:08:00,754.5499877929688,754.5549926757812,754.489990234375,754.52001953125,49908.0
2026-07-15 14:09:00,754.5250244140625,754.5999755859375,754.5,754.5499877929688,43219.0
2026-07-15 14:10:00,754.5650024414062,754.7100219726562,754.5599975585938,754.6199951171875,64634.0
2026-07-15 14:11:00,754.6500244140625,754.72998046875,754.6300048828125,754.719970703125,65995.0
2026-07-15 14:12:00,754.739990234375,754.75,754.5999755859375,754.6699829101562,160739.0
2026-07-15 14:13:00,754.6649780273438,754.75,754.614990234375,754.6500244140625,52446.0
2026-07-15 14:14:00,754.6500244140625,754.6699829101562,754.5349731445312,754.5499877929688,48046.0
2026-07-15 14:15:00,754.5549926757812,754.5599975585938,754.3400268554688,754.3900146484375,223080.0
2026-07-15 14:16:00,754.3800048828125,754.4099731445312,754.239990234375,754.27001953125,89461.0
2026-07-15 14:17:00,754.280029296875,754.4199829101562,754.25,754.3099975585938,42707.0
2026-07-15 14:18:00,754.2999877929688,754.3200073242188,754.219970703125,754.3150024414062,66515.0
2026-07-15 14:19:00,754.3150024414062,754.4550170898438,754.2949829101562,754.3250122070312,106840.0
2026-07-15 14:20:00,754.3250122070312,754.510009765625,754.3150024414062,754.4550170898438,67505.0
2026-07-15 14:21:00,754.4500122070312,754.6900024414062,754.4400024414062,754.6400146484375,66414.0
2026-07-15 14:22:00,754.635009765625,754.6699829101562,754.5999755859375,754.6599731445312,56580.0
2026-07-15 14:23:00,754.6699829101562,754.8400268554688,754.6300048828125,754.760009765625,70052.0
2026-07-15 14:24:00,754.75,754.7990112304688,754.6900024414062,754.7000122070312,55195.0
2026-07-15 14:25:00,754.7000122070312,754.75,754.6099853515625,754.64501953125,56752.0
2026-07-15 14:26:00,754.6400146484375,754.6900024414062,754.5999755859375,754.6199951171875,52547.0
2026-07-15 14:27:00,754.614990234375,754.719970703125,754.5800170898438,754.7150268554688,196446.0
2026-07-15 14:28:00,754.7050170898438,754.7999877929688,754.7000122070312,754.7314453125,120511.0
2026-07-15 14:29:00,754.7150268554688,754.739990234375,754.5814819335938,754.635009765625,34472.0
2026-07-15 14:30:00,754.635009765625,754.72998046875,754.530029296875,754.5700073242188,109815.0
2026-07-15 14:31:00,754.5599975585938,754.760009765625,754.5599975585938,754.719970703125,191017.0
2026-07-15 14:32:00,754.719970703125,754.9000244140625,754.7000122070312,754.8900146484375,77919.0
2026-07-15 14:33:00,754.9000244140625,754.9199829101562,754.719970703125,754.739990234375,43539.0
2026-07-15 14:34:00,754.739990234375,754.8400268554688,754.739990234375,754.8200073242188,40671.0
2026-07-15 14:35:00,754.8099975585938,754.8200073242188,754.6199951171875,754.6325073242188,45073.0
2026-07-15 14:36:00,754.6400146484375,754.6599731445312,754.489990234375,754.5700073242188,78805.0
2026-07-15 14:37:00,754.5599975585938,754.5900268554688,754.4600219726562,754.5800170898438,47627.0
2026-07-15 14:38:00,754.5750122070312,754.5750122070312,754.4600219726562,754.4849853515625,27500.0
2026-07-15 14:39:00,754.47998046875,754.5399780273438,754.4400024414062,754.489990234375,65601.0
2026-07-15 14:40:00,754.489990234375,754.5700073242188,754.4500122070312,754.5,34787.0
2026-07-15 14:41:00,754.5050048828125,754.5700073242188,754.47998046875,754.5150146484375,49817.0
2026-07-15 14:42:00,754.510009765625,754.5800170898438,754.25,754.25,71087.0
2026-07-15 14:43:00,754.25,754.3300170898438,754.2100219726562,754.2659912109375,55322.0
2026-07-15 14:44:00,754.2650146484375,754.2899780273438,754.0,754.02001953125,73677.0
2026-07-15 14:45:00,754.030029296875,754.0399780273438,753.8099975585938,753.89501953125,100309.0
2026-07-15 14:46:00,753.9000244140625,753.989990234375,753.3800048828125,753.52001953125,137162.0
2026-07-15 14:47:00,753.5399780273438,753.9500122070312,753.4949951171875,753.780029296875,90255.0
2026-07-15 14:48:00,753.77001953125,753.8389892578125,753.7100219726562,753.719970703125,43594.0
2026-07-15 14:49:00,753.7000122070312,753.77001953125,753.6199951171875,753.6300048828125,90265.0
2026-07-15 14:50:00,753.6500244140625,753.7349853515625,753.530029296875,753.6699829101562,108744.0
2026-07-15 14:51:00,753.6799926757812,753.712890625,753.1799926757812,753.27001953125,81571.0
2026-07-15 14:52:00,753.27001953125,753.4890747070312,753.239990234375,753.3800048828125,60653.0
2026-07-15 14:53:00,753.3800048828125,753.3900146484375,753.1599731445312,753.2100219726562,191849.0
2026-07-15 14:54:00,753.22998046875,753.3900146484375,753.1900024414062,753.3699951171875,52989.0
2026-07-15 14:55:00,753.3400268554688,753.530029296875,753.3200073242188,753.3900146484375,55749.0
2026-07-15 14:56:00,753.4099731445312,753.4099731445312,753.1900024414062,753.2100219726562,35090.0
2026-07-15 14:57:00,753.219970703125,753.3499755859375,753.1900024414062,753.3099975585938,49028.0
2026-07-15 14:58:00,753.3099975585938,753.469970703125,753.0999755859375,753.1749877929688,92403.0
2026-07-15 14:59:00,753.1699829101562,753.260009765625,753.1400146484375,753.1900024414062,49149.0
2026-07-15 15:00:00,753.1900024414062,753.22998046875,753.0499877929688,753.1500244140625,56745.0
2026-07-15 15:01:00,753.1300048828125,753.3599853515625,753.0800170898438,753.3499755859375,57353.0
2026-07-15 15:02:00,753.3400268554688,753.6599731445312,753.3400268554688,753.6400146484375,65256.0
2026-07-15 15:03:00,753.6300048828125,753.719970703125,753.52001953125,753.5598754882812,119058.0
2026-07-15 15:04:00,753.5449829101562,753.72998046875,753.52001953125,753.6599731445312,53649.0
2026-07-15 15:05:00,753.6699829101562,753.6900024414062,753.510009765625,753.5999755859375,59922.0
2026-07-15 15:06:00,753.6099853515625,753.7999877929688,753.5399780273438,753.739990234375,64132.0
2026-07-15 15:07:00,753.739990234375,753.8300170898438,753.6300048828125,753.719970703125,83453.0
2026-07-15 15:08:00,753.719970703125,753.72998046875,753.5,753.5599975585938,36547.0
2026-07-15 15:09:00,753.5700073242188,753.6300048828125,753.489990234375,753.5700073242188,85539.0
2026-07-15 15:10:00,753.5399780273438,753.760009765625,753.469970703125,753.72998046875,57730.0
2026-07-15 15:11:00,753.739990234375,753.75,753.5399780273438,753.5599975585938,45220.0
2026-07-15 15:12:00,753.5800170898438,753.9299926757812,753.5800170898438,753.77001953125,129813.0
2026-07-15 15:13:00,753.7899780273438,753.8699951171875,753.6599731445312,753.7050170898438,87796.0
2026-07-15 15:14:00,753.7000122070312,753.8099975585938,753.7000122070312,753.780029296875,50942.0
2026-07-15 15:15:00,753.780029296875,753.8400268554688,753.5800170898438,753.760009765625,54779.0
2026-07-15 15:16:00,753.7650146484375,753.780029296875,753.6300048828125,753.72998046875,47004.0
2026-07-15 15:17:00,753.72998046875,753.780029296875,753.6500244140625,753.7000122070312,44114.0
2026-07-15 15:18:00,753.6923828125,753.7999877929688,753.6500244140625,753.780029296875,69507.0
2026-07-15 15:19:00,753.77001953125,753.8099975585938,753.52001953125,753.530029296875,35241.0
2026-07-15 15:20:00,753.530029296875,753.5599975585938,753.1699829101562,753.280029296875,120266.0
2026-07-15 15:21:00,753.280029296875,753.3900146484375,753.2000122070312,753.3499755859375,77736.0
2026-07-15 15:22:00,753.3699951171875,753.3800048828125,753.219970703125,753.2999877929688,65790.0
2026-07-15 15:23:00,753.2899780273438,753.4199829101562,753.2650146484375,753.3900756835938,89641.0
2026-07-15 15:24:00,753.4099731445312,753.4400024414062,753.280029296875,753.3400268554688,42135.0
2026-07-15 15:25:00,753.3300170898438,753.3699951171875,753.1699829101562,753.2899780273438,76516.0
2026-07-15 15:26:00,753.27001953125,753.4199829101562,753.2100219726562,753.4199829101562,84968.0
2026-07-15 15:27:00,753.4199829101562,753.77001953125,753.4102783203125,753.6099853515625,105975.0
2026-07-15 15:28:00,753.6199951171875,753.6599731445312,753.530029296875,753.6099853515625,68530.0
2026-07-15 15:29:00,753.6099853515625,753.6500244140625,753.52001953125,753.6300048828125,47239.0
2026-07-15 15:30:00,753.6300048828125,753.8300170898438,753.6199951171875,753.780029296875,128322.0
2026-07-15 15:31:00,753.780029296875,753.9299926757812,753.75,753.8800048828125,149249.0
2026-07-15 15:32:00,753.8699951171875,753.9199829101562,753.0900268554688,753.2100219726562,275487.0
2026-07-15 15:33:00,753.219970703125,753.6300048828125,753.2100219726562,753.4500122070312,229950.0
2026-07-15 15:34:00,753.4099731445312,753.4500122070312,753.2000122070312,753.260009765625,141322.0
2026-07-15 15:35:00,753.280029296875,753.5999755859375,753.1300048828125,753.5549926757812,146153.0
2026-07-15 15:36:00,753.5399780273438,753.5900268554688,753.4600219726562,753.5499877929688,120327.0
2026-07-15 15:37:00,753.5499877929688,753.5999755859375,753.4500122070312,753.5650024414062,49225.0
2026-07-15 15:38:00,753.5499877929688,753.7899780273438,753.5399780273438,753.7100219726562,122649.0
2026-07-15 15:39:00,753.7050170898438,753.9000244140625,753.7009887695312,753.8499755859375,159882.0
2026-07-15 15:40:00,753.8400268554688,754.0499877929688,753.77001953125,753.969970703125,284532.0
2026-07-15 15:41:00,753.97998046875,754.0999755859375,753.9199829101562,754.0399780273438,103101.0
2026-07-15 15:42:00,754.0399780273438,754.1500244140625,753.9299926757812,754.1099853515625,72948.0
2026-07-15 15:43:00,754.1099853515625,754.2100219726562,754.0800170898438,754.0999755859375,110155.0
2026-07-15 15:44:00,754.0999755859375,754.1900024414062,754.080078125,754.094970703125,71799.0
2026-07-15 15:45:00,754.0800170898438,754.1500244140625,753.9500122070312,753.969970703125,123184.0
2026-07-15 15:46:00,753.9600219726562,754.010009765625,753.6859741210938,753.8099975585938,114473.0
2026-07-15 15:47:00,753.8200073242188,753.8300170898438,753.6599731445312,753.7100219726562,119682.0
2026-07-15 15:48:00,753.72998046875,753.77001953125,753.510009765625,753.52001953125,217488.0
2026-07-15 15:49:00,753.5250244140625,753.6699829101562,753.5,753.6300048828125,204329.0
2026-07-15 15:50:00,753.6300048828125,754.0700073242188,753.6300048828125,753.8800048828125,316070.0
2026-07-15 15:51:00,753.8800048828125,754.1400146484375,753.8099975585938,754.0,258426.0
2026-07-15 15:52:00,754.02001953125,754.1699829101562,754.0,754.1199951171875,333712.0
2026-07-15 15:53:00,754.0999755859375,754.14501953125,753.9299926757812,754.0800170898438,267770.0
2026-07-15 15:54:00,754.0800170898438,754.1799926757812,753.9400024414062,754.1599731445312,278666.0
2026-07-15 15:55:00,754.1599731445312,754.510009765625,754.1599731445312,754.4500122070312,374536.0
2026-07-15 15:56:00,754.4600219726562,754.47998046875,754.3400268554688,754.4299926757812,250949.0
2026-07-15 15:57:00,754.4299926757812,754.47998046875,754.3300170898438,754.469970703125,248108.0
2026-07-15 15:58:00,754.4600830078125,754.625,754.4199829101562,754.5499877929688,339018.0
2026-07-15 15:59:00,754.5499877929688,754.7999877929688,754.2949829101562,754.72998046875,1001243.0
2026-07-16 09:30:00,752.760009765625,753.5189819335938,752.760009765625,753.1699829101562,1358235.0
2026-07-16 09:31:00,753.1599731445312,753.47998046875,752.8800048828125,753.3900146484375,225128.0
2026-07-16 09:32:00,753.4000244140625,753.52001953125,753.010009765625,753.1300048828125,223725.0
2026-07-16 09:33:00,753.1300048828125,753.1649780273438,752.60498046875,752.6599731445312,115303.0
2026-07-16 09:34:00,752.6699829101562,752.8400268554688,752.0900268554688,752.2000122070312,120726.0
2026-07-16 09:35:00,752.2000122070312,752.52001953125,751.8099975585938,752.02001953125,191101.0
2026-07-16 09:36:00,752.0150146484375,752.22998046875,751.9000244140625,752.1359252929688,93677.0
2026-07-16 09:37:00,752.1599731445312,752.510009765625,752.14501953125,752.239990234375,92824.0
2026-07-16 09:38:00,752.2349853515625,752.239990234375,751.72998046875,751.8300170898438,106571.0
2026-07-16 09:39:00,751.8300170898438,752.0250244140625,751.6400146484375,751.7100219726562,71891.0
2026-07-16 09:40:00,751.719970703125,752.2899780273438,751.540283203125,751.9199829101562,109547.0
2026-07-16 09:41:00,751.9400024414062,751.9600219726562,751.2449951171875,751.3099975585938,131030.0
2026-07-16 09:42:00,751.239990234375,751.4099731445312,751.0900268554688,751.2899780273438,188706.0
2026-07-16 09:43:00,751.2949829101562,751.655029296875,751.1199951171875,751.598388671875,110114.0
2026-07-16 09:44:00,751.6099853515625,751.8900146484375,751.2100219726562,751.260009765625,120857.0
2026-07-16 09:45:00,751.2999877929688,751.7000122070312,751.1799926757812,751.3300170898438,109611.0
2026-07-16 09:46:00,751.2999877929688,751.6799926757812,751.2525024414062,751.4000244140625,93471.0
2026-07-16 09:47:00,751.4299926757812,751.5900268554688,751.2249755859375,751.2249755859375,75779.0
2026-07-16 09:48:00,751.22998046875,751.375,750.6699829101562,750.9199829101562,150104.0
2026-07-16 09:49:00,750.9249877929688,751.3300170898438,750.7899780273438,751.0499877929688,275380.0
2026-07-16 09:50:00,751.0449829101562,751.9400024414062,750.989990234375,751.669921875,180814.0
2026-07-16 09:51:00,751.6599731445312,751.9349975585938,751.5,751.7449951171875,95727.0
2026-07-16 09:52:00,751.719970703125,752.260009765625,751.719970703125,752.1400146484375,85934.0
2026-07-16 09:53:00,752.1199951171875,752.1799926757812,751.5,751.7050170898438,101732.0
2026-07-16 09:54:00,751.7100219726562,752.2249755859375,751.47998046875,751.47998046875,105229.0
2026-07-16 09:55:00,751.47998046875,751.489990234375,751.0,751.4400024414062,102634.0
2026-07-16 09:56:00,751.4600219726562,751.9000244140625,751.3599853515625,751.9000244140625,73568.0
2026-07-16 09:57:00,751.909912109375,752.1199951171875,751.3790893554688,751.489990234375,63338.0
2026-07-16 09:58:00,751.4381713867188,751.8001098632812,751.4299926757812,751.7899780273438,40059.0
2026-07-16 09:59:00,751.780029296875,751.969970703125,751.75,751.905029296875,76734.0
2026-07-16 10:00:00,751.9000244140625,752.4500122070312,751.6400146484375,752.4404907226562,210568.0
2026-07-16 10:01:00,752.4400024414062,752.6199951171875,752.2100219726562,752.52001953125,85744.0
2026-07-16 10:02:00,752.5198974609375,752.8201904296875,752.4105224609375,752.5449829101562,123286.0
2026-07-16 10:03:00,752.5399780273438,752.7550048828125,752.4000244140625,752.614990234375,135512.0
2026-07-16 10:04:00,752.6199951171875,752.75,752.3800048828125,752.719970703125,105605.0
2026-07-16 10:05:00,752.739990234375,753.0380249023438,752.5900268554688,752.9299926757812,89573.0
2026-07-16 10:06:00,752.9299926757812,753.0900268554688,752.7999877929688,752.8699951171875,91849.0
2026-07-16 10:07:00,752.8599853515625,753.0499877929688,752.780029296875,752.9849853515625,87356.0
2026-07-16 10:08:00,753.02001953125,753.3499755859375,753.0175170898438,753.260009765625,139504.0
2026-07-16 10:09:00,753.27001953125,753.5499877929688,752.969970703125,753.3905029296875,116641.0
2026-07-16 10:10:00,753.3900146484375,753.6099853515625,753.3599853515625,753.52001953125,71099.0
2026-07-16 10:11:00,753.530029296875,753.5891723632812,753.3400268554688,753.3494262695312,116781.0
2026-07-16 10:12:00,753.3350219726562,753.4000244140625,753.2000122070312,753.280029296875,96523.0
2026-07-16 10:13:00,753.3060302734375,753.5800170898438,753.2960815429688,753.4199829101562,59619.0
2026-07-16 10:14:00,753.4299926757812,753.52001953125,753.280029296875,753.3599853515625,55415.0
2026-07-16 10:15:00,753.3599853515625,753.52001953125,753.27001953125,753.43701171875,83039.0
2026-07-16 10:16:00,753.4199829101562,753.719970703125,753.3099975585938,753.6500244140625,61040.0
2026-07-16 10:17:00,753.6505126953125,753.6799926757812,753.2750244140625,753.3300170898438,60313.0
2026-07-16 10:18:00,753.3200073242188,753.52001953125,753.25,753.342529296875,46131.0
2026-07-16 10:19:00,753.3200073242188,753.9299926757812,753.2050170898438,753.8599853515625,65642.0
2026-07-16 10:20:00,753.8599853515625,753.9299926757812,753.4600219726562,753.5449829101562,76319.0
2026-07-16 10:21:00,753.5150146484375,753.5900268554688,753.3400268554688,753.3699951171875,54742.0
2026-07-16 10:22:00,753.3800048828125,753.47998046875,753.0700073242188,753.47998046875,111377.0
2026-07-16 10:23:00,753.489990234375,753.6500244140625,753.280029296875,753.4299926757812,77544.0
2026-07-16 10:24:00,753.4299926757812,753.7700805664062,753.4199829101562,753.6699829101562,196320.0
2026-07-16 10:25:00,753.6400146484375,753.7000122070312,753.2899780273438,753.5999755859375,74976.0
2026-07-16 10:26:00,753.6099853515625,753.780029296875,753.3699951171875,753.77001953125,52343.0
2026-07-16 10:27:00,753.77001953125,754.260009765625,753.6950073242188,754.1099853515625,117255.0
2026-07-16 10:28:00,754.1199951171875,754.2899780273438,754.0700073242188,754.1699829101562,176760.0
2026-07-16 10:29:00,754.1799926757812,754.3880004882812,754.1799926757812,754.3499755859375,86210.0
2026-07-16 10:30:00,754.3400268554688,754.3599853515625,754.0599975585938,754.239990234375,105678.0
2026-07-16 10:31:00,754.260009765625,754.3300170898438,754.0,754.02001953125,84206.0
2026-07-16 10:32:00,754.030029296875,754.4099731445312,753.9849853515625,754.4000244140625,72933.0
2026-07-16 10:33:00,754.3900146484375,754.4400024414062,754.2899780273438,754.290771484375,67913.0
2026-07-16 10:34:00,754.2999877929688,754.4000244140625,754.110107421875,754.189208984375,43162.0
2026-07-16 10:35:00,754.1699829101562,754.35498046875,754.1099853515625,754.280029296875,58422.0
2026-07-16 10:36:00,754.2899780273438,754.344970703125,754.1599731445312,754.2750244140625,30499.0
2026-07-16 10:37:00,754.27001953125,754.52001953125,754.0900268554688,754.27001953125,77188.0
2026-07-16 10:38:00,754.260009765625,754.3350219726562,754.02001953125,754.0499877929688,55141.0
2026-07-16 10:39:00,754.0399780273438,754.0800170898438,753.8200073242188,753.9400024414062,73200.0
2026-07-16 10:40:00,753.9299926757812,754.030029296875,753.75,753.9199829101562,54716.0
2026-07-16 10:41:00,753.9099731445312,754.1099853515625,753.7999877929688,753.9199829101562,49823.0
2026-07-16 10:42:00,753.9000244140625,754.159912109375,753.8800048828125,754.1300048828125,41470.0
2026-07-16 10:43:00,754.1300048828125,754.3599243164062,754.0999755859375,754.2899780273438,48381.0
2026-07-16 10:44:00,754.2899780273438,754.4298706054688,754.2150268554688,754.3699951171875,148229.0
2026-07-16 10:45:00,754.3699951171875,754.5700073242188,754.155029296875,754.35498046875,158108.0
2026-07-16 10:46:00,754.35498046875,754.4600219726562,754.280029296875,754.3499755859375,62566.0
2026-07-16 10:47:00,754.3499755859375,754.5,754.1799926757812,754.239990234375,35915.0
2026-07-16 10:48:00,754.239990234375,754.3300170898438,754.1500244140625,754.219970703125,52141.0
2026-07-16 10:49:00,754.25,754.3099975585938,754.1500244140625,754.1900024414062,59735.0
2026-07-16 10:50:00,754.1699829101562,754.260009765625,753.72998046875,753.77001953125,72248.0
2026-07-16 10:51:00,753.77001953125,754.030029296875,753.6699829101562,753.9400024414062,89124.0
2026-07-16 10:52:00,753.9299926757812,754.030029296875,753.72998046875,753.8400268554688,82591.0
2026-07-16 10:53:00,753.8400268554688,754.0,753.6801147460938,753.8099975585938,67436.0
2026-07-16 10:54:00,753.8099975585938,753.8499755859375,753.530029296875,753.6790771484375,51101.0
2026-07-16 10:55:00,753.6500244140625,753.6500244140625,753.3400268554688,753.5098876953125,206398.0
2026-07-16 10:56:00,753.5,753.7249755859375,753.4099731445312,753.6900024414062,54499.0
2026-07-16 10:57:00,753.7000122070312,753.8499755859375,753.6500244140625,753.7949829101562,43229.0
2026-07-16 10:58:00,753.7899780273438,754.1599731445312,753.7899780273438,753.9099731445312,67734.0
2026-07-16 10:59:00,753.9000244140625,754.2000122070312,753.77001953125,754.1699829101562,80404.0
2026-07-16 11:00:00,754.2000122070312,754.3800048828125,754.0700073242188,754.1599731445312,57822.0
2026-07-16 11:01:00,754.1699829101562,754.2100219726562,753.9500122070312,753.97998046875,46789.0
2026-07-16 11:02:00,753.969970703125,754.2000122070312,753.8900146484375,754.0499877929688,38261.0
2026-07-16 11:03:00,754.0599975585938,754.1400146484375,753.7000122070312,753.7100219726562,50928.0
2026-07-16 11:04:00,753.7000122070312,753.7899780273438,753.6099853515625,753.6599731445312,40255.0
2026-07-16 11:05:00,753.6300048828125,753.7999877929688,753.4000244140625,753.6900024414062,184146.0
2026-07-16 11:06:00,753.7100219726562,753.719970703125,753.375,753.3900146484375,42424.0
2026-07-16 11:07:00,753.3900146484375,753.4400024414062,753.1799926757812,753.1799926757812,69473.0
2026-07-16 11:08:00,753.2000122070312,753.3099975585938,753.0800170898438,753.2188720703125,44372.0
2026-07-16 11:09:00,753.22998046875,753.530029296875,753.1599731445312,753.530029296875,50365.0
2026-07-16 11:10:00,753.52001953125,753.7050170898438,753.47998046875,753.5999755859375,49832.0
2026-07-16 11:11:00,753.5999755859375,753.780029296875,753.52001953125,753.5499267578125,27280.0
2026-07-16 11:12:00,753.5499877929688,753.5700073242188,753.2899780273438,753.3200073242188,53091.0
2026-07-16 11:13:00,753.3499755859375,753.3900146484375,753.1300048828125,753.239990234375,48676.0
2026-07-16 11:14:00,753.22998046875,753.3400268554688,753.0800170898438,753.3250122070312,45912.0
2026-07-16 11:15:00,753.3300170898438,753.5250244140625,753.2100219726562,753.219970703125,38418.0
2026-07-16 11:16:00,753.219970703125,753.22998046875,752.97998046875,753.0800170898438,61182.0
2026-07-16 11:17:00,753.0900268554688,753.4099731445312,753.031005859375,753.260009765625,42767.0
2026-07-16 11:18:00,753.260009765625,753.5499877929688,753.260009765625,753.4299926757812,166666.0
2026-07-16 11:19:00,753.4400024414062,753.6397705078125,753.3499755859375,753.6300048828125,27001.0
2026-07-16 11:20:00,753.6199951171875,753.6300048828125,753.330078125,753.4000244140625,173571.0
2026-07-16 11:21:00,753.405029296875,753.4199829101562,753.1799926757812,753.2191162109375,39152.0
2026-07-16 11:22:00,753.2000122070312,753.27001953125,753.030029296875,753.25,45964.0
2026-07-16 11:23:00,753.25,753.3599853515625,753.2000122070312,753.3300170898438,14315.0
2026-07-16 11:24:00,753.3099975585938,753.6500244140625,753.25,753.6199951171875,36730.0
2026-07-16 11:25:00,753.6199951171875,754.2000122070312,753.6199951171875,754.1099853515625,70636.0
2026-07-16 11:26:00,754.114990234375,754.3800048828125,754.0399780273438,754.2999877929688,72408.0
2026-07-16 11:27:00,754.3099975585938,754.4400024414062,754.10498046875,754.10498046875,63259.0
2026-07-16 11:28:00,754.0999755859375,754.1599731445312,753.5599975585938,753.6300048828125,59645.0
2026-07-16 11:29:00,753.6699829101562,753.8499755859375,753.6500244140625,753.8001098632812,36888.0
2026-07-16 11:30:00,753.8200073242188,753.8699951171875,753.27001953125,753.5650024414062,61794.0
2026-07-16 11:31:00,753.5700073242188,754.010009765625,753.5599975585938,753.97998046875,36984.0
2026-07-16 11:32:00,753.97998046875,754.1900024414062,753.9000244140625,753.989990234375,45569.0
2026-07-16 11:33:00,753.969970703125,754.0399780273438,753.8699951171875,753.989990234375,126833.0
2026-07-16 11:34:00,753.989990234375,754.22998046875,753.9500122070312,754.2000122070312,23512.0
2026-07-16 11:35:00,754.1900024414062,754.219970703125,754.0250244140625,754.0499877929688,37180.0
2026-07-16 11:36:00,754.0499877929688,754.0499877929688,753.8400268554688,754.0150146484375,23320.0
2026-07-16 11:37:00,754.0150146484375,754.0999755859375,753.8300170898438,753.8300170898438,74241.0
2026-07-16 11:38:00,753.8499755859375,754.1099853515625,753.8499755859375,754.0599975585938,19529.0
2026-07-16 11:39:00,754.0700073242188,754.4000244140625,754.0700073242188,754.3200073242188,41204.0
2026-07-16 11:40:00,754.3098754882812,754.405029296875,754.1099853515625,754.1099853515625,70798.0
2026-07-16 11:41:00,754.0900268554688,754.1599731445312,753.739990234375,753.739990234375,46490.0
2026-07-16 11:42:00,753.7550048828125,753.9000244140625,753.6699829101562,753.9000244140625,46099.0
2026-07-16 11:43:00,753.9199829101562,753.9500122070312,753.5700073242188,753.5999755859375,22847.0
2026-07-16 11:44:00,753.5700073242188,753.72998046875,753.52001953125,753.6599731445312,39542.0
2026-07-16 11:45:00,753.6599731445312,753.6599731445312,753.3049926757812,753.3300170898438,60326.0
2026-07-16 11:46:00,753.3099975585938,753.4000244140625,753.1199951171875,753.1599731445312,54641.0
2026-07-16 11:47:00,753.1699829101562,753.3699951171875,753.1500244140625,753.1799926757812,34464.0
2026-07-16 11:48:00,753.1900024414062,753.2899780273438,753.1699829101562,753.2849731445312,46825.0
2026-07-16 11:49:00,753.239990234375,753.5399780273438,753.030029296875,753.5399780273438,43866.0
2026-07-16 11:50:00,753.510009765625,753.9400024414062,753.510009765625,753.9299926757812,62847.0
2026-07-16 11:51:00,753.9299926757812,754.0999755859375,753.8900146484375,753.989990234375,32750.0
2026-07-16 11:52:00,753.9400024414062,754.0700073242188,753.8900146484375,753.9000244140625,221607.0
2026-07-16 11:53:00,753.8699951171875,753.989990234375,753.75,753.7899780273438,25511.0
2026-07-16 11:54:00,753.760009765625,753.8599853515625,753.6699829101562,753.7899780273438,19480.0
2026-07-16 11:55:00,753.780029296875,753.780029296875,753.3599853515625,753.4600219726562,45982.0
2026-07-16 11:56:00,753.4600219726562,753.5399780273438,753.3099975585938,753.5399780273438,79832.0
2026-07-16 11:57:00,753.5900268554688,753.7899780273438,753.57568359375,753.6500244140625,30963.0
2026-07-16 11:58:00,753.6599731445312,753.739990234375,753.5349731445312,753.5599975585938,21041.0
2026-07-16 11:59:00,753.5399780273438,753.6300048828125,753.4000244140625,753.5700073242188,25557.0
2026-07-16 12:00:00,753.5999755859375,753.5999755859375,753.260009765625,753.3250122070312,24602.0
2026-07-16 12:01:00,753.3099975585938,753.4600219726562,753.2000122070312,753.27001953125,28693.0
2026-07-16 12:02:00,753.260009765625,753.3099975585938,753.0999755859375,753.1300048828125,25590.0
2026-07-16 12:03:00,753.1400146484375,753.3275146484375,753.0999755859375,753.3099975585938,28461.0
2026-07-16 12:04:00,753.3099975585938,753.3150024414062,752.72998046875,752.75,50998.0
2026-07-16 12:05:00,752.7449951171875,752.7894897460938,752.3599853515625,752.4099731445312,119028.0
2026-07-16 12:06:00,752.4299926757812,752.8800048828125,752.3599853515625,752.760009765625,162363.0
2026-07-16 12:07:00,752.77001953125,753.0499877929688,752.6799926757812,752.780029296875,307931.0
2026-07-16 12:08:00,752.7789916992188,753.02001953125,752.77001953125,752.8300170898438,34430.0
2026-07-16 12:09:00,752.8300170898438,753.030029296875,752.8250122070312,752.8900146484375,19476.0
2026-07-16 12:10:00,752.8900146484375,752.9000244140625,752.5499877929688,752.5700073242188,45042.0
2026-07-16 12:11:00,752.5800170898438,752.6300048828125,752.3250122070312,752.364990234375,74463.0
2026-07-16 12:12:00,752.3610229492188,752.389892578125,752.219970703125,752.219970703125,74435.0
2026-07-16 12:13:00,752.22998046875,752.3599853515625,751.9600219726562,752.280029296875,247127.0
2026-07-16 12:14:00,752.280029296875,752.3150024414062,752.0,752.0399780273438,53728.0
2026-07-16 12:15:00,752.030029296875,752.2000122070312,751.8900146484375,752.2000122070312,84405.0
2026-07-16 12:16:00,752.2000122070312,752.3699951171875,752.0499877929688,752.3582153320312,66083.0
2026-07-16 12:17:00,752.3499755859375,752.3499755859375,752.1400146484375,752.219970703125,38070.0
2026-07-16 12:18:00,752.2100219726562,752.544921875,752.1799926757812,752.510009765625,74956.0
2026-07-16 12:19:00,752.52001953125,752.5399780273438,752.1400146484375,752.219970703125,55767.0
2026-07-16 12:20:00,752.219970703125,752.219970703125,751.739990234375,751.760009765625,133055.0
2026-07-16 12:21:00,751.79248046875,751.9600219726562,751.739990234375,751.8099975585938,67299.0
2026-07-16 12:22:00,751.8099975585938,751.8599853515625,751.5399780273438,751.6099853515625,100381.0
2026-07-16 12:23:00,751.6099853515625,751.780029296875,751.5700073242188,751.6849975585938,102183.0
2026-07-16 12:24:00,751.6799926757812,751.8175048828125,751.5900268554688,751.6599731445312,38864.0
2026-07-16 12:25:00,751.6300048828125,751.719970703125,751.4500122070312,751.7100219726562,52668.0
2026-07-16 12:26:00,751.719970703125,751.9000244140625,751.7039794921875,751.72998046875,22179.0
2026-07-16 12:27:00,751.719970703125,752.1099853515625,751.7100219726562,752.1099853515625,62410.0
2026-07-16 12:28:00,752.1198120117188,752.1198120117188,751.9199829101562,752.02001953125,42801.0
2026-07-16 12:29:00,752.02001953125,752.0499877929688,751.7401123046875,751.9299926757812,19337.0
2026-07-16 12:30:00,751.9400024414062,752.1699829101562,751.9099731445312,752.125,24032.0
2026-07-16 12:31:00,752.0900268554688,752.3499755859375,752.010009765625,752.2899780273438,78790.0
2026-07-16 12:32:00,752.2899780273438,752.5399780273438,752.280029296875,752.5,58475.0
2026-07-16 12:33:00,752.47998046875,752.5150146484375,752.1901245117188,752.239990234375,41491.0
2026-07-16 12:34:00,752.2449951171875,752.2899780273438,752.155029296875,752.1900024414062,19636.0
2026-07-16 12:35:00,752.1900024414062,752.2899780273438,751.969970703125,752.0499877929688,30194.0
2026-07-16 12:36:00,752.0900268554688,752.1099853515625,751.9199829101562,752.0900268554688,31837.0
2026-07-16 12:37:00,752.0499877929688,752.27001953125,752.02001953125,752.2550048828125,18654.0
2026-07-16 12:38:00,752.260009765625,752.3599853515625,752.030029296875,752.22998046875,67762.0
2026-07-16 12:39:00,752.219970703125,752.219970703125,751.8599853515625,751.9000244140625,23339.0
2026-07-16 12:40:00,751.9000244140625,752.0349731445312,751.7999877929688,751.969970703125,140832.0
2026-07-16 12:41:00,752.0,752.219970703125,751.9650268554688,752.0,27278.0
2026-07-16 12:42:00,752.0,752.0,751.780029296875,751.8026123046875,23101.0
2026-07-16 12:43:00,751.8300170898438,751.9299926757812,751.7999877929688,751.8900146484375,28251.0
2026-07-16 12:44:00,751.9000244140625,752.030029296875,751.85498046875,751.969970703125,31830.0
2026-07-16 12:45:00,751.969970703125,752.2064819335938,751.8499755859375,751.8499755859375,43894.0
2026-07-16 12:46:00,751.8599853515625,751.9199829101562,751.5900268554688,751.9099731445312,122579.0
2026-07-16 12:47:00,751.9199829101562,751.9500122070312,751.780029296875,751.8499755859375,25621.0
2026-07-16 12:48:00,751.8200073242188,752.0800170898438,751.7999877929688,752.0,56280.0
2026-07-16 12:49:00,752.0,752.0599975585938,751.9099731445312,752.010009765625,35403.0
2026-07-16 12:50:00,752.010009765625,752.2890014648438,751.8699951171875,752.2000122070312,56443.0
2026-07-16 12:51:00,752.1900024414062,752.530029296875,752.1900024414062,752.4000244140625,52127.0
2026-07-16 12:52:00,752.3900146484375,752.5850219726562,752.3499755859375,752.4550170898438,53728.0
2026-07-16 12:53:00,752.4500122070312,752.6199951171875,752.364990234375,752.5700073242188,34133.0
2026-07-16 12:54:00,752.5800170898438,752.6699829101562,752.469970703125,752.6099853515625,29715.0
2026-07-16 12:55:00,752.5999755859375,752.9600219726562,752.5999755859375,752.8499755859375,74357.0
2026-07-16 12:56:00,752.8599853515625,752.9400024414062,752.780029296875,752.8798828125,42577.0
2026-07-16 12:57:00,752.8699951171875,752.9099731445312,752.72998046875,752.7899780273438,215762.0
2026-07-16 12:58:00,752.760009765625,752.969970703125,752.6199951171875,752.8200073242188,144908.0
2026-07-16 12:59:00,752.8300170898438,752.8800048828125,752.780029296875,752.8599853515625,35609.0
2026-07-16 13:00:00,752.8800048828125,752.9099731445312,752.3200073242188,752.331298828125,101526.0
2026-07-16 13:01:00,752.3408813476562,752.6599731445312,752.3300170898438,752.489990234375,41194.0
2026-07-16 13:02:00,752.510009765625,752.510009765625,752.2000122070312,752.260009765625,31670.0
2026-07-16 13:03:00,752.25,752.6199951171875,752.239990234375,752.469970703125,47764.0
2026-07-16 13:04:00,752.4400024414062,752.7000122070312,752.3800048828125,752.5999755859375,38068.0
2026-07-16 13:05:00,752.5800170898438,752.6400146484375,752.3099975585938,752.469970703125,24263.0
2026-07-16 13:06:00,752.4600219726562,752.469970703125,752.2000122070312,752.4000244140625,25270.0
2026-07-16 13:07:00,752.3900146484375,752.5700073242188,752.3800048828125,752.469970703125,41864.0
2026-07-16 13:08:00,752.4450073242188,752.8200073242188,752.4400024414062,752.739990234375,71728.0
2026-07-16 13:09:00,752.760009765625,752.7999877929688,752.60498046875,752.7000122070312,34904.0
2026-07-16 13:10:00,752.6699829101562,752.780029296875,752.6099853515625,752.635009765625,11806.0
2026-07-16 13:11:00,752.6400146484375,752.72998046875,752.4099731445312,752.4500122070312,66280.0
2026-07-16 13:12:00,752.4500122070312,752.5349731445312,752.3699951171875,752.4600219726562,34515.0
2026-07-16 13:13:00,752.4598999023438,752.5999755859375,752.3400268554688,752.3900146484375,22602.0
2026-07-16 13:14:00,752.3800048828125,752.385009765625,752.1300048828125,752.1900024414062,62174.0
2026-07-16 13:15:00,752.1900024414062,752.530029296875,752.1400146484375,752.4199829101562,38382.0
2026-07-16 13:16:00,752.4249877929688,752.4249877929688,752.1500244140625,752.2999877929688,34699.0
2026-07-16 13:17:00,752.2999877929688,752.3099975585938,752.1099853515625,752.1900024414062,20965.0
2026-07-16 13:18:00,752.1799926757812,752.3200073242188,752.1699829101562,752.3099975585938,30706.0
2026-07-16 13:19:00,752.3200073242188,752.469970703125,752.3200073242188,752.4199829101562,21618.0
2026-07-16 13:20:00,752.4000244140625,752.52001953125,752.219970703125,752.239990234375,769664.0
2026-07-16 13:21:00,752.239990234375,752.3198852539062,752.1599731445312,752.239990234375,20711.0
2026-07-16 13:22:00,752.2150268554688,752.22998046875,752.10498046875,752.1300048828125,48869.0
2026-07-16 13:23:00,752.1500244140625,752.1900024414062,752.0549926757812,752.0900268554688,33097.0
2026-07-16 13:24:00,752.0800170898438,752.22998046875,752.0399780273438,752.0399780273438,31546.0
2026-07-16 13:25:00,752.0499877929688,752.1599731445312,752.030029296875,752.1500244140625,25836.0
2026-07-16 13:26:00,752.135009765625,752.47998046875,752.0599975585938,752.4500122070312,32617.0
2026-07-16 13:27:00,752.4099731445312,752.6300048828125,752.3505249023438,752.61962890625,32174.0
2026-07-16 13:28:00,752.5499877929688,752.8499755859375,752.5399780273438,752.7249755859375,53531.0
2026-07-16 13:29:00,752.75,752.7999877929688,752.5750122070312,752.7050170898438,35296.0
2026-07-16 13:30:00,752.7100219726562,752.8099975585938,752.6699829101562,752.719970703125,21609.0
2026-07-16 13:31:00,752.72998046875,752.7750244140625,752.5800170898438,752.6799926757812,25998.0
2026-07-16 13:32:00,752.719970703125,752.8099975585938,752.5900268554688,752.5900268554688,19312.0
2026-07-16 13:33:00,752.5999755859375,752.6199951171875,752.1900024414062,752.1950073242188,41268.0
2026-07-16 13:34:00,752.1950073242188,752.2100219726562,752.0399169921875,752.1099853515625,39757.0
2026-07-16 13:35:00,752.1199951171875,752.1500244140625,752.010009765625,752.0399780273438,13450.0
2026-07-16 13:36:00,752.0499877929688,752.2001953125,752.0399780273438,752.0900268554688,42807.0
2026-07-16 13:37:00,752.0900268554688,752.1099853515625,751.8200073242188,751.8400268554688,35506.0
2026-07-16 13:38:00,751.8499755859375,751.969970703125,751.6900024414062,751.780029296875,183026.0
2026-07-16 13:39:00,751.780029296875,751.780029296875,751.5399780273438,751.6500244140625,103064.0
2026-07-16 13:40:00,751.6400146484375,751.6400146484375,751.3099975585938,751.3800048828125,319311.0
2026-07-16 13:41:00,751.385009765625,751.4412231445312,751.17041015625,751.280029296875,69521.0
2026-07-16 13:42:00,751.27001953125,751.510009765625,751.1749877929688,751.27001953125,169597.0
2026-07-16 13:43:00,751.280029296875,751.2899780273438,751.0999755859375,751.2449951171875,63681.0
2026-07-16 13:44:00,751.239990234375,751.4199829101562,751.239990234375,751.4199829101562,42214.0
2026-07-16 13:45:00,751.4299926757812,751.4299926757812,751.0800170898438,751.1799926757812,47860.0
2026-07-16 13:46:00,751.1799926757812,751.4400024414062,751.0850219726562,751.4299926757812,59884.0
2026-07-16 13:47:00,751.4400024414062,751.7000122070312,751.4299926757812,751.6199951171875,63348.0
2026-07-16 13:48:00,751.5700073242188,751.75,751.4600219726562,751.75,143315.0
2026-07-16 13:49:00,751.760009765625,751.8900146484375,751.6599731445312,751.6799926757812,31286.0
2026-07-16 13:50:00,751.6950073242188,751.760009765625,751.5999755859375,751.6599731445312,19005.0
2026-07-16 13:51:00,751.6400146484375,751.6900024414062,751.5599975585938,751.5700073242188,19863.0
2026-07-16 13:52:00,751.5599975585938,751.5599975585938,751.3699951171875,751.4400024414062,31347.0
2026-07-16 13:53:00,751.4299926757812,751.7999877929688,751.4199829101562,751.780029296875,35563.0
2026-07-16 13:54:00,751.77001953125,751.8900146484375,751.5650024414062,751.5800170898438,48392.0
2026-07-16 13:55:00,751.5700073242188,751.5800170898438,751.260009765625,751.2899780273438,40321.0
2026-07-16 13:56:00,751.2999877929688,751.3300170898438,751.1099853515625,751.2899780273438,25430.0
2026-07-16 13:57:00,751.27001953125,751.2999877929688,751.0850219726562,751.1199951171875,43291.0
2026-07-16 13:58:00,751.125,751.3200073242188,751.1199951171875,751.260009765625,37757.0
2026-07-16 13:59:00,751.260009765625,751.3900146484375,751.219970703125,751.3099975585938,50954.0
2026-07-16 14:00:00,751.3300170898438,751.47998046875,751.1099853515625,751.4199829101562,78272.0
2026-07-16 14:01:00,751.4400024414062,751.47998046875,751.260009765625,751.3099975585938,32423.0
2026-07-16 14:02:00,751.3099975585938,751.3350219726562,751.0800170898438,751.1699829101562,38644.0
2026-07-16 14:03:00,751.1599731445312,751.1749877929688,751.0,751.0650024414062,101555.0
2026-07-16 14:04:00,751.0599975585938,751.1699829101562,750.8900146484375,750.8900146484375,47355.0
2026-07-16 14:05:00,750.9000244140625,750.9199829101562,750.719970703125,750.7899780273438,63996.0
2026-07-16 14:06:00,750.77001953125,750.9199829101562,750.7349853515625,750.8499755859375,92710.0
2026-07-16 14:07:00,750.8566284179688,750.9450073242188,750.5,750.6749877929688,110651.0
2026-07-16 14:08:00,750.6699829101562,750.8499755859375,750.4600219726562,750.72998046875,219948.0
2026-07-16 14:09:00,750.7349853515625,750.9000854492188,750.6300048828125,750.739990234375,62300.0
2026-07-16 14:10:00,750.739990234375,751.1199951171875,750.719970703125,750.9501953125,80253.0
2026-07-16 14:11:00,750.969970703125,751.4500122070312,750.9500122070312,751.219970703125,125899.0
2026-07-16 14:12:00,751.219970703125,751.3900146484375,751.0050048828125,751.02001953125,51511.0
2026-07-16 14:13:00,751.010009765625,751.125,750.930908203125,751.1199951171875,85871.0
2026-07-16 14:14:00,751.1300048828125,751.1900024414062,750.7100219726562,750.72998046875,82898.0
2026-07-16 14:15:00,750.7000122070312,750.719970703125,750.4600219726562,750.6500244140625,179529.0
2026-07-16 14:16:00,750.6599731445312,751.3200073242188,750.6500244140625,751.3098754882812,71886.0
2026-07-16 14:17:00,751.2999877929688,751.3400268554688,751.219970703125,751.25,68209.0
2026-07-16 14:18:00,751.260009765625,751.2999877929688,751.0999755859375,751.135009765625,59818.0
2026-07-16 14:19:00,751.1300048828125,751.2899780273438,751.0900268554688,751.2000122070312,48216.0
2026-07-16 14:20:00,751.1900024414062,751.47998046875,751.1400146484375,751.3599243164062,101889.0
2026-07-16 14:21:00,751.3599853515625,751.6300048828125,751.3300170898438,751.5900268554688,62595.0
2026-07-16 14:22:00,751.5700073242188,751.7100219726562,751.510009765625,751.5499877929688,56107.0
2026-07-16 14:23:00,751.5599975585938,751.5800170898438,751.2409057617188,751.375,61014.0
2026-07-16 14:24:00,751.3800048828125,751.47998046875,751.2999877929688,751.3400268554688,55907.0
2026-07-16 14:25:00,751.3599853515625,751.5,751.1099853515625,751.1199951171875,32467.0
2026-07-16 14:26:00,751.1099853515625,751.4000244140625,751.0300903320312,751.3300170898438,175933.0
2026-07-16 14:27:00,751.3400268554688,751.4299926757812,751.1500244140625,751.1900024414062,39384.0
2026-07-16 14:28:00,751.1900024414062,751.3800048828125,751.0700073242188,751.0999755859375,59156.0
2026-07-16 14:29:00,751.0800170898438,751.10498046875,750.8699951171875,750.9099731445312,82958.0
2026-07-16 14:30:00,750.9199829101562,750.9299926757812,750.6099853515625,750.75,43872.0
2026-07-16 14:31:00,750.760009765625,750.780029296875,750.6104736328125,750.6799926757812,37469.0
2026-07-16 14:32:00,750.6699829101562,750.8200073242188,750.5999755859375,750.6300048828125,67124.0
2026-07-16 14:33:00,750.6099853515625,750.780029296875,750.5499877929688,750.655029296875,25024.0
2026-07-16 14:34:00,750.6799926757812,750.7899780273438,750.5700073242188,750.719970703125,35036.0
2026-07-16 14:35:00,750.6799926757812,750.6799926757812,750.5349731445312,750.6400146484375,50223.0
2026-07-16 14:36:00,750.6400146484375,750.6500244140625,750.3499755859375,750.4400024414062,68258.0
2026-07-16 14:37:00,750.4299926757812,750.6300048828125,750.3800048828125,750.510009765625,41497.0
2026-07-16 14:38:00,750.5,750.6400146484375,750.489990234375,750.5999755859375,42175.0
2026-07-16 14:39:00,750.5999755859375,750.6199951171875,750.3599853515625,750.3599853515625,60565.0
2026-07-16 14:40:00,750.3599853515625,750.4299926757812,749.9199829101562,750.0750122070312,261196.0
2026-07-16 14:41:00,750.0650024414062,750.2100219726562,750.030029296875,750.1900024414062,47530.0
2026-07-16 14:42:00,750.2100219726562,750.4400024414062,750.0700073242188,750.4390258789062,83633.0
2026-07-16 14:43:00,750.4400024414062,750.7000122070312,750.4299926757812,750.52001953125,80898.0
2026-07-16 14:44:00,750.52001953125,750.6849975585938,750.4299926757812,750.52001953125,41783.0
2026-07-16 14:45:00,750.5,750.72998046875,750.2999877929688,750.5599975585938,47971.0
2026-07-16 14:46:00,750.5900268554688,750.7000122070312,750.5,750.6099853515625,50043.0
2026-07-16 14:47:00,750.6300048828125,750.75,750.530029296875,750.6400146484375,38633.0
2026-07-16 14:48:00,750.6199951171875,750.8499755859375,750.6199951171875,750.8499755859375,41318.0
2026-07-16 14:49:00,750.8400268554688,750.9000244140625,750.719970703125,750.77001953125,108225.0
2026-07-16 14:50:00,750.760009765625,750.9299926757812,750.6900024414062,750.8900146484375,40226.0
2026-07-16 14:51:00,750.8900146484375,750.9099731445312,750.6900024414062,750.6900024414062,34719.0
2026-07-16 14:52:00,750.7100219726562,750.7130737304688,750.3800048828125,750.4299926757812,60322.0
2026-07-16 14:53:00,750.4349975585938,750.469970703125,750.260009765625,750.3900146484375,83034.0
2026-07-16 14:54:00,750.4000244140625,750.4299926757812,750.219970703125,750.219970703125,45771.0
2026-07-16 14:55:00,750.219970703125,750.27001953125,750.1099853515625,750.1599731445312,330032.0
2026-07-16 14:56:00,750.1699829101562,750.4299926757812,750.1400146484375,750.3200073242188,105703.0
2026-07-16 14:57:00,750.3300170898438,750.47998046875,750.1799926757812,750.2100219726562,92818.0
2026-07-16 14:58:00,750.1900024414062,750.4099731445312,750.1699829101562,750.4099731445312,33651.0
2026-07-16 14:59:00,750.3900146484375,750.3900146484375,750.219970703125,750.22998046875,34915.0
2026-07-16 15:00:00,750.219970703125,750.4299926757812,750.0900268554688,750.4299926757812,70715.0
2026-07-16 15:01:00,750.4199829101562,750.4299926757812,750.1500244140625,750.3200073242188,43190.0
2026-07-16 15:02:00,750.3099975585938,750.7000122070312,750.2899780273438,750.5700073242188,43122.0
2026-07-16 15:03:00,750.5599975585938,750.6500244140625,750.3900146484375,750.5750122070312,102386.0
2026-07-16 15:04:00,750.5599975585938,750.6900024414062,750.4500122070312,750.530029296875,38419.0
2026-07-16 15:05:00,750.510009765625,750.6799926757812,750.3699951171875,750.6599731445312,42503.0
2026-07-16 15:06:00,750.6500244140625,750.6799926757812,750.260009765625,750.2999877929688,54148.0
2026-07-16 15:07:00,750.2999877929688,750.3300170898438,749.9199829101562,750.0,152054.0
2026-07-16 15:08:00,750.0,750.0800170898438,749.8300170898438,749.9299926757812,63398.0
2026-07-16 15:09:00,749.9199829101562,749.9299926757812,749.760009765625,749.77001953125,81603.0
2026-07-16 15:10:00,749.75,749.8499755859375,749.614990234375,749.7100219726562,69565.0
2026-07-16 15:11:00,749.7150268554688,749.8300170898438,749.6500244140625,749.6599731445312,83591.0
2026-07-16 15:12:00,749.6799926757812,749.7000122070312,749.5800170898438,749.6199951171875,65096.0
2026-07-16 15:13:00,749.6300048828125,749.77001953125,749.5800170898438,749.6500244140625,79183.0
2026-07-16 15:14:00,749.6699829101562,749.77001953125,749.6300048828125,749.760009765625,58332.0
2026-07-16 15:15:00,749.739990234375,749.739990234375,749.5704956054688,749.6900024414062,86511.0
2026-07-16 15:16:00,749.6900024414062,749.8800048828125,749.6699829101562,749.77001953125,102290.0
2026-07-16 15:17:00,749.77001953125,749.8300170898438,749.4600219726562,749.5,178432.0
2026-07-16 15:18:00,749.47998046875,749.75,749.4000854492188,749.719970703125,168101.0
2026-07-16 15:19:00,749.7100219726562,749.7999877929688,749.6300048828125,749.760009765625,166664.0
2026-07-16 15:20:00,749.760009765625,749.8900146484375,749.7000122070312,749.719970703125,183198.0
2026-07-16 15:21:00,749.7100219726562,749.97998046875,749.6599731445312,749.9500122070312,107672.0
2026-07-16 15:22:00,749.9600219726562,750.010009765625,749.6900024414062,749.72998046875,264796.0
2026-07-16 15:23:00,749.72998046875,749.760009765625,749.5650024414062,749.5999755859375,193066.0
2026-07-16 15:24:00,749.5800170898438,749.6199951171875,749.5,749.510009765625,164429.0
2026-07-16 15:25:00,749.5150146484375,749.6300048828125,749.2899780273438,749.3200073242188,170656.0
2026-07-16 15:26:00,749.3200073242188,749.3300170898438,748.969970703125,748.9849853515625,141357.0
2026-07-16 15:27:00,748.969970703125,749.090087890625,748.8599853515625,749.0150146484375,102117.0
2026-07-16 15:28:00,749.0399780273438,749.2000122070312,749.0,749.1699829101562,106456.0
2026-07-16 15:29:00,749.1699829101562,749.3099975585938,749.0599975585938,749.0999755859375,112041.0
2026-07-16 15:30:00,749.0800170898438,749.1599731445312,748.8200073242188,748.9400024414062,164163.0
2026-07-16 15:31:00,748.9400024414062,748.9600219726562,748.5599975585938,748.5800170898438,127165.0
2026-07-16 15:32:00,748.5800170898438,748.8400268554688,748.4299926757812,748.7999877929688,128448.0
2026-07-16 15:33:00,748.8049926757812,748.8699951171875,748.6599731445312,748.8021240234375,154228.0
2026-07-16 15:34:00,748.8200073242188,748.8499755859375,748.6699829101562,748.6900024414062,177211.0
2026-07-16 15:35:00,748.6799926757812,748.8200073242188,748.510009765625,748.5399169921875,152191.0
2026-07-16 15:36:00,748.52001953125,748.6699829101562,748.469970703125,748.4802856445312,97823.0
2026-07-16 15:37:00,748.47998046875,748.739990234375,748.4000244140625,748.72998046875,111130.0
2026-07-16 15:38:00,748.719970703125,749.030029296875,748.6900024414062,749.010009765625,160094.0
2026-07-16 15:39:00,749.010009765625,749.1500244140625,748.97998046875,749.030029296875,105290.0
2026-07-16 15:40:00,749.02001953125,749.02001953125,748.719970703125,748.9299926757812,569305.0
2026-07-16 15:41:00,748.9099731445312,749.1599731445312,748.9099731445312,749.010009765625,406802.0
2026-07-16 15:42:00,749.0150146484375,749.1199951171875,748.9000244140625,749.0549926757812,167589.0
2026-07-16 15:43:00,749.0499877929688,749.0900268554688,748.8300170898438,748.8499755859375,244358.0
2026-07-16 15:44:00,748.8499755859375,748.8699951171875,748.47998046875,748.52001953125,419868.0
2026-07-16 15:45:00,748.510009765625,748.6300048828125,748.260009765625,748.5549926757812,313088.0
2026-07-16 15:46:00,748.5599975585938,748.6099853515625,748.2999877929688,748.3499755859375,406681.0
2026-07-16 15:47:00,748.3499755859375,748.489990234375,748.260009765625,748.260009765625,298167.0
2026-07-16 15:48:00,748.260009765625,748.2650146484375,748.030029296875,748.0800170898438,288555.0
2026-07-16 15:49:00,748.0800170898438,748.219970703125,747.8800048828125,748.2100219726562,212758.0
2026-07-16 15:50:00,748.2100219726562,749.1400146484375,748.1900024414062,749.010009765625,832680.0
2026-07-16 15:51:00,749.0,749.530029296875,748.9500122070312,749.47998046875,601563.0
2026-07-16 15:52:00,749.489990234375,749.72998046875,749.3800048828125,749.6199951171875,467914.0
2026-07-16 15:53:00,749.6300048828125,749.8699951171875,749.530029296875,749.780029296875,391096.0
2026-07-16 15:54:00,749.780029296875,750.0499877929688,749.6599731445312,749.97998046875,471175.0
2026-07-16 15:55:00,749.989990234375,750.5599975585938,749.989990234375,750.4099731445312,560220.0
2026-07-16 15:56:00,750.4099731445312,750.4099731445312,750.1199951171875,750.3499755859375,806906.0
2026-07-16 15:57:00,750.3400268554688,750.4500122070312,750.0800170898438,750.2100219726562,596447.0
2026-07-16 15:58:00,750.219970703125,750.510009765625,750.1400146484375,750.510009765625,632880.0
2026-07-16 15:59:00,750.489990234375,751.0399780273438,750.469970703125,750.760009765625,1037587.0
2026-07-17 09:30:00,742.0800170898438,742.510009765625,741.7999877929688,742.3519287109375,2309011.0
2026-07-17 09:31:00,742.3599853515625,742.6199951171875,742.0999755859375,742.510009765625,448343.0
2026-07-17 09:32:00,742.530029296875,742.5599975585938,741.8400268554688,741.8499755859375,432921.0
2026-07-17 09:33:00,741.8699951171875,742.0,741.280029296875,741.3200073242188,241059.0
2026-07-17 09:34:00,741.3300170898438,741.4400024414062,741.010009765625,741.032470703125,214679.0
2026-07-17 09:35:00,741.0399780273438,741.3300170898438,740.7999877929688,740.8900146484375,242101.0
2026-07-17 09:36:00,740.8900146484375,741.4500122070312,740.8699951171875,741.0,502507.0
2026-07-17 09:37:00,741.0,741.25,740.8900146484375,741.2000122070312,240569.0
2026-07-17 09:38:00,741.2100219726562,741.530029296875,740.989990234375,741.2100219726562,231994.0
2026-07-17 09:39:00,741.219970703125,741.6599731445312,741.1699829101562,741.52001953125,1037112.0
2026-07-17 09:40:00,741.5,742.289306640625,741.3900146484375,741.8699951171875,316764.0
2026-07-17 09:41:00,741.8900146484375,742.6699829101562,741.8300170898438,742.1400146484375,225982.0
2026-07-17 09:42:00,742.1599731445312,742.25,741.3400268554688,741.364990234375,315985.0
2026-07-17 09:43:00,741.364990234375,741.5599975585938,741.1799926757812,741.2349853515625,167763.0
2026-07-17 09:44:00,741.239990234375,741.25,740.840087890625,741.0349731445312,258637.0
2026-07-17 09:45:00,741.0499877929688,742.0499877929688,740.9500122070312,741.9400024414062,288356.0
2026-07-17 09:46:00,741.9199829101562,742.4099731445312,741.8900146484375,741.8900146484375,190217.0
2026-07-17 09:47:00,741.8699951171875,742.7150268554688,741.6900024414062,742.6799926757812,168938.0
2026-07-17 09:48:00,742.6699829101562,743.1300048828125,742.6300048828125,743.0349731445312,230227.0
2026-07-17 09:49:00,743.02001953125,743.1400146484375,742.6699829101562,743.030029296875,172584.0
2026-07-17 09:50:00,743.010009765625,743.3300170898438,743.0,743.2000122070312,112464.0
2026-07-17 09:51:00,743.2100219726562,743.5,743.0,743.0999755859375,126567.0
2026-07-17 09:52:00,743.1099853515625,743.719970703125,743.030029296875,743.52001953125,145002.0
2026-07-17 09:53:00,743.510009765625,744.0499877929688,743.4199829101562,743.9849853515625,111326.0
2026-07-17 09:54:00,744.0150146484375,744.2000122070312,743.8400268554688,743.88671875,145116.0
2026-07-17 09:55:00,743.8800048828125,744.3699951171875,743.5999755859375,744.0800170898438,136173.0
2026-07-17 09:56:00,744.0399780273438,744.2999877929688,743.885009765625,744.0599975585938,148739.0
2026-07-17 09:57:00,744.0800170898438,744.4650268554688,743.9500122070312,744.3499755859375,124074.0
2026-07-17 09:58:00,744.3499755859375,744.8099975585938,744.3499755859375,744.7650146484375,179731.0
2026-07-17 09:59:00,744.760009765625,744.8300170898438,744.5999755859375,744.8101196289062,119210.0
2026-07-17 10:00:00,744.8099975585938,745.6099853515625,744.6701049804688,745.5999755859375,172130.0
2026-07-17 10:01:00,745.5700073242188,745.6699829101562,745.1599731445312,745.219970703125,162003.0
2026-07-17 10:02:00,745.2249755859375,745.6699829101562,745.1900024414062,745.489990234375,142523.0
2026-07-17 10:03:00,745.52001953125,745.7725219726562,745.3101196289062,745.4299926757812,141100.0
2026-07-17 10:04:00,745.4099731445312,745.635009765625,745.25,745.3400268554688,181998.0
2026-07-17 10:05:00,745.3200073242188,746.1400146484375,745.2999877929688,745.77001953125,195341.0
2026-07-17 10:06:00,745.719970703125,746.4600219726562,745.7000122070312,746.27001953125,130966.0
2026-07-17 10:07:00,746.25,746.375,745.969970703125,746.0700073242188,129191.0
2026-07-17 10:08:00,746.0700073242188,746.3499755859375,746.030029296875,746.1699829101562,90150.0
2026-07-17 10:09:00,746.155029296875,746.4000244140625,745.9450073242188,746.3200073242188,166643.0
2026-07-17 10:10:00,746.3200073242188,746.7999877929688,746.2999877929688,746.6099853515625,127343.0
2026-07-17 10:11:00,746.6500244140625,746.739990234375,746.469970703125,746.5900268554688,85247.0
2026-07-17 10:12:00,746.5999755859375,746.6900024414062,746.2100219726562,746.3099975585938,218566.0
2026-07-17 10:13:00,746.3300170898438,746.5,746.0499877929688,746.1799926757812,124240.0
2026-07-17 10:14:00,746.1699829101562,746.3599853515625,745.9099731445312,746.280029296875,233170.0
2026-07-17 10:15:00,746.2661743164062,747.0399780273438,746.1699829101562,746.9400024414062,260850.0
2026-07-17 10:16:00,746.9450073242188,747.010009765625,746.5599975585938,746.85498046875,137520.0
2026-07-17 10:17:00,746.8699951171875,747.2899780273438,746.760009765625,746.760009765625,169373.0
2026-07-17 10:18:00,746.77001953125,746.8900146484375,746.6199951171875,746.8400268554688,78074.0
2026-07-17 10:19:00,746.8300170898438,746.8699951171875,746.4849853515625,746.5700073242188,76143.0
2026-07-17 10:20:00,746.564208984375,746.72998046875,746.27001953125,746.27001953125,98980.0
2026-07-17 10:21:00,746.27001953125,746.6799926757812,746.2100219726562,746.5800170898438,182030.0
2026-07-17 10:22:00,746.5999755859375,746.839111328125,746.3300170898438,746.7000122070312,102243.0
2026-07-17 10:23:00,746.6799926757812,746.780029296875,746.4400024414062,746.5800170898438,93906.0
2026-07-17 10:24:00,746.6099853515625,747.0599975585938,746.5999755859375,746.8699951171875,87687.0
2026-07-17 10:25:00,746.8699951171875,747.2100219726562,746.8200073242188,746.9099731445312,76006.0
2026-07-17 10:26:00,746.89501953125,746.9099731445312,746.6950073242188,746.77001953125,104650.0
2026-07-17 10:27:00,746.75,747.02001953125,746.5900268554688,746.780029296875,78162.0
2026-07-17 10:28:00,746.77001953125,746.7999877929688,746.3900146484375,746.47998046875,2067321.0
2026-07-17 10:29:00,746.469970703125,746.469970703125,746.1699829101562,746.3350219726562,73021.0
2026-07-17 10:30:00,746.3400268554688,746.52001953125,746.1699829101562,746.4400024414062,97800.0
2026-07-17 10:31:00,746.4299926757812,746.5999755859375,746.1099853515625,746.1199951171875,107421.0
2026-07-17 10:32:00,746.1099853515625,746.1799926757812,745.75,745.760009765625,81991.0
2026-07-17 10:33:00,745.75,746.0900268554688,745.5999755859375,745.77001953125,171232.0
2026-07-17 10:34:00,745.7999877929688,746.3201293945312,745.77001953125,745.989990234375,117692.0
2026-07-17 10:35:00,745.9949951171875,746.47998046875,745.7337036132812,746.4400024414062,116467.0
2026-07-17 10:36:00,746.4299926757812,746.719970703125,746.2999877929688,746.4650268554688,84393.0
2026-07-17 10:37:00,746.4000244140625,746.5999755859375,746.1900024414062,746.3400268554688,68096.0
2026-07-17 10:38:00,746.3200073242188,746.7899780273438,746.3200073242188,746.5599975585938,111821.0
2026-07-17 10:39:00,746.5599975585938,746.72998046875,746.4299926757812,746.72998046875,97643.0
2026-07-17 10:40:00,746.719970703125,746.7750244140625,746.3900146484375,746.4400024414062,48772.0
2026-07-17 10:41:00,746.4500122070312,746.655029296875,746.3400268554688,746.4400024414062,74078.0
2026-07-17 10:42:00,746.469970703125,746.5999755859375,746.0999755859375,746.239990234375,133110.0
2026-07-17 10:43:00,746.260009765625,746.260009765625,745.780029296875,745.8200073242188,75700.0
2026-07-17 10:44:00,745.780029296875,746.02001953125,745.75,745.8800048828125,179014.0
2026-07-17 10:45:00,745.8599853515625,745.9650268554688,745.6599731445312,745.7899780273438,74667.0
2026-07-17 10:46:00,745.7949829101562,745.8099975585938,745.260009765625,745.8099975585938,120922.0
2026-07-17 10:47:00,745.8200073242188,746.5900268554688,745.760009765625,746.4000244140625,146118.0
2026-07-17 10:48:00,746.3800048828125,746.469970703125,745.8099975585938,745.8699951171875,100548.0
2026-07-17 10:49:00,745.8900146484375,746.0,745.6699829101562,745.6849975585938,302159.0
2026-07-17 10:50:00,745.6900024414062,745.8099975585938,745.4600219726562,745.6699829101562,61586.0
2026-07-17 10:51:00,745.6799926757812,745.6799926757812,745.22998046875,745.25,51334.0
2026-07-17 10:52:00,745.2000122070312,745.8300170898438,745.2000122070312,745.4400024414062,66312.0
2026-07-17 10:53:00,745.4099731445312,745.469970703125,745.22998046875,745.2999877929688,67160.0
2026-07-17 10:54:00,745.2899780273438,745.4342041015625,745.2100219726562,745.4199829101562,68291.0
2026-07-17 10:55:00,745.3900146484375,746.1900024414062,745.3699951171875,746.0999755859375,130775.0
2026-07-17 10:56:00,746.0900268554688,746.1400146484375,745.3599853515625,745.4600219726562,57968.0
2026-07-17 10:57:00,745.469970703125,745.77001953125,745.4149780273438,745.4149780273438,42692.0
2026-07-17 10:58:00,745.4246826171875,745.469970703125,744.8499755859375,744.919921875,101424.0
2026-07-17 10:59:00,744.9199829101562,745.0800170898438,744.8800048828125,745.0499877929688,84140.0
2026-07-17 11:00:00,745.0499877929688,745.2235107421875,744.5850219726562,744.6199951171875,266882.0
2026-07-17 11:01:00,744.6199951171875,744.6900024414062,744.3099975585938,744.5499877929688,122859.0
2026-07-17 11:02:00,744.530029296875,744.6950073242188,744.3699951171875,744.5800170898438,96142.0
2026-07-17 11:03:00,744.5650024414062,744.5900268554688,744.219970703125,744.2310791015625,210437.0
2026-07-17 11:04:00,744.239990234375,744.4000244140625,744.1400146484375,744.22998046875,136514.0
2026-07-17 11:05:00,744.22998046875,744.6300048828125,744.1484985351562,744.5750122070312,144650.0
2026-07-17 11:06:00,744.5399780273438,744.5900268554688,744.22998046875,744.489990234375,48216.0
2026-07-17 11:07:00,744.47998046875,744.9000244140625,744.260009765625,744.4349975585938,73750.0
2026-07-17 11:08:00,744.4500122070312,744.989990234375,744.4500122070312,744.9299926757812,74639.0
2026-07-17 11:09:00,744.905029296875,745.010009765625,744.5900268554688,744.8699951171875,52236.0
2026-07-17 11:10:00,744.8800048828125,745.2100219726562,744.4891967773438,744.5791015625,62764.0
2026-07-17 11:11:00,744.5599975585938,744.6500244140625,744.280029296875,744.3300170898438,44841.0
2026-07-17 11:12:00,744.3300170898438,744.6900024414062,744.219970703125,744.4000244140625,57743.0
2026-07-17 11:13:00,744.4199829101562,744.5499877929688,744.1500244140625,744.1799926757812,171498.0
2026-07-17 11:14:00,744.1799926757812,744.3699951171875,744.1099853515625,744.3200073242188,57690.0
2026-07-17 11:15:00,744.3599853515625,744.4099731445312,744.0499877929688,744.0499877929688,48888.0
2026-07-17 11:16:00,744.0800170898438,744.2899780273438,743.9920043945312,744.0999755859375,59341.0
2026-07-17 11:17:00,744.1300048828125,744.219970703125,743.97998046875,744.1599731445312,65190.0
2026-07-17 11:18:00,744.0999755859375,744.5399780273438,743.97998046875,744.5,202575.0
2026-07-17 11:19:00,744.510009765625,744.8499755859375,744.4099731445312,744.5399780273438,71464.0
2026-07-17 11:20:00,744.5499877929688,744.5700073242188,744.0399780273438,744.5599975585938,39963.0
2026-07-17 11:21:00,744.5499877929688,744.760009765625,744.4400024414062,744.6300048828125,306377.0
2026-07-17 11:22:00,744.6300048828125,744.8900146484375,744.3900146484375,744.7100219726562,37350.0
2026-07-17 11:23:00,744.7100219726562,744.9000244140625,744.1799926757812,744.1807250976562,29974.0
2026-07-17 11:24:00,744.1699829101562,744.3200073242188,743.9600219726562,744.2908935546875,82605.0
2026-07-17 11:25:00,744.3099975585938,744.8300170898438,744.280029296875,744.780029296875,60327.0
2026-07-17 11:26:00,744.77001953125,745.0599975585938,744.7100219726562,744.9600219726562,109250.0
2026-07-17 11:27:00,744.9849853515625,745.1799926757812,744.8400268554688,744.97998046875,48985.0
2026-07-17 11:28:00,744.9400024414062,745.3400268554688,744.9000854492188,745.1799926757812,49791.0
2026-07-17 11:29:00,745.1699829101562,745.5700073242188,745.1199951171875,745.4450073242188,64488.0
2026-07-17 11:30:00,745.4400024414062,745.9000244140625,745.260009765625,745.8400268554688,459234.0
2026-07-17 11:31:00,745.8599853515625,745.8900146484375,745.5399780273438,745.5999755859375,50928.0
2026-07-17 11:32:00,745.5999755859375,745.77001953125,744.8599853515625,745.6900024414062,198907.0
2026-07-17 11:33:00,745.6599731445312,745.8200073242188,745.4500122070312,745.489990234375,50744.0
2026-07-17 11:34:00,745.4500122070312,745.469970703125,744.9000244140625,745.0399780273438,51381.0
2026-07-17 11:35:00,745.010009765625,745.02001953125,744.4401245117188,744.75,67465.0
2026-07-17 11:36:00,744.7498779296875,745.0789794921875,744.6400146484375,744.9099731445312,79940.0
2026-07-17 11:37:00,744.885009765625,745.280029296875,744.8300170898438,745.1300048828125,72209.0
2026-07-17 11:38:00,745.1300048828125,745.7000122070312,744.8599853515625,745.6400146484375,58448.0
2026-07-17 11:39:00,745.6400146484375,745.77001953125,745.4600219726562,745.6599731445312,67484.0
2026-07-17 11:40:00,745.6400146484375,745.9000244140625,745.5700073242188,745.6400146484375,89730.0
2026-07-17 11:41:00,745.6500244140625,745.6500244140625,745.1500244140625,745.3200073242188,113832.0
2026-07-17 11:42:00,745.3250122070312,745.5,745.02001953125,745.22998046875,32989.0
2026-07-17 11:43:00,745.2128295898438,745.3800048828125,744.97998046875,745.1799926757812,40938.0
2026-07-17 11:44:00,745.1799926757812,745.5399780273438,745.0499877929688,745.5,37165.0
2026-07-17 11:45:00,745.489990234375,745.52001953125,745.010009765625,745.0499877929688,123618.0
2026-07-17 11:46:00,745.0399780273438,745.4249877929688,744.8099975585938,745.4124755859375,170759.0
2026-07-17 11:47:00,745.3900146484375,745.5700073242188,745.3800048828125,745.5599975585938,47444.0
2026-07-17 11:48:00,745.5599975585938,745.6099853515625,745.219970703125,745.239990234375,126196.0
2026-07-17 11:49:00,745.2449951171875,745.5999755859375,745.22998046875,745.5709838867188,37197.0
2026-07-17 11:50:00,745.5800170898438,745.5800170898438,745.1699829101562,745.2349853515625,44310.0
2026-07-17 11:51:00,745.239990234375,745.5150146484375,745.2100219726562,745.3300170898438,40242.0
2026-07-17 11:52:00,745.3699951171875,745.4431762695312,745.2100219726562,745.4299926757812,43978.0
2026-07-17 11:53:00,745.4400024414062,745.5900268554688,745.3300170898438,745.511474609375,43557.0
2026-07-17 11:54:00,745.5499877929688,746.0908813476562,745.5399780273438,746.0908813476562,73054.0
2026-07-17 11:55:00,746.0900268554688,746.4400024414062,746.0018920898438,746.4099731445312,89356.0
2026-07-17 11:56:00,746.4500122070312,746.5596923828125,746.3400268554688,746.5050048828125,74539.0
2026-07-17 11:57:00,746.489990234375,746.6799926757812,746.3300170898438,746.5399780273438,77992.0
2026-07-17 11:58:00,746.5750122070312,746.8400268554688,746.510009765625,746.8400268554688,112652.0
2026-07-17 11:59:00,746.8499755859375,747.0599975585938,746.8099975585938,746.8699951171875,81984.0
2026-07-17 12:00:00,746.8800048828125,747.0999755859375,746.8499755859375,746.9249877929688,75787.0
2026-07-17 12:01:00,746.95751953125,747.0399780273438,745.8200073242188,745.8599853515625,517104.0
2026-07-17 12:02:00,745.9099731445312,746.1099853515625,745.6199951171875,745.739990234375,105945.0
2026-07-17 12:03:00,745.72998046875,745.72998046875,745.1799926757812,745.4550170898438,88693.0
2026-07-17 12:04:00,745.4299926757812,745.5499877929688,745.2999877929688,745.5499877929688,58190.0
2026-07-17 12:05:00,745.5499877929688,745.5499877929688,745.1799926757812,745.3795166015625,57888.0
2026-07-17 12:06:00,745.3499755859375,745.4400024414062,745.0499877929688,745.3699951171875,90310.0
2026-07-17 12:07:00,745.3499755859375,745.6199951171875,744.8300170898438,745.0499877929688,66553.0
2026-07-17 12:08:00,745.0700073242188,745.280029296875,744.9349975585938,745.22998046875,52792.0
2026-07-17 12:09:00,745.2000122070312,745.9600219726562,745.2000122070312,745.9500122070312,2247079.0
2026-07-17 12:10:00,745.9450073242188,746.3699951171875,745.9199829101562,746.1099853515625,142314.0
2026-07-17 12:11:00,746.1300048828125,746.2000122070312,745.7999877929688,745.7999877929688,43578.0
2026-07-17 12:12:00,745.760009765625,746.030029296875,745.7000122070312,745.97998046875,44356.0
2026-07-17 12:13:00,746.0,746.0999755859375,745.8800048828125,746.02001953125,29832.0
2026-07-17 12:14:00,746.0299072265625,746.3469848632812,746.0299072265625,746.27001953125,48506.0
2026-07-17 12:15:00,746.2899780273438,746.4000244140625,746.1300048828125,746.3099975585938,53192.0
2026-07-17 12:16:00,746.3099975585938,746.3900146484375,746.0599975585938,746.0900268554688,50545.0
2026-07-17 12:17:00,746.0700073242188,746.489990234375,746.010009765625,746.3099975585938,75911.0
2026-07-17 12:18:00,746.3300170898438,746.5700073242188,746.25,746.2899780273438,60520.0
2026-07-17 12:19:00,746.2899780273438,746.489990234375,746.260009765625,746.364990234375,55738.0
2026-07-17 12:20:00,746.3599853515625,746.52001953125,746.25,746.27001953125,51555.0
2026-07-17 12:21:00,746.25,746.280029296875,745.77001953125,745.8200073242188,60191.0
2026-07-17 12:22:00,745.8099975585938,745.9199829101562,745.4199829101562,745.4299926757812,58731.0
2026-07-17 12:23:00,745.4199829101562,745.4299926757812,745.260009765625,745.3400268554688,55914.0
2026-07-17 12:24:00,745.3300170898438,745.5499877929688,745.2100219726562,745.239990234375,179200.0
2026-07-17 12:25:00,745.27001953125,745.6199951171875,745.1420288085938,745.5700073242188,52158.0
2026-07-17 12:26:00,745.5599975585938,745.6900024414062,745.3300170898438,745.6900024414062,35397.0
2026-07-17 12:27:00,745.6799926757812,746.5,745.6799926757812,746.2899780273438,149484.0
2026-07-17 12:28:00,746.280029296875,746.3900146484375,746.1699829101562,746.1900024414062,47458.0
2026-07-17 12:29:00,746.1699829101562,746.2899780273438,745.9000244140625,745.9400024414062,48805.0
2026-07-17 12:30:00,745.9500122070312,746.1760864257812,745.5399780273438,745.573974609375,56065.0
2026-07-17 12:31:00,745.5900268554688,745.75,745.5399780273438,745.7000122070312,30562.0
2026-07-17 12:32:00,745.7100219726562,745.8900146484375,745.5599975585938,745.8499755859375,40828.0
2026-07-17 12:33:00,745.8499755859375,745.9400024414062,745.5999755859375,745.8400268554688,31133.0
2026-07-17 12:34:00,745.8250122070312,745.8400268554688,745.5599975585938,745.5599975585938,169737.0
2026-07-17 12:35:00,745.60498046875,745.9400024414062,745.5599975585938,745.7100219726562,34562.0
2026-07-17 12:36:00,745.7100219726562,745.97998046875,745.5599975585938,745.9249877929688,30622.0
2026-07-17 12:37:00,745.9400024414062,746.010009765625,745.7000122070312,745.7100219726562,34036.0
2026-07-17 12:38:00,745.719970703125,745.9000244140625,745.5999755859375,745.8599853515625,43916.0
2026-07-17 12:39:00,745.840087890625,746.0499877929688,745.719970703125,745.9099731445312,54164.0
2026-07-17 12:40:00,745.9000244140625,746.010009765625,745.5999755859375,745.719970703125,32275.0
2026-07-17 12:41:00,745.739990234375,745.8499755859375,745.6799926757812,745.8300170898438,39450.0
2026-07-17 12:42:00,745.8499755859375,746.1199951171875,745.8200073242188,746.0399780273438,46265.0
2026-07-17 12:43:00,746.0599975585938,746.4500122070312,746.0399780273438,746.280029296875,69261.0
2026-07-17 12:44:00,746.280029296875,746.4099731445312,746.0900268554688,746.4099731445312,39874.0
2026-07-17 12:45:00,746.4299926757812,746.4400024414062,746.260009765625,746.2899780273438,24270.0
2026-07-17 12:46:00,746.27001953125,746.3699951171875,746.22998046875,746.3150024414062,25396.0
2026-07-17 12:47:00,746.3200073242188,746.7000122070312,746.260009765625,746.6953125,53971.0
2026-07-17 12:48:00,746.6799926757812,747.0,746.6799926757812,746.9199829101562,105067.0
2026-07-17 12:49:00,746.9199829101562,747.010009765625,746.77001953125,746.8685302734375,90831.0
2026-07-17 12:50:00,746.8599853515625,747.0700073242188,746.5800170898438,746.6900024414062,66059.0
2026-07-17 12:51:00,746.7100219726562,747.260009765625,746.6699829101562,747.1799926757812,108023.0
2026-07-17 12:52:00,747.1500244140625,747.27001953125,746.9000244140625,747.0700073242188,112831.0
2026-07-17 12:53:00,747.0800170898438,747.1287231445312,746.8599853515625,746.8800048828125,81835.0
2026-07-17 12:54:00,746.8800048828125,746.969970703125,746.7100219726562,746.8510131835938,77056.0
2026-07-17 12:55:00,746.8599853515625,746.9500122070312,746.5,746.5,62748.0
2026-07-17 12:56:00,746.489990234375,746.5599975585938,746.22998046875,746.4299926757812,63903.0
2026-07-17 12:57:00,746.4400024414062,746.4400024414062,746.1798706054688,746.22998046875,50999.0
2026-07-17 12:58:00,746.2100219726562,746.3900146484375,746.1300048828125,746.3099975585938,43664.0
2026-07-17 12:59:00,746.3298950195312,746.4600219726562,746.260009765625,746.3200073242188,38229.0
2026-07-17 13:00:00,746.3699951171875,746.8699951171875,746.219970703125,746.8699951171875,42477.0
2026-07-17 13:01:00,746.856201171875,747.1699829101562,746.8099975585938,746.8599853515625,94751.0
2026-07-17 13:02:00,746.8699951171875,746.8699951171875,746.580078125,746.739990234375,57379.0
2026-07-17 13:03:00,746.75,746.8499755859375,746.6199951171875,746.780029296875,90431.0
2026-07-17 13:04:00,746.780029296875,746.8400268554688,746.5800170898438,746.6900024414062,61957.0
2026-07-17 13:05:00,746.6599731445312,746.6799926757812,746.4500122070312,746.5800170898438,67895.0
2026-07-17 13:06:00,746.5700073242188,746.9099731445312,746.510009765625,746.9099731445312,30398.0
2026-07-17 13:07:00,746.9199829101562,746.97998046875,746.7899780273438,746.8300170898438,46814.0
2026-07-17 13:08:00,746.8300170898438,746.9600219726562,746.8200073242188,746.8499755859375,47141.0
2026-07-17 13:09:00,746.8800048828125,747.0,746.8099975585938,746.9600219726562,36456.0
2026-07-17 13:10:00,746.969970703125,747.0399780273438,746.8300170898438,746.97998046875,39430.0
2026-07-17 13:11:00,747.010009765625,747.1199951171875,746.9400024414062,746.9400024414062,54425.0
2026-07-17 13:12:00,746.9500122070312,747.0800170898438,746.719970703125,746.719970703125,65345.0
2026-07-17 13:13:00,746.739990234375,746.7999877929688,746.594970703125,746.655029296875,75418.0
2026-07-17 13:14:00,746.6799926757812,746.6799926757812,746.3900146484375,746.4199829101562,30610.0
2026-07-17 13:15:00,746.4000244140625,746.6099853515625,746.2338256835938,746.5900268554688,105027.0
2026-07-17 13:16:00,746.5900268554688,746.8599853515625,746.5599975585938,746.85498046875,40629.0
2026-07-17 13:17:00,746.8499755859375,746.97998046875,746.7050170898438,746.739990234375,46871.0
2026-07-17 13:18:00,746.75,746.8099975585938,746.510009765625,746.530029296875,43756.0
2026-07-17 13:19:00,746.52001953125,746.5700073242188,746.260009765625,746.280029296875,60892.0
2026-07-17 13:20:00,746.27001953125,746.2999877929688,745.969970703125,746.1510009765625,77427.0
2026-07-17 13:21:00,746.1599731445312,746.1900024414062,745.989990234375,746.0700073242188,52391.0
2026-07-17 13:22:00,746.0700073242188,746.3699951171875,746.0700073242188,746.3699951171875,54771.0
2026-07-17 13:23:00,746.3900146484375,746.4400024414062,746.2100219726562,746.2750244140625,177179.0
2026-07-17 13:24:00,746.280029296875,746.3599853515625,746.1500244140625,746.2899780273438,72709.0
2026-07-17 13:25:00,746.2999877929688,746.6199951171875,746.27001953125,746.6199951171875,60964.0
2026-07-17 13:26:00,746.64697265625,746.9149780273438,746.635009765625,746.8800048828125,76901.0
2026-07-17 13:27:00,746.8699951171875,746.9500122070312,746.780029296875,746.8900146484375,1050680.0
2026-07-17 13:28:00,746.885009765625,747.02001953125,746.8200073242188,746.8599853515625,57695.0
2026-07-17 13:29:00,746.864990234375,747.010009765625,746.7999877929688,746.8699951171875,80413.0
2026-07-17 13:30:00,746.8800048828125,746.97998046875,746.7899780273438,746.97998046875,65683.0
2026-07-17 13:31:00,746.9749755859375,746.989990234375,746.72998046875,746.760009765625,48982.0
2026-07-17 13:32:00,746.7789916992188,746.8200073242188,746.6400146484375,746.6799926757812,50082.0
2026-07-17 13:33:00,746.6799926757812,746.8400268554688,746.6099853515625,746.7000122070312,46755.0
2026-07-17 13:34:00,746.6900024414062,746.719970703125,746.5399780273438,746.6099853515625,47739.0
2026-07-17 13:35:00,746.6199951171875,746.6799926757812,746.0599975585938,746.0814819335938,63696.0
2026-07-17 13:36:00,746.0999755859375,746.219970703125,745.9600219726562,746.0399780273438,59500.0
2026-07-17 13:37:00,746.0399780273438,746.260009765625,746.02001953125,746.1898803710938,234016.0
2026-07-17 13:38:00,746.1799926757812,746.1799926757812,745.9219970703125,745.9400024414062,165865.0
2026-07-17 13:39:00,745.9301147460938,746.0700073242188,745.9099731445312,746.02001953125,55041.0
2026-07-17 13:40:00,746.010009765625,746.0599975585938,745.6099853515625,745.719970703125,102522.0
2026-07-17 13:41:00,745.72998046875,745.7999877929688,745.510009765625,745.7999877929688,75052.0
2026-07-17 13:42:00,745.780029296875,745.9099731445312,745.6099853515625,745.6599731445312,48564.0
2026-07-17 13:43:00,745.6599731445312,745.719970703125,745.5700073242188,745.6649780273438,44303.0
2026-07-17 13:44:00,745.6599731445312,745.6599731445312,745.510009765625,745.5999755859375,37277.0
2026-07-17 13:45:00,745.5999755859375,745.8909301757812,745.47998046875,745.760009765625,72993.0
2026-07-17 13:46:00,745.780029296875,745.7899780273438,745.4199829101562,745.4401245117188,45454.0
2026-07-17 13:47:00,745.4500122070312,745.5900268554688,745.4099731445312,745.5349731445312,43524.0
2026-07-17 13:48:00,745.5349731445312,745.6699829101562,745.4199829101562,745.5,62021.0
2026-07-17 13:49:00,745.5,745.5700073242188,745.4000244140625,745.5700073242188,61288.0
2026-07-17 13:50:00,745.5700073242188,745.6400146484375,745.0999755859375,745.114990234375,40210.0
2026-07-17 13:51:00,745.1199951171875,745.1699829101562,744.9500122070312,745.010009765625,63842.0
2026-07-17 13:52:00,745.02001953125,745.14501953125,744.8499755859375,744.9600219726562,66350.0
2026-07-17 13:53:00,744.9600219726562,744.9766845703125,744.760009765625,744.8900146484375,81806.0
2026-07-17 13:54:00,744.9199829101562,745.1699829101562,744.8900146484375,744.9000244140625,41878.0
2026-07-17 13:55:00,744.8905029296875,744.9995727539062,744.7025756835938,744.7899780273438,56918.0
2026-07-17 13:56:00,744.7999877929688,744.8300170898438,744.5449829101562,744.5599975585938,73101.0
2026-07-17 13:57:00,744.5598754882812,744.6799926757812,744.4550170898438,744.5549926757812,95657.0
2026-07-17 13:58:00,744.5399780273438,744.5750122070312,744.3800048828125,744.530029296875,67795.0
2026-07-17 13:59:00,744.530029296875,744.6594848632812,744.469970703125,744.5800170898438,60135.0
2026-07-17 14:00:00,744.5800170898438,744.77001953125,744.3800048828125,744.4500122070312,88901.0
2026-07-17 14:01:00,744.4500122070312,744.7100219726562,744.4299926757812,744.510009765625,93861.0
2026-07-17 14:02:00,744.5,745.02001953125,744.47998046875,744.8800048828125,150253.0
2026-07-17 14:03:00,744.8699951171875,745.0900268554688,744.8499755859375,745.0800170898438,105045.0
2026-07-17 14:04:00,745.0800170898438,745.1400146484375,744.6099853515625,744.6475219726562,78317.0
2026-07-17 14:05:00,744.6400146484375,744.6400146484375,744.2999877929688,744.52001953125,79324.0
2026-07-17 14:06:00,744.5,744.5599975585938,744.1599731445312,744.280029296875,203035.0
2026-07-17 14:07:00,744.27001953125,744.4400024414062,744.1699829101562,744.4099731445312,47904.0
2026-07-17 14:08:00,744.4199829101562,744.489990234375,744.2000122070312,744.3900146484375,48850.0
2026-07-17 14:09:00,744.4099731445312,744.510009765625,744.280029296875,744.3300170898438,37201.0
2026-07-17 14:10:00,744.3099975585938,744.489990234375,744.25,744.3099975585938,69274.0
2026-07-17 14:11:00,744.2999877929688,744.3099975585938,744.1300048828125,744.2550048828125,78126.0
2026-07-17 14:12:00,744.2550048828125,744.3400268554688,744.1599731445312,744.1799926757812,61135.0
2026-07-17 14:13:00,744.1900024414062,744.27001953125,744.0900268554688,744.22998046875,52688.0
2026-07-17 14:14:00,744.25,744.3200073242188,744.0900268554688,744.1099853515625,39892.0
2026-07-17 14:15:00,744.1199951171875,744.2030029296875,743.6400146484375,743.7150268554688,91217.0
2026-07-17 14:16:00,743.7100219726562,743.8200073242188,743.6099853515625,743.719970703125,95821.0
2026-07-17 14:17:00,743.72998046875,743.8800048828125,743.6599731445312,743.7999877929688,80034.0
2026-07-17 14:18:00,743.7999877929688,743.9199829101562,743.6599731445312,743.7100219726562,47442.0
2026-07-17 14:19:00,743.7000122070312,743.869873046875,743.5859985351562,743.8300170898438,41085.0
2026-07-17 14:20:00,743.8499755859375,743.8900146484375,743.5499877929688,743.7100219726562,31351.0
2026-07-17 14:21:00,743.6799926757812,743.8599853515625,743.6489868164062,743.75,555017.0
2026-07-17 14:22:00,743.760009765625,743.9600219726562,743.760009765625,743.9600219726562,200113.0
2026-07-17 14:23:00,743.9450073242188,744.1699829101562,743.8200073242188,744.0399780273438,71245.0
2026-07-17 14:24:00,744.0700073242188,744.0999755859375,743.6599731445312,743.739990234375,97000.0
2026-07-17 14:25:00,743.72998046875,743.72998046875,743.52001953125,743.5452880859375,41090.0
2026-07-17 14:26:00,743.5499877929688,743.6475219726562,743.4199829101562,743.4249877929688,56412.0
2026-07-17 14:27:00,743.4199829101562,743.5,743.239990234375,743.3900146484375,233978.0
2026-07-17 14:28:00,743.4202270507812,743.5908813476562,743.3099975585938,743.530029296875,70731.0
2026-07-17 14:29:00,743.5399780273438,743.75,743.5399780273438,743.7100219726562,67558.0
2026-07-17 14:30:00,743.6900024414062,744.3400268554688,743.6300048828125,744.2349853515625,116131.0
2026-07-17 14:31:00,744.239990234375,744.3200073242188,743.9500122070312,743.9500122070312,77133.0
2026-07-17 14:32:00,743.9400024414062,744.0750122070312,743.6199951171875,743.6599731445312,81109.0
2026-07-17 14:33:00,743.6599731445312,743.8499755859375,743.4600219726562,743.489990234375,54860.0
2026-07-17 14:34:00,743.489990234375,743.6950073242188,743.4199829101562,743.6611938476562,66752.0
2026-07-17 14:35:00,743.6699829101562,743.760009765625,743.510009765625,743.6199951171875,46121.0
2026-07-17 14:36:00,743.6199951171875,743.8800048828125,743.6199951171875,743.780029296875,50370.0
2026-07-17 14:37:00,743.77001953125,743.8800048828125,743.6699829101562,743.77001953125,29597.0
2026-07-17 14:38:00,743.760009765625,743.9500122070312,743.6699829101562,743.8800048828125,37327.0
2026-07-17 14:39:00,743.8699951171875,743.8800048828125,743.6599731445312,743.72998046875,36167.0
2026-07-17 14:40:00,743.75,743.7999877929688,743.4185180664062,743.4349975585938,44684.0
2026-07-17 14:41:00,743.4349975585938,743.530029296875,743.3599853515625,743.4400024414062,45051.0
2026-07-17 14:42:00,743.4600219726562,743.6500244140625,743.25,743.2855834960938,45965.0
2026-07-17 14:43:00,743.2990112304688,743.4000244140625,743.1400146484375,743.1500244140625,82258.0
2026-07-17 14:44:00,743.1400146484375,743.3499755859375,743.0999755859375,743.260009765625,98426.0
2026-07-17 14:45:00,743.239990234375,743.4400024414062,743.094970703125,743.3200073242188,226430.0
2026-07-17 14:46:00,743.3300170898438,743.6300048828125,743.1900024414062,743.6099853515625,78849.0
2026-07-17 14:47:00,743.6199951171875,743.9000244140625,743.52001953125,743.9000244140625,314363.0
2026-07-17 14:48:00,743.9149780273438,744.1599731445312,743.8300170898438,744.1300048828125,88333.0
2026-07-17 14:49:00,744.1099853515625,744.25,743.8499755859375,743.8905029296875,87581.0
2026-07-17 14:50:00,743.8995971679688,743.989990234375,743.6799926757812,743.8900146484375,64823.0
2026-07-17 14:51:00,743.869873046875,744.1199951171875,743.8599853515625,743.9500122070312,96581.0
2026-07-17 14:52:00,743.9500122070312,744.1300048828125,743.8699951171875,744.010009765625,53064.0
2026-07-17 14:53:00,744.02001953125,744.3599853515625,744.0,744.25,91384.0
2026-07-17 14:54:00,744.25,744.5798950195312,744.1400146484375,744.5599975585938,91521.0
2026-07-17 14:55:00,744.5650024414062,744.6199951171875,744.4099731445312,744.4400024414062,76194.0
2026-07-17 14:56:00,744.4199829101562,744.530029296875,744.3300170898438,744.3900146484375,46332.0
2026-07-17 14:57:00,744.4099731445312,744.5399780273438,744.1599731445312,744.510009765625,62231.0
2026-07-17 14:58:00,744.510009765625,744.6199951171875,744.4299926757812,744.5700073242188,73334.0
2026-07-17 14:59:00,744.5900268554688,744.6599731445312,744.3599853515625,744.3699951171875,78466.0
2026-07-17 15:00:00,744.3900146484375,744.469970703125,744.0,744.0499877929688,81831.0
2026-07-17 15:01:00,744.0700073242188,744.1400146484375,743.7999877929688,743.9299926757812,143060.0
2026-07-17 15:02:00,743.9000244140625,744.0599975585938,743.7999877929688,743.7999877929688,41091.0
2026-07-17 15:03:00,743.7999877929688,744.0,743.739990234375,744.0,43906.0
2026-07-17 15:04:00,743.97998046875,744.0900268554688,743.7999877929688,743.8599853515625,98714.0
2026-07-17 15:05:00,743.8699951171875,743.9400024414062,743.6699829101562,743.8699951171875,59805.0
2026-07-17 15:06:00,743.8599853515625,743.989990234375,743.5900268554688,743.6300048828125,51246.0
2026-07-17 15:07:00,743.6500244140625,743.6599731445312,743.4500122070312,743.47998046875,35488.0
2026-07-17 15:08:00,743.4500122070312,743.6099853515625,743.4199829101562,743.469970703125,52631.0
2026-07-17 15:09:00,743.4600219726562,743.530029296875,743.3800048828125,743.4099731445312,39634.0
2026-07-17 15:10:00,743.4099731445312,743.47998046875,743.1400146484375,743.22998046875,92513.0
2026-07-17 15:11:00,743.22998046875,743.25,743.0399780273438,743.219970703125,34495.0
2026-07-17 15:12:00,743.219970703125,743.280029296875,742.96142578125,742.97998046875,103090.0
2026-07-17 15:13:00,742.989990234375,743.0900268554688,742.8920288085938,742.9400024414062,174591.0
2026-07-17 15:14:00,742.9199829101562,742.9299926757812,742.719970703125,742.760009765625,363504.0
2026-07-17 15:15:00,742.739990234375,742.8300170898438,742.5700073242188,742.5999755859375,77679.0
2026-07-17 15:16:00,742.6300048828125,742.9000244140625,742.5900268554688,742.7100219726562,114430.0
2026-07-17 15:17:00,742.72998046875,742.8400268554688,742.6300048828125,742.760009765625,82964.0
2026-07-17 15:18:00,742.760009765625,742.9500122070312,742.5800170898438,742.6400146484375,115283.0
2026-07-17 15:19:00,742.6400146484375,742.97998046875,742.6199951171875,742.9199829101562,87371.0
2026-07-17 15:20:00,742.9000244140625,742.9000244140625,742.6199951171875,742.7899780273438,85120.0
2026-07-17 15:21:00,742.780029296875,742.8200073242188,742.6599731445312,742.6799926757812,59385.0
2026-07-17 15:22:00,742.6799926757812,742.719970703125,742.5700073242188,742.6599731445312,90867.0
2026-07-17 15:23:00,742.6500244140625,742.7100219726562,742.5599975585938,742.5650024414062,112731.0
2026-07-17 15:24:00,742.5599975585938,742.6099853515625,742.3400268554688,742.3599853515625,99351.0
2026-07-17 15:25:00,742.330078125,742.3699951171875,742.1300048828125,742.219970703125,167792.0
2026-07-17 15:26:00,742.22998046875,742.6199951171875,742.2100219726562,742.6099853515625,109125.0
2026-07-17 15:27:00,742.6099853515625,742.9199829101562,742.5499267578125,742.8300170898438,164883.0
2026-07-17 15:28:00,742.8400268554688,743.280029296875,742.8400268554688,743.1799926757812,160380.0
2026-07-17 15:29:00,743.1799926757812,743.27001953125,743.010009765625,743.1599731445312,144664.0
2026-07-17 15:30:00,743.1699829101562,743.6199951171875,742.9099731445312,742.97998046875,364600.0
2026-07-17 15:31:00,742.969970703125,743.27001953125,742.77001953125,743.239990234375,296379.0
2026-07-17 15:32:00,743.219970703125,743.219970703125,742.85498046875,743.0,272412.0
2026-07-17 15:33:00,742.97998046875,743.1799926757812,742.9199829101562,743.1699829101562,105819.0
2026-07-17 15:34:00,743.1699829101562,743.27001953125,742.8900146484375,743.030029296875,88195.0
2026-07-17 15:35:00,743.030029296875,743.1799926757812,742.9199829101562,742.97998046875,127870.0
2026-07-17 15:36:00,742.9849853515625,743.1799926757812,742.8699951171875,743.1400146484375,243978.0
2026-07-17 15:37:00,743.1300048828125,743.530029296875,743.0850219726562,743.3499755859375,117639.0
2026-07-17 15:38:00,743.3499755859375,743.4099731445312,743.0,743.0,154792.0
2026-07-17 15:39:00,742.969970703125,742.989990234375,742.72998046875,742.8300170898438,199904.0
2026-07-17 15:40:00,742.8300170898438,743.0999755859375,742.5999755859375,742.8900146484375,172717.0
2026-07-17 15:41:00,742.8699951171875,743.3400268554688,742.8499755859375,743.2899780273438,160387.0
2026-07-17 15:42:00,743.2899780273438,743.3599853515625,742.9000244140625,743.25,142677.0
2026-07-17 15:43:00,743.25,743.4500122070312,743.25,743.4000244140625,116252.0
2026-07-17 15:44:00,743.4099731445312,743.6199951171875,743.4099731445312,743.47998046875,144630.0
2026-07-17 15:45:00,743.47998046875,743.9500122070312,743.3699951171875,743.7199096679688,214602.0
2026-07-17 15:46:00,743.7100219726562,743.739990234375,743.4199829101562,743.5800170898438,196028.0
2026-07-17 15:47:00,743.5900268554688,743.9199829101562,743.5900268554688,743.8900146484375,136392.0
2026-07-17 15:48:00,743.8800048828125,744.0399780273438,743.8499755859375,743.89697265625,239373.0
2026-07-17 15:49:00,743.9099731445312,744.0399780273438,743.719970703125,744.0399780273438,334516.0
2026-07-17 15:50:00,744.030029296875,744.2899780273438,743.6599731445312,743.719970703125,278348.0
2026-07-17 15:51:00,743.719970703125,744.25,743.6599731445312,744.1599731445312,191580.0
2026-07-17 15:52:00,744.1500244140625,744.1599731445312,743.5700073242188,743.72998046875,874903.0
2026-07-17 15:53:00,743.719970703125,743.8300170898438,743.5999755859375,743.75,178159.0
2026-07-17 15:54:00,743.75,744.0189819335938,743.47998046875,743.969970703125,236267.0
2026-07-17 15:55:00,744.0,744.0700073242188,743.6704711914062,744.0296020507812,518377.0
2026-07-17 15:56:00,744.030029296875,744.4000244140625,744.030029296875,744.3099975585938,256442.0
2026-07-17 15:57:00,744.3099975585938,744.3300170898438,743.9810180664062,744.0650024414062,343004.0
2026-07-17 15:58:00,744.0599975585938,744.0999755859375,743.844970703125,744.010009765625,751227.0
2026-07-17 15:59:00,744.0,744.0599975585938,742.9199829101562,743.155029296875,1313243.0
2026-07-20 09:30:00,747.0599975585938,747.7100219726562,746.7999877929688,747.6199951171875,1302054.0
2026-07-20 09:31:00,747.6400146484375,747.8400268554688,747.4500122070312,747.5,166887.0
2026-07-20 09:32:00,747.5900268554688,747.969970703125,747.5399780273438,747.9010009765625,158512.0
2026-07-20 09:33:00,747.8800048828125,747.9600219726562,747.6400146484375,747.6701049804688,95375.0
2026-07-20 09:34:00,747.6699829101562,748.0499877929688,747.5499877929688,748.0499877929688,128948.0
2026-07-20 09:35:00,748.030029296875,748.2562255859375,747.72998046875,747.8493041992188,172932.0
2026-07-20 09:36:00,747.8405151367188,748.2994995117188,747.8400268554688,748.280029296875,176959.0
2026-07-20 09:37:00,748.27001953125,748.6199951171875,748.2000122070312,748.5499877929688,186186.0
2026-07-20 09:38:00,748.5499877929688,748.7100219726562,748.1300048828125,748.25,165166.0
2026-07-20 09:39:00,748.25,748.27001953125,747.8900146484375,748.1699829101562,132151.0
2026-07-20 09:40:00,748.1699829101562,748.3400268554688,748.0599975585938,748.1599731445312,104123.0
2026-07-20 09:41:00,748.2150268554688,748.4099731445312,748.1599731445312,748.2100219726562,119467.0
2026-07-20 09:42:00,748.2000122070312,748.27001953125,748.0650024414062,748.25,99937.0
2026-07-20 09:43:00,748.25,748.5700073242188,748.1799926757812,748.47998046875,94778.0
2026-07-20 09:44:00,748.4500122070312,748.5900268554688,748.3800048828125,748.5599975585938,93404.0
2026-07-20 09:45:00,748.5700073242188,748.72998046875,748.1699829101562,748.1699829101562,177362.0
2026-07-20 09:46:00,748.1699829101562,748.2999877929688,747.885009765625,748.02001953125,228839.0
2026-07-20 09:47:00,747.989990234375,748.02001953125,747.77001953125,747.8400268554688,106936.0
2026-07-20 09:48:00,747.8499755859375,747.9500122070312,747.7100219726562,747.8300170898438,99558.0
2026-07-20 09:49:00,747.8200073242188,747.8900146484375,747.530029296875,747.5800170898438,192897.0
2026-07-20 09:50:00,747.5800170898438,747.8400268554688,747.5449829101562,747.6199951171875,103775.0
2026-07-20 09:51:00,747.6199951171875,747.760009765625,747.1599731445312,747.1799926757812,112316.0
2026-07-20 09:52:00,747.1699829101562,747.2000122070312,746.4600219726562,746.719970703125,265266.0
2026-07-20 09:53:00,746.72998046875,746.780029296875,746.25,746.4600219726562,157777.0
2026-07-20 09:54:00,746.4849853515625,746.6400146484375,746.3300170898438,746.4550170898438,235742.0
2026-07-20 09:55:00,746.4500122070312,746.489990234375,746.1500244140625,746.1901245117188,219457.0
2026-07-20 09:56:00,746.1900024414062,746.219970703125,745.8300170898438,746.1400146484375,131488.0
2026-07-20 09:57:00,746.1199951171875,746.1300048828125,745.77001953125,745.7999877929688,82810.0
2026-07-20 09:58:00,745.8099975585938,745.989990234375,745.5900268554688,745.6300048828125,124940.0
2026-07-20 09:59:00,745.6199951171875,745.8599853515625,745.52001953125,745.6900024414062,113100.0
2026-07-20 10:00:00,745.6799926757812,745.97998046875,745.5499877929688,745.8798828125,99269.0
2026-07-20 10:01:00,745.8800048828125,745.9600219726562,745.3900146484375,745.7000122070312,100653.0
2026-07-20 10:02:00,745.6699829101562,746.0399780273438,745.6199951171875,746.0317993164062,140920.0
2026-07-20 10:03:00,746.0399780273438,746.2100219726562,745.9600219726562,746.2100219726562,93715.0
2026-07-20 10:04:00,746.2100219726562,746.3599853515625,745.8699951171875,745.885009765625,89617.0
2026-07-20 10:05:00,745.9000244140625,746.1199951171875,745.77001953125,745.8099975585938,198790.0
2026-07-20 10:06:00,745.8099975585938,745.8900146484375,745.510009765625,745.6300048828125,69865.0
2026-07-20 10:07:00,745.6400146484375,745.7000122070312,745.3599853515625,745.5800170898438,61958.0
2026-07-20 10:08:00,745.60498046875,745.7999877929688,745.3699951171875,745.3800048828125,70990.0
2026-07-20 10:09:00,745.3800048828125,745.5399780273438,745.27001953125,745.4000244140625,74101.0
2026-07-20 10:10:00,745.3400268554688,745.3800048828125,744.9749755859375,745.030029296875,99224.0
2026-07-20 10:11:00,745.030029296875,745.1900024414062,744.8200073242188,744.9400024414062,87104.0
2026-07-20 10:12:00,744.9400024414062,745.0,744.77001953125,744.8699951171875,90072.0
2026-07-20 10:13:00,744.8499755859375,745.1199951171875,744.7650146484375,745.0900268554688,65138.0
2026-07-20 10:14:00,745.090087890625,745.280029296875,744.8599853515625,744.989990234375,72528.0
2026-07-20 10:15:00,745.02001953125,745.4299926757812,744.8699951171875,745.3800048828125,79336.0
2026-07-20 10:16:00,745.3699951171875,745.47998046875,744.8300170898438,744.885009765625,114796.0
2026-07-20 10:17:00,744.8900146484375,745.0,744.72998046875,744.8300170898438,75817.0
2026-07-20 10:18:00,744.8300170898438,744.969970703125,744.739990234375,744.969970703125,72510.0
2026-07-20 10:19:00,744.9600219726562,745.0900268554688,744.6300048828125,744.9000244140625,77973.0
2026-07-20 10:20:00,744.8499755859375,744.8800048828125,744.3800048828125,744.5399780273438,113609.0
2026-07-20 10:21:00,744.5399780273438,744.5700073242188,744.260009765625,744.52001953125,138409.0
2026-07-20 10:22:00,744.510009765625,744.7589111328125,744.3599853515625,744.739990234375,109074.0
2026-07-20 10:23:00,744.7003784179688,745.1300048828125,744.6799926757812,745.0291137695312,60736.0
2026-07-20 10:24:00,745.030029296875,745.2100219726562,744.9600219726562,744.969970703125,139691.0
2026-07-20 10:25:00,744.969970703125,745.3599853515625,744.9099731445312,745.2100219726562,105327.0
2026-07-20 10:26:00,745.2100219726562,745.3699951171875,744.989990234375,745.3400268554688,48532.0
2026-07-20 10:27:00,745.3499755859375,745.469970703125,745.1699829101562,745.239990234375,77624.0
2026-07-20 10:28:00,745.25,745.3900146484375,745.0599975585938,745.3300170898438,69158.0
2026-07-20 10:29:00,745.3599853515625,745.739990234375,745.3200073242188,745.6799926757812,54479.0
2026-07-20 10:30:00,745.6900024414062,745.9600219726562,745.47998046875,745.8400268554688,125486.0
2026-07-20 10:31:00,745.8400268554688,745.9000244140625,745.52001953125,745.8099975585938,56047.0
2026-07-20 10:32:00,745.8099975585938,745.85498046875,745.25,745.4343872070312,203155.0
2026-07-20 10:33:00,745.4199829101562,745.4199829101562,745.2000122070312,745.25,42266.0
2026-07-20 10:34:00,745.25,745.47998046875,745.0399780273438,745.260009765625,48436.0
2026-07-20 10:35:00,745.260009765625,745.3900146484375,745.0700073242188,745.3200073242188,44999.0
2026-07-20 10:36:00,745.3599853515625,745.4099731445312,745.030029296875,745.0599975585938,109439.0
2026-07-20 10:37:00,745.0399780273438,745.3200073242188,744.9598999023438,745.3099975585938,46985.0
2026-07-20 10:38:00,745.2899780273438,745.4299926757812,745.1500244140625,745.3599853515625,42783.0
2026-07-20 10:39:00,745.3499755859375,745.530029296875,745.239990234375,745.3300170898438,209017.0
2026-07-20 10:40:00,745.3499755859375,745.7899780273438,745.3300170898438,745.6749877929688,28534.0
2026-07-20 10:41:00,745.6199951171875,745.719970703125,745.0599975585938,745.0800170898438,31886.0
2026-07-20 10:42:00,745.0700073242188,745.3300170898438,744.8200073242188,745.0499877929688,101695.0
2026-07-20 10:43:00,745.0700073242188,745.280029296875,744.8300170898438,744.8699951171875,28209.0
2026-07-20 10:44:00,744.8499755859375,745.0399780273438,744.7520141601562,744.8900146484375,68550.0
2026-07-20 10:45:00,744.8800048828125,745.3400268554688,744.4901123046875,745.280029296875,120941.0
2026-07-20 10:46:00,745.3099975585938,745.739990234375,745.2899780273438,745.510009765625,70350.0
2026-07-20 10:47:00,745.510009765625,745.67529296875,745.0700073242188,745.0800170898438,38726.0
2026-07-20 10:48:00,745.0700073242188,745.1199951171875,744.6900024414062,744.8599853515625,55723.0
2026-07-20 10:49:00,744.8300170898438,744.969970703125,744.5999755859375,744.6400146484375,38108.0
2026-07-20 10:50:00,744.6199951171875,744.8599853515625,744.510009765625,744.6400146484375,49208.0
2026-07-20 10:51:00,744.6599731445312,744.9400024414062,744.5599975585938,744.7899780273438,56180.0
2026-07-20 10:52:00,744.780029296875,744.9400024414062,744.464599609375,744.5,38070.0
2026-07-20 10:53:00,744.489990234375,744.5,744.1500244140625,744.260009765625,332341.0
2026-07-20 10:54:00,744.22998046875,744.5399780273438,744.22998046875,744.3250122070312,63798.0
2026-07-20 10:55:00,744.3200073242188,744.4400024414062,744.1799926757812,744.4400024414062,59648.0
2026-07-20 10:56:00,744.4299926757812,744.489990234375,743.9199829101562,743.969970703125,67612.0
2026-07-20 10:57:00,743.9600219726562,744.1900024414062,743.9000244140625,744.1599731445312,116707.0
2026-07-20 10:58:00,744.1699829101562,744.3200073242188,743.8200073242188,743.8499755859375,87351.0
2026-07-20 10:59:00,743.8499755859375,744.2249755859375,743.6900024414062,744.1099853515625,98506.0
2026-07-20 11:00:00,744.1400146484375,744.239990234375,743.8049926757812,744.2349853515625,74712.0
2026-07-20 11:01:00,744.239990234375,744.5,744.1099853515625,744.4700927734375,47608.0
2026-07-20 11:02:00,744.5,744.7000122070312,744.3599853515625,744.7000122070312,55137.0
2026-07-20 11:03:00,744.7100219726562,744.8800048828125,744.4949951171875,744.5599975585938,62527.0
2026-07-20 11:04:00,744.5599975585938,744.6599731445312,744.385009765625,744.5800170898438,57810.0
2026-07-20 11:05:00,744.5599975585938,744.739990234375,743.8499755859375,743.9299926757812,79922.0
2026-07-20 11:06:00,743.9600219726562,744.2899780273438,743.9600219726562,744.2899780273438,191749.0
2026-07-20 11:07:00,744.2899780273438,744.77001953125,744.260009765625,744.7000122070312,47542.0
2026-07-20 11:08:00,744.6900024414062,745.27001953125,744.6199951171875,745.010009765625,94349.0
2026-07-20 11:09:00,745.0,745.4849853515625,744.9400024414062,745.4099731445312,89009.0
2026-07-20 11:10:00,745.4000244140625,745.4600219726562,744.969970703125,744.969970703125,63161.0
2026-07-20 11:11:00,744.9299926757812,745.02001953125,744.6799926757812,744.8046875,55499.0
2026-07-20 11:12:00,744.8200073242188,745.0700073242188,744.719970703125,744.77001953125,33257.0
2026-07-20 11:13:00,744.7650146484375,745.0,744.7050170898438,744.969970703125,34418.0
2026-07-20 11:14:00,744.9600219726562,745.010009765625,744.6699829101562,744.7999877929688,40068.0
2026-07-20 11:15:00,744.7999877929688,745.1699829101562,744.6099853515625,745.1599731445312,54227.0
2026-07-20 11:16:00,745.1500244140625,745.2899780273438,745.0499877929688,745.27001953125,84454.0
2026-07-20 11:17:00,745.2750244140625,745.4000244140625,745.1699829101562,745.3800048828125,34958.0
2026-07-20 11:18:00,745.3900146484375,745.530029296875,745.3099975585938,745.3900146484375,46699.0
2026-07-20 11:19:00,745.3900146484375,745.39501953125,745.080078125,745.27001953125,75092.0
2026-07-20 11:20:00,745.260009765625,745.4000244140625,745.0700073242188,745.3699951171875,75045.0
2026-07-20 11:21:00,745.3800048828125,745.739990234375,745.3486938476562,745.530029296875,82258.0
2026-07-20 11:22:00,745.5499267578125,745.7100219726562,745.510009765625,745.6900024414062,45205.0
2026-07-20 11:23:00,745.6799926757812,745.969970703125,745.6099853515625,745.6099853515625,64445.0
2026-07-20 11:24:00,745.6300048828125,745.8699951171875,745.5900268554688,745.75,49122.0
2026-07-20 11:25:00,745.719970703125,745.9600219726562,745.6799926757812,745.72998046875,61617.0
2026-07-20 11:26:00,745.75,745.969970703125,745.614990234375,745.614990234375,170003.0
2026-07-20 11:27:00,745.6300048828125,745.7999877929688,745.5426025390625,745.5800170898438,40563.0
2026-07-20 11:28:00,745.5800170898438,745.635009765625,745.22998046875,745.280029296875,178247.0
2026-07-20 11:29:00,745.27001953125,745.8900146484375,745.219970703125,745.8699951171875,53418.0
2026-07-20 11:30:00,745.8900146484375,745.97998046875,745.77001953125,745.9099731445312,53139.0
2026-07-20 11:31:00,745.9099731445312,746.02001953125,745.8798828125,745.97998046875,33494.0
2026-07-20 11:32:00,745.989990234375,746.0158081054688,745.8599853515625,745.8599853515625,20218.0
2026-07-20 11:33:00,745.8800048828125,745.9400024414062,745.7949829101562,745.8699951171875,40294.0
2026-07-20 11:34:00,745.8499755859375,745.97998046875,745.780029296875,745.8800048828125,45197.0
2026-07-20 11:35:00,745.9000244140625,745.9299926757812,745.6799926757812,745.8200073242188,44752.0
2026-07-20 11:36:00,745.780029296875,745.8699951171875,745.7000122070312,745.7999877929688,42832.0
2026-07-20 11:37:00,745.7999877929688,745.8300170898438,745.4000244140625,745.4400024414062,52644.0
2026-07-20 11:38:00,745.4400024414062,745.6300048828125,745.3900146484375,745.6300048828125,33698.0
2026-07-20 11:39:00,745.6500244140625,745.780029296875,745.4500122070312,745.4600219726562,40137.0
2026-07-20 11:40:00,745.469970703125,745.5,745.280029296875,745.3900146484375,40054.0
2026-07-20 11:41:00,745.375,745.72998046875,745.3499755859375,745.6099853515625,68069.0
2026-07-20 11:42:00,745.6199951171875,745.8499145507812,745.5700073242188,745.6900024414062,28245.0
2026-07-20 11:43:00,745.6799926757812,745.9199829101562,745.6400146484375,745.6500244140625,42303.0
2026-07-20 11:44:00,745.64501953125,745.969970703125,745.5499877929688,745.969970703125,35475.0
2026-07-20 11:45:00,745.97998046875,745.989990234375,745.6300048828125,745.72998046875,49544.0
2026-07-20 11:46:00,745.739990234375,745.8200073242188,745.6099853515625,745.7100219726562,27586.0
2026-07-20 11:47:00,745.739990234375,745.8400268554688,745.3499755859375,745.5,58650.0
2026-07-20 11:48:00,745.47998046875,745.47998046875,745.1900024414062,745.27001953125,73712.0
2026-07-20 11:49:00,745.25,745.469970703125,745.0999755859375,745.2999877929688,45405.0
2026-07-20 11:50:00,745.2899780273438,745.3900146484375,745.1300048828125,745.3900146484375,167239.0
2026-07-20 11:51:00,745.3900146484375,745.7899780273438,745.3900146484375,745.7000122070312,57241.0
2026-07-20 11:52:00,745.7050170898438,745.8599853515625,745.6099853515625,745.7949829101562,48848.0
2026-07-20 11:53:00,745.7899780273438,746.1199951171875,745.7550048828125,746.0999755859375,59583.0
2026-07-20 11:54:00,746.0999755859375,746.3599853515625,746.0999755859375,746.219970703125,67387.0
2026-07-20 11:55:00,746.22998046875,746.4199829101562,746.22998046875,746.3699951171875,83517.0
2026-07-20 11:56:00,746.3699951171875,746.4199829101562,746.2736206054688,746.4000244140625,72768.0
2026-07-20 11:57:00,746.3900146484375,746.4400024414062,746.114990234375,746.1799926757812,56142.0
2026-07-20 11:58:00,746.155029296875,746.2899780273438,746.030029296875,746.0999755859375,50298.0
2026-07-20 11:59:00,746.1199951171875,746.1500244140625,745.9400024414062,745.989990234375,48160.0
2026-07-20 12:00:00,746.0,746.2399291992188,745.9099731445312,746.1599731445312,50975.0
2026-07-20 12:01:00,746.1699829101562,746.25,745.97998046875,745.97998046875,29559.0
2026-07-20 12:02:00,745.969970703125,745.989990234375,745.6199951171875,745.7100219726562,60944.0
2026-07-20 12:03:00,745.72998046875,746.1699829101562,745.5800170898438,746.1699829101562,222200.0
2026-07-20 12:04:00,746.1699829101562,746.239990234375,746.1199951171875,746.1599731445312,44291.0
2026-07-20 12:05:00,746.1599731445312,746.5499877929688,746.1599731445312,746.5399780273438,76815.0
2026-07-20 12:06:00,746.5399780273438,746.6500244140625,746.4105224609375,746.6300048828125,321587.0
2026-07-20 12:07:00,746.6199951171875,746.6900024414062,746.5700073242188,746.6400146484375,65941.0
2026-07-20 12:08:00,746.6699829101562,746.780029296875,746.6699829101562,746.72998046875,76552.0
2026-07-20 12:09:00,746.75,746.8350219726562,746.7100219726562,746.7999877929688,47846.0
2026-07-20 12:10:00,746.780029296875,746.969970703125,746.719970703125,746.9299926757812,83604.0
2026-07-20 12:11:00,746.9299926757812,746.989990234375,746.8300170898438,746.885009765625,46134.0
2026-07-20 12:12:00,746.8900146484375,747.0050048828125,746.822509765625,746.8300170898438,73133.0
2026-07-20 12:13:00,746.8350219726562,746.9400024414062,746.6400146484375,746.72998046875,50223.0
2026-07-20 12:14:00,746.72998046875,746.8599853515625,746.6599731445312,746.7899780273438,44503.0
2026-07-20 12:15:00,746.8300170898438,746.844970703125,746.4600219726562,746.469970703125,37441.0
2026-07-20 12:16:00,746.469970703125,746.5399780273438,746.3099975585938,746.52001953125,138816.0
2026-07-20 12:17:00,746.52001953125,746.6500244140625,746.4425048828125,746.6500244140625,55869.0
2026-07-20 12:18:00,746.6599731445312,746.7100219726562,746.5399780273438,746.6599731445312,44137.0
2026-07-20 12:19:00,746.6699829101562,746.7100219726562,746.5999755859375,746.6799926757812,38659.0
2026-07-20 12:20:00,746.7000122070312,746.7899780273438,746.6500244140625,746.75,45801.0
2026-07-20 12:21:00,746.75,746.760009765625,746.6599731445312,746.7000122070312,38818.0
2026-07-20 12:22:00,746.7050170898438,746.760009765625,746.6199951171875,746.7100219726562,39630.0
2026-07-20 12:23:00,746.7150268554688,746.8800048828125,746.7100219726562,746.8400268554688,41083.0
2026-07-20 12:24:00,746.8400268554688,746.8699951171875,746.6599731445312,746.780029296875,61987.0
2026-07-20 12:25:00,746.780029296875,746.8300170898438,746.3200073242188,746.37939453125,58245.0
2026-07-20 12:26:00,746.3800048828125,746.3800048828125,746.1699829101562,746.27001953125,85559.0
2026-07-20 12:27:00,746.280029296875,746.52001953125,746.27001953125,746.3900146484375,82020.0
2026-07-20 12:28:00,746.3800048828125,746.4099731445312,746.2899780273438,746.3499755859375,60787.0
2026-07-20 12:29:00,746.35498046875,746.5399169921875,746.3400268554688,746.5,37287.0
2026-07-20 12:30:00,746.489990234375,746.780029296875,746.3699951171875,746.4149780273438,67655.0
2026-07-20 12:31:00,746.4099731445312,746.5,746.3099975585938,746.4299926757812,59511.0
2026-07-20 12:32:00,746.4199829101562,746.4500122070312,746.1900024414062,746.219970703125,46608.0
2026-07-20 12:33:00,746.219970703125,746.239990234375,745.8499755859375,745.8499755859375,79417.0
2026-07-20 12:34:00,745.8400268554688,746.030029296875,745.7999877929688,745.8300170898438,75198.0
2026-07-20 12:35:00,745.8200073242188,746.02001953125,745.8099975585938,745.9199829101562,51706.0
2026-07-20 12:36:00,745.9199829101562,746.0,745.8499755859375,745.9500122070312,39953.0
2026-07-20 12:37:00,745.9600219726562,746.0999755859375,745.8200073242188,746.094970703125,37132.0
2026-07-20 12:38:00,746.0850219726562,746.1400146484375,745.9199829101562,746.0731201171875,44146.0
2026-07-20 12:39:00,746.0700073242188,746.3699951171875,746.0499877929688,746.3499755859375,67805.0
2026-07-20 12:40:00,746.3300170898438,746.52001953125,746.1849975585938,746.280029296875,51345.0
2026-07-20 12:41:00,746.260009765625,746.3800048828125,744.5,745.3599853515625,749728.0
2026-07-20 12:42:00,745.3800048828125,745.6500244140625,745.239990234375,745.4500122070312,94460.0
2026-07-20 12:43:00,745.47998046875,745.6900024414062,745.3800048828125,745.6099853515625,71351.0
2026-07-20 12:44:00,745.6099853515625,745.6699829101562,745.281005859375,745.4299926757812,77504.0
2026-07-20 12:45:00,745.4099731445312,745.489990234375,745.260009765625,745.4199829101562,67102.0
2026-07-20 12:46:00,745.4000244140625,745.8699951171875,745.2100219726562,745.8599853515625,73330.0
2026-07-20 12:47:00,745.8800048828125,746.1199951171875,745.8499145507812,745.9299926757812,216919.0
2026-07-20 12:48:00,745.9400024414062,746.0499877929688,745.9099731445312,745.97998046875,30243.0
2026-07-20 12:49:00,745.9600219726562,746.1799926757812,745.9400024414062,746.1300048828125,33332.0
2026-07-20 12:50:00,746.1199951171875,746.155029296875,745.6799926757812,745.77001953125,52055.0
2026-07-20 12:51:00,745.780029296875,745.8800048828125,745.52001953125,745.5900268554688,43314.0
2026-07-20 12:52:00,745.5599975585938,745.5999755859375,745.3599853515625,745.5250244140625,66324.0
2026-07-20 12:53:00,745.530029296875,745.5399780273438,745.3400268554688,745.47998046875,37936.0
2026-07-20 12:54:00,745.489990234375,745.489990234375,744.9099731445312,744.969970703125,116495.0
2026-07-20 12:55:00,744.969970703125,745.1900024414062,744.9400024414062,745.1400146484375,210787.0
2026-07-20 12:56:00,745.1500244140625,745.1599731445312,744.75,744.780029296875,54356.0
2026-07-20 12:57:00,744.77001953125,745.010009765625,744.72998046875,744.9500122070312,74028.0
2026-07-20 12:58:00,744.9099731445312,745.1699829101562,744.8699951171875,744.8699951171875,99490.0
2026-07-20 12:59:00,744.875,745.0499877929688,744.8099975585938,745.0,42762.0
2026-07-20 13:00:00,745.010009765625,745.2000122070312,744.9149780273438,745.1719970703125,129977.0
2026-07-20 13:01:00,745.1799926757812,745.2100219726562,744.5900268554688,744.7000122070312,44328.0
2026-07-20 13:02:00,744.6900024414062,744.7999877929688,744.6099853515625,744.75,71312.0
2026-07-20 13:03:00,744.75,744.8400268554688,744.6300048828125,744.6799926757812,28252.0
2026-07-20 13:04:00,744.6799926757812,744.719970703125,744.5499877929688,744.552490234375,34076.0
2026-07-20 13:05:00,744.5399780273438,744.5999755859375,744.3021240234375,744.4000244140625,66103.0
2026-07-20 13:06:00,744.4000854492188,744.489990234375,744.25,744.4500122070312,47560.0
2026-07-20 13:07:00,744.4600219726562,744.47998046875,744.27001953125,744.297607421875,50855.0
2026-07-20 13:08:00,744.2999877929688,744.3300170898438,744.1300048828125,744.2899780273438,47655.0
2026-07-20 13:09:00,744.2999877929688,744.6500244140625,744.280029296875,744.5900268554688,76530.0
2026-07-20 13:10:00,744.5900268554688,744.6400146484375,744.2100219726562,744.280029296875,61375.0
2026-07-20 13:11:00,744.2999877929688,744.3099975585938,744.1799926757812,744.219970703125,47739.0
2026-07-20 13:12:00,744.2100219726562,744.2899780273438,744.1500244140625,744.1900024414062,51432.0
2026-07-20 13:13:00,744.2000122070312,744.2899780273438,744.0499877929688,744.1500244140625,59322.0
2026-07-20 13:14:00,744.1400146484375,744.1400146484375,743.8400268554688,743.9000244140625,74376.0
2026-07-20 13:15:00,743.8900146484375,743.8900146484375,743.5700073242188,743.6300048828125,93420.0
2026-07-20 13:16:00,743.6400146484375,743.75,743.5599975585938,743.6500244140625,81855.0
2026-07-20 13:17:00,743.6799926757812,744.02001953125,743.6099853515625,744.0,70370.0
2026-07-20 13:18:00,744.02001953125,744.1699829101562,744.0,744.1699829101562,64111.0
2026-07-20 13:19:00,744.1799926757812,744.260009765625,744.010009765625,744.1199951171875,73266.0
2026-07-20 13:20:00,744.114990234375,744.1599731445312,743.969970703125,744.1099853515625,178040.0
2026-07-20 13:21:00,744.1099853515625,744.2598876953125,744.0800170898438,744.239990234375,42168.0
2026-07-20 13:22:00,744.25,744.489990234375,744.25,744.340087890625,73029.0
2026-07-20 13:23:00,744.3499755859375,744.4199829101562,744.1699829101562,744.2899780273438,0.0
2026-07-20 13:24:00,744.27001953125,744.280029296875,744.0499877929688,744.1099853515625,64636.0
2026-07-20 13:25:00,744.0999755859375,744.219970703125,743.97998046875,744.219970703125,47527.0
2026-07-20 13:26:00,744.2150268554688,744.3599853515625,744.0599975585938,744.3505249023438,54684.0
2026-07-20 13:27:00,744.3400268554688,744.3699951171875,743.8900146484375,743.9600219726562,68047.0
2026-07-20 13:28:00,743.969970703125,744.0399780273438,743.9099731445312,744.02001953125,50380.0
2026-07-20 13:29:00,744.030029296875,744.1699829101562,743.97998046875,744.1199951171875,38218.0
2026-07-20 13:30:00,744.1300048828125,744.3115844726562,743.9600219726562,744.1300048828125,69821.0
2026-07-20 13:31:00,744.1099853515625,744.1300048828125,743.969970703125,744.010009765625,42706.0
2026-07-20 13:32:00,744.0,744.2000122070312,743.9500122070312,744.1699829101562,52304.0
2026-07-20 13:33:00,744.1699829101562,744.25,744.0599975585938,744.1400756835938,31834.0
2026-07-20 13:34:00,744.1500244140625,744.4201049804688,744.1300048828125,744.3250122070312,46852.0
2026-07-20 13:35:00,744.2999877929688,744.5399780273438,744.260009765625,744.489990234375,38507.0
2026-07-20 13:36:00,744.47998046875,744.510009765625,744.0900268554688,744.14990234375,56302.0
2026-07-20 13:37:00,744.1300048828125,744.1699829101562,744.02001953125,744.0900268554688,51469.0
2026-07-20 13:38:00,744.0900268554688,744.1790161132812,744.0,744.0800170898438,56164.0
2026-07-20 13:39:00,744.0800170898438,744.25,743.989990234375,744.010009765625,64811.0
2026-07-20 13:40:00,744.030029296875,744.0499877929688,743.75,743.8300170898438,53468.0
2026-07-20 13:41:00,743.8300170898438,743.9149780273438,743.6799926757812,743.8699951171875,43625.0
2026-07-20 13:42:00,743.8599853515625,743.9500122070312,743.7999877929688,743.9099731445312,32798.0
2026-07-20 13:43:00,743.9099731445312,743.97998046875,743.5900268554688,743.69921875,46603.0
2026-07-20 13:44:00,743.6799926757812,743.7849731445312,743.6500244140625,743.760009765625,168175.0
2026-07-20 13:45:00,743.77001953125,744.25,743.6300048828125,744.22998046875,124983.0
2026-07-20 13:46:00,744.22998046875,744.3400268554688,744.02001953125,744.1500244140625,41117.0
2026-07-20 13:47:00,744.14501953125,744.2100219726562,744.0700073242188,744.2100219726562,26451.0
2026-07-20 13:48:00,744.219970703125,744.3499755859375,744.1699829101562,744.3099975585938,29880.0
2026-07-20 13:49:00,744.3001098632812,744.3389892578125,744.125,744.25,59526.0
2026-07-20 13:50:00,744.219970703125,744.4600219726562,744.219970703125,744.3300170898438,38412.0
2026-07-20 13:51:00,744.3599853515625,744.5875854492188,744.2100219726562,744.5549926757812,67957.0
2026-07-20 13:52:00,744.5499877929688,744.7650146484375,744.5399780273438,744.7000122070312,46940.0
2026-07-20 13:53:00,744.6900024414062,744.7680053710938,744.594970703125,744.72998046875,61589.0
2026-07-20 13:54:00,744.72998046875,744.9199829101562,744.6400146484375,744.6500244140625,75451.0
2026-07-20 13:55:00,744.6500244140625,744.6699829101562,744.4600219726562,744.5499877929688,53702.0
2026-07-20 13:56:00,744.5499877929688,744.6199951171875,744.2100830078125,744.3099975585938,108408.0
2026-07-20 13:57:00,744.3800048828125,744.625,744.375,744.5700073242188,38139.0
2026-07-20 13:58:00,744.5900268554688,744.6900024414062,744.4400024414062,744.510009765625,32078.0
2026-07-20 13:59:00,744.510009765625,744.5700073242188,744.4299926757812,744.5499877929688,29434.0
2026-07-20 14:00:00,744.5499877929688,744.9500122070312,744.5499877929688,744.9199829101562,84053.0
2026-07-20 14:01:00,744.9400024414062,745.1699829101562,744.9400024414062,745.0999755859375,111545.0
2026-07-20 14:02:00,745.0900268554688,745.1090087890625,744.9000244140625,745.0999755859375,74820.0
2026-07-20 14:03:00,745.10498046875,745.1500244140625,744.75,744.8800048828125,54789.0
2026-07-20 14:04:00,744.8800048828125,744.9099731445312,744.780029296875,744.8499755859375,38428.0
2026-07-20 14:05:00,744.8400268554688,744.9299926757812,744.77001953125,744.8150024414062,93236.0
2026-07-20 14:06:00,744.8200073242188,744.9000244140625,744.6799926757812,744.9000244140625,34656.0
2026-07-20 14:07:00,744.885009765625,744.9400024414062,744.6900024414062,744.7100219726562,36529.0
2026-07-20 14:08:00,744.7000122070312,744.719970703125,744.530029296875,744.6300048828125,39511.0
2026-07-20 14:09:00,744.6199951171875,744.8900146484375,744.6199951171875,744.875,35964.0
2026-07-20 14:10:00,744.9000244140625,744.9199829101562,744.7249755859375,744.8800048828125,45831.0
2026-07-20 14:11:00,744.8800048828125,744.9199829101562,744.7100219726562,744.9000244140625,31930.0
2026-07-20 14:12:00,744.9000244140625,745.1699829101562,744.8900146484375,745.0499877929688,49350.0
2026-07-20 14:13:00,745.0700073242188,745.219970703125,745.0499877929688,745.1400146484375,40714.0
2026-07-20 14:14:00,745.1599731445312,745.1699829101562,745.0,745.030029296875,51608.0
2026-07-20 14:15:00,745.02001953125,745.1099853515625,744.9500122070312,744.989990234375,59694.0
2026-07-20 14:16:00,744.989990234375,745.1799926757812,744.8800048828125,745.1099853515625,64345.0
2026-07-20 14:17:00,745.1199951171875,745.3800048828125,745.1199951171875,745.1900024414062,52745.0
2026-07-20 14:18:00,745.1950073242188,745.280029296875,744.9600219726562,745.1400146484375,53813.0
2026-07-20 14:19:00,745.1300048828125,745.239990234375,745.0700073242188,745.239990234375,156746.0
2026-07-20 14:20:00,745.219970703125,745.2899780273438,745.0900268554688,745.1500244140625,36191.0
2026-07-20 14:21:00,745.1500244140625,745.2000122070312,744.7899780273438,744.969970703125,112455.0
2026-07-20 14:22:00,744.969970703125,744.969970703125,744.6500244140625,744.7100219726562,174111.0
2026-07-20 14:23:00,744.719970703125,744.739990234375,744.4299926757812,744.5399780273438,90135.0
2026-07-20 14:24:00,744.5399780273438,744.5499877929688,744.25,744.280029296875,206099.0
2026-07-20 14:25:00,744.2899780273438,744.6199951171875,744.1300048828125,744.5700073242188,139924.0
2026-07-20 14:26:00,744.5700073242188,744.6900024414062,744.52001953125,744.594970703125,79371.0
2026-07-20 14:27:00,744.5900268554688,744.6199951171875,744.4400024414062,744.5,41029.0
2026-07-20 14:28:00,744.489990234375,744.6599731445312,744.4199829101562,744.6400146484375,38603.0
2026-07-20 14:29:00,744.6300048828125,744.7999877929688,744.469970703125,744.469970703125,44989.0
2026-07-20 14:30:00,744.469970703125,744.489990234375,744.0399780273438,744.0798950195312,188858.0
2026-07-20 14:31:00,744.0700073242188,744.1500244140625,743.9400024414062,744.0800170898438,69628.0
2026-07-20 14:32:00,744.0800170898438,744.1500244140625,743.9600219726562,744.0650024414062,53426.0
2026-07-20 14:33:00,744.0499877929688,744.0499877929688,743.780029296875,743.8699951171875,62227.0
2026-07-20 14:34:00,743.8699951171875,743.8800048828125,743.47998046875,743.6649780273438,99734.0
2026-07-20 14:35:00,743.6599731445312,744.010009765625,743.6400146484375,743.9199829101562,51173.0
2026-07-20 14:36:00,743.9299926757812,744.280029296875,743.9199829101562,744.1799926757812,38675.0
2026-07-20 14:37:00,744.1900024414062,744.2949829101562,743.97998046875,743.9849853515625,51369.0
2026-07-20 14:38:00,743.9600219726562,744.1500244140625,743.8099975585938,743.8099975585938,45945.0
2026-07-20 14:39:00,743.8400268554688,743.8400268554688,743.4400024414062,743.5750122070312,153485.0
2026-07-20 14:40:00,743.5750122070312,743.6199951171875,743.27001953125,743.27001953125,142796.0
2026-07-20 14:41:00,743.27001953125,743.3099975585938,743.030029296875,743.22998046875,129546.0
2026-07-20 14:42:00,743.25,743.27001953125,743.0,743.0900268554688,79429.0
2026-07-20 14:43:00,743.1199951171875,743.1500244140625,742.8300170898438,742.9299926757812,77440.0
2026-07-20 14:44:00,742.9400024414062,742.989990234375,742.530029296875,742.5449829101562,117169.0
2026-07-20 14:45:00,742.5499877929688,742.760009765625,742.4299926757812,742.5999755859375,111611.0
2026-07-20 14:46:00,742.6099853515625,743.0,742.5599975585938,742.969970703125,319159.0
2026-07-20 14:47:00,742.9749755859375,743.0499877929688,742.8300170898438,742.969970703125,140993.0
2026-07-20 14:48:00,742.955322265625,743.0,742.8499755859375,742.9000244140625,48910.0
2026-07-20 14:49:00,742.9000244140625,742.97998046875,742.6400146484375,742.7000122070312,64503.0
2026-07-20 14:50:00,742.7100219726562,742.9000244140625,742.5599975585938,742.8099975585938,61550.0
2026-07-20 14:51:00,742.7999877929688,742.8400268554688,742.6599731445312,742.7100219726562,44437.0
2026-07-20 14:52:00,742.760009765625,742.97998046875,742.760009765625,742.9099731445312,57779.0
2026-07-20 14:53:00,742.9000244140625,743.0900268554688,742.8099975585938,742.97998046875,54817.0
2026-07-20 14:54:00,743.0,743.22998046875,742.9199829101562,743.0999755859375,83845.0
2026-07-20 14:55:00,743.094970703125,743.1199951171875,742.9199829101562,743.0800170898438,77204.0
2026-07-20 14:56:00,743.0700073242188,743.1400146484375,742.9400024414062,743.0,51183.0
2026-07-20 14:57:00,743.010009765625,743.010009765625,742.72998046875,742.72998046875,52585.0
2026-07-20 14:58:00,742.719970703125,742.760009765625,742.47998046875,742.739990234375,75991.0
2026-07-20 14:59:00,742.739990234375,742.9000244140625,742.6900024414062,742.719970703125,51244.0
2026-07-20 15:00:00,742.760009765625,743.1599731445312,742.719970703125,743.1400146484375,46717.0
2026-07-20 15:01:00,743.155029296875,743.1900024414062,743.0499877929688,743.1500244140625,50425.0
2026-07-20 15:02:00,743.1323852539062,743.1699829101562,742.719970703125,742.739990234375,230473.0
2026-07-20 15:03:00,742.72998046875,742.75,742.47998046875,742.5499877929688,213520.0
2026-07-20 15:04:00,742.5399780273438,742.6799926757812,742.4199829101562,742.5900268554688,75805.0
2026-07-20 15:05:00,742.5900268554688,742.719970703125,742.3599853515625,742.4199829101562,121707.0
2026-07-20 15:06:00,742.4099731445312,742.7050170898438,742.25,742.7050170898438,149193.0
2026-07-20 15:07:00,742.6849975585938,742.7050170898438,742.489990234375,742.64501953125,106921.0
2026-07-20 15:08:00,742.6500244140625,742.6599731445312,742.5,742.5599975585938,68497.0
2026-07-20 15:09:00,742.5700073242188,742.8209838867188,742.52001953125,742.6950073242188,78779.0
2026-07-20 15:10:00,742.6994018554688,743.0999755859375,742.6799926757812,742.989990234375,115405.0
2026-07-20 15:11:00,742.97998046875,742.97998046875,742.4849853515625,742.530029296875,131580.0
2026-07-20 15:12:00,742.5200805664062,742.5599975585938,742.3800048828125,742.4000244140625,59382.0
2026-07-20 15:13:00,742.3900146484375,742.3995971679688,741.97998046875,742.0133056640625,126434.0
2026-07-20 15:14:00,742.02001953125,742.0599975585938,741.7000122070312,741.7000122070312,158942.0
2026-07-20 15:15:00,741.7100219726562,741.9400024414062,741.5103149414062,741.8599853515625,602247.0
2026-07-20 15:16:00,741.85498046875,742.010009765625,741.7849731445312,741.989990234375,93319.0
2026-07-20 15:17:00,742.0,742.2100219726562,741.7100219726562,741.9600219726562,120481.0
2026-07-20 15:18:00,741.9600219726562,741.989990234375,741.8099975585938,741.97998046875,70085.0
2026-07-20 15:19:00,741.97998046875,742.0999755859375,741.9199829101562,741.9199829101562,83917.0
2026-07-20 15:20:00,741.9299926757812,742.2000122070312,741.8599853515625,741.9000244140625,74383.0
2026-07-20 15:21:00,741.8900146484375,742.1599731445312,741.8699951171875,741.9349975585938,273373.0
2026-07-20 15:22:00,741.9345703125,742.1400146484375,741.9345703125,741.9600219726562,89284.0
2026-07-20 15:23:00,741.9600219726562,742.2999877929688,741.7899780273438,742.2999877929688,89988.0
2026-07-20 15:24:00,742.2999877929688,742.4299926757812,742.1799926757812,742.2999877929688,87778.0
2026-07-20 15:25:00,742.3200073242188,742.3900146484375,742.0499877929688,742.0599975585938,68705.0
2026-07-20 15:26:00,742.0499877929688,742.052490234375,741.8800048828125,741.969970703125,63603.0
2026-07-20 15:27:00,741.97998046875,742.0800170898438,741.8599853515625,742.0792236328125,129542.0
2026-07-20 15:28:00,742.0599975585938,742.1699829101562,741.969970703125,742.0,109466.0
2026-07-20 15:29:00,742.0,742.9199829101562,741.969970703125,742.72998046875,312152.0
2026-07-20 15:30:00,742.739990234375,742.969970703125,742.4000244140625,742.4299926757812,184046.0
2026-07-20 15:31:00,742.4199829101562,743.0,742.3400268554688,742.969970703125,118332.0
2026-07-20 15:32:00,742.97998046875,743.2000122070312,742.8900146484375,743.1900024414062,93050.0
2026-07-20 15:33:00,743.1799926757812,743.2000122070312,742.8900146484375,742.9400024414062,225224.0
2026-07-20 15:34:00,742.9500122070312,743.1300048828125,742.9000244140625,742.97998046875,89266.0
2026-07-20 15:35:00,742.9600219726562,743.0549926757812,742.6199951171875,742.6500244140625,110563.0
2026-07-20 15:36:00,742.6400146484375,742.8300170898438,742.530029296875,742.6099853515625,122833.0
2026-07-20 15:37:00,742.6199951171875,742.719970703125,742.510009765625,742.6199951171875,83766.0
2026-07-20 15:38:00,742.5999755859375,742.97998046875,742.510009765625,742.8300170898438,213233.0
2026-07-20 15:39:00,742.8400268554688,743.1300048828125,742.77001953125,742.97998046875,116998.0
2026-07-20 15:40:00,742.969970703125,743.1900024414062,742.8200073242188,743.1500244140625,139823.0
2026-07-20 15:41:00,743.1500244140625,743.3099975585938,743.0800170898438,743.2349853515625,116633.0
2026-07-20 15:42:00,743.25,743.3400268554688,742.8099975585938,742.9000244140625,161346.0
2026-07-20 15:43:00,742.8800048828125,743.0700073242188,742.7999877929688,743.0401000976562,83979.0
2026-07-20 15:44:00,743.0399780273438,743.0700073242188,742.9099731445312,742.989990234375,66636.0
2026-07-20 15:45:00,743.0,743.25,742.72998046875,742.7999877929688,137449.0
2026-07-20 15:46:00,742.780029296875,743.0599975585938,742.7000122070312,743.0549926757812,154307.0
2026-07-20 15:47:00,743.0599975585938,743.0700073242188,742.8099975585938,742.8200073242188,483595.0
2026-07-20 15:48:00,742.8099975585938,742.8699951171875,742.7100219726562,742.8599853515625,92459.0
2026-07-20 15:49:00,742.8699951171875,743.0999755859375,742.8499755859375,743.0800170898438,125854.0
2026-07-20 15:50:00,743.0700073242188,743.0700073242188,742.3499755859375,742.52001953125,502363.0
2026-07-20 15:51:00,742.52001953125,742.5599975585938,742.155029296875,742.25,344675.0
2026-07-20 15:52:00,742.239990234375,742.3800048828125,741.760009765625,742.2100219726562,489020.0
2026-07-20 15:53:00,742.2100219726562,742.219970703125,742.0050048828125,742.0150146484375,184811.0
2026-07-20 15:54:00,742.010009765625,742.22998046875,741.9099731445312,742.2000122070312,373801.0
2026-07-20 15:55:00,742.1799926757812,742.239990234375,741.6900024414062,741.9099731445312,617878.0
2026-07-20 15:56:00,741.9099731445312,742.1500244140625,741.6900024414062,742.135009765625,563446.0
2026-07-20 15:57:00,742.1199951171875,742.2100219726562,741.97998046875,741.9949951171875,527621.0
2026-07-20 15:58:00,742.010009765625,742.1099853515625,741.9199829101562,742.0399780273438,558619.0
2026-07-20 15:59:00,742.030029296875,742.1500244140625,741.6099853515625,742.1400146484375,2093757.0
2026-07-21 09:30:00,746.2899780273438,746.6799926757812,745.75,745.75,1286456.0
2026-07-21 09:31:00,745.72998046875,745.739990234375,745.25,745.47998046875,236382.0
2026-07-21 09:32:00,745.47998046875,745.5800170898438,745.2949829101562,745.4400024414062,95279.0
2026-07-21 09:33:00,745.4349975585938,745.489990234375,745.1199951171875,745.14501953125,92895.0
2026-07-21 09:34:00,745.1799926757812,745.719970703125,745.1199951171875,745.5999755859375,189999.0
2026-07-21 09:35:00,745.6099853515625,745.8499755859375,745.3900146484375,745.844970703125,192252.0
2026-07-21 09:36:00,745.8499755859375,746.231689453125,745.5800170898438,745.6099853515625,279008.0
2026-07-21 09:37:00,745.5900268554688,745.6900024414062,745.27001953125,745.4500122070312,169115.0
2026-07-21 09:38:00,745.4400024414062,745.5999755859375,745.2999877929688,745.4650268554688,90514.0
2026-07-21 09:39:00,745.4600219726562,745.6875,745.280029296875,745.280029296875,94023.0
2026-07-21 09:40:00,745.260009765625,745.3099975585938,744.6298828125,744.8499755859375,225629.0
2026-07-21 09:41:00,744.8300170898438,744.8499755859375,744.3599853515625,744.510009765625,90399.0
2026-07-21 09:42:00,744.52001953125,744.719970703125,744.4199829101562,744.47998046875,105257.0
2026-07-21 09:43:00,744.489990234375,744.8800048828125,744.47998046875,744.52001953125,98515.0
2026-07-21 09:44:00,744.510009765625,744.6400146484375,744.2708740234375,744.510009765625,80552.0
2026-07-21 09:45:00,744.52001953125,744.6849975585938,744.4099731445312,744.5399780273438,109850.0
2026-07-21 09:46:00,744.5499877929688,744.7899780273438,744.4149780273438,744.489990234375,60758.0
2026-07-21 09:47:00,744.4849853515625,744.5900268554688,744.1799926757812,744.4400024414062,70795.0
2026-07-21 09:48:00,744.4199829101562,744.9199829101562,744.4149780273438,744.8300170898438,65638.0
2026-07-21 09:49:00,744.8508911132812,745.0,744.7100219726562,744.9500122070312,113085.0
2026-07-21 09:50:00,744.969970703125,745.3499755859375,744.75,744.8900146484375,118219.0
2026-07-21 09:51:00,744.89501953125,744.97998046875,744.4400024414062,744.469482421875,87325.0
2026-07-21 09:52:00,744.4450073242188,744.8150024414062,744.260009765625,744.77001953125,58694.0
2026-07-21 09:53:00,744.760009765625,745.1599731445312,744.6500244140625,745.119873046875,56457.0
2026-07-21 09:54:00,745.1199951171875,745.2100219726562,744.7940063476562,745.0700073242188,65520.0
2026-07-21 09:55:00,745.0499877929688,745.3400268554688,744.760009765625,744.8699951171875,79003.0
2026-07-21 09:56:00,744.8699951171875,744.9199829101562,744.6300048828125,744.7949829101562,41376.0
2026-07-21 09:57:00,744.7899780273438,744.9400024414062,744.6300048828125,744.9249877929688,45261.0
2026-07-21 09:58:00,744.9299926757812,744.9299926757812,744.6099853515625,744.8300170898438,63586.0
2026-07-21 09:59:00,744.8350219726562,745.364990234375,744.77001953125,745.3599853515625,114900.0
2026-07-21 10:00:00,745.3699951171875,745.869873046875,745.2999877929688,745.614990234375,142445.0
2026-07-21 10:01:00,745.5700073242188,745.7249755859375,745.3505249023438,745.4600219726562,70660.0
2026-07-21 10:02:00,745.4550170898438,745.5800170898438,745.3099975585938,745.3699951171875,56626.0
2026-07-21 10:03:00,745.3699951171875,745.510009765625,744.9600219726562,745.3800048828125,50143.0
2026-07-21 10:04:00,745.3900146484375,745.4500122070312,745.2299194335938,745.4199829101562,28849.0
2026-07-21 10:05:00,745.4199829101562,745.489990234375,745.02001953125,745.3289794921875,46324.0
2026-07-21 10:06:00,745.3300170898438,745.77001953125,745.260009765625,745.7000122070312,51445.0
2026-07-21 10:07:00,745.6950073242188,745.7150268554688,745.219970703125,745.3200073242188,51957.0
2026-07-21 10:08:00,745.2999877929688,745.5599975585938,745.2000122070312,745.4000244140625,35167.0
2026-07-21 10:09:00,745.4199829101562,745.5650024414062,745.0999755859375,745.1950073242188,27465.0
2026-07-21 10:10:00,745.1900024414062,745.3099975585938,744.9500122070312,745.1900024414062,60539.0
2026-07-21 10:11:00,745.2000122070312,745.27001953125,744.97998046875,745.1199951171875,59086.0
2026-07-21 10:12:00,745.1199951171875,745.375,745.1199951171875,745.2100219726562,42649.0
2026-07-21 10:13:00,745.1699829101562,745.5800170898438,745.1351928710938,745.5399780273438,77198.0
2026-07-21 10:14:00,745.510009765625,745.8599853515625,745.5,745.7449951171875,45188.0
2026-07-21 10:15:00,745.719970703125,745.719970703125,744.9099731445312,745.0700073242188,67832.0
2026-07-21 10:16:00,745.0999755859375,745.0999755859375,744.7899780273438,744.9600219726562,48845.0
2026-07-21 10:17:00,744.969970703125,745.409912109375,744.9000244140625,745.3699951171875,24781.0
2026-07-21 10:18:00,745.3900146484375,746.1699829101562,745.3699951171875,746.0,103550.0
2026-07-21 10:19:00,746.0,746.0640258789062,745.8800048828125,746.02001953125,57129.0
2026-07-21 10:20:00,746.0150146484375,746.1900024414062,745.7999877929688,745.8300170898438,67665.0
2026-07-21 10:21:00,745.8200073242188,745.9299926757812,745.4550170898438,745.52001953125,51747.0
2026-07-21 10:22:00,745.530029296875,745.969970703125,745.5198974609375,745.8699951171875,50887.0
2026-07-21 10:23:00,745.875,746.0598754882812,745.7999877929688,746.02001953125,29552.0
2026-07-21 10:24:00,746.02001953125,746.0900268554688,745.8499755859375,745.97998046875,24601.0
2026-07-21 10:25:00,745.9600219726562,746.469970703125,745.9299926757812,746.3400268554688,60130.0
2026-07-21 10:26:00,746.3499755859375,746.47998046875,746.22998046875,746.4500122070312,53882.0
2026-07-21 10:27:00,746.4324951171875,746.7899780273438,746.3900146484375,746.739990234375,92664.0
2026-07-21 10:28:00,746.7899780273438,746.989990234375,746.5599975585938,746.5999755859375,82075.0
2026-07-21 10:29:00,746.5800170898438,746.8699951171875,746.5650024414062,746.8699951171875,161938.0
2026-07-21 10:30:00,746.8499755859375,747.0800170898438,746.7999877929688,746.969970703125,85997.0
2026-07-21 10:31:00,746.97998046875,747.25,746.875,747.1649780273438,76414.0
2026-07-21 10:32:00,747.1699829101562,747.1900024414062,746.77001953125,746.8200073242188,77659.0
2026-07-21 10:33:00,746.8200073242188,746.8699951171875,746.6699829101562,746.7000122070312,55558.0
2026-07-21 10:34:00,746.6900024414062,746.9500122070312,746.5800170898438,746.7999877929688,44384.0
2026-07-21 10:35:00,746.7949829101562,747.02001953125,746.6099853515625,746.6799926757812,52704.0
2026-07-21 10:36:00,746.6799926757812,746.75,746.4299926757812,746.5399780273438,58025.0
2026-07-21 10:37:00,746.5449829101562,746.5900268554688,746.405029296875,746.5399780273438,52264.0
2026-07-21 10:38:00,746.5499877929688,746.5900268554688,746.14501953125,746.25,99651.0
2026-07-21 10:39:00,746.25,746.3400268554688,746.0900268554688,746.2999877929688,38905.0
2026-07-21 10:40:00,746.2999877929688,746.4249877929688,746.1524047851562,746.3200073242188,26107.0
2026-07-21 10:41:00,746.280029296875,746.280029296875,745.8900146484375,745.9199829101562,108764.0
2026-07-21 10:42:00,745.9299926757812,746.0850219726562,745.77001953125,746.0700073242188,63703.0
2026-07-21 10:43:00,746.0700073242188,746.5900268554688,746.0700073242188,746.510009765625,44254.0
2026-07-21 10:44:00,746.52001953125,746.635009765625,746.510009765625,746.5999755859375,55336.0
2026-07-21 10:45:00,746.6099853515625,746.9400024414062,746.6099853515625,746.7899780273438,78510.0
2026-07-21 10:46:00,746.780029296875,746.97998046875,746.7000122070312,746.7700805664062,64704.0
2026-07-21 10:47:00,746.760009765625,746.7899780273438,746.4500122070312,746.6699829101562,124526.0
2026-07-21 10:48:00,746.6799926757812,747.260009765625,746.6314697265625,746.9600219726562,85250.0
2026-07-21 10:49:00,746.9500122070312,747.0499877929688,746.8800048828125,746.9099731445312,48238.0
2026-07-21 10:50:00,746.9099731445312,746.9600219726562,746.7100219726562,746.9199829101562,62978.0
2026-07-21 10:51:00,746.8900146484375,746.9099731445312,746.6699829101562,746.8399047851562,19457.0
2026-07-21 10:52:00,746.8400268554688,746.9500122070312,746.6699829101562,746.7000122070312,21175.0
2026-07-21 10:53:00,746.6900024414062,746.719970703125,746.5800170898438,746.635009765625,42702.0
2026-07-21 10:54:00,746.625,746.7192993164062,746.5,746.6900024414062,19738.0
2026-07-21 10:55:00,746.6799926757812,746.739990234375,746.5759887695312,746.6900024414062,26192.0
2026-07-21 10:56:00,746.6950073242188,746.7150268554688,746.260009765625,746.3300170898438,74734.0
2026-07-21 10:57:00,746.3499755859375,746.5900268554688,746.3300170898438,746.5,30300.0
2026-07-21 10:58:00,746.5,746.719970703125,746.5,746.6799926757812,34400.0
2026-07-21 10:59:00,746.6599731445312,746.7899780273438,746.6099853515625,746.739990234375,37075.0
2026-07-21 11:00:00,746.77001953125,746.8900146484375,746.7000122070312,746.7999877929688,48929.0
2026-07-21 11:01:00,746.8099975585938,746.8300170898438,746.3400268554688,746.3900146484375,39330.0
2026-07-21 11:02:00,746.3900146484375,746.4000244140625,745.9199829101562,745.9650268554688,126520.0
2026-07-21 11:03:00,745.9600219726562,746.0599975585938,745.8300170898438,746.0599975585938,59626.0
2026-07-21 11:04:00,746.0399780273438,746.1400146484375,745.9400024414062,746.0009765625,36088.0
2026-07-21 11:05:00,746.0,746.1699829101562,745.8499755859375,746.135009765625,25128.0
2026-07-21 11:06:00,746.1400146484375,746.4400024414062,746.1400146484375,746.4099731445312,84116.0
2026-07-21 11:07:00,746.405029296875,746.719970703125,746.3800048828125,746.6599731445312,58030.0
2026-07-21 11:08:00,746.6500244140625,746.75,746.5499877929688,746.72998046875,44788.0
2026-07-21 11:09:00,746.739990234375,747.0700073242188,746.719970703125,746.97998046875,80791.0
2026-07-21 11:10:00,746.97998046875,747.1799926757812,746.9400024414062,747.0001220703125,82273.0
2026-07-21 11:11:00,747.0,747.0999755859375,746.9550170898438,747.0802001953125,41849.0
2026-07-21 11:12:00,747.0800170898438,747.4400024414062,747.0800170898438,747.39111328125,88327.0
2026-07-21 11:13:00,747.4000244140625,747.52001953125,747.1566772460938,747.1795043945312,73054.0
2026-07-21 11:14:00,747.1599731445312,747.280029296875,747.125,747.2097778320312,51641.0
2026-07-21 11:15:00,747.2100219726562,747.3200073242188,747.1900024414062,747.2301025390625,46843.0
2026-07-21 11:16:00,747.2349853515625,747.3101196289062,747.1588134765625,747.2288208007812,41085.0
2026-07-21 11:17:00,747.22998046875,747.4400024414062,747.2000122070312,747.4400024414062,31556.0
2026-07-21 11:18:00,747.4500122070312,747.5,747.3300170898438,747.4299926757812,32597.0
2026-07-21 11:19:00,747.4400024414062,747.5499877929688,747.3400268554688,747.4099731445312,50874.0
2026-07-21 11:20:00,747.4099731445312,747.510009765625,747.3499755859375,747.3699951171875,60500.0
2026-07-21 11:21:00,747.3699951171875,747.97998046875,747.3200073242188,747.6599731445312,84059.0
2026-07-21 11:22:00,747.6599731445312,747.77001953125,747.5599975585938,747.5900268554688,80279.0
2026-07-21 11:23:00,747.6099853515625,747.6199951171875,747.47998046875,747.5800170898438,43515.0
2026-07-21 11:24:00,747.5789184570312,747.719970703125,747.5599975585938,747.656005859375,158141.0
2026-07-21 11:25:00,747.6544189453125,747.739990234375,747.6099853515625,747.7150268554688,39775.0
2026-07-21 11:26:00,747.7100219726562,747.9099731445312,747.7000122070312,747.889892578125,28019.0
2026-07-21 11:27:00,747.9000244140625,748.0051879882812,747.864990234375,747.905029296875,52144.0
2026-07-21 11:28:00,747.905029296875,747.97998046875,747.7899780273438,747.9199829101562,30876.0
2026-07-21 11:29:00,747.9400024414062,748.010009765625,747.8353881835938,748.0,40621.0
2026-07-21 11:30:00,747.97998046875,748.0,747.8001098632812,747.8499755859375,46721.0
2026-07-21 11:31:00,747.8400268554688,747.9299926757812,747.739990234375,747.739990234375,39157.0
2026-07-21 11:32:00,747.72998046875,747.9099731445312,747.7000122070312,747.8200073242188,64142.0
2026-07-21 11:33:00,747.8150024414062,747.8699951171875,747.4099731445312,747.5700073242188,175884.0
2026-07-21 11:34:00,747.5750122070312,747.8200073242188,747.5599975585938,747.7750244140625,38467.0
2026-07-21 11:35:00,747.7899780273438,747.9299926757812,747.4299926757812,747.52001953125,121925.0
2026-07-21 11:36:00,747.52001953125,747.75,747.489990234375,747.6900024414062,27440.0
2026-07-21 11:37:00,747.6799926757812,747.7050170898438,747.5599975585938,747.5700073242188,19272.0
2026-07-21 11:38:00,747.5745849609375,747.6400146484375,747.4600219726562,747.52001953125,24070.0
2026-07-21 11:39:00,747.510009765625,747.6749877929688,747.510009765625,747.5800170898438,74519.0
2026-07-21 11:40:00,747.5599975585938,747.6599731445312,747.530029296875,747.6500244140625,68325.0
2026-07-21 11:41:00,747.6599731445312,747.8588256835938,747.6599731445312,747.72998046875,61244.0
2026-07-21 11:42:00,747.739990234375,747.7869873046875,747.6699829101562,747.739990234375,23670.0
2026-07-21 11:43:00,747.75,747.7550048828125,747.5599975585938,747.6900024414062,42859.0
2026-07-21 11:44:00,747.6900024414062,747.780029296875,747.5198974609375,747.594970703125,39014.0
2026-07-21 11:45:00,747.580322265625,747.6699829101562,747.530029296875,747.5499877929688,36504.0
2026-07-21 11:46:00,747.5750122070312,747.6300048828125,747.5499877929688,747.6069946289062,23963.0
2026-07-21 11:47:00,747.5999755859375,747.7344970703125,747.5499877929688,747.6799926757812,28580.0
2026-07-21 11:48:00,747.7000122070312,747.8099975585938,747.6799926757812,747.77001953125,36877.0
2026-07-21 11:49:00,747.77001953125,747.9199829101562,747.760009765625,747.8115234375,39970.0
2026-07-21 11:50:00,747.8200073242188,747.97998046875,747.77001953125,747.8201293945312,146785.0
2026-07-21 11:51:00,747.8200073242188,747.9400024414062,747.8200073242188,747.8699951171875,44249.0
2026-07-21 11:52:00,747.8800048828125,747.969970703125,747.760009765625,747.77001953125,36955.0
2026-07-21 11:53:00,747.780029296875,747.885009765625,747.739990234375,747.8599853515625,19011.0
2026-07-21 11:54:00,747.8599853515625,747.8798828125,747.7000122070312,747.719970703125,23841.0
2026-07-21 11:55:00,747.77001953125,747.8599853515625,747.6500244140625,747.7100219726562,16595.0
2026-07-21 11:56:00,747.719970703125,747.9000244140625,747.6699829101562,747.82177734375,13597.0
2026-07-21 11:57:00,747.8300170898438,747.8300170898438,747.6900024414062,747.739990234375,12814.0
2026-07-21 11:58:00,747.719970703125,747.780029296875,747.6500244140625,747.7000122070312,78633.0
2026-07-21 11:59:00,747.6900024414062,747.6900024414062,747.469970703125,747.52001953125,57342.0
2026-07-21 12:00:00,747.52001953125,747.780029296875,747.489990234375,747.7000122070312,73487.0
2026-07-21 12:01:00,747.7150268554688,747.8099975585938,747.7100219726562,747.8099975585938,21385.0
2026-07-21 12:02:00,747.8099975585938,747.8900146484375,747.7899780273438,747.864990234375,26249.0
2026-07-21 12:03:00,747.864990234375,747.989990234375,747.8599853515625,747.989990234375,43931.0
2026-07-21 12:04:00,748.0,748.22998046875,748.0,748.219970703125,70361.0
2026-07-21 12:05:00,748.2255249023438,748.2255249023438,748.1300048828125,748.219970703125,35648.0
2026-07-21 12:06:00,748.2150268554688,748.2899780273438,748.1599731445312,748.1849975585938,47731.0
2026-07-21 12:07:00,748.1799926757812,748.1799926757812,748.0700073242188,748.1500854492188,27176.0
2026-07-21 12:08:00,748.1749877929688,748.3099975585938,748.1099853515625,748.1300048828125,25056.0
2026-07-21 12:09:00,748.1300048828125,748.22998046875,748.0999755859375,748.1500244140625,22197.0
2026-07-21 12:10:00,748.1497802734375,748.2050170898438,748.1099853515625,748.1799926757812,33440.0
2026-07-21 12:11:00,748.1799926757812,748.27001953125,748.1599731445312,748.1799926757812,41247.0
2026-07-21 12:12:00,748.1799926757812,748.1900024414062,748.0399780273438,748.1220092773438,21829.0
2026-07-21 12:13:00,748.1199951171875,748.1500244140625,748.0599975585938,748.135009765625,25328.0
2026-07-21 12:14:00,748.1400146484375,748.25,748.1199951171875,748.22998046875,41741.0
2026-07-21 12:15:00,748.239990234375,748.510009765625,748.219970703125,748.4099731445312,277688.0
2026-07-21 12:16:00,748.4199829101562,748.489990234375,748.3800048828125,748.4299926757812,57792.0
2026-07-21 12:17:00,748.4201049804688,748.4600219726562,748.4000244140625,748.4000244140625,49985.0
2026-07-21 12:18:00,748.4000244140625,748.530029296875,748.3599853515625,748.3699951171875,41155.0
2026-07-21 12:19:00,748.375,748.469970703125,748.3400268554688,748.469970703125,29594.0
2026-07-21 12:20:00,748.47998046875,748.5150146484375,748.4099731445312,748.4600219726562,28884.0
2026-07-21 12:21:00,748.4400024414062,748.5800170898438,748.4099731445312,748.5700073242188,28897.0
2026-07-21 12:22:00,748.5999755859375,748.6500244140625,748.510498046875,748.6099243164062,50932.0
2026-07-21 12:23:00,748.60498046875,748.75,748.5700073242188,748.6500244140625,47009.0
2026-07-21 12:24:00,748.6599731445312,748.7000122070312,748.5399780273438,748.5800170898438,47248.0
2026-07-21 12:25:00,748.5800170898438,748.6494750976562,748.5499877929688,748.5499877929688,24573.0
2026-07-21 12:26:00,748.5399780273438,748.5599975585938,748.4400024414062,748.530029296875,27364.0
2026-07-21 12:27:00,748.5399780273438,748.5999755859375,748.47998046875,748.5399780273438,20213.0
2026-07-21 12:28:00,748.5499877929688,748.7000122070312,748.52001953125,748.7000122070312,24453.0
2026-07-21 12:29:00,748.7000122070312,748.7000122070312,748.6099853515625,748.6599731445312,22854.0
2026-07-21 12:30:00,748.6400146484375,748.719970703125,748.5700073242188,748.719970703125,49046.0
2026-07-21 12:31:00,748.719970703125,748.780029296875,748.4801025390625,748.530029296875,49002.0
2026-07-21 12:32:00,748.530029296875,748.6199951171875,748.530029296875,748.5800170898438,27065.0
2026-07-21 12:33:00,748.5900268554688,748.6699829101562,748.5599975585938,748.6500244140625,33200.0
2026-07-21 12:34:00,748.6500244140625,748.7050170898438,748.6300048828125,748.6849975585938,28638.0
2026-07-21 12:35:00,748.680908203125,748.680908203125,748.5599975585938,748.625,24202.0
2026-07-21 12:36:00,748.6199951171875,748.6599731445312,748.489990234375,748.64990234375,21353.0
2026-07-21 12:37:00,748.6199951171875,748.64990234375,748.52001953125,748.64501953125,21091.0
2026-07-21 12:38:00,748.6500244140625,748.7100219726562,748.6400146484375,748.7100219726562,20335.0
2026-07-21 12:39:00,748.719970703125,748.719970703125,748.6300048828125,748.6699829101562,14487.0
2026-07-21 12:40:00,748.6699829101562,748.739990234375,748.6500244140625,748.6599731445312,20968.0
2026-07-21 12:41:00,748.6599731445312,748.6898803710938,748.531982421875,748.531982421875,33178.0
2026-07-21 12:42:00,748.536376953125,748.6400146484375,748.5,748.52001953125,29648.0
2026-07-21 12:43:00,748.52001953125,748.6199951171875,748.510009765625,748.60498046875,19223.0
2026-07-21 12:44:00,748.60498046875,748.6099853515625,748.5499877929688,748.6099853515625,17479.0
2026-07-21 12:45:00,748.6300048828125,748.6500244140625,748.52001953125,748.530029296875,23171.0
2026-07-21 12:46:00,748.5401000976562,748.5499877929688,748.4000244140625,748.510009765625,29267.0
2026-07-21 12:47:00,748.510009765625,748.594970703125,748.510009765625,748.530029296875,22557.0
2026-07-21 12:48:00,748.530029296875,748.5399780273438,748.4600219726562,748.510009765625,22753.0
2026-07-21 12:49:00,748.510009765625,748.5499877929688,748.469970703125,748.489990234375,27452.0
2026-07-21 12:50:00,748.489990234375,748.6046142578125,748.4500122070312,748.6046142578125,31009.0
2026-07-21 12:51:00,748.60009765625,748.7999877929688,748.5999755859375,748.7999877929688,50402.0
2026-07-21 12:52:00,748.8099975585938,748.9249877929688,748.7899780273438,748.875,62749.0
2026-07-21 12:53:00,748.875,748.9099731445312,748.7999877929688,748.8699951171875,29796.0
2026-07-21 12:54:00,748.8599853515625,748.9949951171875,748.8400268554688,748.9598999023438,41406.0
2026-07-21 12:55:00,748.9600219726562,749.0399780273438,748.9000244140625,749.0,67714.0
2026-07-21 12:56:00,749.0,749.030029296875,748.8599853515625,748.8599853515625,436432.0
2026-07-21 12:57:00,748.8599853515625,748.9500122070312,748.8023071289062,748.8372802734375,61784.0
2026-07-21 12:58:00,748.844970703125,748.9000244140625,748.77001953125,748.7899780273438,29270.0
2026-07-21 12:59:00,748.7899780273438,748.7999877929688,748.6799926757812,748.6900024414062,25630.0
2026-07-21 13:00:00,748.6884155273438,748.8300170898438,748.6884155273438,748.77001953125,40502.0
2026-07-21 13:01:00,748.77001953125,748.77001953125,748.6599731445312,748.72998046875,25478.0
2026-07-21 13:02:00,748.72998046875,748.7349853515625,748.5999755859375,748.7000122070312,29647.0
2026-07-21 13:03:00,748.6950073242188,748.760009765625,748.5900268554688,748.6199951171875,31645.0
2026-07-21 13:04:00,748.6199951171875,748.6400146484375,748.5805053710938,748.6199951171875,43071.0
2026-07-21 13:05:00,748.6199951171875,748.7349853515625,748.5800170898438,748.7100219726562,51758.0
2026-07-21 13:06:00,748.7098999023438,748.72998046875,748.647705078125,748.6699829101562,53805.0
2026-07-21 13:07:00,748.6699829101562,748.739990234375,748.6500244140625,748.6599731445312,44120.0
2026-07-21 13:08:00,748.6400756835938,748.75,748.6199951171875,748.7302856445312,48272.0
2026-07-21 13:09:00,748.75,748.85498046875,748.7050170898438,748.7100219726562,158400.0
2026-07-21 13:10:00,748.719970703125,748.739990234375,748.530029296875,748.5700073242188,33570.0
2026-07-21 13:11:00,748.5700073242188,748.6099853515625,748.5399780273438,748.5800170898438,547917.0
2026-07-21 13:12:00,748.5800170898438,748.6749877929688,748.5800170898438,748.5900268554688,45627.0
2026-07-21 13:13:00,748.5900268554688,748.739990234375,748.5800170898438,748.6199951171875,0.0
2026-07-21 13:14:00,748.6199951171875,748.7100219726562,748.5999755859375,748.5999755859375,69497.0
2026-07-21 13:15:00,748.6099853515625,748.6599731445312,748.4400024414062,748.4500122070312,39437.0
2026-07-21 13:16:00,748.4450073242188,748.510009765625,748.3800048828125,748.4550170898438,60974.0
2026-07-21 13:17:00,748.4600219726562,748.5499877929688,748.4199829101562,748.4600219726562,43989.0
2026-07-21 13:18:00,748.4500122070312,748.510009765625,748.4299926757812,748.5,40205.0
2026-07-21 13:19:00,748.52001953125,748.5399780273438,748.3300170898438,748.35498046875,150980.0
2026-07-21 13:20:00,748.3499755859375,748.3499755859375,748.2905883789062,748.3300170898438,34527.0
2026-07-21 13:21:00,748.3300170898438,748.47998046875,748.25,748.2899780273438,57239.0
2026-07-21 13:22:00,748.2899780273438,748.4099731445312,748.280029296875,748.3599853515625,29678.0
2026-07-21 13:23:00,748.3499755859375,748.4500122070312,748.3300170898438,748.3400268554688,40004.0
2026-07-21 13:24:00,748.3599853515625,748.469970703125,748.3200073242188,748.4000244140625,31491.0
2026-07-21 13:25:00,748.4199829101562,748.47998046875,748.3400268554688,748.3699951171875,30144.0
2026-07-21 13:26:00,748.3699951171875,748.4199829101562,748.3200073242188,748.375,23020.0
2026-07-21 13:27:00,748.3699951171875,748.4000244140625,748.3099975585938,748.3099975585938,16884.0
2026-07-21 13:28:00,748.2999877929688,748.3049926757812,748.239990234375,748.2899780273438,59533.0
2026-07-21 13:29:00,748.280029296875,748.3699951171875,748.25,748.3599853515625,46033.0
2026-07-21 13:30:00,748.3599853515625,748.52001953125,748.3499755859375,748.4450073242188,47171.0
2026-07-21 13:31:00,748.4400024414062,748.5399780273438,748.4000244140625,748.530029296875,52864.0
2026-07-21 13:32:00,748.52001953125,748.5700073242188,748.4749755859375,748.5399780273438,39915.0
2026-07-21 13:33:00,748.5399780273438,748.5545043945312,748.3900146484375,748.4000854492188,31223.0
2026-07-21 13:34:00,748.4000244140625,748.4099731445312,748.2150268554688,748.3599853515625,53907.0
2026-07-21 13:35:00,748.3499755859375,748.4199829101562,748.3400268554688,748.4099731445312,58568.0
2026-07-21 13:36:00,748.4199829101562,748.5800170898438,748.4141235351562,748.5700073242188,30963.0
2026-07-21 13:37:00,748.5700073242188,748.6400146484375,748.52001953125,748.5900268554688,50515.0
2026-07-21 13:38:00,748.5999755859375,748.7999877929688,748.5700073242188,748.6599731445312,58873.0
2026-07-21 13:39:00,748.6500244140625,748.719970703125,748.6099853515625,748.7000122070312,48760.0
2026-07-21 13:40:00,748.7000122070312,748.72998046875,748.5800170898438,748.5999755859375,42002.0
2026-07-21 13:41:00,748.5999755859375,748.6300048828125,748.5499877929688,748.5800170898438,23807.0
2026-07-21 13:42:00,748.5700073242188,748.5900268554688,748.510009765625,748.530029296875,34606.0
2026-07-21 13:43:00,748.530029296875,748.6199951171875,748.510009765625,748.6199951171875,20476.0
2026-07-21 13:44:00,748.6300048828125,748.6900024414062,748.5908813476562,748.669921875,21493.0
2026-07-21 13:45:00,748.6599731445312,748.72998046875,748.5599975585938,748.5599975585938,35020.0
2026-07-21 13:46:00,748.5800170898438,748.7000122070312,748.5499877929688,748.60009765625,40904.0
2026-07-21 13:47:00,748.6099853515625,748.739990234375,748.6076049804688,748.6799926757812,20466.0
2026-07-21 13:48:00,748.7100219726562,748.75,748.6599731445312,748.7100219726562,22316.0
2026-07-21 13:49:00,748.72998046875,748.8599853515625,748.7100219726562,748.8200073242188,43070.0
2026-07-21 13:50:00,748.8400268554688,748.9299926757812,748.8099975585938,748.8599853515625,48509.0
2026-07-21 13:51:00,748.8499755859375,748.85498046875,748.75,748.7899780273438,169891.0
2026-07-21 13:52:00,748.77001953125,748.8389892578125,748.75,748.8300170898438,25100.0
2026-07-21 13:53:00,748.8200073242188,748.8800048828125,748.7750244140625,748.7750244140625,26683.0
2026-07-21 13:54:00,748.780029296875,748.8099975585938,748.6599731445312,748.6799926757812,35914.0
2026-07-21 13:55:00,748.6749877929688,748.719970703125,748.6400146484375,748.655029296875,42438.0
2026-07-21 13:56:00,748.6599731445312,748.719970703125,748.52001953125,748.5599975585938,41026.0
2026-07-21 13:57:00,748.5599975585938,748.64501953125,748.4400024414062,748.530029296875,69018.0
2026-07-21 13:58:00,748.5499877929688,748.5999755859375,748.5,748.551513671875,41191.0
2026-07-21 13:59:00,748.5599975585938,748.6699829101562,748.5499877929688,748.5900268554688,39279.0
2026-07-21 14:00:00,748.5900268554688,748.72900390625,748.530029296875,748.6799926757812,28629.0
2026-07-21 14:01:00,748.6799926757812,748.77001953125,748.5999755859375,748.6599731445312,40009.0
2026-07-21 14:02:00,748.6500244140625,748.719970703125,748.3699951171875,748.4600219726562,82689.0
2026-07-21 14:03:00,748.4500122070312,748.4600219726562,748.260009765625,748.260009765625,81587.0
2026-07-21 14:04:00,748.260009765625,748.469970703125,748.260009765625,748.3200073242188,62663.0
2026-07-21 14:05:00,748.2999877929688,748.3900146484375,748.280029296875,748.3306884765625,39157.0
2026-07-21 14:06:00,748.3400268554688,748.4199829101562,748.27001953125,748.4000244140625,40117.0
2026-07-21 14:07:00,748.405029296875,748.4600219726562,748.3499755859375,748.4099731445312,22964.0
2026-07-21 14:08:00,748.4099731445312,748.5499877929688,748.4099731445312,748.4600219726562,32633.0
2026-07-21 14:09:00,748.4500122070312,748.5,748.4199829101562,748.4550170898438,28186.0
2026-07-21 14:10:00,748.4400024414062,748.4400024414062,748.3400268554688,748.3900146484375,36128.0
2026-07-21 14:11:00,748.4000244140625,748.489990234375,748.3699951171875,748.47998046875,42028.0
2026-07-21 14:12:00,748.47998046875,748.5490112304688,748.4000244140625,748.4000244140625,35771.0
2026-07-21 14:13:00,748.4099731445312,748.4199829101562,748.3583984375,748.3599853515625,30673.0
2026-07-21 14:14:00,748.3499755859375,748.3599853515625,748.1199951171875,748.1599731445312,100981.0
2026-07-21 14:15:00,748.1699829101562,748.2100219726562,748.0900268554688,748.1799926757812,79073.0
2026-07-21 14:16:00,748.1799926757812,748.25,748.1400146484375,748.1801147460938,36207.0
2026-07-21 14:17:00,748.1849975585938,748.25,748.1849975585938,748.25,34038.0
2026-07-21 14:18:00,748.260009765625,748.27001953125,748.0999755859375,748.14990234375,34746.0
2026-07-21 14:19:00,748.1300048828125,748.2100219726562,748.0999755859375,748.2100219726562,35240.0
2026-07-21 14:20:00,748.1900024414062,748.219970703125,748.1099853515625,748.2150268554688,27583.0
2026-07-21 14:21:00,748.2100219726562,748.239990234375,748.1199951171875,748.2100219726562,51173.0
2026-07-21 14:22:00,748.2100219726562,748.3499755859375,748.1900024414062,748.3200073242188,42248.0
2026-07-21 14:23:00,748.3200073242188,748.3400268554688,748.239990234375,748.3099975585938,30097.0
2026-07-21 14:24:00,748.2999877929688,748.4000244140625,748.219970703125,748.2999877929688,49440.0
2026-07-21 14:25:00,748.2899780273438,748.2999877929688,748.1599731445312,748.1799926757812,42551.0
2026-07-21 14:26:00,748.1849975585938,748.1900024414062,748.0999755859375,748.1201171875,38845.0
2026-07-21 14:27:00,748.125,748.1900024414062,748.0650024414062,748.1099243164062,70364.0
2026-07-21 14:28:00,748.0999755859375,748.1500244140625,748.0850219726562,748.1400146484375,37155.0
2026-07-21 14:29:00,748.1300048828125,748.25,748.125,748.2100219726562,127665.0
2026-07-21 14:30:00,748.219970703125,748.260009765625,748.0800170898438,748.0800170898438,29988.0
2026-07-21 14:31:00,748.0999755859375,748.0999755859375,747.9500122070312,747.989990234375,58452.0
2026-07-21 14:32:00,747.97998046875,748.0599975585938,747.9400024414062,748.0,55496.0
2026-07-21 14:33:00,748.010009765625,748.0349731445312,747.9600219726562,748.0349731445312,35144.0
2026-07-21 14:34:00,748.0399780273438,748.0999755859375,747.969970703125,747.969970703125,39206.0
2026-07-21 14:35:00,747.969970703125,748.1649780273438,747.9600219726562,748.1649780273438,32356.0
2026-07-21 14:36:00,748.1699829101562,748.1900024414062,748.0999755859375,748.1199951171875,44470.0
2026-07-21 14:37:00,748.1400146484375,748.1599731445312,748.0999755859375,748.1500244140625,24664.0
2026-07-21 14:38:00,748.1500244140625,748.27001953125,748.1199951171875,748.2449951171875,86880.0
2026-07-21 14:39:00,748.239990234375,748.260009765625,748.1400146484375,748.1500244140625,38847.0
2026-07-21 14:40:00,748.1500244140625,748.1799926757812,748.02001953125,748.1799926757812,35157.0
2026-07-21 14:41:00,748.1799926757812,748.2999877929688,748.1400146484375,748.1500244140625,36652.0
2026-07-21 14:42:00,748.1599731445312,748.3200073242188,748.1500244140625,748.3098754882812,41514.0
2026-07-21 14:43:00,748.2899780273438,748.4600219726562,748.239990234375,748.4600219726562,41576.0
2026-07-21 14:44:00,748.452880859375,748.6099853515625,748.4400024414062,748.5399780273438,60455.0
2026-07-21 14:45:00,748.530029296875,748.6400146484375,748.52001953125,748.5900268554688,47869.0
2026-07-21 14:46:00,748.5800170898438,748.6099853515625,748.52001953125,748.5800170898438,28379.0
2026-07-21 14:47:00,748.580078125,748.580078125,748.3800048828125,748.4500122070312,32793.0
2026-07-21 14:48:00,748.4500122070312,748.469970703125,748.4000244140625,748.4299926757812,22481.0
2026-07-21 14:49:00,748.4199829101562,748.52001953125,748.3900146484375,748.4500122070312,30347.0
2026-07-21 14:50:00,748.469970703125,748.510009765625,748.4400024414062,748.4600219726562,40368.0
2026-07-21 14:51:00,748.4600219726562,748.489990234375,748.4299926757812,748.4299926757812,32066.0
2026-07-21 14:52:00,748.4450073242188,748.469970703125,748.3800048828125,748.405029296875,46307.0
2026-07-21 14:53:00,748.4000244140625,748.4199829101562,748.280029296875,748.3200073242188,39605.0
2026-07-21 14:54:00,748.3099975585938,748.3300170898438,748.25,748.25927734375,27591.0
2026-07-21 14:55:00,748.25,748.5700073242188,748.25,748.3800048828125,85136.0
2026-07-21 14:56:00,748.3699951171875,748.4400024414062,748.22998046875,748.3099975585938,52133.0
2026-07-21 14:57:00,748.3198852539062,748.3200073242188,748.239990234375,748.27001953125,100559.0
2026-07-21 14:58:00,748.27001953125,748.3099975585938,748.239990234375,748.25,34439.0
2026-07-21 14:59:00,748.239990234375,748.4000244140625,748.239990234375,748.3699951171875,42229.0
2026-07-21 15:00:00,748.3800048828125,748.469970703125,748.27001953125,748.2899780273438,74121.0
2026-07-21 15:01:00,748.2999877929688,748.2999877929688,748.1500244140625,748.2349853515625,39412.0
2026-07-21 15:02:00,748.239990234375,748.2999267578125,748.2100219726562,748.22998046875,38062.0
2026-07-21 15:03:00,748.219970703125,748.27001953125,748.2000122070312,748.25,27220.0
2026-07-21 15:04:00,748.239990234375,748.3699951171875,748.239990234375,748.27001953125,46935.0
2026-07-21 15:05:00,748.25,748.3699951171875,748.2000122070312,748.2808837890625,40283.0
2026-07-21 15:06:00,748.2899780273438,748.4199829101562,748.2899780273438,748.3504028320312,100400.0
2026-07-21 15:07:00,748.3798828125,748.4099731445312,748.2999877929688,748.3200073242188,33138.0
2026-07-21 15:08:00,748.3200073242188,748.3499145507812,748.2100219726562,748.22998046875,55455.0
2026-07-21 15:09:00,748.219970703125,748.2899780273438,748.1199951171875,748.135009765625,47796.0
2026-07-21 15:10:00,748.1400146484375,748.2000122070312,748.0900268554688,748.1300048828125,60795.0
2026-07-21 15:11:00,748.1300048828125,748.2249755859375,748.1199951171875,748.219970703125,55368.0
2026-07-21 15:12:00,748.22998046875,748.3300170898438,748.1900024414062,748.260009765625,44840.0
2026-07-21 15:13:00,748.239990234375,748.2999877929688,748.1900024414062,748.2000122070312,94169.0
2026-07-21 15:14:00,748.2000122070312,748.4299926757812,748.1799926757812,748.239990234375,53147.0
2026-07-21 15:15:00,748.25,748.3300170898438,748.1900024414062,748.3250122070312,24072.0
2026-07-21 15:16:00,748.3250122070312,748.4400024414062,748.3099975585938,748.4299926757812,66733.0
2026-07-21 15:17:00,748.4299926757812,748.4600219726562,748.3499755859375,748.4000244140625,29816.0
2026-07-21 15:18:00,748.3900146484375,748.4199829101562,748.3499755859375,748.3499755859375,39035.0
2026-07-21 15:19:00,748.3400268554688,748.3800048828125,748.2802124023438,748.3099975585938,30658.0
2026-07-21 15:20:00,748.3099975585938,748.3900146484375,748.219970703125,748.3599853515625,36603.0
2026-07-21 15:21:00,748.3599853515625,748.3848266601562,748.219970703125,748.22998046875,26010.0
2026-07-21 15:22:00,748.219970703125,748.260009765625,748.1900024414062,748.260009765625,54494.0
2026-07-21 15:23:00,748.260009765625,748.3099975585938,748.2100219726562,748.239990234375,27809.0
2026-07-21 15:24:00,748.27001953125,748.3400268554688,748.239990234375,748.3099975585938,38584.0
2026-07-21 15:25:00,748.2899780273438,748.3400268554688,748.260009765625,748.280029296875,189092.0
2026-07-21 15:26:00,748.280029296875,748.3599853515625,748.219970703125,748.3400268554688,57413.0
2026-07-21 15:27:00,748.3300170898438,748.4600219726562,748.25,748.2899780273438,42128.0
2026-07-21 15:28:00,748.27001953125,748.3800048828125,748.260009765625,748.2999877929688,49532.0
2026-07-21 15:29:00,748.2999877929688,748.3200073242188,748.239990234375,748.260009765625,36939.0
2026-07-21 15:30:00,748.25,748.3499755859375,748.2000122070312,748.3099975585938,74602.0
2026-07-21 15:31:00,748.3200073242188,748.3900146484375,748.2100219726562,748.2449951171875,70396.0
2026-07-21 15:32:00,748.260009765625,748.3300170898438,748.2100219726562,748.2550048828125,73088.0
2026-07-21 15:33:00,748.2550048828125,748.27001953125,748.1599731445312,748.2000122070312,89668.0
2026-07-21 15:34:00,748.2000122070312,748.25,748.1500244140625,748.1799926757812,53731.0
2026-07-21 15:35:00,748.1699829101562,748.3699951171875,748.1199951171875,748.3699951171875,89824.0
2026-07-21 15:36:00,748.3599853515625,748.5,748.3599853515625,748.4600219726562,55863.0
2026-07-21 15:37:00,748.4400024414062,748.5700073242188,748.4299926757812,748.5499877929688,69701.0
2026-07-21 15:38:00,748.530029296875,748.530029296875,748.4400024414062,748.469970703125,59396.0
2026-07-21 15:39:00,748.4600219726562,748.47998046875,748.3699951171875,748.4099731445312,57605.0
2026-07-21 15:40:00,748.4005126953125,748.4400024414062,748.3200073242188,748.3400268554688,295535.0
2026-07-21 15:41:00,748.3499755859375,748.3699951171875,748.239990234375,748.27001953125,92020.0
2026-07-21 15:42:00,748.2750244140625,748.3499755859375,748.25,748.3099975585938,87724.0
2026-07-21 15:43:00,748.2899780273438,748.4500122070312,748.260009765625,748.4500122070312,59841.0
2026-07-21 15:44:00,748.4550170898438,748.5880126953125,748.3900146484375,748.530029296875,207644.0
2026-07-21 15:45:00,748.530029296875,748.5399780273438,748.4298706054688,748.4400024414062,88477.0
2026-07-21 15:46:00,748.4500122070312,748.489990234375,748.4149780273438,748.4400024414062,98325.0
2026-07-21 15:47:00,748.4400024414062,748.4400024414062,748.2449951171875,748.3599853515625,118349.0
2026-07-21 15:48:00,748.3699951171875,748.52001953125,748.3499755859375,748.4401245117188,158533.0
2026-07-21 15:49:00,748.4400024414062,748.6400146484375,748.4400024414062,748.60498046875,141367.0
2026-07-21 15:50:00,748.5900268554688,748.7000122070312,748.2899780273438,748.3900146484375,450265.0
2026-07-21 15:51:00,748.4000244140625,748.52001953125,748.3099975585938,748.389892578125,200475.0
2026-07-21 15:52:00,748.3699951171875,748.530029296875,748.3699951171875,748.4400024414062,200678.0
2026-07-21 15:53:00,748.469970703125,748.5599975585938,748.3900146484375,748.4400024414062,197838.0
2026-07-21 15:54:00,748.4500122070312,748.52001953125,748.3499755859375,748.3800048828125,227921.0
2026-07-21 15:55:00,748.3800048828125,748.5,748.25,748.2999877929688,229544.0
2026-07-21 15:56:00,748.2999877929688,748.5800170898438,748.2899780273438,748.52001953125,243219.0
2026-07-21 15:57:00,748.510009765625,748.5499877929688,748.4099731445312,748.4500122070312,202305.0
2026-07-21 15:58:00,748.4600219726562,748.4600219726562,748.280029296875,748.3049926757812,452280.0
2026-07-21 15:59:00,748.2899780273438,748.510009765625,748.0900268554688,748.3300170898438,616297.0
2026-07-21 16:00:00,748.280029296875,748.280029296875,748.280029296875,748.280029296875,0.0
